{"translation": [[2659.6914482000284], [1709.5728024002165], [21.5379665]], "rotation": [[-0.8400237675310602, 0.54253749714234, 0.00366316538798], [-0.54252910997082, -0.8399134336602002, -0.01441781458986], [-0.00474546313906, -0.014098678583580002, 0.9998893478075]]}