{"translation": [[2664.635813199973], [1702.1462826998904], [21.5623974]], "rotation": [[-0.8408693249882402, 0.54123153492716, 0.0026380901740399995], [-0.5412032691223599, -0.8407502460004203, -0.01542079708918], [-0.0061282469472399995, -0.014394620244579999, 0.99987761225118]]}