{"translation": [[2679.9592641000054], [1678.1598904002458], [21.7044232]], "rotation": [[-0.8761886573805001, 0.48191529551928, 0.0071627154414600006], [-0.4819453621572, -0.8761954854774401, -0.0032185392792799996], [0.0047248749291000005, -0.0062720845412, 0.9999691677827]]}