{"translation": [[2648.7635081000044], [1725.7503184005618], [21.4851374]], "rotation": [[-0.8390466503107201, 0.54405640991056, 0.0018862293215199995], [-0.54402899515184, -0.8389574657041802, -0.01352921232976], [-0.00577818828872, -0.01237780220464, 0.9999066969291001]]}