{"translation": [[2669.603882000025], [1694.6921150991693], [21.6046986]], "rotation": [[-0.8414651171675197, 0.54029887331176, 0.0037038167839199996], [-0.54028317419704, -0.8413308516884798, -0.016019483056559997], [-0.00553917325032, -0.015480944928239999, 0.99986481982]]}