{"translation": [[2665.071795099997], [1701.4967270996422], [21.5669643]], "rotation": [[-0.8406291140470602, 0.5416008184161799, 0.0033883819107], [-0.5415938406269, -0.8405349812386003, -0.0133151087793], [-0.00436342022418, -0.013028193187260001, 0.9999056089243]]}