{"translation": [[2636.9639384999755], [1743.7940022004768], [21.4342352]], "rotation": [[-0.8578280867284003, 0.5139339737179198, 0.001703252207159999], [-0.5138892627556799, -0.8576989635329002, -0.01644294270336], [-0.006989709149639999, -0.014980500620160002, 0.99986335494974]]}