{"translation": [[2677.1115190000273], [1683.028109700419], [21.6749378]], "rotation": [[-0.86510220263242, 0.50147103580734, 0.011186071734479948], [-0.5015856974705399, -0.86501107480714, -0.012952895456639807], [0.003180573458880052, -0.016816350794159808, 0.99985353642928]]}