{"translation": [[2649.6714015000616], [1724.4031360000372], [21.4898661]], "rotation": [[-0.8379309649794, 0.54577005910648, 0.00256735220364], [-0.5457574293581999, -0.8378541260883601, -0.01221239079848], [-0.00451409069, -0.0116342929134, 0.9999221300718]]}