{"translation": [[2638.6220836000284], [1741.2049857005477], [21.4408329]], "rotation": [[-0.8535429069981, 0.52101729833532, 0.00235996599826], [-0.5209839979262, -0.85341567659844, -0.016045109089319998], [-0.0063457473147, -0.014924692835, 0.9998684838723]]}