{"translation": [[2651.0626351999817], [1722.3485233997926], [21.499047]], "rotation": [[-0.8362000742627999, 0.5483980780653198, 0.005379927106639941], [-0.5484152558419598, -0.8360889410195999, -0.013998203651679808], [-0.0031784903975199414, -0.014655733347039807, 0.9998875470153601]]}