{"translation": [[2643.4099823000142], [1733.8622196996585], [21.4698304]], "rotation": [[-0.8464644540692798, 0.5324251223574, 0.00459810225588], [-0.532436973615, -0.8463728174797599, -0.0127925148876], [-0.0029193474181200005, -0.013276610718, 0.99990760023352]]}