{"translation": [[2676.254139000026], [1684.3991911998019], [21.6608795]], "rotation": [[-0.8602396281612802, 0.5098757069913601, 0.00384607148064], [-0.50986699321344, -0.8601039991427202, -0.01603142467248], [-0.00486601245984, -0.01575184959312, 0.9998640913519999]]}