{"translation": [[2670.511139600014], [1693.325353000313], [21.615849]], "rotation": [[-0.8418466408737002, 0.53969109560104, 0.005301393771219808], [-0.5396957050064001, -0.8416850802888002, -0.017179108925200057], [-0.004809308122100193, -0.017323311310719947, 0.99983837367414]]}