{"translation": [[2655.1761883000145], [1716.3053265996277], [21.5240547]], "rotation": [[-0.8367156260320401, 0.5476021343500198, 0.006267195624059998], [-0.5476339649831398, -0.8366107620037001, -0.013412211028220001], [-0.002101352548379998, -0.01465433257174, 0.9998904114346999]]}