{"translation": [[2674.090776600002], [1687.8703902000561], [21.6282891]], "rotation": [[-0.8510365519986602, 0.52507222175914, 0.005982370467139999], [-0.5251039861225401, -0.8509437454813802, -0.012664337709980001], [-0.0015590310147400002, -0.01391918202818, 0.99990190808172]]}