{"translation": [[2651.9792141999933], [1720.9994850000367], [21.5040332]], "rotation": [[-0.8354129922696002, 0.54960587529796, 0.00430272456172], [-0.5496102634646001, -0.8353157628249002, -0.01327154566], [-0.0036999858194, -0.013452043257280001, 0.9999026715821401]]}