{"translation": [[2679.1584839000716], [1679.571705300361], [21.6961112]], "rotation": [[-0.8732903019112002, 0.48701709463688003, 0.01336268846496], [-0.48713418127648, -0.8732952783725801, -0.0074705775144600015], [0.00803127285384, -0.013033404304260001, 0.9998828076523799]]}