{"translation": [[2650.585717800015], [1723.0494967997074], [21.4964988]], "rotation": [[-0.8367069756373, 0.54763165575564, 0.00460682379268], [-0.54763628647212, -0.83659311431994, -0.014376198708960002], [-0.004018824473240001, -0.01455152791392, 0.9998860445564001]]}