{"translation": [[2659.2257247000234], [1710.273105699569], [21.5379201]], "rotation": [[-0.8398943374131599, 0.54272634892742, 0.00502187001498], [-0.54274019195718, -0.8397894262518599, -0.01365322780478], [-0.00319265294362, -0.01419284239038, 0.99989417948574]]}