{"translation": [[2672.320823099988], [1690.597670099698], [21.6235789]], "rotation": [[-0.8445464383722006, 0.5354136430987402, 0.00856109691042], [-0.5354791637334602, -0.8443810976267405, -0.01680402821626], [-0.0017682770961799997, -0.018776073623460003, 0.9998221503003]]}