{"translation": [[2657.4219430999947], [1712.958570599556], [21.5378131]], "rotation": [[-0.8395566936658001, 0.54324317130274, 0.005636831326819808], [-0.5432534600508999, -0.8393955374013001, -0.01706366946410006], [-0.004538190960100192, -0.017388142678179945, 0.9998385156356601]]}