{"translation": [[2677.500165699981], [1682.3607510989532], [21.676952]], "rotation": [[-0.8663939709106001, 0.49934194780892, 0.00436942463784], [-0.49935270663607995, -0.8662956783682001, -0.01336628445276], [-0.00288913282716, -0.013762352387760001, 0.99990112039516]]}