{"translation": [[2644.754493799992], [1731.8024169998243], [21.4763567]], "rotation": [[-0.8446066496554002, 0.5353778180835199, 0.0032344832972399998], [-0.53534564829052, -0.8444494561325202, -0.017618612082240002], [-0.00670125618624, -0.016612361043240004, 0.99983954845212]]}