{"translation": [[2645.608539299981], [1730.5013949004933], [21.4739772]], "rotation": [[-0.84362916344148, 0.53691475921046, 0.0034853956265401918], [-0.53687971589334, -0.84345325689282, -0.018615750605379944], [-0.007055303181739808, -0.01757603056122006, 0.9998206368267]]}