{"translation": [[2671.8871104000136], [1691.2508530998603], [21.6207913]], "rotation": [[-0.8436795633351398, 0.5368077859499, 0.00650145730282], [-0.53683305284582, -0.8435077527521998, -0.01746476467574], [-0.0038911920707, -0.018224861494899998, 0.9998263414487001]]}