{"translation": [[2675.8151412999723], [1685.1243976000696], [21.6520971]], "rotation": [[-0.8584288307554001, 0.512921968587, 0.0033632550256], [-0.51292612789008, -0.85836495617684, -0.010802969037], [-0.00265417995244, -0.01099867960992, 0.9999359901446]]}