{"translation": [[2641.653507500014], [1736.5486297002062], [21.450133]], "rotation": [[-0.8488000360394001, 0.5287023549189, 0.0035076007286999997], [-0.5287030336017, -0.8487210576717802, -0.01206868118994], [-0.0034037655650999998, -0.01209837627594, 0.99992101871638]]}