{"translation": [[2688.0904093999998], [1663.4225062001497], [21.781516600000003]], "rotation": [[-0.8856070489992001, 0.46423139974919997, 0.0137493726944], [-0.464372809304, -0.8855847359212201, -0.009861667499340001], [0.007598140674, -0.01511839917634, 0.99985684087302]]}