{"translation": [[2687.261416900088], [1664.936400900595], [21.7673542]], "rotation": [[-0.88571682192482, 0.4640587002857398, 0.01245967707228], [-0.46414699328513986, -0.88574213525314, -0.005333663463240001], [0.00856092798708, -0.010507237062359998, 0.99990815002268]]}