{"translation": [[2694.77779979998], [1651.2768622003496], [21.7623001]], "rotation": [[-0.8863048426396201, 0.46261989425946, 0.021125980446879758], [-0.46285701490633996, -0.88639742517978, -0.007920610783439853], [0.015061784969519855, -0.01679838559375976, 0.9997454460216001]]}