{"translation": [[2701.4787830000278], [1638.9255272997543], [21.7140434]], "rotation": [[-0.8893034133957, 0.45700472169172, 0.01690499876426], [-0.45724213109132006, -0.88921968585288, -0.014752612345640001], [0.00829024648694, -0.02084922942044, 0.99974825901318]]}