{"translation": [[2713.0576060999883], [1617.1602562991902], [21.6091583]], "rotation": [[-0.8876457038399999, 0.46044096932896, 0.00889313395072], [-0.46052538592543996, -0.8875259679273598, -0.01462514255536], [0.0011588728499200007, -0.01707745999696, 0.9998534979504]]}