{"translation": [[2701.0765481999842], [1639.6627462999895], [21.7215056]], "rotation": [[-0.8889521326607999, 0.45771104599296, 0.01628236528368], [-0.45795152060736, -0.8888153158871199, -0.016974987289759998], [0.006702373953120001, -0.022546480792159998, 0.99972332895032]]}