{"translation": [[2681.5786589999916], [1675.2916540000588], [21.7398244]], "rotation": [[-0.8811940867150799, 0.47253540724453996, 0.01440431998342], [-0.47267960210306, -0.8811884610437198, -0.00900576893026], [0.008437374570380001, -0.01474445721514, 0.9998556954422]]}