{"translation": [[2684.7991817999864], [1669.4300675000995], [21.7669822]], "rotation": [[-0.88508328564778, 0.46518920711248, 0.015060465738680001], [-0.46536284812672, -0.88504812017898, -0.011290842389480001], [0.00807685740812, -0.01700191531972, 0.9998228339422399]]}