{"translation": [[2681.1970191000146], [1675.9865276999772], [21.7302846]], "rotation": [[-0.8802103381194598, 0.4743377721648999, 0.015269540311999806], [-0.47447253407449996, -0.8802446261437799, -0.006703196617520048], [0.010261353352399805, -0.01314520192351995, 0.99986094446832]]}