{"translation": [[2710.5540328000207], [1621.8755959998816], [21.624868600000003]], "rotation": [[-0.8927593349724999, 0.45033788798470004, 0.0132829260324], [-0.45051813644410005, -0.89258570302258, -0.018001421185680003], [0.003749428414799999, -0.02205513716232, 0.99974972502892]]}