{"translation": [[2719.597045500006], [1606.1313012996688], [21.6138495]], "rotation": [[-0.8508339516705999, 0.5253566442778, 0.0090560712652], [-0.52543098807416, -0.8507662907289999, -0.010909846862120001], [0.0019730395341200006, -0.0140408083924, 0.99989947635564]]}