{"translation": [[2709.329150100006], [1624.2015610989183], [21.6365802]], "rotation": [[-0.8926857994784999, 0.45049467092738, 0.01290380825766], [-0.45066974876634, -0.8924883903401999, -0.01900379062318], [0.0029553931046200008, -0.022779771227939997, 0.9997361390184599]]}