{"translation": [[2694.3385758000077], [1652.0726537005976], [21.7576608]], "rotation": [[-0.8861374956609999, 0.46306049226404, 0.018301344014279804], [-0.46323709671451996, -0.8862084184191399, -0.006756570220860047], [0.013090107564359806, -0.014465113820219951, 0.9998096866542999]]}