{"translation": [[2697.726411700074], [1645.8444699998945], [21.7250899]], "rotation": [[-0.8871086704506, 0.46127717961552, 0.016162616996159805], [-0.46150053891744, -0.88701316958866, -0.01498497191362005], [0.007424230675679804, -0.020752358186259954, 0.9997570806874999]]}