{"translation": [[2721.114188699983], [1603.7787501998246], [21.6197453]], "rotation": [[-0.8474428093389, 0.5308073994740999, 0.009181414064900001], [-0.53088270132926, -0.8473774772613, -0.010727406800819999], [0.0020859362491800005, -0.0139651169299, 0.99990030722316]]}