{"translation": [[2706.4046791999717], [1629.7050092006102], [21.663673]], "rotation": [[-0.8906766376045598, 0.45452093825075995, 0.010295668811719953], [-0.45463695709547997, -0.8904830654180999, -0.018582365556659805], [0.0007220440391600465, -0.021231668760779802, 0.9997743219911001]]}