{"translation": [[2693.540267299977], [1653.5397926997393], [21.758508300000003]], "rotation": [[-0.8856959602132002, 0.46385319662075986, 0.01956962942068], [-0.4640522815157998, -0.8857800741545002, -0.007016594892900004], [0.014079717005000002, -0.015295900385819999, 0.99978387515054]]}