{"translation": [[2711.78228220006], [1619.548692700453], [21.6148267]], "rotation": [[-0.8914806900566802, 0.45293062396623984, 0.010758594857399998], [-0.45305085784875987, -0.8913513568253202, -0.0154076974632], [0.0026110710936000023, -0.018609857929799998, 0.999823412143]]}