{"translation": [[2682.790120700025], [1673.0904225995764], [21.7463546]], "rotation": [[-0.88328177849376, 0.46870964302591994, 0.01117181723688], [-0.46878109575168, -0.8833013038926599, -0.00483011333408], [0.00760415884328, -0.009503486911679999, 0.99992592751374]]}