{"translation": [[2698.5306338000228], [1644.3613884998485], [21.720552800000004]], "rotation": [[-0.88752792419442, 0.46051148298556005, 0.014943295661540002], [-0.46070091727996004, -0.8874507665361999, -0.01362886883188], [0.006985188915940001, -0.018980392163320002, 0.99979545500222]]}