{"translation": [[2689.7536542000016], [1660.4012928996235], [21.781883800000003]], "rotation": [[-0.8851055835657999, 0.4651178755774, 0.0159216612932], [-0.46530479700664, -0.8850807171762, -0.011117621345479998], [0.00892095076652, -0.017248693867599998, 0.99981143182124]]}