{"translation": [[2722.692897000001], [1601.3467984003946], [21.6252244]], "rotation": [[-0.8487346042535202, 0.52875654532612, 0.00813346680192], [-0.52881277010308, -0.8486992940855203, -0.00816261956712], [0.0025868288188799996, -0.011228978452079999, 0.99993360697696]]}