{"translation": [[2708.069226899999], [1626.585940000601], [21.6515462]], "rotation": [[-0.8914699250222798, 0.45291187929071997, 0.012322246759879805], [-0.45307322258868, -0.8912707269246798, -0.018994255072320044], [0.002379735483519805, -0.022515691195079953, 0.99974365737404]]}