{"translation": [[2711.3840843000216], [1620.3033039998263], [21.616026]], "rotation": [[-0.89202594958984, 0.45182135083328, 0.012148986312879955], [-0.45197022195712, -0.89188999738384, -0.015986765745279807], [0.003612395503280048, -0.01975158591487981, 0.99979839242616]]}