{"translation": [[2682.3732913000276], [1673.8436725996435], [21.7418827]], "rotation": [[-0.8826787789124999, 0.46984630495762, 0.011088517336839807], [-0.46993217745746, -0.8826749860376999, -0.006996417246520049], [0.006500314542279806, -0.011386438506759952, 0.99991404377784]]}