{"translation": [[2707.233240599977], [1628.1473596999422], [21.6576107]], "rotation": [[-0.89047334664746, 0.45491947335108, 0.010249080352199999], [-0.45503474222699997, -0.8902665501704, -0.019193880137399998], [0.0003927448249199999, -0.02175533116956, 0.9997632476047]]}