{"translation": [[2703.952226100024], [1634.3172070002183], [21.6947329]], "rotation": [[-0.8911647132580003, 0.4534810568523198, 0.013442691575239998], [-0.45364706827551987, -0.8910666555344803, -0.01431341538116], [0.005487469882360002, -0.018853845521559998, 0.9998071915204799]]}