{"translation": [[2710.1551681000274], [1622.6304195998237], [21.6269956]], "rotation": [[-0.89291047854948, 0.45005996778656, 0.01253062782732], [-0.45022618455924, -0.89271621981972, -0.018821464809439997], [0.00271550640128, -0.02244749866476, 0.9997443352398]]}