{"translation": [[2706.0088426999864], [1630.4475650992244], [21.6672424]], "rotation": [[-0.8907670350057001, 0.45432269666589986, 0.011179498925999998], [-0.45445923884621986, -0.8905467326754601, -0.019832339819199997], [0.000945584119040002, -0.02274662105928, 0.9997408149624]]}