{"translation": [[2719.0725486999727], [1606.9556619003415], [21.6131078]], "rotation": [[-0.8525704416099402, 0.52252708618312, 0.00943894937358], [-0.52260659477192, -0.8525066457347201, -0.010713241621680001], [0.002448808117620001, -0.01406665028088, 0.99989806114878]]}