{"translation": [[2688.9203405000153], [1661.9128321995959], [21.7803518]], "rotation": [[-0.8853961856706, 0.46463454374888, 0.013725833673759952], [-0.46477562572528, -0.88537355299002, -0.009866749797139805], [0.007568056979440048, -0.015115415149939805, 0.9998571141634199]]}