{"translation": [[2690.5887178999837], [1658.8856257991865], [21.7798183]], "rotation": [[-0.8847984673570002, 0.46567494150842004, 0.016693322542940002], [-0.46589819172302005, -0.8847329653261201, -0.01366019813494], [0.00840791981486, -0.01986390986174, 0.99976733892812]]}