{"translation": [[2714.8094703999814], [1637.7136749997735], [21.695039]], "rotation": [[0.86586144392382, -0.50006380731836, -0.014837033180659948], [0.50025895432124, 0.8657334489474799, 0.015702324720279805], [0.004992751221260052, -0.021018396477079808, 0.9997666224803]]}