{"translation": [[2736.4166031000204], [1598.181584299542], [21.7405887]], "rotation": [[0.88928089776118, -0.45730971539136, -0.006878067480419806], [0.45734721465095995, 0.88903408806896, 0.021258274296960047], [-0.003606778978620195, -0.022050242260559953, 0.99975035781878]]}