{"translation": [[2723.2329718000256], [1600.507089400664], [21.6287202]], "rotation": [[-0.8495768725784999, 0.5274156215441398, 0.0071931220974799995], [-0.5274614067758198, -0.84954058813074, -0.00806813226396], [0.0018555905727600016, -0.010648593680119998, 0.9999415804092]]}