{"translation": [[2709.5828999999794], [1645.710192299448], [21.7415808]], "rotation": [[0.8280443338515, -0.55994574702892, -0.02834301129455981], [0.56053168341204, 0.82788492099384, 0.02026756514048006], [0.01211601404271981, -0.03266959886015994, 0.9993927653631]]}