{"translation": [[2723.6488839000813], [1621.9053867999464], [21.6912742]], "rotation": [[0.8857462374774001, -0.4639691778349198, -0.013645887087159997], [0.46416395330251986, 0.8854998533947801, 0.02101997917854], [0.002330808825960001, -0.02495229627266, 0.9996859258066201]]}