{"translation": [[2710.3882577000186], [1644.5406574001536], [21.7378701]], "rotation": [[0.8322331456593601, -0.5539494399602799, -0.02297848086924], [0.5542754660492398, 0.8322577267269602, 0.011215408526320001], [0.012911249020280003, -0.022070242866959997, 0.99967304856696]]}