{"translation": [[2710.6811580000212], [1644.1148285996169], [21.732397100000004]], "rotation": [[0.8337011531644001, -0.55181864003748, -0.020942792855039943], [0.55207332593412, 0.8337480446552001, 0.008903127073959809], [0.012548101745760059, -0.01898450386083981, 0.99974103336536]]}