{"translation": [[2743.923405700014], [1584.0515520004556], [21.776657]], "rotation": [[0.88760501111244, -0.46049221500402004, -0.010210988685099953], [0.46060270157750005, 0.8873056259838, 0.023105789717699804], [-0.0015797685730199523, -0.025212023712139806, 0.9996808781766]]}