{"translation": [[2716.2333023999818], [1635.2961999997497], [21.6900648]], "rotation": [[0.8753467889408599, -0.48332204975144005, -0.01295359076258], [0.48349012871872005, 0.8751501717614, 0.01869418349416], [0.00230102610446, -0.022626826755520003, 0.9997413325407]]}