{"translation": [[2739.423231700028], [1592.5184720000252], [21.7483578]], "rotation": [[0.88902797649998, -0.45777445685942003, -0.0084740570137], [0.45784920124358003, 0.88879431417468, 0.0204641642599], [-0.0018362777088999998, -0.0220730547343, 0.9997546740836599]]}