{"translation": [[2709.850242400018], [1645.3256748998538], [21.7405001]], "rotation": [[0.8293395328023001, -0.5581150502770398, -0.026523662447779994], [0.5586162256327998, 0.8292326299448001, 0.017920171954000003], [0.0119927676185, -0.029678456114719996, 0.9994875500432601]]}