{"translation": [[2729.42655809992], [1611.226626000367], [21.7187392]], "rotation": [[0.8884097440304, -0.45895277630592, -0.009511256446159806], [0.45905110668672, 0.88819861708288, 0.019372305119040048], [-0.00044308892344019444, -0.021576697546559956, 0.99976709776352]]}