{"translation": [[2738.419463499973], [1594.408255099319], [21.7466859]], "rotation": [[0.8891876147735, -0.4574651358747, -0.008428177516599999], [0.4575392799909, 0.88895803809702, 0.020283312098759998], [-0.0017866120222, -0.021891892184759995, 0.99975874743452]]}