{"translation": [[2743.439552200027], [1584.9584887996316], [21.772274]], "rotation": [[0.8877879391019, -0.4601550722114598, -0.009480501816319997], [0.46024914794137983, 0.8875114738884601, 0.02222837680064], [-0.0018144464326399976, -0.024097477752319997, 0.9997079670272]]}