{"translation": [[2727.39146850002], [1593.9090243000537], [21.6635085]], "rotation": [[-0.8603243987929802, 0.50970274888844, 0.006707654493339947], [-0.50974669781836, -0.8602383785029202, -0.012173423007319807], [-0.00043464527113994686, -0.013892297866279806, 0.9999034029051]]}