{"translation": [[2725.031344200019], [1619.3655016999692], [21.702993600000003]], "rotation": [[0.88690447645496, -0.46173359424768, -0.014230987629040001], [0.46194683856576, 0.8866291250424, 0.02222377886208], [0.002356141947920002, -0.026284328999040003, 0.9996517306507999]]}