{"translation": [[2731.9321266000043], [1606.5667706998065], [21.726486]], "rotation": [[0.88862061167352, -0.45854852625352, -0.00930804429196], [0.45864204118552004, 0.8883945154796, 0.02006601593404], [-0.0009320273579600004, -0.02210013595004, 0.99975532770608]]}