{"translation": [[2736.9361089000595], [1597.2007884997874], [21.7429716]], "rotation": [[0.88926371754774, -0.45732440772806005, -0.00802577234448], [0.4573888820644201, 0.8890258013957401, 0.020700755044240002], [-0.0023318424917599997, -0.022079329512480005, 0.99975350246364]]}