{"translation": [[2745.4662974000094], [1581.1649299003184], [21.7870837]], "rotation": [[0.8870604967483801, -0.46156317252615997, -0.0091158725519], [0.46164904768383996, 0.88679602038812, 0.021747671610799997], [-0.0019540054759000004, -0.0234998343712, 0.9997219311455]]}