{"translation": [[2726.8540724000195], [1594.7798422994092], [21.6600941]], "rotation": [[-0.8587244560892202, 0.5123932675248001, 0.006744072795140001], [-0.5124376242852001, -0.8586460382570003, -0.011605895457600001], [-0.00015601137013999998, -0.013422182672400002, 0.99990990627878]]}