{"translation": [[2726.4843836000073], [1616.6785422991961], [21.7102455]], "rotation": [[0.88791612842942, -0.45980175681790003, -0.01368465506884], [0.4599986307245, 0.8876710040051, 0.021010112113000003], [0.0024869838691600017, -0.0249501404122, 0.9996856032466801]]}