{"translation": [[2746.4909970000153], [1579.2580412998796], [21.7937622]], "rotation": [[0.88645066032566, -0.46275969552308, -0.007659700407139999], [0.46280884877996004, 0.886172190459, 0.02251218118628], [-0.0036299176173799994, -0.02350091509244, 0.9997172253383]]}