{"translation": [[2735.896025200025], [1599.1606220994145], [21.7404246]], "rotation": [[0.8892161856972, -0.45743680919299995, -0.0067944008594], [0.45747326786756, 0.8889747307175, 0.021027614616579995], [-0.0035787531749199995, -0.021806351946499998, 0.99975580798094]]}