{"translation": [[2727.458935100003], [1614.8799632992595], [21.7146149]], "rotation": [[0.8882063785247, -0.45930207293080005, -0.011446966556599807], [0.4594446763844, 0.88793760871862, 0.021849266677640047], [0.0001287785377998051, -0.02466590589835995, 0.99969574196208]]}