{"translation": [[2720.1182232000283], [1628.331409400329], [21.6839113]], "rotation": [[0.8830998801268399, -0.46893541998972, -0.015303431869400001], [0.4691592432402, 0.8829236119046999, 0.018317245527299998], [0.004922157067720001, -0.02335570338246, 0.9997151011870999]]}