{"translation": [[2723.2071836999967], [1622.7107469001785], [21.6883449]], "rotation": [[0.88544206258668, -0.46453199848402, -0.01422549734002], [0.46473715720981995, 0.88522861544076, 0.01973985004982], [0.003423024782779999, -0.02408961095362, 0.99970394293308]]}