{"translation": [[2708.8703513999935], [1646.7168045993894], [21.745655600000003]], "rotation": [[0.82475094063974, -0.5647270684043799, -0.029482434420979996], [0.56532937118258, 0.82465245768902, 0.01873541870822], [0.013732363463779996, -0.03211934070398, 0.9993896988217199]]}