{"translation": [[2711.840253499977], [1642.4063037997112], [21.7222607]], "rotation": [[0.8401865689710201, -0.5420289853217399, -0.01706222890166], [0.54224334111534, 0.8401313042046, 0.012311051082179999], [0.007661566424740001, -0.019595459518979997, 0.9997786346895801]]}