{"translation": [[2733.4108630000264], [1603.8096893001348], [21.7312223]], "rotation": [[0.8888665218391, -0.45807663857652003, -0.00906176149956], [0.45816357618756, 0.8886197394935, 0.02100266769692], [-0.0015683705125200003, -0.022820337109639998, 0.99973835200304]]}