{"translation": [[2726.9509549000068], [1615.8179373005405], [21.7140238]], "rotation": [[0.88801154093756, -0.45964066915994, -0.01288342546102], [0.45981694177258, 0.88777516176926, 0.02058316038266], [0.0019767286912599994, -0.02420210087222, 0.99970513198686]]}