{"translation": [[2721.4182567999815], [1625.9720132993534], [21.6817145]], "rotation": [[0.8841719971991, -0.46693410238612, -0.01457419053796], [0.46713811035195996, 0.8840095344312, 0.01758159550748], [0.0046742761758800004, -0.022353314578759997, 0.99973920620966]]}