{"translation": [[2726.3570582999964], [1595.5808042995632], [21.6537646]], "rotation": [[-0.8572369722298601, 0.5148777804661601, 0.006761033620999999], [-0.5149221460084, -0.8571669812346601, -0.01095521701484], [0.0001547368331599997, -0.012872622575800002, 0.99991713239024]]}