{"translation": [[2732.890788300021], [1604.780143099837], [21.7276452]], "rotation": [[0.8887280967387801, -0.45833779700969995, -0.00942548108884], [0.4584332973921, 0.8884866206643001, 0.0207471094302], [-0.0011347703148400006, -0.022759493399399998, 0.99974032516952]]}