{"translation": [[2698.470914800011], [1656.2989894002676], [21.7553712]], "rotation": [[0.23629768932095996, -0.97161532181024, -0.011272827068799719], [0.9716647525664001, 0.23621140914445993, 0.008472720693739968], [-0.005569454786240033, -0.012955493022699719, 0.99990056324366]]}