{"translation": [[2705.835094799986], [1650.8682460999116], [21.7315357]], "rotation": [[0.8109673763, -0.5847118341026, -0.021070279448200002], [0.5849811673990001, 0.81098757975158, 0.009805626896360001], [0.011354268103000003, -0.02027776098836, 0.99972991000758]]}