{"translation": [[2700.97191740002], [1655.4300039997324], [21.7596455]], "rotation": [[0.44754109646765994, -0.8941893935048201, -0.01149653969786], [0.8942624843475401, 0.44752102233019986, 0.004406650152980001], [0.0012045622059799997, -0.01225308208114, 0.9999242026235]]}