{"translation": [[2700.5053384000203], [1655.6369925998151], [21.7639307]], "rotation": [[0.4045625794532801, -0.9143953570478399, -0.014504028471359889], [0.9145049052950399, 0.4045641536600002, 0.0029563982827198335], [0.0031644942494401095, -0.014460052173119832, 0.99989044044272]]}