{"translation": [[2684.5924690000247], [1655.8855412006378], [21.7515625]], "rotation": [[-0.18125858530689976, -0.9833811444187399, -0.01032442162772], [0.98343493452302, -0.18123898268993976, -0.002811466732839999], [0.0008935546771599995, -0.010663000852279999, 0.9999427493414]]}