{"translation": [[2705.468011400022], [1651.3408984001726], [21.7322279]], "rotation": [[0.8097144818570999, -0.5864179788352201, -0.02182729486725994], [0.5866248241939401, 0.8098486106295599, 0.00406968291701981], [0.015290269514820064, -0.01609971361333981, 0.9997534730643]]}