{"translation": [[2708.6379538999754], [1647.0456430995837], [21.738954100000004]], "rotation": [[0.8235295330710001, -0.5665640763936, -0.028359946547], [0.567116752589, 0.82344747878028, 0.017688123297120002], [0.013331472566400004, -0.03065009156812, 0.99944126582028]]}