{"translation": [[2680.5377975999727], [1654.8335129003972], [21.7655139]], "rotation": [[-0.29379518969076013, -0.95580842896924, -0.010708638013759882], [0.95584473579536, -0.2938483310826001, 0.003747089023720161], [-0.00672821440316012, -0.009134918456479839, 0.9999356401278]]}