{"translation": [[2665.7454897999996], [1647.16545629967], [21.7315278]], "rotation": [[-0.5127260699211604, -0.8584966196710602, -0.00976225036698], [0.8585242353631801, -0.5125846238850005, -0.013889239283740001], [0.00691988532646, -0.01550250583542, 0.9998558833542]]}