{"translation": [[2692.1312501999782], [1656.731285800226], [21.7519586]], "rotation": [[-0.01950278727139998, -0.99975396351852, -0.01056412242216], [0.9997218849290399, -0.019359885136040034, -0.01346456882988], [0.01325673592812, -0.01082378163384, 0.999853541623]]}