{"translation": [[2663.8930424000137], [1646.0229360004887], [21.7257163]], "rotation": [[-0.5136917049163603, -0.8578789774382202, -0.012816077106900003], [0.8579486628545002, -0.5135024212354002, -0.015463336779900003], [0.0066845844322200015, -0.018938926784460002, 0.9997982963334]]}