{"translation": [[2707.2329223999986], [1648.9895917996764], [21.7280951]], "rotation": [[0.81679856556582, -0.5764186490660599, -0.0241176219825], [0.57676362506406, 0.8168416093393199, 0.010654644194499999], [0.013558741984299998, -0.0226128646749, 0.9996523490175]]}