{"translation": [[2704.9386103000143], [1652.0707772001624], [21.7359607]], "rotation": [[0.8054424510955202, -0.5924945168483998, -0.01458531243944], [0.5926278125043999, 0.8054430191292001, 0.007337890933200001], [0.007399978420560003, -0.0145539101852, 0.99986670313368]]}