{"translation": [[2705.0457272001076], [1651.9225199995562], [21.7331098]], "rotation": [[0.80685793299038, -0.5905367835809, -0.015704026019499998], [0.5906700657559, 0.80689468339838, 0.005465943818900001], [0.0094436547595, -0.0136861375061, 0.999861743967]]}