{"translation": [[2705.1521670999937], [1651.770639599301], [21.7265697]], "rotation": [[0.8073798075064, -0.58976812641348, -0.01764614938475994], [0.58989329549532, 0.8074774373022999, 0.0024639960225598086], [0.012795680952840062, -0.012398726283839808, 0.99984125846134]]}