{"translation": [[2688.4491807000013], [1656.4698772002012], [21.7550643]], "rotation": [[-0.0946350218769999, -0.9954029804554001, -0.014733645632199867], [0.9954810441334001, -0.09450496873481984, -0.00928777900725985], [0.007852680063799867, -0.015546014547739852, 0.99984831691718]]}