{"translation": [[2708.2103193000075], [1647.6466706003994], [21.7234969]], "rotation": [[0.8213756500347801, -0.5698889210614, -0.023846972817540002], [0.5702530613421999, 0.8213719976060001, 0.012629588675400004], [0.01238977364346, -0.023972445259800003, 0.9996358414022201]]}