{"translation": [[2703.2960194000043], [1653.9120900994167], [21.7483916]], "rotation": [[0.6774257422904002, -0.7355586340295999, -0.0069179367616], [0.7355851311225599, 0.6774283190904, 0.002320695586080001], [0.00297939858608, -0.0066608303615999995, 0.99997337790704]]}