{"translation": [[2662.01488089998], [1644.8591732997447], [21.7136065]], "rotation": [[-0.5142689550313997, -0.8575567550104799, -0.01112114414604], [0.85759643468148, -0.5140935055238797, -0.01536388102824], [0.00745809176904, -0.01743862249524, 0.99982011946748]]}