{"translation": [[2704.505689900019], [1652.632469699718], [21.730923]], "rotation": [[0.7899865920060001, -0.6130359039583999, -0.010398856436799934], [0.6130818037471999, 0.7900176814563201, 0.0016541497054398118], [0.0072012270736000646, -0.0076821061614398105, 0.99994456224632]]}