{"translation": [[2686.9200850999914], [1656.2733052000403], [21.752616600000003]], "rotation": [[-0.12603651370314006, -0.9919404272817798, -0.012993819658159997], [0.9919891276057398, -0.12590886909274002, -0.01021669340432], [0.008498313789919996, -0.014177405833039999, 0.99986338057196]]}