{"translation": [[2697.8796444999753], [1656.4139452995732], [21.7544031]], "rotation": [[0.19687273743590006, -0.9803375543445599, -0.013392375405819999], [0.98042831320128, 0.1968377480894401, 0.0038954487573599995], [-0.0011827301367399994, -0.013897171994879998, 0.9999027301462999]]}