{"translation": [[2686.1733557999833], [1656.1648890003562], [21.751972100000003]], "rotation": [[-0.14295371308354, -0.98965694003816, -0.01198509611844], [0.9897150601261601, -0.14287571092522, -0.0071341816624799995], [0.00534801403644, -0.01288168555848, 0.9999027257416799]]}