{"translation": [[2706.8726252000197], [1649.4670659005642], [21.7265145]], "rotation": [[0.8153929828813999, -0.57822878102026, -0.028031875867779943], [0.57864858236978, 0.81552079565654, 0.009574745551539808], [0.01732418501074006, -0.024027784557819808, 0.9995611728375]]}