{"translation": [[2692.7968965999316], [1656.757124999538], [21.7575555]], "rotation": [[-0.004030698508679986, -0.9999130057034, -0.012562359334599857], [0.9999538999513999, -0.003920687860180072, -0.008769523785699859], [0.008719507947399858, -0.012597126681699858, 0.9998826344075]]}