{"translation": [[2671.1082471000263], [1650.4237080989406], [21.7287813]], "rotation": [[-0.4914547750586602, -0.8708616832586399, -0.00849696552336], [0.8708993842826399, -0.49140063544258017, -0.007729402272920001], [0.002555826147359999, -0.01119865328092, 0.9999340267839201]]}