{"translation": [[2695.493837999995], [1656.7035912992433], [21.757469600000004]], "rotation": [[0.08417136003869996, -0.9963113536264799, -0.016697689752939865], [0.99644682927368, 0.08420917421051999, -0.0015733627682401477], [0.0029736574355401363, -0.016505928478639853, 0.9998593459471801]]}