{"translation": [[2701.7584508999716], [1655.0225374000147], [21.7548023]], "rotation": [[0.5223014249544602, -0.8527390419990398, -0.006105527817439902], [0.8527577112886399, 0.5222665080943802, 0.006473799839079825], [-0.0023317498001599016, -0.008587810964119825, 0.99996040543608]]}