{"translation": [[2705.589108900109], [1651.1880790991709], [21.732886800000003]], "rotation": [[0.8100556853951, -0.58597344279434, -0.02109240182721981], [0.58620686402798, 0.8101326345999, 0.006826818250660061], [0.01308730841593981, -0.01789461429297994, 0.99975422235164]]}