{"translation": [[2678.7874831000227], [1654.2130439998582], [21.7756363]], "rotation": [[-0.34147149674098, -0.9397066760969802, -0.01866758994408], [0.9398763405897802, -0.34151335322386, -0.000996528118319998], [-0.005438788019279999, -0.017885512782480004, 0.99982524873312]]}