{"translation": [[2683.7583814000245], [1655.7095942003652], [21.7547678]], "rotation": [[-0.2035668451440399, -0.9790170379476599, -0.00928339403922], [0.97906104598638, -0.20355671331249992, -0.0020335033913399998], [0.00010113729714000038, -0.00950296333662, 0.9999548407098999]]}