{"translation": [[2702.1394368999754], [1654.7913694996387], [21.7527606]], "rotation": [[0.55968940314102, -0.8286945372264599, -0.0036243468298], [0.8286984866695398, 0.55966781681958, 0.0055455311094], [-0.0025671210594, -0.0061072657298, 0.9999780553565999]]}