{"translation": [[2708.429161500011], [1647.338534399867], [21.7318732]], "rotation": [[0.82251034114296, -0.5681129321385201, -0.026915256099], [0.5685924846954, 0.8224752754803, 0.015394919023100005], [0.013391079934519998, -0.027966292582140003, 0.9995191671231001]]}