{"translation": [[2706.100801899971], [1650.5091319000348], [21.7323]], "rotation": [[0.81193105785176, -0.58327203954432, -0.023700366031320003], [0.5835997416379199, 0.81197947179928, 0.010034993746680002], [0.013391080029720004, -0.02197924987692, 0.99966874092848]]}