{"translation": [[2699.5360523000127], [1656.001344400458], [21.764271]], "rotation": [[0.31869217955749995, -0.9477716155605201, -0.012819853317139883], [0.9478572423028401, 0.31864232812476, 0.005814134518279838], [-0.0014255228256198826, -0.014004309477559838, 0.9999009186983]]}