{"translation": [[2725.560347300023], [1619.219569399953], [21.6682014]], "rotation": [[0.8898885333369599, -0.45599943541616, -0.01276330808944], [0.45617609606224, 0.8896176898524, 0.02199372987088], [0.0013253356769600006, -0.02539428424592, 0.9996766346076]]}