{"translation": [[2738.9423125999165], [1594.0552287995815], [21.7535478]], "rotation": [[0.8917136891147, -0.45253152487262, -0.007867441762739999], [0.45259310243086, 0.8914702178894, 0.020983688986619998], [-0.00248219166018, -0.02227219270614, 0.9997488625212599]]}