{"translation": [[2745.1363825000008], [1582.3543271999806], [21.7985058]], "rotation": [[0.8901443096636601, -0.45560954830777994, -0.007938910813059953], [0.45566657286106, 0.8898583418222, 0.022805364547219806], [-0.003325836913219953, -0.023917561871059805, 0.9997084019787]]}