{"translation": [[2651.2450182000175], [1638.1611882997677], [21.6622047]], "rotation": [[-0.5159511747915598, -0.8565124519056, -0.013443699738799999], [0.8566118606612001, -0.5158247861437798, -0.011867530538219997], [0.0032300938944, -0.01763909967022, 0.9998392013962201]]}