{"translation": [[2726.955125599983], [1616.631975499913], [21.6856046]], "rotation": [[0.8904491678658799, -0.45489982363600007, -0.01290166680388], [0.45508123464260003, 0.8901612866509999, 0.022671056175999998], [0.0011715061028800006, -0.0260587292074, 0.9996597272458799]]}