{"translation": [[2747.2345027999836], [1578.4248930001631], [21.8169738]], "rotation": [[0.88837583109324, -0.4590804462193, -0.005791814755979806], [0.45909092378598004, 0.888120327891, 0.02185921810414005], [-0.004891310296300194, -0.022078170618899953, 0.9997442820582001]]}