{"translation": [[2724.5093689999776], [1621.1753727998585], [21.65764]], "rotation": [[0.88935803638476, -0.45705070284704, -0.012121526750479953], [0.45721043075032003, 0.8890984768623, 0.021506131784659807], [0.000947837983360047, -0.024668739697419804, 0.9996952309911]]}