{"translation": [[2734.663073499978], [1602.15424539987], [21.7344733]], "rotation": [[0.89172905284862, -0.45250710692122004, -0.007524012524079759], [0.45254958298342, 0.89140969002414, 0.024241199115919848], [-0.0042623374112801485, -0.02502157027111976, 0.99967782484652]]}