{"translation": [[2729.6400550000253], [1611.6340167997405], [21.7077786]], "rotation": [[0.8916267966250999, -0.45268086104412, -0.009038676523139806], [0.45276473114796, 0.8913307952494001, 0.023097960269880046], [-0.002399553594180195, -0.024687154239959954, 0.99969234595934]]}