{"translation": [[2721.816289199982], [1626.1760785998777], [21.6448958]], "rotation": [[0.8867770444049601, -0.46204065534432, -0.01203745380576], [0.46218512843615994, 0.88664268833336, 0.01580013414552], [0.00337261583712, -0.01957472849256, 0.99980270826616]]}