{"translation": [[2723.909423300007], [1622.2902845991775], [21.6543266]], "rotation": [[0.88902022051776, -0.45770654892192003, -0.0121551848848], [0.4578644205424, 0.8888039094624, 0.019691846875199998], [0.00179048791392, -0.02307187694944, 0.9997322054496]]}