{"translation": [[2727.2102274000063], [1616.1559339994565], [21.6889247]], "rotation": [[0.89054864166006, -0.45469883020656005, -0.013118336050860002], [0.45488479195656, 0.89028067369388, 0.021912283965280003], [0.0017155111758600005, -0.02548128628472, 0.9996738273411799]]}