{"translation": [[2721.070792899991], [1627.5480657005683], [21.6427099]], "rotation": [[0.8860943469515, -0.46333901210454, -0.012399699442779804], [0.46348883216298, 0.8859692606403, 0.015380377993260048], [0.003859422816859805, -0.019375588481579952, 0.9998048266535601]]}