{"translation": [[2655.176870300027], [1640.6132664000615], [21.694151100000003]], "rotation": [[-0.5153816117477203, -0.8568228713265199, -0.01536483331424], [0.8569510405236799, -0.5152082109061203, -0.013968903013240002], [0.004052786248839997, -0.02036622885536, 0.99978437255516]]}