{"translation": [[2720.7868337000255], [1628.071475200355], [21.6466866]], "rotation": [[0.8857367811318, -0.46402920843286, -0.01213518566902], [0.4641728968727, 0.8856154157187001, 0.0151285070423], [0.0037270388855, -0.01903269917002, 0.99981191509566]]}