{"translation": [[2721.6678164000623], [1626.4514002995566], [21.6445211]], "rotation": [[0.8865897450034801, -0.46240775261126, -0.011734372824899805], [0.46254579626874004, 0.8864572077841201, 0.015652675456300048], [0.003164100931899806, -0.019305186345299954, 0.9998086308126001]]}