{"translation": [[2734.2769901999854], [1602.8813906004652], [21.7335685]], "rotation": [[0.8917486056013401, -0.45245241841466005, -0.008439611200919954], [0.45251778182182006, 0.8914240145029401, 0.024307962515159806], [-0.003474924683639953, -0.025495665853319804, 0.9996688931348401]]}