{"translation": [[2721.210361799982], [1627.2913714991882], [21.6440796]], "rotation": [[0.8862298662431002, -0.4630771381338998, -0.012497890534799952], [0.4632296308838198, 0.8861015604805401, 0.015567355159199804], [0.0038655143697600503, -0.019585648141679804, 0.9998007102424]]}