{"translation": [[2746.38467639999], [1580.0098665002733], [21.8089787]], "rotation": [[0.8890894304614001, -0.45767660334354, -0.00721848223458], [0.45771871970286004, 0.88882327781564, 0.02206240075074], [-0.0036814898377800004, -0.022919481783660003, 0.9997305356822]]}