{"translation": [[2733.550831999979], [1604.2529595997185], [21.7320825]], "rotation": [[0.8916807569115001, -0.4525726150751198, -0.009134820976339756], [0.4526550580282398, 0.89134763637984, 0.024551550755919853], [-0.002969059051820145, -0.026027068354639755, 0.9996568293003]]}