{"translation": [[2740.9940102000255], [1590.1793572995812], [21.7623866]], "rotation": [[0.8914546488910999, -0.45305328869296, -0.007164400634519805], [0.45310110146624005, 0.89122711662614, 0.020337662259240046], [-0.002828936556120195, -0.021376301377559956, 0.9997674984024]]}