{"translation": [[2732.160132900055], [1606.8774059005082], [21.7220739]], "rotation": [[0.8918146351470001, -0.4523023187523798, -0.009447106646659757], [0.45239454956493985, 0.8914962903903001, 0.02394816312661985], [-0.002409750341420145, -0.02563114208193976, 0.99966856387206]]}