{"translation": [[2724.7060359001043], [1620.8098660996184], [21.6621553]], "rotation": [[0.88947689607894, -0.4568131954500799, -0.012350862660319999], [0.45697874593807997, 0.88921579935032, 0.021579525534279997], [0.0011247695883199998, -0.024838571297719998, 0.99969084232862]]}