{"translation": [[2647.1551734000095], [1635.604131899774], [21.6464825]], "rotation": [[-0.5173009208216397, -0.8556656359391999, -0.01536157419232], [0.8558025107843199, -0.5171894539292997, -0.010818154123739999], [0.0013118781024000015, -0.0187427158159, 0.9998234792043]]}