{"translation": [[2721.5092781999847], [1626.7439510002732], [21.6460539]], "rotation": [[0.88653644001174, -0.46250708562534004, -0.011846557394379805], [0.46264747063598, 0.88640312891724, 0.015710366314860044], [0.0032346699791398065, -0.019408591962619952, 0.99980640299814]]}