{"translation": [[2745.978902200004], [1580.7703555002809], [21.8061463]], "rotation": [[0.8894632527273202, -0.4569473710060798, -0.007363123431519997], [0.45699231228527976, 0.8891920138937401, 0.022261678550219998], [-0.003625185262719997, -0.02316583584402, 0.99972506323742]]}