{"translation": [[2723.164675900014], [1623.676066099666], [21.6482229]], "rotation": [[0.8882361440180602, -0.45923464473143977, -0.011836679702159998], [0.45938237953223976, 0.8880495874940801, 0.01832410972992], [0.0020964930909600013, -0.021713698452479998, 0.9997620317079801]]}