{"translation": [[2733.925476000004], [1603.5441824002191], [21.7334782]], "rotation": [[0.89174076973464, -0.45245479031748, -0.009114389639439953], [0.45253742042756, 0.8914136859612001, 0.024321459867119807], [-0.0028796688184799537, -0.025813039651759805, 0.9996626403552]]}