{"translation": [[2736.9646601999993], [1597.8002637000754], [21.7459553]], "rotation": [[0.8918114834591602, -0.45233833412265984, -0.007892043448299997], [0.4523941450666998, 0.89151769312796, 0.023145521754340002], [-0.003433711697659998, -0.024211756463500003, 0.99970095548796]]}