{"translation": [[2729.360658999998], [1612.159233099781], [21.7051696]], "rotation": [[0.89142762266508, -0.4530762517388, -0.008870558739679806], [0.45315525868879997, 0.8911264364855, 0.02332313926030005], [-0.002662372010320194, -0.024810631039699955, 0.99968862367958]]}