{"translation": [[2728.503865799983], [1613.7575202994049], [21.7005532]], "rotation": [[0.89102903698022, -0.45381957233392, -0.010725641286839806], [0.45394406701568, 0.8907017906895199, 0.024188683408440045], [-0.0014239507083601962, -0.026421660629639954, 0.99964987279374]]}