{"translation": [[2727.7191832999815], [1615.2202375996858], [21.6954508]], "rotation": [[0.8906628986674799, -0.45453477894652, -0.010849702540159954], [0.45466246745152, 0.8903389321862, 0.024054247987159806], [-0.0012735808051599533, -0.026357178972159806, 0.99965177789372]]}