{"translation": [[2730.8558311000234], [1609.3416470997036], [21.7146704]], "rotation": [[0.8919681196588399, -0.45199694041306, -0.009574026904259954], [0.45209108349286004, 0.89163394013612, 0.024547743587219804], [-0.002558976393539954, -0.026224136710379806, 0.99965281291372]]}