{"translation": [[2722.4661114001065], [1624.9722316004336], [21.6472163]], "rotation": [[0.88746087476152, -0.46071566417472, -0.012421322404439805], [0.46087229841792, 0.8873020931814999, 0.017080301782560047], [0.003152303477159805, -0.02088274268495995, 0.9997769621639799]]}