{"translation": [[2724.9225979999756], [1620.406902900897], [21.6633954]], "rotation": [[0.8896349927215, -0.4565033379789598, -0.012420851973719803], [0.4566709471005598, 0.8893690851231201, 0.021777784891640044], [0.0011050900249198088, -0.02504652180595995, 0.99968567585438]]}