{"translation": [[2740.1760955000063], [1591.7237392999232], [21.7591704]], "rotation": [[0.89160633929112, -0.45274272910424, -0.00788483699812], [0.45280452257336007, 0.8913617870892799, 0.02102956395944], [-0.0024927391266800006, -0.02232038230984, 0.9997477615964]]}