{"translation": [[2726.725230399985], [1617.0645434996113], [21.68231]], "rotation": [[0.8903609089046, -0.4551041207385, -0.011733863445299999], [0.45525532445406, 0.8900546368454, 0.023352201927419998], [-0.00018390417257999926, -0.026133791639699998, 0.99965843721244]]}