{"translation": [[2725.126762699976], [1620.0291689001024], [21.6656027]], "rotation": [[0.88975885688792, -0.45626975083531995, -0.01212782633844], [0.45643055148668, 0.88947702403622, 0.022400189131740002], [0.0005668938044399996, -0.02546627723574, 0.9996755210241399]]}