{"translation": [[2720.9223054000176], [1627.822127500549], [21.6444992]], "rotation": [[0.8859260212074801, -0.4636669155286, -0.012169658875639758], [0.4638123249158, 0.8857995881315001, 0.015402634663099853], [0.0036381876196398544, -0.019290032207299756, 0.9998073105799801]]}