{"translation": [[2736.5584676999715], [1598.569997499697], [21.7435525]], "rotation": [[0.891809845086, -0.45234924399876, -0.007440228773319806], [0.45239603027108, 0.89152965373926, 0.022642959815940045], [-0.0036093414104401947, -0.02355914446681995, 0.9997159293291]]}