{"translation": [[2732.5140721999924], [1606.2109614005312], [21.7224597]], "rotation": [[0.8918127377648002, -0.4523138366179198, -0.009068880112159804], [0.4523945744342398, 0.8914790949350402, 0.024580133666880045], [-0.0030332169348801915, -0.026023588388159952, 0.9996567273200001]]}