{"translation": [[2735.4170929000247], [1600.7301724003628], [21.740536]], "rotation": [[0.8916926529576601, -0.4525809140774, -0.00739679079134], [0.45262045728916, 0.89137539701916, 0.024178643968999998], [-0.0043494763475, -0.02490785807116, 0.99968028919926]]}