{"translation": [[2731.4991825000034], [1608.131387599744], [21.7182358]], "rotation": [[0.891750828736, -0.4524500877096, -0.0083295066648], [0.45251078425679997, 0.89141365350712, 0.02481313327836], [-0.0038016681863999994, -0.025896323742360002, 0.99965740518712]]}