{"translation": [[2735.0239773999783], [1601.475183499977], [21.7410233]], "rotation": [[0.89167785369102, -0.45261168696772003, -0.007298544165079953], [0.45264692852932, 0.89135082335174, 0.024585981798319806], [-0.004622339198679953, -0.025226439071919807, 0.99967107628472]]}