{"translation": [[2712.8864052999998], [1641.7481942996383], [21.7457818]], "rotation": [[0.8449905514428001, -0.5346548833689199, -0.011625097111439999], [0.5347414036709998, 0.8449932976293602, 0.006162579149920001], [0.006528276422800001, -0.0114237415752, 0.9999134361264]]}