{"translation": [[2712.7817072001053], [1641.9087391998619], [21.7465277]], "rotation": [[0.84373486668, -0.5366587813125601, -0.01043228221408], [0.5367318677396, 0.8437305988827, 0.006130577912399999], [0.0055120073328, -0.010771920576079999, 0.9999267890724599]]}