{"translation": [[2713.627074100019], [1640.6077509000897], [21.7400896]], "rotation": [[0.8551509194971999, -0.51822117764208, -0.01279438265604], [0.51834274911936, 0.8551227374242399, 0.00926707466388], [0.006138372722279999, -0.01455662325876, 0.9998752047544]]}