{"translation": [[2711.6621156000183], [1643.542335900478], [21.7566317]], "rotation": [[0.8325518233914999, -0.5538221825073, -0.0117663642297], [0.5539186091673001, 0.8325367438069999, 0.007532624102499999], [0.005624196164700001, -0.012788908106499998, 0.9999024013594999]]}