{"translation": [[2716.04522119998], [1636.5586959011853], [21.6994273]], "rotation": [[0.8757649468235, -0.4826231108447, -0.01052064535409995], [0.48272659641626003, 0.8756849402507, 0.012284612772179808], [0.0032839324681800497, -0.01583702867249981, 0.99986919359644]]}