{"translation": [[2710.7948000999168], [1644.7537158001214], [21.7668011]], "rotation": [[0.82552424830956, -0.56410576126348, -0.01715775882991994], [0.56430170139488, 0.82550888367708, 0.00993256751091981], [0.00856086336532006, -0.017881728212479808, 0.99980345838348]]}