{"translation": [[2718.4466798001085], [1632.315002700314], [21.6689423]], "rotation": [[0.8816782532844001, -0.47176121375215974, -0.009210089738679997], [0.4718480132254398, 0.8815751975269401, 0.01358802408536], [0.0017090842901200014, -0.01632602776024, 0.9998652608531]]}