{"translation": [[2711.064722399984], [1644.3804310001433], [21.7685394]], "rotation": [[0.8277561529776002, -0.5608537110960797, -0.01621427766655994], [0.5610304006555998, 0.8277396604057401, 0.00959067140007981], [0.00804223791680006, -0.01703543916199981, 0.9998225423843]]}