{"translation": [[2711.7649479000247], [1643.3942160001025], [21.7561394]], "rotation": [[0.8333532370687999, -0.55261008085216, -0.012020638955519808], [0.55270736528864, 0.83334495626744, 0.007125108660840056], [0.006079932238079807, -0.012581627808359941, 0.9999023637708]]}