{"translation": [[2716.1577441000263], [1636.3605209011585], [21.6962331]], "rotation": [[0.87620455333836, -0.48182293046888003, -0.010594020421919807], [0.4819266150772801, 0.87612963671238, 0.011982747300020049], [0.0035081725263198067, -0.01560487831037995, 0.9998720820619801]]}