{"translation": [[2714.2565850000246], [1639.5954670002684], [21.7294208]], "rotation": [[0.86360550488534, -0.5040241297575601, -0.012050439992639949], [0.50413017717804, 0.8635871353907001, 0.00836830908131981], [0.006188775348960052, -0.013301908155479807, 0.9998923733596]]}