{"translation": [[2710.545332300011], [1645.0945962993428], [21.7680579]], "rotation": [[0.82347892833318, -0.56700647396738, -0.01964905889138], [0.56726302649942, 0.82345860254678, 0.011338478744979999], [0.00975119495018, -0.020483183654179997, 0.99974264355596]]}