{"translation": [[2710.3041783000226], [1645.4279752997681], [21.7719376]], "rotation": [[0.8214286201895, -0.56989769877446, -0.02171759825827994], [0.5702316070199, 0.8213548455339, 0.01456541418499981], [0.009537059192200058, -0.024348508505719808, 0.99965803886744]]}