{"translation": [[2713.8406920999987], [1640.264633799903], [21.7371216]], "rotation": [[0.85809136604238, -0.513328115313, -0.013170634782799999], [0.513446273807, 0.85808493075, 0.007949062956], [0.0072210459828, -0.013583435404, 0.9998816663923801]]}