{"translation": [[2711.4540359000093], [1643.8375764004886], [21.7606348]], "rotation": [[0.83098858714044, -0.55615527136458, -0.012218629532379809], [0.5562571836837801, 0.83097654695982, 0.007479086558820059], [0.005993861397179809, -0.013011735816379943, 0.99989737891662]]}