{"translation": [[2718.563334700011], [1632.1067027999088], [21.6667106]], "rotation": [[0.88190152628094, -0.47134857536986, -0.008956868478479757], [0.47143089041958003, 0.8818023831819, 0.013322148161359855], [0.0016188126325598542, -0.015971367199919758, 0.999871139139]]}