{"translation": [[2719.964969999972], [1629.5696994001046], [21.6480934]], "rotation": [[0.8843576943984001, -0.46665903411136, -0.011866358518080001], [0.46679434813632004, 0.8842498703808, 0.01432478620736], [0.0038080349545600006, -0.01820738405568, 0.9998269800470401]]}