{"translation": [[2720.0932536000037], [1629.3365401998162], [21.648138]], "rotation": [[0.8846132360451, -0.46616700416873996, -0.012156055161979998], [0.46630978473974, 0.88449669279822, 0.014859607901939999], [0.0038249325139799997, -0.018813492907059998, 0.99981569422188]]}