{"translation": [[2713.2164345000056], [1641.2446687994525], [21.7425169]], "rotation": [[0.8494264194792599, -0.52755724100264, -0.01257468068846], [0.52766792032384, 0.8494125073354799, 0.00806011674392], [0.006428918248659999, -0.013481731583679999, 0.9998884497427799]]}