{"translation": [[2717.046230799984], [1634.8017178000882], [21.686325600000004]], "rotation": [[0.8785224161622199, -0.47758721595869996, -0.01043161055172], [0.4776936064076999, 0.87842163580094, 0.0135739162338], [0.0026806236382800005, -0.0169081033098, 0.99985345441372]]}