{"translation": [[2711.9848017999902], [1643.076774300076], [21.7533934]], "rotation": [[0.8354359580267, -0.5494637967060001, -0.011674802267799943], [0.54955258484472, 0.83543441829216, 0.0064260474575998094], [0.006222651287960058, -0.011784468798719808, 0.9999111985115]]}