{"translation": [[2714.1504869000637], [1639.772032700479], [21.7327109]], "rotation": [[0.8622151584355, -0.5064121643322, -0.0114789984639], [0.5065114042820401, 0.862191323222, 0.00850567592372], [0.0055897156987799995, -0.013147965890600001, 0.99989793783734]]}