{"translation": [[2712.3267767999787], [1642.57994809933], [21.749425100000003]], "rotation": [[0.83870098242318, -0.54444913539658, -0.012482199052119999], [0.54455487468182, 0.83869153326558, 0.007516963084520001], [0.00637611068972, -0.013101726590920001, 0.99989383935276]]}