{"translation": [[2713.317806200008], [1641.0875819996], [21.742854]], "rotation": [[0.85080394896302, -0.5253163811298001, -0.01324179249248], [0.5254394529822, 0.85078822384504, 0.008531373844800001], [0.006784290787519999, -0.0142162866672, 0.9998759276010201]]}