{"translation": [[2714.8803914000746], [1638.5527061000466], [21.720481]], "rotation": [[0.8700519304324801, -0.49278450529915996, -0.01315544437572], [0.49289990046804, 0.87005285212182, 0.007597279924840001], [0.0077021099873200004, -0.01309434537204, 0.9998846011503]]}