{"translation": [[2711.2516162000247], [1644.11402190011], [21.7669663]], "rotation": [[0.8291454486275801, -0.5588049073142399, -0.01596512583834], [0.5589546809373599, 0.8291690502729201, 0.0069523658691199985], [0.00935277176694, -0.014688304683919998, 0.9998483781815001]]}