{"translation": [[2716.818861500011], [1635.196669000201], [21.6873712]], "rotation": [[0.8779433263728, -0.47863212525088, -0.01126166784296], [0.47874673693568, 0.87787083155832, 0.01201606392364], [0.00413501610856, -0.01594090952876, 0.99986438533848]]}