{"translation": [[2712.2081307999324], [1642.7516847997904], [21.751568]], "rotation": [[0.8375042534516601, -0.5462865121590997, -0.012556049591899807], [0.5463929392350998, 0.8374955784706801, 0.007476248596420057], [0.00643146191289981, -0.013121927148579942, 0.99989321995598]]}