{"translation": [[2718.934356599988], [1631.434258500114], [21.6591252]], "rotation": [[0.882508637358, -0.47017299301444, -0.010764026360919806], [0.47028352641124, 0.8824216666419801, 0.012861168845740048], [0.003451435913319806, -0.01641223682845995, 0.99985935314702]]}