{"translation": [[2709.7691326001077], [1646.1596376001835], [21.7739176]], "rotation": [[0.81764098395164, -0.5752719986280601, -0.022920521581300004], [0.5756468566269002, 0.81754715645964, 0.015727198527060005], [0.009691190362940003, -0.026053328240700002, 0.99961357779884]]}