{"translation": [[2705.414265199972], [1651.838653200306], [21.7584828]], "rotation": [[0.7858889418039, -0.61811764442788, -0.017583131599860004], [0.61823116642836, 0.7859951976117601, 0.0013386181938800003], [0.012992833661620002, -0.01192244475636, 0.9998445087099]]}