{"translation": [[2707.980909599981], [1648.544049399905], [21.7532579]], "rotation": [[0.8062362592775599, -0.59126085318678, -0.0198417548427], [0.5914971699105, 0.8062570261126, 0.0089835044649], [0.010685959679219998, -0.01897916893446, 0.9997627725661999]]}