{"translation": [[2706.9365469000186], [1649.9136062003672], [21.7508987]], "rotation": [[0.7991306936814201, -0.6008725303056598, -0.01850156224996], [0.6010450111794597, 0.7991977713075001, 0.0052714275517200026], [0.011618950808840001, -0.01533283197012, 0.99981493498508]]}