{"translation": [[2705.501975800027], [1651.726679900661], [21.7568483]], "rotation": [[0.78712071933948, -0.6165327147723, -0.01812143917022], [0.6166395310189, 0.78724553732556, 0.0003930653312999993], [0.01402368449778, -0.0114837855719, 0.9998357159770801]]}