{"translation": [[2704.891682400019], [1652.4797160001472], [21.7650548]], "rotation": [[0.77338383369132, -0.63370899865814, -0.01704002211277981], [0.63382802733226, 0.77347099080348, 0.0021609484322600682], [0.011810550452979811, -0.012471685921659932, 0.9998524730957999]]}