{"translation": [[2707.031219800003], [1649.7901248997077], [21.7511118]], "rotation": [[0.7999348206942001, -0.59979563058846, -0.01869397213598], [0.5999764440267801, 0.79999706045046, 0.00574023657906], [0.01151215358694, -0.01580775853798, 0.9998087742519]]}