{"translation": [[2708.3629911000025], [1648.0392240993679], [21.7564749]], "rotation": [[0.8084132570310201, -0.58824385253572, -0.020908092241320002], [0.5885004259433201, 0.80844716996504, 0.00896630111328], [0.01162871582628, -0.01955289863568, 0.9997411950530201]]}