{"translation": [[2706.574611000018], [1650.386383799836], [21.7536718]], "rotation": [[0.79645426688174, -0.60442781344948, -0.018101047282139935], [0.6046000883867599, 0.7965082410541999, 0.00577787729051981], [0.010925324102820063, -0.015545709116759811, 0.9998194678275]]}