{"translation": [[2704.7611713000224], [1652.631980500184], [21.7667186]], "rotation": [[0.76890143540588, -0.63918072460428, -0.01544679775715993], [0.6392843880805199, 0.76896644213638, 0.0024701528160598124], [0.010299195265560068, -0.011774200302659812, 0.99987763991126]]}