{"translation": [[2708.2758187999716], [1648.1553322998807], [21.7568734]], "rotation": [[0.80789701831254, -0.5889607533837999, -0.020679855421], [0.589218187255, 0.80791889736662, 0.009434019756520001], [0.011151379043799998, -0.01980666287948, 0.99974163806192]]}