{"translation": [[2706.4693987001083], [1650.5235679000616], [21.7529692]], "rotation": [[0.79567302969246, -0.60546615192966, -0.017753029233579746], [0.6056370556427799, 0.7957172278398, 0.0061523581211398734], [0.010401346635059875, -0.015647157748179746, 0.9998234736411]]}