{"translation": [[2709.845322499983], [1646.0601174002513], [21.7729059]], "rotation": [[0.81808847992518, -0.57469866994974, -0.02127690452261994], [0.57503146325766, 0.81798033309212, 0.01571686513885981], [0.00837162898242006, -0.025092675107259807, 0.9996500755463]]}