{"translation": [[2706.313138300029], [1650.7226907992736], [21.7553121]], "rotation": [[0.7942682335583999, -0.6072903023487999, -0.018342310162399997], [0.60745962642736, 0.7943337643451001, 0.005162518560980001], [0.011434768459519998, -0.0152426379037, 0.99981843753806]]}