{"translation": [[2704.7875881000073], [1652.6021599005908], [21.7649707]], "rotation": [[0.7697179697876602, -0.6381941730565799, -0.015569233160999998], [0.6382991806952998, 0.7697843978167, 0.002468475815400002], [0.010409585404920001, -0.011837859847559999, 0.9998757450715999]]}