{"translation": [[2705.0236862999736], [1652.3247239002958], [21.7643061]], "rotation": [[0.77744248403436, -0.62871265275776, -0.0174231529474], [0.6288409524914, 0.77752967039516, 0.00257878068224], [0.01192570610224, -0.0129612461746, 0.99984487977836]]}