{"translation": [[2709.452873500006], [1646.583652900532], [21.7711298]], "rotation": [[0.8154577389635, -0.5783419347379, -0.02343691810969975], [0.5786902383523, 0.81545718280908, 0.01213250523093987], [0.012095066871099869, -0.023456260806939747, 0.99965169594158]]}