{"translation": [[2705.0809214001056], [1652.2554983003065], [21.7631827]], "rotation": [[0.77900174697008, -0.62677996908868, -0.017411946704279743], [0.62690801669452, 0.77908899899558, 0.002587964199479877], [0.011943372345479878, -0.012931716968279744, 0.99984505128166]]}