{"translation": [[2706.982094499981], [1649.8538388004526], [21.7496302]], "rotation": [[0.79957990879788, -0.6002753707275601, -0.01847837846679981], [0.60044905720456, 0.79964470636188, 0.005410639067400063], [0.011528264180999812, -0.015421563177999937, 0.999814620075]]}