{"translation": [[2705.10965150001], [1652.2208345001563], [21.7640861]], "rotation": [[0.779812322295, -0.6257720391026, -0.0173822791598], [0.6259013517742, 0.7798974666226199, 0.002736044477420001], [0.0118442559346, -0.013013192134420001, 0.99984517324662]]}