{"translation": [[2704.867467999982], [1652.508700799197], [21.7651732]], "rotation": [[0.7725322008984601, -0.63475739708352, -0.01664485584454], [0.6348740924650399, 0.7726119699096001, 0.0023741251891199995], [0.01135302140502, -0.01240147577816, 0.9998586461631]]}