{"translation": [[2705.232845599996], [1652.070639799349], [21.7613034]], "rotation": [[0.7827664395219001, -0.62209304890576, -0.01664041177782], [0.6222227628672, 0.7828316350176001, 0.0036644562055999997], [0.010747007532700002, -0.01322245712832, 0.99985482367806]]}