{"translation": [[2705.4560372999986], [1651.786600499414], [21.7576526]], "rotation": [[0.7864609342860601, -0.6173928799435798, -0.017469715874499935], [0.6175013683822997, 0.7865690632206, 0.0010626317354998126], [0.013085076375420066, -0.011623292786059808, 0.9998468281755]]}