{"translation": [[2707.8566085000057], [1648.7058557001874], [21.7551473]], "rotation": [[0.8052583228707799, -0.59256867451256, -0.02052744090284], [0.59281320373496, 0.8052946603979999, 0.00854352460172], [0.011468012952759999, -0.01904868293492, 0.9997527856062199]]}