{"translation": [[2707.5946749000577], [1649.0481347003952], [21.7541318]], "rotation": [[0.8036947252036399, -0.59468584567384, -0.020579219901319997], [0.5949194255546799, 0.80375013791484, 0.0075208752522399995], [0.01206799213816, -0.01828746625588, 0.9997599372388399]]}