{"translation": [[2708.5426939000026], [1647.8029035991058], [21.7541734]], "rotation": [[0.80960630488568, -0.58662948490864, -0.020086037575759746], [0.5868629152945599, 0.8096435240011199, 0.008321843613279869], [0.011380690736559868, -0.018525168419679744, 0.9997636210508]]}