{"translation": [[2709.6871294000885], [1646.2676539998502], [21.775291]], "rotation": [[0.8170657345369401, -0.5760331311400798, -0.024278181700079997], [0.5764409132431197, 0.8169926021641402, 0.015458796386879999], [0.010930316424720003, -0.02662578966432, 0.99958571195104]]}