{"translation": [[2705.170197199972], [1652.1478017000481], [21.7628448]], "rotation": [[0.78123462652504, -0.6240073373247598, -0.016949550642239998], [0.6241380421232398, 0.7813068272939001, 0.003366301674520001], [0.01114220250576, -0.013208731099479998, 0.9998506792199]]}