{"translation": [[2708.8158457999816], [1647.4343916997313], [21.7583103]], "rotation": [[0.81135331459782, -0.5841253656164401, -0.022434983163180003], [0.5844107900480401, 0.81140961620444, 0.00885638467924], [0.013030721449620003, -0.020296904138840003, 0.99970907565062]]}