{"translation": [[2704.733946799999], [1652.6617777002975], [21.7673396]], "rotation": [[0.76795433632862, -0.6403115419767801, -0.015724764982019933], [0.64041895396322, 0.76802167757582, 0.0025035746713798117], [0.010473892642020068, -0.01199306853137981, 0.99987322390444]]}