{"translation": [[2705.7444366000127], [1651.4310985002667], [21.7579966]], "rotation": [[0.7897066501935601, -0.6132267831997801, -0.017786040543860005], [0.6133592361313401, 0.7897995292239601, 0.0026786770987800024], [0.012404770217820004, -0.013024600764340002, 0.9998382276495601]]}