{"translation": [[2708.1221317001036], [1648.3610071996227], [21.756110600000003]], "rotation": [[0.80693065134732, -0.5903226211340599, -0.01954816244026], [0.59055744589634, 0.8069411233002801, 0.00937712025398], [0.01023869004166, -0.01911099854218, 0.9997649418566]]}