{"translation": [[2707.446137900057], [1649.2400289997458], [21.7506541]], "rotation": [[0.80265547227696, -0.5960619497302, -0.02131487429652], [0.59629889112252, 0.8027343990012, 0.006715360991360001], [0.013107411205000002, -0.018100157762400003, 0.9997502588316001]]}