{"translation": [[2709.1025895000203], [1647.0549404006451], [21.764705600000003]], "rotation": [[0.8132371564375, -0.5815071039525, -0.0222449259], [0.5818115524605, 0.8132530608867801, 0.01071436727224], [0.011860273985999998, -0.02165567582224, 0.9996951363492801]]}