{"translation": [[2708.4474069999997], [1647.927336299792], [21.7538437]], "rotation": [[0.80907969625656, -0.5873452665241999, -0.020386667202159998], [0.5875887842291599, 0.80911284892016, 0.008709279949400002], [0.011379760809999997, -0.019025477674840002, 0.99975423594296]]}