{"translation": [[2705.33502519998], [1651.9391986997798], [21.7599249]], "rotation": [[0.78463042939232, -0.61972166016576, -0.01732553678704], [0.6198420270182401, 0.7847237877436799, 0.0021117561307199993], [0.012287060083040001, -0.012396043458720002, 0.999847671536]]}