{"translation": [[2706.2084302000003], [1650.8597900001332], [21.7554024]], "rotation": [[0.79352957126262, -0.6082722566930199, -0.01776865026708], [0.6084448027453799, 0.7935714328810201, 0.0062726853434800015], [0.01028519357468, -0.01578880321188, 0.99982244849964]]}