{"translation": [[2706.7341119999764], [1650.1774487998337], [21.7514594]], "rotation": [[0.79772787346278, -0.60274005848568, -0.018293527904579998], [0.60290526422592, 0.79779771531248, 0.004902976627279999], [0.01163931420618, -0.01494050560768, 0.99982063773926]]}