{"translation": [[2704.8160624000593], [1652.5700516002253], [21.7664518]], "rotation": [[0.77068389904588, -0.63702157924014, -0.01580546879562], [0.6371301932196599, 0.7707519547230199, 0.0025531735562600005], [0.010555669061219998, -0.01203783160406, 0.9998718260099]]}