{"translation": [[2706.4186765999766], [1650.5881180996075], [21.7541075]], "rotation": [[0.79524875034438, -0.6060150690374201, -0.01803098146284], [0.60618547842462, 0.7953028793547, 0.005696574966040001], [0.010887880420759999, -0.01546031431764, 0.99982120036632]]}