{"translation": [[2707.2110055999947], [1649.547335400246], [21.7501556]], "rotation": [[0.80111586777654, -0.59811976024256, -0.02159036559696], [0.59834483089536, 0.80122009016382, 0.005464021241319998], [0.01403049607216, -0.01729579702428, 0.99975196954872]]}