{"translation": [[2707.6424627000233], [1648.984940400347], [21.7543879]], "rotation": [[0.8040621071088001, -0.59418551301952, -0.020680198679039936], [0.5944205943225601, 0.8041193611056001, 0.00749511427647981], [0.012175859102720062, -0.01831927429055981, 0.9997580470310401]]}