{"translation": [[2704.141581300006], [1653.2928139008582], [21.7779993]], "rotation": [[0.74838283803846, -0.6630355954095, -0.0175209556545], [0.6631671714795, 0.74846744114348, 0.002418499212980001], [0.0115103144595, -0.01342928466202, 0.9998435712699799]]}