{"translation": [[2702.7240931999986], [1654.6980726001784], [21.7932627]], "rotation": [[0.7002052117548, -0.71370884144184, -0.01822920883628], [0.7138526066586399, 0.70029281845752, 0.002092217212439999], [0.011272549565879999, -0.014477950612759999, 0.9998316451012801]]}