{"translation": [[2703.012326499971], [1654.4294612994418], [21.7913287]], "rotation": [[0.7105900813691, -0.7033719875997001, -0.0181535722064], [0.7035185301123, 0.71067231914862, 0.002549795550240001], [0.011107786117599999, -0.014583234509760002, 0.9998319590514799]]}