{"translation": [[2704.110752000066], [1653.3256787993014], [21.7782828]], "rotation": [[0.74729517239832, -0.6642625504791201, -0.01747004602332], [0.66439514266632, 0.74737713207744, 0.0025553887664800014], [0.01135926399388, -0.01351664312328, 0.99984412159512]]}