{"translation": [[2703.0852098999894], [1654.359736200422], [21.7902359]], "rotation": [[0.7131916368911, -0.7007204913731401, -0.018666941006279924], [0.7008771026556601, 0.7132765541224599, 0.0027958841979598154], [0.011355557659320075, -0.015077233341239815, 0.999821848295]]}