{"translation": [[2702.779837900074], [1654.6464874995872], [21.7935503]], "rotation": [[0.7022859555466201, -0.71165865780608, -0.018339963295319922], [0.7118051861524799, 0.7023734228765401, 0.002216902365319815], [0.011303824594280079, -0.014611381156919814, 0.99982935097392]]}