{"translation": [[2704.4732209001086], [1652.9424799000844], [21.7685864]], "rotation": [[0.75945557602736, -0.6503618536490401, -0.01602203167799993], [0.6504642091524, 0.75953519095096, 0.001620016290959812], [0.011115700277040069, -0.011652088191599812, 0.99987032662136]]}