{"translation": [[2703.3846748999786], [1654.0756535995752], [21.7887643]], "rotation": [[0.7233570143522999, -0.6902061578567401, -0.01923833962778], [0.69039194557046, 0.72342014041134, 0.00472082628414], [0.01065905935962, -0.01669683700606, 0.9998037808014]]}