{"translation": [[2703.2768387999968], [1654.1787532996386], [21.7889279]], "rotation": [[0.7198887904551001, -0.6938566920147199, -0.017972020726439997], [0.69401563437648, 0.7199484423804001, 0.00406359031676], [0.01011937861796, -0.01539819702564, 0.99983023243374]]}