{"translation": [[2703.651754199993], [1653.804849400185], [21.7858268]], "rotation": [[0.7319644173296602, -0.6811025742984799, -0.01809386507484], [0.6812681699021598, 0.7320192758519002, 0.004633936004280002], [0.01008887246052, -0.01571865034644, 0.9998255541304]]}