{"translation": [[2700.215055699984], [1656.637634200044], [21.794137300000003]], "rotation": [[0.5422832610961199, -0.84007589753894, -0.014192211403979998], [0.8401232208810601, 0.54238104762828, -0.00398003153774], [0.01104111528898, -0.00976490085726, 0.9998913643494]]}