{"translation": [[2703.8275525000063], [1653.6226367997006], [21.783447]], "rotation": [[0.7377978398211802, -0.6747865971993598, -0.017815406797019814], [0.6749395614650398, 0.7378628502219202, 0.0038724097862400733], [0.010532276516219814, -0.014881378574639927, 0.9998337940471]]}