{"translation": [[2704.0799132999964], [1653.3582934997976], [21.778737300000003]], "rotation": [[0.7462217820423, -0.6654692051725599, -0.01742949710668], [0.6656031684989598, 0.7463009136664802, 0.002714174275640001], [0.011201450197880002, -0.01362650449876, 0.99984441083982]]}