{"translation": [[2698.3820210000267], [1657.5900189001113], [21.7943908]], "rotation": [[0.41640167562749986, -0.90892018739902, -0.02176800021836], [0.9090401755439801, 0.4166390240878999, -0.007615193388760002], [0.015991001905639998, -0.01661700520276, 0.99973404615704]]}