{"translation": [[2699.0611393], [1657.2681122003123], [21.7955616]], "rotation": [[0.4633523911035001, -0.8858825299675999, -0.0227315611122], [0.8859713562011999, 0.46364264707398006, -0.009501100390239998], [0.0189561800846, -0.015737153993759998, 0.99969645654648]]}