{"translation": [[2704.5906118000275], [1652.816487699747], [21.7695325]], "rotation": [[0.7634078932287199, -0.64570970948448, -0.016351316565240002], [0.64582111804128, 0.7634858054311, 0.0021246917534400002], [0.01111206406836, -0.012182031875040002, 0.99986405082638]]}