{"translation": [[2703.2962411000044], [1654.1597191998735], [21.7874629]], "rotation": [[0.7205604221918, -0.69315877725306, -0.01798983813378], [0.69331725049242, 0.7206214452715001, 0.003996193500060001], [0.010193867208660001, -0.01535216303658, 0.9998301836761401]]}