{"translation": [[2703.4894737000577], [1653.9701311001554], [21.7881204]], "rotation": [[0.7267697045592, -0.6866070316024, -0.0194065264284], [0.68679068595048, 0.72684254935926, 0.0043005468090999985], [0.01115270395664, -0.01645372800702, 0.9998024265087]]}