{"translation": [[2703.4565993000288], [1654.004381700419], [21.789623]], "rotation": [[0.7257066635084, -0.68773212307576, -0.019348082656719997], [0.68791655713928, 0.72577614138104, 0.004448133687760001], [0.01098325208776, -0.01653790704328, 0.9998029134744]]}