{"translation": [[2703.3714347999776], [1654.0887394007295], [21.7887417]], "rotation": [[0.72301504333302, -0.6905677379232601, -0.019115969907899814], [0.6907535975292601, 0.72307347151052, 0.004918958776300075], [0.010425376077299816, -0.016760906735899927, 0.9998051727815]]}