{"translation": [[2703.330798799987], [1654.1272912994027], [21.7884117]], "rotation": [[0.7216961058548401, -0.69195765900426, -0.018690948292179998], [0.6921343192109799, 0.7217534412123001, 0.00469860326646], [0.01023902207586, -0.01632760997962, 0.9998142685491]]}