{"translation": [[2699.946646599972], [1656.8025357006118], [21.7884582]], "rotation": [[0.5232754403083801, -0.85207266451736, -0.012449529960939827], [0.8521103341462399, 0.52335024218672, -0.003536281624719902], [0.009528633435339827, -0.008757923774079902, 0.9999162484511]]}