{"translation": [[2702.426466999983], [1654.9683223003522], [21.7936793]], "rotation": [[0.68747985414182, -0.7259809233228399, -0.01797509927649992], [0.7261151024351599, 0.68757165822008, 0.0014240487369998169], [0.011325336121300078, -0.014030996776599816, 0.9998374207178999]]}