{"translation": [[2698.71474279993], [1657.43346090056], [21.7955224]], "rotation": [[0.43981758011100014, -0.89777254186276, -0.023766363676680006], [0.8978778552958799, 0.44013230036334017, -0.00993961533346], [0.019383857572840005, -0.01696767694722, 0.9996681268971]]}