{"translation": [[2704.1989162000245], [1653.2307525994256], [21.7752471]], "rotation": [[0.75024633377894, -0.66092883550902, -0.01742311027474], [0.6610499353595399, 0.7503401153463, 0.0016570973179800014], [0.01197803573642, -0.01276077595854, 0.9998468329142]]}