{"translation": [[2703.4411911999923], [1654.0201013004407], [21.7879783]], "rotation": [[0.7252451498022199, -0.6882208766067202, -0.01927385377554], [0.6884073430355202, 0.7253087606102, 0.004745059426560003], [0.010713845782860002, -0.016709594156160003, 0.9998029820719799]]}