{"translation": [[2703.1778435999877], [1654.271863100119], [21.7886042]], "rotation": [[0.7164308959230201, -0.6974171532334199, -0.018333520937039924], [0.69757364319438, 0.7165056456750201, 0.003271738843439815], [0.010854304891440073, -0.015132955109039815, 0.9998265738390401]]}