{"translation": [[2703.6756308000186], [1653.7805541995913], [21.7850913]], "rotation": [[0.7328720963206999, -0.6801282726772999, -0.017999827591699925], [0.68029308114794, 0.7329250383966, 0.004709829427579812], [0.009989235735580072, -0.015696861341899813, 0.9998268968648599]]}