{"translation": [[2700.44565040007], [1656.4894297998399], [21.7964745]], "rotation": [[0.5587128209583799, -0.8292069355087599, -0.015996978214640002], [0.82926603906524, 0.5588369909910199, -0.004372121560720001], [0.01256509693064, -0.01082298933128, 0.9998624811743999]]}