{"translation": [[2704.532850800024], [1652.878605700098], [21.7710454]], "rotation": [[0.7613494839818999, -0.6481294570392799, -0.01658798216576], [0.64824144470024, 0.7614324797551999, 0.0018971409524800005], [0.01140103536128, -0.012197405003360001, 0.99986061013454]]}