{"translation": [[2703.8813131999923], [1653.5666834004223], [21.781143300000004]], "rotation": [[0.7396812043668601, -0.6727274202515598, -0.017592504429399927], [0.6728757527301998, 0.7397459241669602, 0.0037618266234398148], [0.010483299012440075, -0.014620122894799812, 0.99983816311686]]}