{"translation": [[2703.6072274000035], [1653.8506640000269], [21.7858692]], "rotation": [[0.7305431837832601, -0.6826189597563799, -0.01838562898408], [0.6827871969203798, 0.7306038771931802, 0.004431398406880001], [0.010407655530079999, -0.015790799579119996, 0.9998211496900801]]}