{"translation": [[2703.397148100019], [1654.063396700658], [21.7890748]], "rotation": [[0.7237352367171801, -0.68980632217012, -0.019354073720079926], [0.6899934505466799, 0.7238005777828801, 0.004668718994119816], [0.010787978407280076, -0.016733099787319815, 0.9998017918160601]]}