{"translation": [[2672.08088329999], [1654.7474859999493], [21.7124581]], "rotation": [[-0.41737486986916017, -0.9085518533213001, -0.018208412466260003], [0.90872329649026, -0.41738460235186015, -0.0034442111549], [-0.004470668181100002, -0.017983937306260002, 0.99982828080654]]}