{"translation": [[2640.002093099989], [1759.412366000004], [21.2645509]], "rotation": [[-0.8395558492685801, 0.5424345552238999, 0.030175944067299947], [-0.5426270396861, -0.8399710184745002, 0.002107660985500191], [0.026490188802700057, -0.014604784571499807, 0.99954238035692]]}