{"translation": [[2693.423573500011], [1658.841416399926], [21.792360100000003]], "rotation": [[0.10377178502893991, -0.9944922821109402, -0.014715560569540003], [0.9945298713304601, 0.10393011917579986, -0.010435306577620002], [0.011907221864060001, -0.013552173763820001, 0.9998372650883]]}