{"translation": [[2680.9130257000215], [1657.948827500455], [21.7328344]], "rotation": [[-0.20094905824593978, -0.9795208457348398, -0.012581024648739999], [0.9795661375796397, -0.20103454106291974, 0.005932016485079999], [-0.008339755249059999, -0.011131912826519999, 0.9999032598159799]]}