{"translation": [[2634.79747759999], [1767.2189282001927], [21.233482100000003]], "rotation": [[-0.84159784096656, 0.53921105675948, 0.03106027590044], [-0.5393467245743601, -0.8420716393864, 0.004549206694119999], [0.028607956263879998, -0.012923655015559999, 0.9995071605752]]}