{"translation": [[2631.297419600014], [1772.4707698002458], [21.2176382]], "rotation": [[-0.8406007176265, 0.5408407681689998, 0.02969800171369981], [-0.5409536740737998, -0.84103894200168, 0.00478486171851994], [0.027565019961499806, -0.012043084404519941, 0.99954746453582]]}