{"translation": [[2675.8267893000157], [1656.3843443999067], [21.741131]], "rotation": [[-0.33926318153416013, -0.94041181436772, -0.02293766240708], [0.94068633325692, -0.33924133680258006, -0.004955918828820001], [-0.0031207984137200002, -0.02325850608702, 0.99972461333942]]}