{"translation": [[2651.680298499996], [1642.7400307999924], [21.644113600000004]], "rotation": [[-0.5075298227480994, -0.8614338686904598, -0.01857902430242], [0.8616341844817398, -0.5074155608115595, -0.010769959502459995], [-0.00014967808601999873, -0.021474397970259997, 0.9997693873239]]}