{"translation": [[2678.0699406000203], [1657.1771784005687], [21.7346189]], "rotation": [[-0.2802891717060999, -0.9598296345742201, -0.01284001753714], [0.9598897524694201, -0.28035457081427984, 0.0035764439213400007], [-0.007032535917459998, -0.01132256331606, 0.99991116754718]]}