{"translation": [[2636.518701800029], [1764.627051600255], [21.250536]], "rotation": [[-0.8411188544066601, 0.5398657743545401, 0.03262253211840001], [-0.5401434371739, -0.8415730218658601, 0.00035687145304000127], [0.027646902162960004, -0.0173206743472, 0.9994676798686399]]}