{"translation": [[2657.984046400059], [1646.6307412004098], [21.6675792]], "rotation": [[-0.5072271584487399, -0.86166353178612, -0.01602576211362], [0.8618096543086801, -0.5071859355930399, -0.006841330233480001], [-0.00223311482142, -0.017281262942280003, 0.9998481740620601]]}