{"translation": [[2641.16565859993], [1757.678213099949], [21.2749468]], "rotation": [[-0.8392301770902598, 0.54281203386784, 0.03236861473474], [-0.54315382346896, -0.8396304088095998, -0.002149908537919999], [0.02601067824254, -0.01938540543632, 0.9994736868227]]}