{"translation": [[2691.232914000051], [1658.969281299971], [21.7922773]], "rotation": [[0.027192130617500143, -0.9993930728501, -0.0217731890373], [0.9995921540737, 0.02737473802028012, -0.008133081960419997], [0.0087241811031, -0.02154315313758, 0.99972985411878]]}