{"translation": [[2684.8708759999718], [1658.6114275995642], [21.7487378]], "rotation": [[-0.1117852970472002, -0.9936199100396, -0.01494579815399985], [0.99372949212648, -0.11173652381136023, -0.004062127084400134], [0.0023662179973601488, -0.015306167753519867, 0.9998800539192]]}