{"translation": [[2688.4371184000047], [1658.9282404994592], [21.7751892]], "rotation": [[-0.04670193946255985, -0.9987033610493998, -0.02026212460643986], [0.9988941521295598, -0.04658148116175986, -0.0063770420569998565], [0.00542493376019986, -0.020537537648439855, 0.99977436436784]]}