{"translation": [[2653.5195232999977], [1643.874934900552], [21.651387]], "rotation": [[-0.5072569106899405, -0.8616306856116601, -0.01681731381948], [0.8617942841911802, -0.5071811670673004, -0.008815292986360001], [-0.0009338988884400011, -0.018964684743080003, 0.999819718022]]}