{"translation": [[2679.5098428999772], [1657.596613000147], [21.7375061]], "rotation": [[-0.24020598895505985, -0.97064505475172, -0.012221531513099876], [0.9707005989018, -0.2402652451049998, 0.003614494117400158], [-0.006444799312780122, -0.010995224511959842, 0.9999187815051]]}