{"translation": [[2641.768145499984], [1756.78632619977], [21.2697568]], "rotation": [[-0.8392222537904798, 0.5429018496018, 0.03104222931419994], [-0.5431008241542, -0.8396642187684998, 0.002350338069300192], [0.027341051641800056, -0.014886604211699808, 0.99951531049702]]}