{"translation": [[2687.280060500023], [1658.8422849010676], [21.7695459]], "rotation": [[-0.06957499768099995, -0.99738718512804, -0.019441344708720002], [0.9975317316674401, -0.06937372298452005, -0.01084316140956], [0.00946611104292, -0.020147773454160002, 0.99975219926252]]}