{"translation": [[2660.6409829999902], [1648.2688032006845], [21.6801139]], "rotation": [[-0.50483843113188, -0.8630489540293, -0.01687020216914], [0.8632050478661, -0.5048249929365001, -0.0053585600356999994], [-0.0038918004548599994, -0.0172676511461, 0.99984332878062]]}