{"translation": [[2638.839638900012], [1761.152665800415], [21.249691]], "rotation": [[-0.8402476765063202, 0.5414303856137599, 0.028928268616359946], [-0.54148586800736, -0.8406841900288001, 0.006558385258880192], [0.02787044921276006, -0.01015358079807981, 0.99955997460152]]}