{"translation": [[2682.278041500016], [1658.2272830996662], [21.7387034]], "rotation": [[-0.16433467411650005, -0.9863106283181401, -0.01362671525952], [0.98638153015302, -0.16440992329666004, 0.00459152789104], [-0.006769037972640001, -0.01268659221632, 0.9998966099168]]}