{"translation": [[2667.3505380999995], [1652.2395449997857], [21.6973371]], "rotation": [[-0.4752929426587196, -0.87969886638128, -0.01504139939192], [0.87981083728648, -0.47531956122953956, -0.0019813758200199977], [-0.005406459233119999, -0.01417532166718, 0.99988490859318]]}