{"translation": [[2682.9183028999832], [1658.3324062004685], [21.7414503]], "rotation": [[-0.1489608246360401, -0.9887428526857401, -0.0140846948393], [0.9888386922973001, -0.14898788581204003, 0.0008860825557399999], [-0.00297455570074, -0.013795498881700001, 0.99990041316156]]}