{"translation": [[2646.410939100024], [1749.9110685000196], [21.2697706]], "rotation": [[-0.8380791325480401, 0.5446012778724599, 0.03213282833982], [-0.54470841527862, -0.8386032301735401, 0.006088309483139999], [0.03026239980714, -0.01240053738318, 0.9994650637936601]]}