{"translation": [[2643.487608800002], [1754.2358245002106], [21.2707852]], "rotation": [[-0.8384897701845001, 0.5439265686172801, 0.032840473279959814], [-0.5441661991936, -0.8389750689522602, 0.001919554775279943], [0.02859644013179981, -0.016261149638799946, 0.9994587627996]]}