{"translation": [[2669.7168350000284], [1653.5425934996456], [21.7005722]], "rotation": [[-0.4522993983096999, -0.8917402237242599, -0.014983623437019998], [0.8918501613448199, -0.4523279138737999, -0.0016215202361399995], [-0.0053315371436600005, -0.014096560249379999, 0.9998864243960599]]}