{"translation": [[2634.1943100999924], [1768.126702900976], [21.234469]], "rotation": [[-0.84142266074704, 0.5393965720869599, 0.03254204280096], [-0.53962053540864, -0.8419053024433, 0.002209063737419998], [0.028588884100559996, -0.01570159922238, 0.9994679261551]]}