{"translation": [[2662.357376699976], [1649.3120220992714], [21.6866127]], "rotation": [[-0.4986190676009997, -0.8666590959072399, -0.01676265555068], [0.8668078348620399, -0.49862549143641965, -0.00409223979154], [-0.00481171088572, -0.01657047030034, 0.99985112239142]]}