{"translation": [[2657.131513100001], [1646.1047873999923], [21.661352800000003]], "rotation": [[-0.5071293403904201, -0.86172484538284, -0.015816799293299728], [0.86186680872716, -0.5070919294646802, -0.0065899362545999264], [-0.0023418591812999255, -0.01697392398059973, 0.9998531900259]]}