{"translation": [[2670.531353199971], [1653.966647900641], [21.7041521]], "rotation": [[-0.44152174835650015, -0.8970960821425401, -0.016648251307220002], [0.89724119281666, -0.44152586374834024, -0.0036266641808599996], [-0.004097167316620002, -0.016538747977060002, 0.9998548309806]]}