{"translation": [[2684.2150070000207], [1658.5236844001338], [21.7458106]], "rotation": [[-0.12339289842969992, -0.9922428817437202, -0.015100229942559868], [0.9923554471468402, -0.12334536489935999, -0.0040432887909198495], [0.002149379769919869, -0.01548371063955985, 0.9998778099575]]}