{"translation": [[2688.9851420000196], [1658.9592474009842], [21.7734754]], "rotation": [[-0.0339886019777802, -0.99924124519044, -0.01902076204818], [0.99941868205884, -0.03393139270216017, -0.003322511045160001], [0.0026745897640199964, -0.01912263156924, 0.99981356839462]]}