{"translation": [[2653.3751121999812], [1739.6407217001542], [21.293614]], "rotation": [[-0.8376854266556998, 0.5444931764078398, 0.042546826657619996], [-0.5447069777807998, -0.8385936303903998, 0.007413301119199995], [0.039715991366699996, -0.016965539245119995, 0.99906696996254]]}