{"translation": [[2669.483320500003], [1715.563435900025], [21.3894049]], "rotation": [[-0.8276297355209999, 0.5605295727540398, 0.028901980804279997], [-0.5607845694702798, -0.8279611139000999, -0.0008752169713400031], [0.02343913544204, -0.016932141887179997, 0.99958186729926]]}