{"translation": [[2694.961480500002], [1680.7310228999704], [21.7448229]], "rotation": [[-0.7564062127674598, 0.65375729545252, 0.021234849710399996], [-0.6539430460901999, -0.7565395298951998, -0.0025121862705999986], [0.014422644344479997, -0.015786616236359997, 0.9997713588927]]}