{"translation": [[2651.6046986000147], [1742.2386803999543], [21.295651]], "rotation": [[-0.8382574255273001, 0.54411879392952, 0.03548822071106], [-0.54436010753472, -0.8388452122452801, 0.003312166362959999], [0.031571332587340004, -0.016541922920640002, 0.9993646060419801]]}