{"translation": [[2663.498095499992], [1724.4034029003233], [21.3311548]], "rotation": [[-0.8470621615781202, 0.5302584930845001, 0.03621722675498], [-0.5306427216643, -0.8475948048120402, -0.001188022665500001], [0.03006757301098, -0.0202247364607, 0.99934323488508]]}