{"translation": [[2683.146239600028], [1696.2211997006088], [21.5260866]], "rotation": [[-0.8282626562346398, 0.55899926468648, 0.03873750123911981], [-0.5588559645824799, -0.8291207470907198, 0.015446589766319942], [0.04075270264487981, -0.008854849789679941, 0.99913002595608]]}