{"translation": [[2680.4606568000163], [1700.0236662998796], [21.5142725]], "rotation": [[-0.8290167774394399, 0.5581319336738398, 0.03492485938427999], [-0.5585079319303198, -0.8294981554707999, -0.001232257791640004], [0.028282347152039998, -0.020527374450919997, 0.9993891812888]]}