{"translation": [[2690.850130499981], [1685.7044147998095], [21.7018829]], "rotation": [[-0.7996215560899601, 0.5994166436030001, 0.03612546845535981], [-0.59997474954464, -0.79999527663636, -0.006152424763400064], [0.025212338412999812, -0.02659398039663994, 0.99932832352364]]}