{"translation": [[2670.5831412000116], [1714.0059362994507], [21.3929065]], "rotation": [[-0.8254265870013002, 0.56377073720882, 0.028876650465940002], [-0.5639319853736199, -0.8258160253789202, 0.002993957167059998], [0.02553470085346, -0.013813173928339998, 0.99957849884862]]}