{"translation": [[2666.1998865000205], [1720.350997700356], [21.3425963]], "rotation": [[-0.8372547998033801, 0.54592533321794, 0.03114265141461981], [-0.5458592468420601, -0.8378001533152201, 0.011336653053939943], [0.03228028536537981, -0.007507836993939943, 0.9994506568814]]}