{"translation": [[2681.8375648999936], [1698.101605400443], [21.5281502]], "rotation": [[-0.82825436600658, 0.5577126930463998, 0.05432766871121981], [-0.5584749471791999, -0.8295203911875599, 0.0013756903455999364], [0.045833142439219814, -0.029201218564799937, 0.9985222141150201]]}