{"translation": [[2690.4772152000223], [1686.182289400138], [21.6951056]], "rotation": [[-0.8028996173361999, 0.5949663462616599, 0.03697472705141999], [-0.5955436970991799, -0.8032996821130598, -0.006099563818140001], [0.026072753401139997, -0.026917404209579998, 0.9992975857239]]}