{"translation": [[2691.61132690002], [1684.7392595000565], [21.703304100000004]], "rotation": [[-0.7928422019564801, 0.60873588236104, 0.02901827040887981], [-0.6089584331554401, -0.7932009396430602, 0.0014449121744399343], [0.023896886413679812, -0.016525332324839936, 0.9995778370174201]]}