{"translation": [[2655.0884273999836], [1737.1150407996029], [21.2982296]], "rotation": [[-0.8365994155681599, 0.54610323847696, 0.043272093099839995], [-0.54624574792864, -0.8375709134343999, 0.00950531323632], [0.04143433342224, -0.01568505769248, 0.9990181053784]]}