{"translation": [[2667.8565625000047], [1717.9005567003042], [21.377529100000004]], "rotation": [[-0.8317485974605598, 0.55445122762684, 0.027896283696399807], [-0.5546351349338, -0.8320926203782598, 0.0013542767791599412], [0.02396317086583981, -0.01434584092059994, 0.99960990556854]]}