{"translation": [[2688.479630100017], [1688.8138717003167], [21.6499345]], "rotation": [[-0.8153123714997199, 0.57817393762626, 0.03131566839017994], [-0.5782785156833401, -0.8158133363382799, 0.006526478314260192], [0.02932117896762006, -0.01278805965965981, 0.9994882360509999]]}