{"translation": [[2651.0488434999716], [1743.0584578998387], [21.2970481]], "rotation": [[-0.8382275645693799, 0.5441786839567, 0.035273348785080004], [-0.5444879616575, -0.8387681317164999, 0.0009899834957999998], [0.03012488701092, -0.018376081857, 0.99937721148312]]}