{"translation": [[2694.5847505999845], [1681.164186200127], [21.7388889]], "rotation": [[-0.7628192172189, 0.6462473197874999, 0.0217116650411], [-0.6463917314520199, -0.76300567218354, 0.0004760590455000005], [0.016873773787859998, -0.01367109319798, 0.9997641606846]]}