{"translation": [[2694.2345194999943], [1681.5685232002288], [21.734941100000004]], "rotation": [[-0.7675816171211401, 0.64054245882876, 0.022888001090259933], [-0.64067920106804, -0.7678067848356002, 0.001715687348520188], [0.018672532638060072, -0.013346936047879811, 0.9997365632151001]]}