{"translation": [[2654.533239100012], [1737.9329863004386], [21.2974733]], "rotation": [[-0.83710033872228, 0.54531804616174, 0.04349190925605994], [-0.54548822667014, -0.8380714039496999, 0.00890007478538019], [0.041302690041460054, -0.016274068245579806, 0.99901413536358]]}