{"translation": [[2671.1544507999206], [1713.1967612002045], [21.401466100000004]], "rotation": [[-0.82435759329108, 0.56528444823988, 0.02980225302955981], [-0.56550711145508, -0.8247426980493, 0.0011455384282599412], [0.02522674376995981, -0.015909052224859943, 0.99955515780078]]}