{"translation": [[2683.999978200067], [1695.0068594999611], [21.5544776]], "rotation": [[-0.8265076460422599, 0.5615161651571398, 0.03980344524314], [-0.5616722548481398, -0.8273189143873798, 0.008203585096619996], [0.03753659707286, -0.015576165826379995, 0.99917385212012]]}