{"translation": [[2656.244952499983], [1735.4136955002323], [21.298637300000003]], "rotation": [[-0.8356530003877, 0.54756207008446, 0.043126543733920004], [-0.5477541264575799, -0.83659839978354, 0.00828196135904], [0.04061448409504, -0.01670189630192, 0.9990352898528]]}