{"translation": [[2672.7785270999884], [1710.9212509002537], [21.418636]], "rotation": [[-0.8230206231856801, 0.5670400319312001, 0.033208104961199754], [-0.5673136336608, -0.8235006726600002, 0.001416142609600133], [0.02814990426679987, -0.017673895574399752, 0.9994474555183199]]}