{"translation": [[2652.7701934999786], [1740.532050699927], [21.2886366]], "rotation": [[-0.8379762977596198, 0.5442182157833599, 0.04027810824928], [-0.5443818984425599, -0.8388017571738398, 0.007747828223239999], [0.038001855778879996, -0.01543417648204, 0.99915846850478]]}