{"translation": [[2684.394262499991], [1694.4268461000174], [21.569841600000004]], "rotation": [[-0.82645612518724, 0.5618596191812599, 0.03583312500986], [-0.56219760883946, -0.82700255330532, 0.0007725329121799976], [0.03006814144034, -0.01950683278742, 0.99935748875708]]}