{"translation": [[2662.934214900015], [1725.268209900707], [21.3335708]], "rotation": [[-0.8487378364776001, 0.52764544012772, 0.03513026501683994], [-0.52807640294164, -0.8491889359790401, -0.003636576014919809], [0.027913413692120054, -0.021637965276759805, 0.9993761252472]]}