{"translation": [[2675.484340999974], [1707.1151982005686], [21.4460405]], "rotation": [[-0.82419464318472, 0.56536476823488, 0.032652820928079994], [-0.56563821908992, -0.82465306136832, 0.0010350341740799993], [0.027512415027119996, -0.01761661232128, 0.99946621858296]]}