{"translation": [[2687.290643299988], [1690.4185624001548], [21.6263705]], "rotation": [[-0.8202344854213801, 0.5709818033304, 0.03457137623253994], [-0.5712062639276, -0.8207969878920002, 0.003964793080800191], [0.03063990598746006, -0.01649532660679981, 0.99939436678662]]}