{"translation": [[2657.9943952999893], [1732.845034999773], [21.3033326]], "rotation": [[-0.8380721197867398, 0.543872194602, 0.042877002432], [-0.5439801178020001, -0.8390371116728198, 0.01013095163888], [0.041485332768, -0.01483376836112, 0.9990289918860801]]}