{"translation": [[2696.443336599972], [1679.1515194000676], [21.7478485]], "rotation": [[-0.7192594338122399, 0.69445900737232, 0.019815398153799926], [-0.6946679507583999, -0.7193059836867999, -0.005952820888999813], [0.010119343539320074, -0.018046743940759814, 0.9997859340536001]]}