{"translation": [[2679.517922399973], [1701.3763412004337], [21.4970262]], "rotation": [[-0.8291802727324202, 0.5580139589092398, 0.032866608360039996], [-0.5582994432688398, -0.8296391398792002, 0.0005883251394799942], [0.02759572300844, -0.017861582886279998, 0.9994595738922201]]}