{"translation": [[2665.1040459001088], [1721.9687016000971], [21.3294837]], "rotation": [[-0.83998174303162, 0.54158359477452, 0.03343614829465994], [-0.5416799966710799, -0.84055660705332, 0.0068895822188401925], [0.031836258387140055, -0.012324569276039808, 0.99941710895606]]}