{"translation": [[2648.133558099915], [1747.3727964991704], [21.2820572]], "rotation": [[-0.8375964068538402, 0.5450385878602, 0.03694955478972], [-0.54533866299428, -0.8382127271209001, 0.0022889715545400015], [0.032219163542999994, -0.0182327861427, 0.9993145105707]]}