{"translation": [[2666.7633175000083], [1719.508303500712], [21.355168]], "rotation": [[-0.8350626431369998, 0.5493956800500999, 0.028897941395299862], [-0.5493764022120999, -0.8355232698932198, 0.00931431574873975], [0.02926214221629975, -0.008097810053740134, 0.99953897001878]]}