{"translation": [[2682.2779046000214], [1697.437450000085], [21.5358642]], "rotation": [[-0.8274044134708799, 0.55993482113976, 0.043298748546719994], [-0.5604996247886399, -0.8281538545292199, -0.00110125377314], [0.03524139841607999, -0.02518011563246, 0.9990615624359]]}