{"translation": [[2686.868089000054], [1690.9915900994092], [21.6166505]], "rotation": [[-0.8216262202830601, 0.5689596052712, 0.03486357114464], [-0.56924083842064, -0.8221679379582602, 0.002212824270799999], [0.0299227154096, -0.01802765338936, 0.99938963115744]]}