{"translation": [[2665.677522299986], [1721.1278154002503], [21.333312]], "rotation": [[-0.8388029360025, 0.54331700179242, 0.03487678436956006], [-0.54329493181558, -0.8394707707569, 0.01093444662395981], [0.03521890952555995, -0.009776534292040192, 0.99933180067116]]}