{"translation": [[2715.0765663000057], [1672.9692617002875], [21.8179314]], "rotation": [[0.25451226373488, 0.96682752324444, 0.021634193737], [-0.96699003650756, 0.25471450251222005, -0.007126144872000001], [-0.012400295832600002, -0.0191063586968, 0.9997405562031]]}