{"translation": [[2701.351796999981], [1675.1385050993413], [21.7458007]], "rotation": [[-0.5497606082963596, 0.8353196346918597, 0.0020743288726198235], [-0.8353219686958198, -0.5497568657131596, -0.0021256979959400945], [-0.0006352606974601759, -0.002901357628419905, 0.99999558927404]]}