{"translation": [[2704.280535399972], [1673.6072064004838], [21.7854908]], "rotation": [[-0.40166816218426005, 0.9157222809728399, 0.010753452832379889], [-0.9157786702846799, -0.40168258813736, -0.0008778222020398331], [0.0035156321682601097, -0.010200374997719832, 0.9999417946513399]]}