{"translation": [[2732.246356000018], [1682.439526900649], [21.6632027]], "rotation": [[0.5085128636427002, 0.8608147017209398, 0.020315484125879996], [-0.8610489381577797, 0.5084520778475002, 0.008438762614040002], [-0.003065239230360001, -0.021783845348919997, 0.99975800491484]]}