{"translation": [[2711.4819488999783], [1672.3435748005286], [21.8166727]], "rotation": [[0.04969770637724025, 0.9986679101421198, 0.01387557469227986], [-0.9987458229150797, 0.04977649582014032, -0.005391661556780143], [-0.006075156816920137, -0.013590219167979853, 0.99988919306654]]}