{"translation": [[2713.2845320000197], [1672.5600172001868], [21.8178073]], "rotation": [[0.15958916737067963, 0.9870683833885402, 0.015083072566340002], [-0.9871393512033403, 0.1597080721766997, -0.007030495377220002], [-0.009348468813460003, -0.013767101152180002, 0.99986152695702]]}