{"translation": [[2746.8516380999936], [1691.4403980001807], [21.3847061]], "rotation": [[0.50766624061734, 0.86100845720126, 0.0306493013668599], [-0.86155200559094, 0.5074163692646, 0.016022632448779828], [-0.0017563338519400989, -0.034540117490619825, 0.9994017688199001]]}