{"translation": [[2707.5019275000086], [1672.6174793001264], [21.804266100000003]], "rotation": [[-0.21168091557330004, 0.9772569921981601, 0.01264689594342], [-0.9773377251199201, -0.21168234067360003, -0.00124116860024], [0.0014641839426600004, -0.012623020315279999, 0.9999192545012601]]}