{"translation": [[2721.9885779999895], [1676.0608598003164], [21.787857100000004]], "rotation": [[0.49025461423999994, 0.8712340648032001, 0.0245268172176], [-0.8714600679072001, 0.49045878256351993, -0.0027349388606400012], [-0.014412164289600002, -0.02003332658064, 0.99969543127648]]}