{"translation": [[2702.2920843000175], [1674.584146999754], [21.756398]], "rotation": [[-0.5067064962102593, 0.8621067748569599, 0.004508091784839999], [-0.8621094520249598, -0.5067182529292793, 0.0019473890548799997], [0.003963190007159998, -0.00289971388912, 0.99998794231902]]}