{"translation": [[2700.882438700006], [1675.4446844998747], [21.7447154]], "rotation": [[-0.56982337997082, 0.8217560917094, 0.004273062974], [-0.8217669706406001, -0.5698116193525, -0.0037124257538000004], [-0.0006158675660000001, -0.0056268889538, 0.9999839792856801]]}