{"translation": [[2726.0734258000157], [1678.5906074997038], [21.7468239]], "rotation": [[0.5199091967675, 0.85399278145018, 0.019764883725259728], [-0.85420739146678, 0.51989428624302, 0.006289497055539925], [-0.004904463396459923, -0.020153278658259728, 0.9997848726354801]]}