{"translation": [[2720.0398441000143], [1674.9813441997394], [21.79494]], "rotation": [[0.44710636386799985, 0.8942518905150401, 0.02023375517272], [-0.8943540736964, 0.44730936202069993, -0.0067137678941], [-0.015054547511199999, -0.01509437401678, 0.99977273440086]]}