{"translation": [[2705.3256880000117], [1673.2143420996144], [21.7914002]], "rotation": [[-0.3418939858478801, 0.9396756942864801, 0.01086337888632], [-0.93972878646872, -0.3419201361713802, 0.0005910614083800012], [0.004269814472880001, -0.01000654979418, 0.99994081706974]]}