{"translation": [[2766.298198400007], [1708.3969037001953], [20.6287848]], "rotation": [[-0.509231678565, -0.86049202108168, 0.015377705804239727], [0.8606245353186399, -0.5090873170836999, 0.012466251936219922], [-0.0028985148975200752, 0.019582642429659725, 0.99980404015646]]}