{"translation": [[2697.9898335000034], [1677.6945959003642], [21.74848]], "rotation": [[-0.6707037161346597, 0.7415597078633, 0.01568258704152], [-0.74169220522602, -0.6707240527496998, -0.0047049412433599995], [0.0070296919976, -0.0147872728668, 0.99986595102]]}