{"translation": [[2740.100799100008], [1687.2789350003004], [21.5302647]], "rotation": [[0.50557843774046, 0.86244994157064, 0.02388590095998], [-0.8627792389183201, 0.5054337750502, 0.012193384125359998], [-0.0015565575462599991, -0.02677297162632, 0.9996403278755001]]}