{"translation": [[2698.3735101000057], [1677.3607023004442], [21.7456496]], "rotation": [[-0.6585319140459399, 0.7523993141865198, 0.0152036431134], [-0.7525384239925997, -0.6585101796024999, -0.0071010099132], [0.004668957806520002, -0.016117566153359998, 0.999859202542]]}