{"translation": [[2703.749851999979], [1673.8356019994244], [21.7806838]], "rotation": [[-0.4317659860906, 0.9019348170782601, 0.009575291980179894], [-0.9019837777939, -0.43176235345299996, -0.0025498934766998308], [0.0018344130245001055, -0.00973771544581983, 0.99995090470764]]}