{"translation": [[2713.861518800026], [1672.6735043004155], [21.8168534]], "rotation": [[0.19200818739470005, 0.9812571538235598, 0.016343674205679996], [-0.9813463062967599, 0.19213526753912002, -0.00658238180224], [-0.009599204871279998, -0.014774934943039999, 0.99984476621958]]}