{"translation": [[2728.261456499982], [1679.9662437997758], [21.7199254]], "rotation": [[0.51632386361214, 0.85609731964296, 0.02251739721916], [-0.85638538683496, 0.5162542628674199, 0.009251556490320001], [-0.003704469317159998, -0.02406036953368, 0.99970364384472]]}