{"translation": [[2738.268525100022], [1686.152325199917], [21.5620633]], "rotation": [[0.5057751143118001, 0.8623436937586, 0.0235551019351999], [-0.862663895968, 0.50563565061212, 0.011981095954039827], [-0.001578475757000099, -0.026379876832959826, 0.99965074425068]]}