{"translation": [[2765.4916372000007], [1707.9082402000204], [20.6613227]], "rotation": [[-0.5087287168801, -0.8608410928887599, 0.012156421201679998], [0.8609213275553999, -0.5086237880968001, 0.010788099834600001], [-0.0031037948699999974, 0.015953937817319998, 0.99986791044214]]}