{"translation": [[2710.9218565999763], [1672.319373901002], [21.8154227]], "rotation": [[0.01334176244254015, 0.9998087303816399, 0.014295316619819858], [-0.99989911973172, 0.013409705776600167, -0.00466757006483986], [-0.004858372601939859, -0.014231602272119859, 0.9998869224547]]}