{"translation": [[2701.7970652000513], [1674.867658700794], [21.7489348]], "rotation": [[-0.5298340695162607, 0.84809901802992, 0.0019724659655000003], [-0.8481002025812, -0.5298357050538006, 0.0003850419527999996], [0.0013716366235800004, -0.0014688404485599998, 0.9999979805583]]}