{"translation": [[2718.7818232000573], [1674.3507599011064], [21.7936666]], "rotation": [[0.4080643555960801, 0.9127243286090401, 0.020438748726240005], [-0.91276400718696, 0.40833324604952015, -0.01121553230288], [-0.018582509742240003, -0.014079096065119999, 0.9997281977456001]]}