{"translation": [[2744.890480000002], [1690.2277777995914], [21.4340783]], "rotation": [[0.5058878603852401, 0.8620939957904598, 0.02952043645574], [-0.8625966586567398, 0.5056743243302002, 0.014850024808420001], [-0.0021256106714600057, -0.03297667637318, 0.9994538611861999]]}