{"translation": [[2698.7933762000175], [1677.0089277997613], [21.7474469]], "rotation": [[-0.6450462793859201, 0.76397643827248, 0.01598652876927982], [-0.76413218547248, -0.64501015997344, -0.008010401823680086], [0.004191713569279819, -0.017382898976319915, 0.99984011941248]]}