{"translation": [[2726.7698114999803], [1679.0290874000639], [21.7402602]], "rotation": [[0.5194053171778801, 0.85428341382066, 0.0204438615385], [-0.85451613930266, 0.5193754932163799, 0.007158968710499998], [-0.004502252210100002, -0.0211880162507, 0.9997653713175]]}