{"translation": [[2763.0207895999774], [1706.3973163999617], [20.751914000000003]], "rotation": [[-0.5067783687840002, -0.8619698633998398, 0.013555524134879999], [0.8620754216068798, -0.5066908788420001, 0.009509651128160003], [-0.0013285727041599986, 0.01650516869712, 0.9998628977570401]]}