{"translation": [[2747.804469100025], [1692.0327508999035], [21.3617875]], "rotation": [[0.5084051101254, 0.86051390990792, 0.03225020495195983], [-0.8611174309282801, 0.5080923278766, 0.0178599379554401], [-0.0010173573306398297, -0.0368512969551599, 0.99932024242764]]}