{"translation": [[2764.668532299984], [1707.4044324001297], [20.700929100000003]], "rotation": [[-0.5080706404186599, -0.8612650263583598, 0.009310013183339726], [0.8613125439168398, -0.5080117452058, 0.008041520840279927], [-0.0021962843718600737, 0.012104492465879727, 0.9999243259327]]}