{"translation": [[2749.3250265999814], [1698.027690200135], [21.1985237]], "rotation": [[-0.5042517959096201, -0.86347908087668, 0.011568205176160001], [0.86349776283788, -0.5043285456132002, -0.0049144486146400004], [0.01007770095856, 0.00751099990504, 0.99992100928742]]}