{"translation": [[2758.9913488000166], [1703.933107700199], [20.8954897]], "rotation": [[-0.5039839184347197, -0.8636516170602799, 0.01029618394028], [0.8637128737422799, -0.5039541939639397, 0.005491740619279999], [0.0004458547082800005, 0.01166069604872, 0.99993191237078]]}