{"translation": [[2750.110754800029], [1698.509995000437], [21.1772708]], "rotation": [[-0.5042535406030799, -0.8634814065979, 0.01133580576154], [0.8635108485115, -0.5043177942324999, -0.0035847145465000003], [0.00881218108646, 0.0079809858503, 0.99992932217342]]}