{"translation": [[2759.632739100023], [1704.3244395991787], [20.8737305]], "rotation": [[-0.5043927667794598, -0.86339571804538, 0.01165093478364], [0.86347413794106, -0.5043556251236998, 0.006147350124279999], [0.0005686188294800002, 0.013160959976759999, 0.9999132291372]]}