{"translation": [[2758.0084855000023], [1703.3316096998751], [20.9294313]], "rotation": [[-0.5031127128264203, -0.8641684888421401, 0.009497201312039901], [0.8642195998181401, -0.5030990363689004, 0.003952043133319826], [0.0013628024960401011, 0.010195991714679827, 0.99994709085752]]}