{"translation": [[2720.6168438000022], [1680.1968373004347], [21.7578369]], "rotation": [[-0.5800796288313601, -0.8143851656956798, -0.01687336787823982], [0.8145022892225597, -0.5801605734237001, -0.00011976780378009349], [-0.009691723270079822, -0.013812870372859908, 0.9998576274338999]]}