{"translation": [[2728.9230399000226], [1685.5964879002422], [21.6338018]], "rotation": [[-0.5061072681338398, -0.8624599549865598, -0.004287206017879826], [0.8624690695292797, -0.5061095078207998, -0.0006254179585600996], [-0.0016303975456398265, -0.0040141109732799, 0.9999906143148]]}