{"translation": [[2748.1410230000038], [1697.322471600026], [21.2310379]], "rotation": [[-0.5040752255490002, -0.8636361070386, 0.0063734845146], [0.8636568028494, -0.5040787161773802, 0.0011638240103000004], [0.002207618082600001, 0.0060911586407, 0.9999790118826201]]}