{"translation": [[2725.510976199992], [1683.4869294995442], [21.6921153]], "rotation": [[-0.5164416816048405, -0.8562868670416199, -0.0077814843397], [0.8563180499018999, -0.5164462121538005, -0.0015709961175000013], [-0.002673495593620001, -0.00747475408566, 0.9999684897373999]]}