{"translation": [[2730.066857500002], [1686.2849304005504], [21.610892]], "rotation": [[-0.5043873558484001, -0.8634766835967999, 0.001140424342199827], [0.8634716139670399, -0.5043883649680001, -0.0030062569312799], [0.0031710496942798268, -0.0005315940684000996, 0.9999948309122401]]}