{"translation": [[2760.5697239000583], [1704.896106700413], [20.8411222]], "rotation": [[-0.5049424569787598, -0.8630682365476399, 0.012093640011719727], [0.8631527679389199, -0.5049021913032998, 0.0064029949655399244], [0.0005798840979599259, 0.013671803381219726, 0.9999063683774999]]}