{"translation": [[2735.8630221000058], [1689.819396599196], [21.503498]], "rotation": [[-0.5069245831522005, -0.8619898311816202, 0.00100148552166], [0.8619819645997001, -0.5069244165411404, -0.0038384446153800003], [0.0038163776817000004, -0.0010825394709000002, 0.9999921316539]]}