{"translation": [[2748.525823300006], [1697.5527912005782], [21.2215502]], "rotation": [[-0.5040481818349, -0.8636470563811199, 0.00702035297614], [0.86366897515344, -0.5040594811971599, 0.00018367391327999989], [0.0033800457230200006, 0.00615584136624, 0.9999753401507]]}