{"translation": [[2749.735282599984], [1698.2781455004588], [21.1858309]], "rotation": [[-0.50430107396896, -0.8634421324391198, 0.012163366161439901], [0.8634740260109598, -0.50437683660136, -0.0040558414473201715], [0.0096369057179201, 0.008457385790359826, 0.99991779795384]]}