{"translation": [[2726.1003807000234], [1683.8559415005147], [21.6809129]], "rotation": [[-0.5133662610208198, -0.85814615850932, -0.0063536120897], [0.85816665736132, -0.5133700300693199, -0.0011472251733999996], [-0.002277266824099999, -0.0060414044722, 0.9999791575275]]}