{"translation": [[2757.697773700056], [1703.1363332998008], [20.9400625]], "rotation": [[-0.50297219588584, -0.8642214394297999, 0.0118345696823199], [0.86428967094332, -0.5029921041957, 0.0014460492742398258], [0.004702989514000099, 0.010955819809599827, 0.9999289234199]]}