{"translation": [[2754.2439381000004], [1701.054305399768], [21.042166]], "rotation": [[-0.5040471837722397, -0.8636036592915598, 0.0111947886923199], [0.8636718026438798, -0.5040436957619997, 0.0033372420398398274], [0.0027606074529601, 0.011350749965919827, 0.9999317674368]]}