{"translation": [[2724.971355500107], [1683.143786098808], [21.7039027]], "rotation": [[-0.5194097603406801, -0.8544812811648598, -0.008684296920899826], [0.8545209026628598, -0.51941320671418, -0.0020306685737000994], [-0.002775569563499826, -0.008475661712499902, 0.9999602288975]]}