{"translation": [[2732.274927999999], [1687.6352624995634], [21.5692298]], "rotation": [[-0.5046673940851596, -0.8633118698916398, 0.0019322495219199997], [0.8633125840476799, -0.5046693830443596, -0.00070212510004], [0.0015812997604399998, 0.00131379562288, 0.99999788671404]]}