{"translation": [[2747.3439806000097], [1696.8325184006244], [21.2540019]], "rotation": [[-0.5042331013364998, -0.8635365757412597, 0.0073131879731799], [0.8635569164988998, -0.5042508264812998, -0.0006905096683001728], [0.0042839617393001, 0.005967176363179826, 0.99997301987436]]}