{"translation": [[2733.873872200027], [1688.6013575997204], [21.5369925]], "rotation": [[-0.5052879752008201, -0.86293701922706, 0.0048912868358401], [0.8629302683556601, -0.5053069656021001, -0.004047739320319826], [0.005964544829439901, 0.0021755655571201733, 0.99997984535772]]}