{"translation": [[2746.1105443999986], [1696.0897252997383], [21.2826277]], "rotation": [[-0.5051511898573602, -0.8630114907502799, 0.005804149890559827], [0.86303080278444, -0.5051442869886602, 0.0027071579404801], [0.0005956242252798268, 0.006376683452159901, 0.99997949136134]]}