{"translation": [[2739.1442104000016], [1691.8254782008007], [21.4430302]], "rotation": [[-0.5065506626728398, -0.8622053097900599, 0.00291663826242], [0.8622087782980199, -0.5065531390464398, -0.0001296587083400001], [0.00158922457914, 0.00244907234918, 0.99999573819596]]}