{"translation": [[2755.6575284000137], [1701.917689899914], [20.9977974]], "rotation": [[-0.50285705240514, -0.86433232784884, 0.008023350219579825], [0.86436916647052, -0.5028262280404, 0.005629450898840099], [-0.000831365382460173, 0.0097659458205199, 0.9999519664126999]]}