{"translation": [[2722.749906399986], [1681.7024554004893], [21.7317827]], "rotation": [[-0.54093243922194, -0.8409533430534, -0.013769079188219999], [0.8410305055237199, -0.5409876071332, 0.0003380005639599991], [-0.007733143791299999, -0.011397380101399998, 0.9999051446087001]]}