{"translation": [[2741.426847500028], [1693.2112687993795], [21.3962473]], "rotation": [[-0.5053064889658004, -0.86293161680992, 0.00379285689844], [0.862930996229, -0.5053163885112405, -0.0023349719099199995], [0.0039315138128, 0.0020930973249999995, 0.9999900810222]]}