{"translation": [[2745.7160407999763], [1695.848542000167], [21.2918461]], "rotation": [[-0.50527415563188, -0.86294218222474, 0.0053458605564199995], [0.86295827700974, -0.50527061058516, 0.00209347969634], [0.0008945547864200004, 0.00567103641866, 0.99998351942172]]}