{"translation": [[2742.3072591000237], [1693.755877200514], [21.37306]], "rotation": [[-0.5060383879122003, -0.8625007256019201, 0.0041640277337600005], [0.8625076047116802, -0.5060437235853004, -0.00026919311605999975], [0.0023393600249600006, 0.0034552838631400004, 0.99999129416526]]}