{"translation": [[2753.521492299973], [1700.6111279996112], [21.060741600000004]], "rotation": [[-0.5038785448530598, -0.8636738287756199, 0.013189647730939724], [0.86376741484274, -0.5038776490313998, 0.003633888399419925], [0.0035074741759799242, 0.013223826113139724, 0.9999064096455]]}