{"translation": [[2748.942228799977], [1697.7993520991877], [21.2093861]], "rotation": [[-0.5041151126862602, -0.8635857647142202, 0.0093453931963], [0.8636082116699002, -0.5041565035330001, -0.0026139825377000008], [0.006968940188779999, 0.00675301053946, 0.9999529142483]]}