{"translation": [[2736.3238174999715], [1690.1040431996807], [21.4963988]], "rotation": [[-0.5073605690370002, -0.8617339302610999, -0.0002491065626999997], [0.8617302952790998, -0.5073575426980202, -0.0030655662021400005], [0.0025153161863, -0.0017700098028600004, 0.9999952701139799]]}