{"translation": [[2722.183660599985], [1681.3234035000205], [21.7410552]], "rotation": [[-0.55002368853634, -0.83500845193506, -0.01531950276654], [0.83508540528846, -0.5501156030264199, 0.00224701844682], [-0.010303778055060001, -0.01155718022298, 0.99988012468108]]}