{"translation": [[2761.5177365000127], [1705.476495200768], [20.806036]], "rotation": [[-0.5055194377641998, -0.86272321946342, 0.01260133071954], [0.86281504082914, -0.5054553544752398, 0.00807086388822], [-0.0005935117867800002, 0.01495259588046, 0.999888027543]]}