{"translation": [[2727.243073299993], [1684.5533307995647], [21.6617391]], "rotation": [[-0.5090891361255998, -0.8607126588271599, -0.0015138960393199998], [0.8607085973164399, -0.5090789325565598, -0.004435357720959999], [0.0030468757938799996, -0.003561014915359999, 0.9999890178012]]}