{"translation": [[2721.121283699991], [1680.5672485996038], [21.7531383]], "rotation": [[-0.56946076769764, -0.8218945620258798, -0.01428048945232], [0.8219783650187199, -0.56951886435604, 1.8777714799987633e-06], [-0.00813455025572, -0.011737183421119998, 0.99989802861516]]}