{"translation": [[2744.4464411999797], [1695.0686670001596], [21.326926500000003]], "rotation": [[-0.5051809712578599, -0.8630023899843, 0.00437310812676], [0.8630117745132599, -0.5051835371198599, 0.0005777447405999996], [0.0017106270125999995, 0.0040659093567599995, 0.99999027102104]]}