{"translation": [[2738.698981099995], [1691.5520834010094], [21.4543924]], "rotation": [[-0.5069037578163399, -0.86200132050778, 0.00161093139284], [0.8619987374991399, -0.50690622422154, -0.00213254337892], [0.00265484594612, 0.00030762675076000004, 0.99999642857336]]}