{"translation": [[2760.2672018000158], [1704.7108076000586], [20.8511682]], "rotation": [[-0.5048028333740198, -0.8631516622458799, 0.011961437496659899], [0.8632342026981199, -0.5047663904237197, 0.006113182772039825], [0.0007611287363400981, 0.013411475445959824, 0.99990977242726]]}