{"translation": [[2720.0759059999837], [1679.7963315993547], [21.7660352]], "rotation": [[-0.59299275359082, -0.8049332588309001, -0.021025839509759912], [0.8051026904499, -0.5931351029865001, 0.000671081073200179], [-0.013011338499760092, -0.01653001353119982, 0.9997787073793201]]}