{"translation": [[2757.3588119000196], [1702.9247594997287], [20.9528213]], "rotation": [[-0.50291317588756, -0.86421593999972, 0.0144659596511599], [0.86430091482476, -0.50297467880826, -0.000720093852380174], [0.007898327121080101, 0.012140797027939826, 0.99989510324054]]}