{"translation": [[2740.966568199976], [1692.927890200168], [21.4065365]], "rotation": [[-0.5055256599345002, -0.8627894184725, 0.006189340536199901], [0.8627937172955, -0.5055483734180202, -0.0028151283514001734], [0.0055578736762001, 0.003917004481399826, 0.9999768832914799]]}