{"translation": [[2714.9122456000187], [1627.6004700995982], [21.6913087]], "rotation": [[-0.9000887409680998, 0.4355289167701598, 0.012441608857279803], [-0.43568559260647977, -0.8999586727658397, -0.015887866504040046], [0.004277308626559805, -0.019721119743079954, 0.9997963702995001]]}