{"translation": [[2716.8508721999824], [1623.78085359931], [21.676764]], "rotation": [[-0.9013765207643399, 0.43291260848286, 0.010343779092199955], [-0.43301297152510004, -0.90131829148794, -0.011182864404359803], [0.004481834484360044, -0.014558962251799805, 0.9998839681557601]]}