{"translation": [[2713.7078853999847], [1673.7335967002437], [21.8092003]], "rotation": [[-0.7606272335160998, -0.649046157195, -0.0136187164941], [0.64918899840252, -0.7604544185802398, -0.0162139931214], [0.00016721745185999982, -0.02117392382652, 0.9997757933707]]}