{"translation": [[2717.0628170000273], [1677.2566817998886], [21.7694938]], "rotation": [[-0.6652796513920802, -0.74650949457084, -0.011243198212000002], [0.7465101046111601, -0.6653552853223202, 0.004985734356], [-0.0112026204024, -0.005076253463199999, 0.9999243636095999]]}