{"translation": [[2718.7901768999873], [1619.857324000448], [21.6758343]], "rotation": [[-0.9084129042687401, 0.41797599935206, 0.0090524851611], [-0.41804718271069996, -0.9083869577328401, -0.008341235757060002], [0.004736723508059999, -0.0113616526947, 0.99992423527686]]}