{"translation": [[2710.857923000003], [1669.6942207999527], [21.7987736]], "rotation": [[-0.8537769222541198, -0.52055766197198, -0.00919752245522], [0.52062832513358, -0.8535136902435397, -0.02145773705342], [0.0033197779521799997, -0.02310861253118, 0.99972744840158]]}