{"translation": [[2706.6952145000687], [1650.3035400994122], [21.7745475]], "rotation": [[-0.9958174510269001, 0.0912276223914798, 0.005005376884959998], [-0.09130267931307981, -0.99566594652738, -0.01769385023336], [0.0033695155758400024, -0.01807684979816, 0.99983092263648]]}