{"translation": [[2714.1652989999857], [1629.0893818000332], [21.7022064]], "rotation": [[-0.9026622841002602, 0.4301150533812, 0.0141964145674], [-0.4303136130604, -0.9025209125245802, -0.01690838141388], [0.005540013229800001, -0.02137147168588, 0.99975625450032]]}