{"translation": [[2706.5226621999755], [1652.5592796001583], [21.7705377]], "rotation": [[-0.9997544931772198, 0.021634777025, 0.004777653720559797], [-0.021705296008599998, -0.9996482535335998, -0.0152376348501998], [0.004446310512559802, -0.015337594782999796, 0.99987248612262]]}