{"translation": [[2707.784949599998], [1662.6374599998817], [21.7613316]], "rotation": [[-0.9557406358244, -0.29420109447035997, -0.00236431979087997], [0.29418881549988, -0.9555412484662601, -0.0198469209755598], [0.0035797807766399705, -0.019664064937719803, 0.9998002349087]]}