{"translation": [[2710.170012400078], [1668.481669999659], [21.7917671]], "rotation": [[-0.8764959742049999, -0.4813071675564398, -0.009922280192079998], [0.4814074118135198, -0.8762463955584399, -0.02096168108036], [0.001394645625639998, -0.023149485555920002, 0.9997310419886]]}