{"translation": [[2708.5084372999845], [1642.2309844000265], [21.7652318]], "rotation": [[-0.9579594611495399, 0.2865960532476998, 0.013273746931059998], [-0.2867918910610598, -0.9578512126872399, -0.0164707281521], [0.007993829893700002, -0.019585094512939997, 0.9997762363328601]]}