{"translation": [[2713.092300600023], [1631.277182499878], [21.719155800000003]], "rotation": [[-0.9073912443625001, 0.42000130874489977, 0.015498235243199997], [-0.4202288063600998, -0.90726266112922, -0.016804136502], [0.007003209853200003, -0.021760729559999997, 0.99973867871728]]}