{"translation": [[2719.9856357000535], [1617.3366155996919], [21.6799779]], "rotation": [[-0.9133156415668202, 0.40719513928546003, 0.006812329097419805], [-0.40723989829814, -0.9132900420325802, -0.007530921433460042], [0.0031550783757798044, -0.009652361670139959, 0.9999484373645999]]}