{"translation": [[2709.2577951999847], [1666.62667779997], [21.7791183]], "rotation": [[-0.9069388114849001, -0.42121109012279995, -0.0065675134936999564], [0.42125786091311995, -0.90674759277764, -0.018722715406799807], [0.001931138221339957, -0.019746974726879803, 0.9998031444671]]}