{"translation": [[2722.370987500006], [1612.0913675995544], [21.695525600000003]], "rotation": [[-0.9209249172581201, 0.38971115621284, 0.00473334531504], [-0.38973972909344, -0.9208452115666002, -0.012121590942120002], [-0.00036524073156000026, -0.013007848555680001, 0.99991532765052]]}