{"translation": [[2706.5076360999956], [1653.2680334998295], [21.7757304]], "rotation": [[-0.999970676785, -0.00218757771838, 0.00731286726234], [0.0020674482439399997, -0.9998632721938, -0.016394528047619997], [0.00734773309458, -0.01637893146306, 0.99983885771244]]}