{"translation": [[2709.526252700016], [1639.3032964998856], [21.7530257]], "rotation": [[-0.9413077929202599, 0.33738916086203996, 0.0103903862499], [-0.33753602288219997, -0.9410963585293599, -0.020170380537959998], [0.0029730877014600005, -0.0224936685978, 0.99974256465934]]}