{"translation": [[2706.673975099926], [1656.9656659001485], [21.7703574]], "rotation": [[-0.9924503085252, -0.12232266043412, 0.00890316741024], [0.12219178144884, -0.99240758662416, -0.01400232483092], [0.010548373901919999, -0.01280871963276, 0.9998623247676001]]}