{"translation": [[2720.776248399983], [1615.6272629993036], [21.6841619]], "rotation": [[-0.9162704916013, 0.40052270548448, 0.005458960232159804], [-0.40055528563552, -0.9162402846877, -0.007684757764560041], [0.0019237995921598042, -0.009227932804559958, 0.9999555711369601]]}