{"translation": [[2707.3014841999975], [1646.6376391993836], [21.770427]], "rotation": [[-0.9815012458160401, 0.19137894578044, 0.005439044429399782], [-0.1914299563242, -0.9814410526343401, -0.01132305837805982], [0.003171106124439821, -0.012154790877899783, 0.99992109946326]]}