{"translation": [[2708.2180795000168], [1663.9930111998692], [21.7706314]], "rotation": [[-0.9414815751489598, -0.33704861441524, -0.0032699889586000003], [0.337027518373, -0.9411903841261599, -0.023940140708239997], [0.0049913090827600004, -0.0236412774308, 0.99970804580024]]}