{"translation": [[2706.5966408000095], [1656.2061056001112], [21.771394600000004]], "rotation": [[-0.9952341954937998, -0.09737957078861999, 0.00513625421466], [0.09729986934389999, -0.9951570432002598, -0.01398072168462], [0.0064728154611, -0.013414333609499998, 0.9998890730119]]}