{"translation": [[2707.8516495999065], [1644.3906157994643], [21.7809959]], "rotation": [[-0.9697384227991199, 0.24405769079988, 0.00658155547816], [-0.24414390394867996, -0.9694983525348, -0.02160510474456], [0.00110791505976, -0.022558145929040003, 0.99974491876032]]}