{"translation": [[2714.62381010002], [1674.797766298987], [21.8064756]], "rotation": [[-0.7308630157305998, -0.68231661371178, -0.016829285955539813], [0.6825075771764999, -0.7307948049410598, -0.01105866837078007], [-0.004753242003899815, -0.019568487482699924, 0.9997972199303]]}