{"translation": [[2748.792484799982], [1575.34976680018], [21.829065600000003]], "rotation": [[0.8888218144163, -0.45822311257188, -0.00523066656936], [0.45819236415012, 0.8884607489442999, 0.02640555936264], [-0.00745239574536, -0.025866488661359998, 0.99963762762176]]}