{"translation": [[2711.602264700108], [1670.882498900406], [21.803272]], "rotation": [[-0.8292289579453798, -0.5588277170030798, -0.009529866478599998], [0.5588956591650798, -0.8289709911988798, -0.0210389703262], [0.0038571767401999984, -0.0227723256406, 0.9997332360975]]}