{"translation": [[2711.238451000012], [1670.3130901996046], [21.8023497]], "rotation": [[-0.8411165752200399, -0.54077342749148, -0.009323424612959999], [0.54083591852096, -0.8408236483234, -0.022627878995879997], [0.00439719967548, -0.024075128024159998, 0.9997004815606]]}