{"translation": [[2709.824072999996], [1638.5487317005172], [21.7524413]], "rotation": [[-0.9366386631277599, 0.35002578212428, 0.01379799262516], [-0.35024443787764, -0.9364560827094599, -0.019474518499180003], [0.006104628405879999, -0.023073252551060002, 0.9997151387221399]]}