{"translation": [[2716.078976400022], [1625.3133017001674], [21.6802961]], "rotation": [[-0.8997181803021601, 0.4363012282156, 0.012179087532839954], [-0.43643314935816, -0.8996578319469601, -0.011907453250999806], [0.005761775498200044, -0.016028710464839807, 0.9998549306654401]]}