{"translation": [[2716.581306100008], [1676.804666299373], [21.7761364]], "rotation": [[-0.67678514060308, -0.73609903296746, -0.010960006262899816], [0.7361086767224599, -0.6768521333350801, 0.003903878723299919], [-0.010291944754099816, -0.005425668580699919, 0.999932316707]]}