{"translation": [[2708.0551652000286], [1643.686827299185], [21.7818805]], "rotation": [[-0.9661047685490601, 0.25793304858480004, 0.0106028067321], [-0.2581137961644, -0.9658470397716801, -0.02273905957872], [0.0043755333903, -0.02470504095672, 0.99968520830662]]}