{"translation": [[2712.010864700016], [1671.4908330990002], [21.8011101]], "rotation": [[-0.815855161753, -0.5781811382108, -0.0093288316246], [0.5782469594038, -0.81564352939492, -0.01887293103784], [0.0033029717643999995, -0.02079194562716, 0.99977836813308]]}