{"translation": [[2706.7844987999997], [1649.5918111996725], [21.7734755]], "rotation": [[-0.9937481105494802, 0.11150443324459999, 0.0056266434934399995], [-0.1115858906944, -0.9936059798370002, -0.017203220231800005], [0.0036724308215599997, -0.0177235198312, 0.99983618163852]]}