{"translation": [[2714.138356100011], [1639.918179700151], [21.6691536]], "rotation": [[0.8780869211415, -0.47831062589676, -0.01350280441268], [0.47846450043676003, 0.87801935418918, 0.012399885303240002], [0.005924727382679998, -0.01734878923676, 0.99983194445232]]}