{"translation": [[2713.3051938000135], [1641.3748019002378], [21.6882505]], "rotation": [[0.8764513383896001, -0.48125643612799973, -0.015010001011199998], [0.48145770132223975, 0.8763293737196001, 0.01566258629832], [0.005615984551680002, -0.0209541751788, 0.99976466394424]]}