{"translation": [[2733.65388160001], [1603.7633165000007], [21.6891548]], "rotation": [[0.889710673038, -0.45643166855996004, -0.009221758925719805], [0.45651865426372, 0.8894121668067001, 0.02316692556014005], [-0.0023721743939601934, -0.024821765977419953, 0.99968907801174]]}