{"translation": [[2717.8425166999805], [1633.2754260003567], [21.6456589]], "rotation": [[0.8844072506327799, -0.46656727769514, -0.0117808509879], [0.46671092987514, 0.8842333841922799, 0.017669981598299998], [0.0021727864449, -0.021125711792699998, 0.9997744662154999]]}