{"translation": [[2735.0651781000197], [1601.1173587003723], [21.6980503]], "rotation": [[0.8896399967051001, -0.45659989891489994, -0.007564068201399999], [0.45664269716578, 0.8893248396829401, 0.0240579138974], [-0.00425792696204, -0.02485695892172, 0.9996819502572001]]}