{"translation": [[2746.339325000008], [1579.9221294010058], [21.8131246]], "rotation": [[0.88933300635366, -0.45712808041778, -0.010988373607419805], [0.45725207647642, 0.8889179004663601, 0.02730434624218005], [-0.002713819998220194, -0.029307112776019956, 0.9995667703608601]]}