{"translation": [[2722.9534964999766], [1623.8264350993559], [21.6364978]], "rotation": [[0.88866907729822, -0.45837838779858, -0.012510411519780001], [0.45853994300381995, 0.88849279205902, 0.01793501742222], [0.00289438547418, -0.02167481900862, 0.9997608837732399]]}