{"translation": [[2711.8176154000103], [1643.9450705004856], [21.7067046]], "rotation": [[0.87318741071628, -0.48725905303017986, -0.011062387404939998], [0.48737641404021986, 0.8730794297106801, 0.014019838617340002], [0.0028270500987400016, -0.01763349306554, 0.99984052114796]]}