{"translation": [[2710.9035726999864], [1645.462596400641], [21.7127294]], "rotation": [[0.8701407024088801, -0.4924075375732399, -0.019747829702319995], [0.4926740820148399, 0.87013153879856, 0.01197313344644], [0.011287548348879997, -0.02014755456004, 0.99973329808568]]}