{"translation": [[2745.7284779999754], [1581.0651403004304], [21.8056449]], "rotation": [[0.88954565781878, -0.4566964733352198, -0.011698957051759997], [0.4568410236912198, 0.8891207052447001, 0.027580107325760002], [-0.002193952069759997, -0.029878328107759998, 0.99955113532592]]}