{"translation": [[2728.313460699981], [1613.7927354006097], [21.668803]], "rotation": [[0.8900553852955, -0.45573088968558, -0.010524966124439806], [0.4558523653275, 0.88980793467494, 0.020987330726920047], [-0.0001993761630001943, -0.023477717352999954, 0.999724340534]]}