{"translation": [[2728.7657587000285], [1612.9468764010817], [21.6687315]], "rotation": [[0.8900229858155, -0.45582524562918, -0.00907899206676], [0.45591386269926, 0.8897871944029401, 0.02052550609692], [-0.0012776730766799987, -0.022407410582040002, 0.9997481060236]]}