{"translation": [[2741.3866296000197], [1589.220487399958], [21.744515300000003]], "rotation": [[0.8897847728555, -0.45626059564586, -0.01045622673252], [0.45637249166613997, 0.88940098082846, 0.02626880267916], [-0.0026856408985199997, -0.02814551482284, 0.9996002287662]]}