{"translation": [[2719.2221023999737], [1630.7420439003035], [21.6397953]], "rotation": [[0.88582389003174, -0.46386743594762, -0.01195996706064], [0.46401155133893995, 0.8856800053095001, 0.01625458454008], [0.003052731357519999, -0.01994826212784, 0.9997963531014]]}