{"translation": [[2719.563503000012], [1630.1129330005497], [21.638909100000003]], "rotation": [[0.8861576625944599, -0.46320604755050004, -0.01283536170124], [0.46336994132074, 0.88600564801406, 0.0168012240362], [0.0035897740558000005, -0.02083605436124, 0.99977646118776]]}