{"translation": [[2710.6974434999865], [1645.824056500569], [21.7184928]], "rotation": [[0.86892374545548, -0.49459083523531994, -0.018746282094999806], [0.49490134663532, 0.86873058476798, 0.019488996489500053], [0.006646389222999806, -0.026212012262499952, 0.9996343110875]]}