{"translation": [[2714.7079849999864], [1638.9077056003734], [21.6669887]], "rotation": [[0.879363187839, -0.4759032956563, -0.0153763953317], [0.4760882427053, 0.879314472159, 0.0120847293883], [0.0077695242907, -0.0179473872773, 0.999808744599]]}