{"translation": [[2714.991387600021], [1638.4118675999343], [21.6648423]], "rotation": [[0.8799546403214, -0.47483820001833976, -0.014439437422419803], [0.4750192027381398, 0.87986372280572, 0.01402030242826005], [0.006047361387819808, -0.01919624060853995, 0.9997974463546799]]}