{"translation": [[2741.9195061000064], [1588.2195020997897], [21.7512171]], "rotation": [[0.8897852561127, -0.45624196472106, -0.011201630735479952], [0.45637148968726, 0.88935665937078, 0.027745355778839804], [-0.0026963501809199528, -0.029799513320359808, 0.99955225913292]]}