{"translation": [[2739.376029899984], [1592.9998489003628], [21.7243991]], "rotation": [[0.8898698476451, -0.45612451495721984, -0.009060345515359999], [0.4562093258875798, 0.8895897518059, 0.02243063153616], [-0.0021711699649599983, -0.024093756721440002, 0.99970734564236]]}