{"translation": [[2733.2146164000733], [1604.588409700431], [21.6863777]], "rotation": [[0.8897257388551599, -0.45640172121179995, -0.00925090415028], [0.45648983213028, 0.8894313696023, 0.022997231682459998], [-0.0022679317361999993, -0.0246841726273, 0.9996927268463]]}