{"translation": [[2716.8439457999775], [1635.0954232001677], [21.6504268]], "rotation": [[0.8831513913542399, -0.46893259720943997, -0.01207700805712], [0.46908243253328, 0.8829744322562401, 0.017828022692640003], [0.00230354897136, -0.02140995513488, 0.99976812687384]]}