{"translation": [[2729.1837979999254], [1612.1610470991582], [21.670030800000003]], "rotation": [[0.8900653503401201, -0.4557506884064398, -0.008658256270919998], [0.4558307485448398, 0.8898418311985401, 0.019995683457259997], [-0.001408568652119998, -0.021744164571859997, 0.99976257541742]]}