{"translation": [[2725.7565028999816], [1618.5874959006906], [21.6588035]], "rotation": [[0.88963524086742, -0.45647628994025996, -0.013361218495999999], [0.45666892452825997, 0.88935248208342, 0.02248651107], [0.0016182730068000006, -0.026106446182399996, 0.99965785878]]}