{"translation": [[2716.206572700001], [1636.2365001002327], [21.6525714]], "rotation": [[0.88229099879222, -0.47049342145196, -0.01409074644786], [0.47066975568796005, 0.8821937844284, 0.014287166408520003], [0.00570875167314, -0.019237526186520002, 0.99979864361118]]}