{"translation": [[2723.327437], [1623.1286765001714], [21.640691600000004]], "rotation": [[0.8888413330278, -0.4580336802112198, -0.012892172565259997], [0.4582075698399798, 0.8886359856726, 0.019284280746539997], [0.0026235972683400013, -0.023047957279059998, 0.99973091796924]]}