{"translation": [[2736.006182600104], [1599.3474129997194], [21.702448]], "rotation": [[0.8897484731423, -0.45638915634236005, -0.007521517821079806], [0.45643284787916, 0.88944454558518, 0.02361009040244005], [-0.004085417254520195, -0.024440109758359956, 0.99969294803312]]}