{"translation": [[2738.3893875000067], [1594.854303999804], [21.7163064]], "rotation": [[0.8898995345595, -0.4560608275229, -0.0093461235037], [0.4561527126931, 0.88962077537358, 0.02235148286974], [-0.0018791296243000004, -0.024153833709740002, 0.99970648753308]]}