{"translation": [[2738.9013365000137], [1593.8929601004347], [21.7207872]], "rotation": [[0.88988375768716, -0.4560980321223, -0.009025992714059954], [0.45618203367593996, 0.88960384564076, 0.022426225310899807], [-0.002199000134699953, -0.024074229470059806, 0.99970775521436]]}