{"translation": [[2715.2794038000284], [1637.907185900025], [21.6604854]], "rotation": [[0.880379513164, -0.47409009977003996, -0.013056766491719999], [0.47425374830651995, 0.8802428601246399, 0.01599620124804], [0.00390948441636, -0.02027494851252, 0.99978679846]]}