{"translation": [[2737.418235200108], [1596.6850527999923], [21.7111681]], "rotation": [[0.88978190068646, -0.45629419573524, -0.009152012088459999], [0.45637921576235996, 0.8894807269878, 0.023281556381879995], [-0.00248270156686, -0.024892295710919998, 0.9996870559127]]}