{"translation": [[2709.8379390999908], [1647.2197282994166], [21.7286304]], "rotation": [[0.8626897179011, -0.50518343628998, -0.023583063177759808], [0.50562757206662, 0.8625253775235, 0.019767297595840054], [0.010354879845439808, -0.028977290875359947, 0.99952643443136]]}