{"translation": [[2718.854969899985], [1631.4150221999735], [21.6404381]], "rotation": [[0.8854855282476001, -0.46450368439428, -0.01231681532415995], [0.46465414545404005, 0.8853468006315001, 0.016048838351279807], [0.0034499083996800467, -0.019934073446959806, 0.9997953444797401]]}