{"translation": [[2740.3745509000146], [1591.1197942001745], [21.7319004]], "rotation": [[0.88984725198936, -0.45616645618832, -0.00916666647696], [0.45625353623376, 0.88956369022296, 0.02256428811152], [-0.0021387379220800004, -0.02426109380016, 0.9997033685625599]]}