{"translation": [[2711.355010900006], [1644.7159126996994], [21.7155766]], "rotation": [[0.87198131352368, -0.48928697407004, -0.015711119350119804], [0.48947515959315996, 0.87193710971702, 0.011821092911960051], [0.007915201014519804, -0.01799797493515995, 0.9998066925567001]]}