{"translation": [[2732.7425948000164], [1605.47693709936], [21.6846674]], "rotation": [[0.88981507801134, -0.45623821102426004, -0.008706668443860002], [0.45631159504566005, 0.88950989541102, 0.02349166830382], [-0.0029731298145400003, -0.02487619452798, 0.99968611843932]]}