{"translation": [[2745.1750248000026], [1582.1032592998818], [21.7983282]], "rotation": [[0.8896359339712, -0.45651356651904, -0.011969294056319807], [0.45666501300096, 0.88919181748064, 0.028195266213760048], [-0.0022285234963201946, -0.030549479866239952, 0.999530771384]]}