{"translation": [[2674.929461300024], [1652.8340472001582], [21.7493665]], "rotation": [[-0.48385308966802, -0.8750568923291, -0.01271609057324], [0.8751402402196999, -0.48373096642290003, -0.011575328026600001], [0.003977904012760001, -0.016729120062200002, 0.9998521454841199]]}