{"translation": [[2680.5237098999787], [1655.8012982998043], [21.755691]], "rotation": [[-0.40550754208306006, -0.9140594329930201, -0.00766874997654], [0.9140807990250601, -0.40552926639826004, 0.001459589475420001], [-0.00444405484122, -0.0064179828768600004, 0.99996952947004]]}