{"translation": [[2707.9557148999884], [1650.1808350002393], [21.7153223]], "rotation": [[0.8475135764879, -0.5304719122845599, -0.017896356094319943], [0.53071281448008, 0.84744523419454, 0.013434105829559808], [0.008039765601360056, -0.020883412795079808, 0.9997495912604]]}