{"translation": [[2695.956278699974], [1659.0115242004395], [21.7548457]], "rotation": [[0.05551467003917987, -0.99840717518276, -0.010050777402419999], [0.9983343003620401, 0.0556632910447199, -0.015165980253159999], [0.015701283496819998, -0.00919210421964, 0.9998344737399]]}