{"translation": [[2693.1774702999974], [1659.0082392999902], [21.7605669]], "rotation": [[-0.035062342106499944, -0.9993139357204999, -0.011927673633799854], [0.9993230734612999, -0.034924680374579964, -0.011560316122120138], [0.011135814805000142, -0.012324931471879859, 0.99986203532792]]}