{"translation": [[2675.7734364999924], [1653.3145931996405], [21.7539302]], "rotation": [[-0.47817946010280055, -0.87816113640388, -0.013322473840760001], [0.8782567900744401, -0.4780683230697005, -0.01075895088338], [0.003079040034279998, -0.01684526182094, 0.99985336758606]]}