{"translation": [[2704.1252552000224], [1655.441142999567], [21.7504639]], "rotation": [[0.759924143064, -0.6497785616644801, -0.017410564876639813], [0.64996739877136, 0.7599126110738399, 0.008672614684080069], [0.007595228928479813, -0.017906828650159932, 0.9998108111003999]]}