{"translation": [[2705.2757310000597], [1654.019037200138], [21.7362205]], "rotation": [[0.8048488698718401, -0.5932864101762799, -0.01514989034932], [0.59344165124828, 0.8048243284063201, 0.00920836461208], [0.00672980246132, -0.016401918035919998, 0.9998428310655201]]}