{"translation": [[2689.3392306999885], [1658.6165177999064], [21.7479721]], "rotation": [[-0.14764723855986017, -0.9889579871067601, -0.012737397045599869], [0.9890399853378001, -0.14763787106386017, -0.0016778057322398487], [-0.00022124365776012966, -0.012845519328399849, 0.9999174684310399]]}