{"translation": [[2699.707264799974], [1658.4610054995865], [21.7692495]], "rotation": [[0.31900142018844, -0.94761996057516, -0.015952766228199838], [0.9477381110086, 0.31904897118653996, -0.0004619963676598844], [0.005527510529159838, -0.014971667185899883, 0.99987263979294]]}