{"translation": [[2706.5816980000236], [1652.209526900202], [21.727432800000003]], "rotation": [[0.82913942932238, -0.55881695644476, -0.01585686251486], [0.5589883219988401, 0.82911905325532, 0.00967861337412], [0.007738654141459999, -0.01688872042932, 0.9998274272987]]}