{"translation": [[2697.946099499997], [1658.8397910008207], [21.7704238]], "rotation": [[0.1662290514764, -0.9858889331896001, -0.0197744164334], [0.9860163123550401, 0.16642416495589996, -0.008656947940720002], [0.01182573045428, -0.0180588591044, 0.9997669877220601]]}