{"translation": [[2702.819435400015], [1656.7749615004286], [21.7460829]], "rotation": [[0.6714005791375, -0.7410438102057001, -0.0086804780076], [0.7410867610257, 0.6714014180495, 0.0032504587840000007], [0.0034193530176, -0.008615347102000001, 0.999957040988]]}