{"translation": [[2703.725887699984], [1655.889269599691], [21.752113]], "rotation": [[0.7401381822638, -0.672264075614, -0.016014557796999812], [0.672430611563, 0.7401036315049199, 0.009147105073360072], [0.0057031618939998125, -0.01753880090163993, 0.99982991773388]]}