{"translation": [[2705.5900741000078], [1653.597114100121], [21.733714600000003]], "rotation": [[0.81185551098012, -0.58366063679642, -0.0151937562009], [0.58381571475942, 0.81183582069612, 0.0090427491557], [0.0070569379367000015, -0.0162117601371, 0.999843676995]]}