{"translation": [[2686.53739100002], [1658.004481700249], [21.7477802]], "rotation": [[-0.2382978103616199, -0.9711059399297199, -0.012947859186779875], [0.9711921596778799, -0.23827074280371996, -0.003616924961879842], [0.00042732250217987575, -0.013436762972519842, 0.99990963132366]]}