{"translation": [[2707.629195900052], [1650.6727005001158], [21.7176441]], "rotation": [[0.8438751284498199, -0.53624672356116, -0.01772554056474], [0.53647694659284, 0.84382086255608, 0.01260211949212], [0.008199334900739999, -0.020143959670119997, 0.9997634679059]]}