{"translation": [[2703.9273247999954], [1655.666089400649], [21.7512337]], "rotation": [[0.75011625318444, -0.6610943635170601, -0.01672745990365993], [0.66127197236474, 0.7500941384427, 0.008838592388579813], [0.006704025186540071, -0.017691372941019815, 0.9998210196531]]}