{"translation": [[2703.4088782001054], [1656.221609200351], [21.7547426]], "rotation": [[0.7213338029504601, -0.692402491088, -0.016012005779239998], [0.6925701920737599, 0.7212868202240601, 0.009586516739799999], [0.004911521643799999, -0.018004515750759998, 0.99982584203376]]}