{"translation": [[2703.0790879999986], [1656.5358409006149], [21.7520884]], "rotation": [[0.6960170093423002, -0.7178499194351597, -0.01586952613282], [0.7179927014958798, 0.6960260306607602, 0.005854163223640001], [0.006843193070060002, -0.015468800707719998, 0.9998569332287]]}