{"translation": [[2705.3751686000032], [1653.8878785995767], [21.7333961]], "rotation": [[0.8071461516057399, -0.59017276257894, -0.01453144820555994], [0.59031495389946, 0.8071258479131, 0.008722588966519809], [0.006580872258840063, -0.01561853596027981, 0.9998563663982]]}