{"translation": [[2707.466353799973], [1650.9203137997538], [21.7183347]], "rotation": [[0.84181005857324, -0.539519032022, -0.01658514261008], [0.5397297464459201, 0.8417367342502999, 0.013080466822059999], [0.006903163823600001, -0.0199627627573, 0.9997768923471]]}