{"translation": [[2703.6181850000285], [1656.003580399789], [21.752684]], "rotation": [[0.7345359279764601, -0.67837634885144, -0.01620083832748], [0.6785453727783199, 0.7345026139488, 0.009058394514159998], [0.00575455685996, -0.01764672063112, 0.9998277243131]]}