{"translation": [[2676.544830799976], [1653.7472370006144], [21.760266]], "rotation": [[-0.47156821879764, -0.8817091435304799, -0.014563397612679828], [0.8818268033121198, -0.47146236564804, -0.010218516298480104], [0.00214366406072017, -0.0176611248158799, 0.9998417321463601]]}