{"translation": [[2683.582272599975], [1657.0744952000678], [21.7463004]], "rotation": [[-0.32800142311306035, -0.9446038474084003, -0.011776336369239884], [0.9446680078157602, -0.32802787555336044, 0.00033477075580016277], [-0.004179192079400116, -0.01101492275523984, 0.99993060050814]]}