{"translation": [[2706.4504177999333], [1652.3948125997558], [21.7293192]], "rotation": [[0.82718662507004, -0.5616842588711798, -0.016524427923819748], [0.5618630851047798, 0.8271789126414201, 0.00921391086717987], [0.00849334906941987, -0.016906090419219748, 0.9998210075326199]]}