{"translation": [[2700.1271615999867], [1658.3183160005137], [21.7626079]], "rotation": [[0.3626660579031801, -0.9318691057432, -0.00966767957214], [0.9319047623751999, 0.362698754912, -0.0018140731176000003], [0.0051969346121399996, -0.0083514525816, 0.99995162139118]]}