{"translation": [[2706.311589799996], [1652.5886308001354], [21.7307428]], "rotation": [[0.82521464784038, -0.5645593943922199, -0.01713134247482], [0.56473974923758, 0.82522777187948, 0.008255171176180002], [0.00947672530862, -0.01648703804698, 0.99981916828086]]}