{"translation": [[2681.268199299986], [1656.1383287990466], [21.7513931]], "rotation": [[-0.38815444792519993, -0.9215669510906397, -0.007091636995079999], [0.9215787071354398, -0.3881810866020199, 0.002818272045959999], [-0.00535006657332, -0.005441577000839999, 0.99997088258782]]}