{"translation": [[2706.715880499978], [1652.0193309001625], [21.7262055]], "rotation": [[0.8310686521262, -0.55595426278944, -0.015483404382280002], [0.55612693790412, 0.83102820781596, 0.01072051394784], [0.006907029926240001, -0.01752022169292, 0.9998226516494]]}