{"translation": [[2684.3027459000587], [1657.3308202000335], [21.7442917]], "rotation": [[-0.30767858005474025, -0.95141193115602, -0.0122261716202], [0.9514817050676999, -0.3077055388305002, 0.000341968823399999], [-0.004087412381480002, -0.01152776106564, 0.999925199102]]}