{"translation": [[2706.056510799972], [1652.9463135004044], [21.7306544]], "rotation": [[0.82086226947558, -0.5708732955826799, -0.01699483181613994], [0.57104317432028, 0.8208868707276, 0.007378881654359809], [0.00973842801006006, -0.01576182802915981, 0.99982834917102]]}