{"translation": [[2701.799386299972], [1657.5313882008195], [21.7522758]], "rotation": [[0.55285570901708, -0.8332769644199, 8.480856246009469e-05], [0.8332752908557001, 0.5528547971726, 0.0019505154668998238], [-0.0016722065315399053, -0.001007684670299824, 0.99999809414652]]}