{"translation": [[2704.2197080000187], [1655.3328005997464], [21.7489468]], "rotation": [[0.7646371856163001, -0.64423077760518, -0.017225019493839998], [0.64441527474554, 0.7646281964571, 0.008526229868879999], [0.00767787633192, -0.01761953766056, 0.9998152840023601]]}