{"translation": [[2687.223416300025], [1658.1790654007345], [21.7486434]], "rotation": [[-0.21585726717393994, -0.97632542559462, -0.01393417236884], [0.97642431495846, -0.21582015539993993, -0.004132226919719998], [0.001027122204280001, -0.01449763701084, 0.99989437618616]]}