{"translation": [[2685.077995700005], [1657.585543799214], [21.7422276]], "rotation": [[-0.2845709756062603, -0.95858664427844, -0.0114510573458], [0.9586485748665999, -0.2845926160402603, 0.0002725151005599988], [-0.003520114994440002, -0.0108999894148, 0.9999343973618401]]}