{"translation": [[2678.9559770000633], [1655.0363448001444], [21.7685638]], "rotation": [[-0.4375400207725003, -0.8990928095107601, -0.013813436963319999], [0.89919693953084, -0.43751964045544034, -0.004624833722240003], [-0.0018854954421200004, -0.014444550343840002, 0.9998938943055]]}