{"translation": [[2707.015742800024], [1651.5871764998883], [21.7221577]], "rotation": [[0.83548385457806, -0.5492796997570801, -0.01607945980248], [0.54947821865052, 0.83540875909006, 0.012880268695919997], [0.0063580516999199995, -0.019596569286479997, 0.9997877523065599]]}