{"translation": [[2663.550019700022], [1646.0704230992123], [21.7229442]], "rotation": [[-0.4941242620956997, -0.8693273403761601, -0.010536517833779999], [0.86935990974496, -0.4939673865302797, -0.014470581044639998], [0.00737497537518, -0.016310293131839997, 0.99983977919358]]}