{"translation": [[2740.9610458000097], [1693.178787799552], [21.4073736]], "rotation": [[-0.50805997605514, -0.8613103948840201, 0.00440502261086], [0.86131424816346, -0.50807017576164, -0.0015499162432200003], [0.00357301974278, 0.0030066583578600005, 0.99998909670806]]}