{"translation": [[2664.528195300023], [1646.648560400121], [21.726650600000003]], "rotation": [[-0.4954883134419398, -0.86856304668754, -0.00946381134706], [0.86858100357266, -0.49534390676259976, -0.014193407621419999], [0.007640028080140001, -0.015252754376019998, 0.9998544811394999]]}