{"translation": [[2718.0574903999805], [1678.8539467994124], [21.7379284]], "rotation": [[-0.5709458264378396, -0.8208889011048, -0.012730426877559998], [0.82097392906256, -0.5709571805447397, -0.0030812716163999988], [-0.004739148142199999, -0.012210588771439998, 0.99991421731326]]}