{"translation": [[2727.5831770000514], [1685.0083160996437], [21.660503]], "rotation": [[-0.5048270774062801, -0.8632075844273198, -0.004694347306919826], [0.8632185763873198, -0.5048075555166601, -0.0047717992890201], [0.001749311103080173, -0.006461182225979901, 0.99997759626462]]}