{"translation": [[2751.2364620000008], [1699.5239431001246], [21.1274959]], "rotation": [[-0.5071639597190799, -0.86171875305922, 0.015012859694059825], [0.8618170853550199, -0.5072190485457999, 0.00015983133706009948], [0.007477079664459827, 0.0130194002143399, 0.9998872878922801]]}