{"translation": [[2739.764869000006], [1692.4391126995906], [21.4365018]], "rotation": [[-0.5072452410705001, -0.8617848658274601, 0.005387468099279827], [0.86178975289002, -0.5072612189169, -0.002095701847839901], [0.004538898052639826, 0.003579830055119901, 0.99998329147056]]}