{"translation": [[2746.1115037000272], [1696.363799000159], [21.2824365]], "rotation": [[-0.5114553801330003, -0.8592671144052401, 0.00854665702168], [0.8593058433711201, -0.5114573149251602, 0.0021231271416400008], [0.0025469182951600006, 0.00843007842808, 0.9999612227358]]}