{"translation": [[2758.161392799928], [1703.5511365998536], [20.9000595]], "rotation": [[-0.4667341023229199, -0.88429244263502, 0.013650386648739897], [0.8843893151987801, -0.46660644668681994, 0.011581989689539829], [-0.003872508141139897, 0.017477963883859828, 0.99983974939926]]}