{"translation": [[2755.528112000029], [1702.089076999575], [20.9790919]], "rotation": [[-0.4830088238318797, -0.87550854393004, 0.013686709983479999], [0.8756053635011599, -0.48286893196521974, 0.012365369755739996], [-0.004217100031079999, 0.017956738754459998, 0.9998298713319]]}