{"translation": [[2742.767842800007], [1694.2851164005697], [21.3623652]], "rotation": [[-0.5090410999636797, -0.8606959035026399, 0.0089205960643999], [0.8607118434853599, -0.5090827915207198, -0.0031129809108001736], [0.007220652630000097, 0.006093427597999826, 0.9999553651596]]}