{"translation": [[2746.6731952999835], [1696.7091250997037], [21.272499300000003]], "rotation": [[-0.5117359084679997, -0.8591090216169999, 0.007611327567399826], [0.8591322471309999, -0.5117533574304997, -0.00040797491259990165], [0.004245617822599825, 0.0063303617725999, 0.9999709502015]]}