{"translation": [[2665.4933512000134], [1647.2201699996367], [21.7300406]], "rotation": [[-0.49704137360499967, -0.8676879605709998, -0.008228489394999998], [0.8676909402537999, -0.4969119627940197, -0.013826259304059996], [0.007908043946599998, -0.014012006458939998, 0.99987055488998]]}