{"translation": [[2726.386435099994], [1684.2773735988885], [21.6770647]], "rotation": [[-0.5072418928038397, -0.861783774872, -0.00586034450752], [0.8618033887164799, -0.5072357661071997, -0.00259862737136], [-0.0007331215264000002, -0.0063685975527999995, 0.9999794515375999]]}