{"translation": [[2661.710615200107], [1644.988460299559], [21.7102491]], "rotation": [[-0.4910079222004201, -0.8711166572343001, -0.008195168189239899], [0.8711243023913, -0.4908895424937001, -0.013041387821399828], [0.007337647850759899, -0.013542433384599827, 0.9998813736817199]]}