{"translation": [[2662.6371438999777], [1645.5323255993426], [21.7187169]], "rotation": [[-0.4926028536244803, -0.8701995994942, -0.0097390808058], [0.8702217481158001, -0.4924572052680003, -0.014134148815000002], [0.0075034499458, -0.015437684301000001, 0.9998526772075199]]}