{"translation": [[2747.7331205999944], [1697.3674182994291], [21.2425188]], "rotation": [[-0.5122622985352201, -0.85879067472508, 0.008128213747720001], [0.8588150626265201, -0.5122851473852201, -0.0008771149871199995], [0.004917220687880001, 0.0065313191727200005, 0.99996658084856]]}