{"translation": [[2724.588987400057], [1683.1651662997901], [21.7098935]], "rotation": [[-0.5121447828819402, -0.8588225007511401, -0.011472561664999999], [0.8588962738303001, -0.5121318119451402, -0.004264281313639999], [-0.00221320311436, -0.012037669967799999, 0.99992509531116]]}