{"translation": [[2757.453889299999], [1703.1449672002345], [20.9275045]], "rotation": [[-0.4687457092400801, -0.88309221874212, 0.02063238622888], [0.88331443208412, -0.46876016755026007, 0.0044296147156800015], [0.0057598816208800025, 0.02030124655632, 0.9997773167898201]]}