{"translation": [[2756.258764200029], [1702.5090760001913], [20.9585605]], "rotation": [[-0.4764683049526802, -0.8791079330236202, 0.012128511400260002], [0.8791634357275802, -0.4762973006102802, 0.01457528869174], [-0.007036474509660001, 0.017607607892860002, 0.99982021391804]]}