{"translation": [[2757.1961673999904], [1702.9966521998867], [20.936615]], "rotation": [[-0.47073416924793976, -0.8819775995321398, 0.022904881470119896], [0.8822358994687799, -0.47079898483953975, 0.0028127072300398286], [0.008302852530840102, 0.021531547946519826, 0.9997336920613601]]}