{"translation": [[2751.728683900088], [1699.8334079002962], [21.107977]], "rotation": [[-0.5055065471493797, -0.8626911803486998, 0.015068629437419826], [0.8628173869802997, -0.5054879993529997, 0.0052957237433001], [0.0030484371475798253, 0.0156784984626999, 0.9998724377226199]]}