{"translation": [[2729.364422600018], [1686.1007377998903], [21.630625]], "rotation": [[-0.5036323966657797, -0.86389469333922, -0.006359882092], [0.8639179090217799, -0.5036235737857797, -0.0030368815271999993], [-0.0005794405271999999, -0.007023887692, 0.99997516431744]]}