{"translation": [[2730.582420699997], [1686.834722799249], [21.612606600000003]], "rotation": [[-0.5027676682713598, -0.8644143563163199, -0.00355764657456], [0.8644146515246399, -0.5027427303980997, -0.006100964890579999], [0.0034851806900799997, -0.00614264904606, 0.9999750603795]]}