{"translation": [[2756.5772839000565], [1702.6808907007799], [20.950446300000003]], "rotation": [[-0.47431264180849986, -0.8802476005454399, 0.01384270125792], [0.88034350964496, -0.4741618213131399, 0.012876842180159997], [-0.00477112880928, 0.018293981866559998, 0.9998212673024001]]}