{"translation": [[2755.1675714000594], [1701.8799459999427], [20.9918931]], "rotation": [[-0.4852684084465797, -0.87426031088398, 0.013552967039299826], [0.87436392857602, -0.4851813189833797, 0.0093279387643001], [-0.0015794010353001745, 0.016376777751699895, 0.99986464417004]]}