{"translation": [[2758.8407402000157], [1703.9148874999955], [20.8792573]], "rotation": [[-0.46740466004372017, -0.8838865638007202, 0.016646935989960004], [0.8840428169425202, -0.4673015876482002, 0.009859938699440001], [-0.0009359260826400009, 0.01932518852116, 0.99981281302652]]}