{"translation": [[2752.2136895000585], [1700.1322134006768], [21.0885758]], "rotation": [[-0.5030713588705001, -0.8641077854932, 0.015393014471899901], [0.8642448772952, -0.5029906558331201, 0.009010780974639827], [-4.374355909989979e-05, 0.017836399715359826, 0.99984091781238]]}