{"translation": [[2758.953434999974], [1703.9764354005456], [20.8754863]], "rotation": [[-0.4675137552490003, -0.8838423609841002, 0.0159200825496999], [0.8839850698777001, -0.46741560090162027, 0.009640109984739829], [-0.001079042008099899, 0.01858000046425983, 0.99982679461838]]}