{"translation": [[2749.2670725000207], [1698.3147202003747], [21.1914107]], "rotation": [[-0.5118777124812999, -0.85891073027586, 0.01592306634652], [0.8590285784060999, -0.5119262785712998, 0.0011687382258000001], [0.007147594454199998, 0.01427662020348, 0.99987253688024]]}