{"translation": [[2736.10970239999], [1690.2010272005573], [21.5130218]], "rotation": [[-0.5047112014318801, -0.8632869067617799, -0.0014782188294601727], [0.8632831545418198, -0.50470168975908, -0.0042737346134599005], [0.002943399659259826, -0.0034331234903400994, 0.99998977497804]]}