{"translation": [[2726.9603658000124], [1684.6264730999246], [21.6680887]], "rotation": [[-0.5061220581800997, -0.8624509296737598, -0.004350382709279999], [0.8624608904164798, -0.5061073013805597, -0.0040843227011599995], [0.0013207675278399996, -0.00581920052772, 0.9999821960811001]]}