{"translation": [[2757.9328473000205], [1703.4276684001088], [20.9067154]], "rotation": [[-0.4673527477978001, -0.88397936806882, 0.012723460400459725], [0.8840603615520201, -0.4672283865809801, 0.011615179528139931], [-0.004322817186060068, 0.016676693065739726, 0.99985158956718]]}