{"translation": [[2717.5323141000117], [1678.4753272002563], [21.7449472]], "rotation": [[-0.5806042928197795, -0.8140621470474199, -0.01419073699875982], [0.8141401515596198, -0.5806681432448996, 0.0004713255612399086], [-0.00862379791635982, -0.011279595464839908, 0.99989919533388]]}