{"translation": [[2666.3704897999996], [1647.7416474008933], [21.7328228]], "rotation": [[-0.49851136981300015, -0.86684856213658, -0.00773379333506], [0.8668465060489001, -0.4983885820307401, -0.01363023612458], [0.007960916305299999, -0.013498840977699999, 0.9998771950043]]}