{"translation": [[2713.782667900028], [1630.6026489008218], [21.7322578]], "rotation": [[-0.8962497724377999, 0.44324299575985987, 0.016501494193779803], [-0.44348026127521983, -0.8961483481172999, -0.015610996287140048], [0.007868320028139808, -0.021309435835779954, 0.99974196547214]]}