{"translation": [[2712.957376700011], [1674.6113681001589], [21.8077791]], "rotation": [[-0.6982738280783998, -0.71563704304624, -0.016651129372719738], [0.71582413655248, -0.6981783138579998, -0.011950901942359891], [-0.003072949438159894, -0.020264282577319735, 0.9997899358517599]]}