{"translation": [[2706.7002064000117], [1662.915850199759], [21.764160600000004]], "rotation": [[-0.97026862801236, -0.24202550080304, -0.0015504833356000001], [0.2420098179316, -0.97008226046586, -0.01927727939054], [0.00316149683696, -0.0190793720291, 0.99981297375894]]}