{"translation": [[2715.1160492000636], [1676.582229300402], [21.7837099]], "rotation": [[-0.6298228072718799, -0.7766210863176998, -0.01353167157757982], [0.7766978133966999, -0.6298731863931598, -0.0006798104693000878], [-0.007995280717579819, -0.010938179199699912, 0.99990821165372]]}