{"translation": [[2707.020572700014], [1664.1443115994334], [21.7668099]], "rotation": [[-0.9587361595353, -0.2842959900733, -0.0008577220672999716], [0.28424744612534003, -0.9585072399297001, -0.0216154952883798], [0.005323065857619972, -0.0209673625804998, 0.99976598995596]]}