{"translation": [[2715.6046523000114], [1676.974984800443], [21.7760081]], "rotation": [[-0.6179879907173196, -0.7861292672171198, -0.0095595389904], [0.7861716904451199, -0.6180068046008196, -0.0011953404926999993], [-0.0049681690487999985, -0.008254145679899998, 0.9999535921075]]}