{"translation": [[2709.435182400106], [1639.703679700382], [21.7597252]], "rotation": [[-0.9337698395898598, 0.3577462013878, 0.00958025551294], [-0.35786140854044, -0.9336297520653598, -0.0164601807178], [0.003055843671699999, -0.01879842185956, 0.99981862414014]]}