{"translation": [[2706.8488149999757], [1663.5345860989764], [21.7653709]], "rotation": [[-0.9648162188730401, -0.26288152065852, -0.00480535616296], [0.26292485930436005, -0.9646146392971402, -0.01972910421228], [0.0005511001463200005, -0.02029840608276, 0.99979381424966]]}