{"translation": [[2705.900051400007], [1655.435358799994], [21.7775235]], "rotation": [[-0.9999159544656001, -0.008043015016160001, 0.010163240919280002], [0.00786041799632, -0.9998091829588001, -0.017880409867639998], [0.010305114529040002, -0.01779902069108, 0.99978847736216]]}