{"translation": [[2720.417288800003], [1618.104341599159], [21.7015067]], "rotation": [[-0.8902066353236998, 0.45549151214078, 0.007711553283639999], [-0.45555048316894, -0.8901558149912998, -0.00980926025372], [0.00239644964188, -0.012245271327559999, 0.99992215214616]]}