{"translation": [[2708.650870500016], [1641.7424175990745], [21.759209]], "rotation": [[-0.9467728512954598, 0.32172139961742, 0.010805290077519802], [-0.32184382014081997, -0.9467084823061798, -0.012643186867680033], [0.006161874926879802, -0.015447840147279967, 0.99986168820972]]}