{"translation": [[2706.5831515999744], [1649.0269030993804], [21.7638714]], "rotation": [[-0.9851693280102801, 0.17140221805968, 0.00789386059824], [-0.17150664263472, -0.9850634949641801, -0.015330384325139999], [0.00514829322096, -0.01645687684866, 0.9998513220745401]]}