{"translation": [[2705.9314374000533], [1654.2122630998492], [21.7813074]], "rotation": [[-0.9995703104324998, 0.0280168297717, 0.008635070963399999], [-0.0281816019051, -0.9994109884561798, -0.01959046046708], [0.008081120903799999, -0.019825389700919998, 0.99977079845532]]}