{"translation": [[2714.9081638000207], [1628.4362233001739], [21.7139573]], "rotation": [[-0.8939698518739201, 0.44793332281063997, 0.013170682631600001], [-0.44809552476536, -0.8938689203993802, -0.0144422457842], [0.0053037015772000005, -0.0188126578094, 0.9998089590707]]}