{"translation": [[2706.0452409000136], [1658.632241299376], [21.762985600000004]], "rotation": [[-0.9944882907153999, -0.10373677331151979, 0.01522731039704], [0.10354522784727979, -0.9945415211144999, -0.012872375940459998], [0.01647953000144, -0.011224710918860003, 0.9998011957237399]]}