{"translation": [[2713.4326799000264], [1631.28212690074], [21.734586]], "rotation": [[-0.8970504264297999, 0.44162298877073997, 0.01643056577522], [-0.44184955892466, -0.89697287056274, -0.014454480303059998], [0.00835433902702, -0.020226233261459996, 0.9997605235979]]}