{"translation": [[2709.1752758999937], [1669.5789662003517], [21.7929714]], "rotation": [[-0.8721629003864402, -0.4891311561936201, -0.00908948202062], [0.4892091082701801, -0.8719050314055402, -0.02135640522338], [0.0025209181275800004, -0.02307292134218, 0.99973060635206]]}