{"translation": [[2711.038327999995], [1672.4474464999512], [21.803474]], "rotation": [[-0.7796748458745001, -0.6260121952909999, -0.01469345498789981], [0.626176947873, -0.7795667135326801, -0.013349182160600066], [-0.0030977774278998105, -0.019608724049399933, 0.99980293144182]]}