{"translation": [[2714.2058566000196], [1675.8095161998644], [21.7994007]], "rotation": [[-0.6552193938634, -0.75516434933008, -0.02036336725055982], [0.7553654148704, -0.65529348606466, -0.003721891002420083], [-0.01053333957359982, -0.017820436466099918, 0.9997857174627]]}