{"translation": [[2708.4208479999797], [1642.3974168002605], [21.764454500000003]], "rotation": [[-0.9507527059508802, 0.30966796495916, 0.0132378776482], [-0.30983764601684, -0.9506923246156203, -0.013599074272400001], [0.008373949923400001, -0.0170309479588, 0.9998198956775]]}