{"translation": [[2714.6723813000135], [1676.2162557998672], [21.7913544]], "rotation": [[-0.6413717163786001, -0.76702918935988, -0.017569126150639998], [0.76715552941256, -0.6414608354408401, -0.0007213796094799997], [-0.01071658600052, -0.013940924170639999, 0.9998453907629999]]}