{"translation": [[2706.850418100017], [1647.73195350077], [21.7644013]], "rotation": [[-0.9796311249932999, 0.2007837901571, 0.002898536852599801], [-0.20080434947425999, -0.9795546854316998, -0.01224354748532002], [0.00038096975667980095, -0.01257620105419998, 0.99992084387516]]}