{"translation": [[2707.7423907999764], [1666.3911763001233], [21.7724606]], "rotation": [[-0.9323662064857801, -0.36149592169812, -0.0037616440910799628], [0.36150094238187996, -0.93218485474248, -0.018672428734319804], [0.003243459211079963, -0.018769377545679804, 0.99981857877174]]}