{"translation": [[2710.3452380999806], [1637.604590099305], [21.7529238]], "rotation": [[-0.9206374353882001, 0.3901764948487, 0.013761426837699962], [-0.39035443724342, -0.9205544613227401, -0.014256875069499806], [0.007105443364060042, -0.018497243847579805, 0.9998036630667]]}