{"translation": [[2718.3845704999985], [1621.8970991000533], [21.6999802]], "rotation": [[-0.89043463252944, 0.455019873617, 0.009127872332199805], [-0.4550998127522, -0.89037605387152, -0.010718272495720048], [0.0032502111709998053, -0.013698012481719953, 0.9999008953860801]]}