{"translation": [[2708.658608299971], [1668.5520075000823], [21.7866183]], "rotation": [[-0.8953966339089, -0.44524811495518, -0.00440157000446], [0.44523741352886004, -0.8951682668691601, -0.02092389167138], [0.00537617743162, -0.020694921536539998, 0.9997713823599]]}