{"translation": [[2712.706523599976], [1632.693077900447], [21.7367871]], "rotation": [[-0.8999593368123399, 0.43577268401001995, 0.01324947103682], [-0.43592842827562, -0.8998891824877199, -0.012886162482619997], [0.00630761707778, -0.017372841825219996, 0.99982918458638]]}