{"translation": [[2707.731483800104], [1644.4450696995482], [21.775389]], "rotation": [[-0.96265429130962, 0.27067974501148, 0.0054240705413], [-0.27073398229948004, -0.96247817640612, -0.0184146742346], [0.0002360698661000001, -0.0191954431942, 0.9998157226475]]}