{"translation": [[2711.649592300062], [1634.8238412998617], [21.742855]], "rotation": [[-0.9075085095706, 0.4197935040988999, 0.014189437984899956], [-0.4199691878917398, -0.9074421722657999, -0.013198727410819807], [0.007335356536180046, -0.017937087279699806, 0.99981220907084]]}