{"translation": [[2716.0323213000083], [1626.3026053002104], [21.704188100000003]], "rotation": [[-0.8919004826796998, 0.4521037954935, 0.010753373480199953], [-0.45221628217241994, -0.8918140858811398, -0.012962187686999804], [0.0037297558884400463, -0.016423832434919804, 0.9998581632638]]}