{"translation": [[2714.16460790002], [1629.8638402996585], [21.725835]], "rotation": [[-0.8954533691000401, 0.44488901005192005, 0.015407390654880001], [-0.44510367550992, -0.8953414836148201, -0.01570671605998], [0.00680712856712, -0.02092251459198, 0.99975792641478]]}