{"translation": [[2742.9386412000167], [1600.6938340999186], [21.6313749]], "rotation": [[0.88904778599152, -0.4577262417524399, -0.0089842370154], [0.45780960210755994, 0.8887773705491799, 0.022026086461799998], [-0.0020969314913999995, -0.023695313416199997, 0.9997170274567]]}