{"translation": [[2719.640009500028], [1644.5144019993022], [21.6151686]], "rotation": [[0.9110733716252001, -0.4121762989277998, -0.007483746653799999], [0.4122346047334798, 0.91102603232094, 0.009705433434899999], [0.0028175382923600013, -0.011927421352019999, 0.9999248962271]]}