{"translation": [[2749.601408699993], [1588.278602800332], [21.6610069]], "rotation": [[0.88813711139032, -0.4594939463351998, -0.008819026671599802], [0.4595708260967998, 0.8878472170040002, 0.022846566775200045], [-0.0026679113244001923, -0.024343851256799953, 0.99970008459032]]}