{"translation": [[2725.163234699983], [1633.9033177997917], [21.563532]], "rotation": [[0.8913942310728601, -0.45322086558154, -0.0026792996952399997], [0.45316797315734, 0.89116221786438, 0.02164939734548], [-0.00742426762756, -0.020512320748119997, 0.99976203416748]]}