{"translation": [[2721.2324355000164], [1616.5755567997694], [21.7055852]], "rotation": [[-0.8905447725149601, 0.45484989839748, 0.00646596080976], [-0.45489244121124006, -0.8905031882977601, -0.00878459620268], [0.0017622855244800012, -0.01076439173236, 0.9999405093442401]]}