{"translation": [[2722.7063991000177], [1638.5523617006838], [21.5713142]], "rotation": [[0.89380403739974, -0.44844966773989997, -0.0026879715426600006], [0.44840784573566, 0.8935991824948399, 0.0202704677109], [-0.006688315912499999, -0.01932313335066, 0.99979091960374]]}