{"translation": [[2720.9906306000194], [1641.8227084996179], [21.584412]], "rotation": [[0.8974533084042801, -0.44110728908706004, -0.0013910832135399548], [0.44109511035234, 0.89739414812782, 0.010902426457979805], [-0.003560789448859955, -0.010398018738179806, 0.9999395991731]]}