{"translation": [[2722.4010087000206], [1639.1275977008045], [21.5728977]], "rotation": [[0.89423810044542, -0.44757932254928, -0.00331063851666], [0.44755987939392006, 0.89406232231872, 0.01851239424304], [-0.00532584809774, -0.01803619721664, 0.99982314982014]]}