{"translation": [[2750.083057400014], [1587.3854160998017], [21.6664563]], "rotation": [[0.8880881426958, -0.45959296990294, -0.008588595629219951], [0.4596649279054201, 0.88780493961894, 0.02259545144733981], [-0.0027597124473399516, -0.024014628629219808, 0.9997077981231]]}