{"translation": [[2740.788609099982], [1604.715331800282], [21.6192083]], "rotation": [[0.8892804724316, -0.4572625599492, -0.0095496696208], [0.45736124496743996, 0.8890404313564001, 0.02068348598592], [-0.0009677411820799998, -0.0227610689424, 0.99974046493376]]}