{"translation": [[2721.626920700015], [1615.8351916996762], [21.7070349]], "rotation": [[-0.8906962609806401, 0.45455791106708, 0.0061328459578], [-0.454597325329, -0.8906509450792002, -0.009083031614200002], [0.0013334605089200002, -0.010878195894440001, 0.9999399415704]]}