{"translation": [[2742.4916149000055], [1601.5283072004095], [21.6279076]], "rotation": [[0.88912990393862, -0.45757244515705997, -0.008688299891399805], [0.45765199407194, 0.88889604754478, 0.020456886694200045], [-0.0016375115238001937, -0.022165047354599954, 0.9997529841244]]}