{"translation": [[2739.948354400054], [1606.2889681002125], [21.6147825]], "rotation": [[0.8892081339851, -0.45741323763141994, -0.00905547138804], [0.45750132818278, 0.8889796424999, 0.02019175456044], [-0.0011858471696400003, -0.02209756277916, 0.99975511573336]]}