{"translation": [[2730.7166508000228], [1623.4607459008694], [21.5587771]], "rotation": [[0.8894180138106201, -0.45703234742131976, -0.007552051672719998], [0.4570870062170798, 0.8891854683051201, 0.02051036504612], [-0.002658725524879998, -0.021694232813720002, 0.9997611171917401]]}