{"translation": [[2727.8350608000183], [1628.8590569002554], [21.5597314]], "rotation": [[0.89035790548824, -0.4552317989625198, -0.005175500683399998], [0.4552423054833998, 0.8901597649539, 0.019235710858099997], [-0.004149685787479998, -0.019482774119859998, 0.9998015811038999]]}