{"translation": [[2720.1567862000666], [1643.4500887002796], [21.6035389]], "rotation": [[0.90418617112824, -0.4270943102466, -0.00614983220788], [0.42713739647788, 0.9041238913706999, 0.01066001524734], [0.0010073784305999998, -0.012265461669099998, 0.9999242689526999]]}