{"translation": [[2745.5571431000135], [1595.8021069997922], [21.6399875]], "rotation": [[0.8887922458990201, -0.45821904436493976, -0.009147320381479997], [0.4583074603275398, 0.8885388917153401, 0.02128220448324], [-0.0016241603986799974, -0.02310774330884, 0.99973166117532]]}