{"translation": [[2731.476260000025], [1622.047775500454], [21.5664719]], "rotation": [[0.8890394239079, -0.4577482428203998, -0.008685579331799996], [0.45782038506119976, 0.8887325552147801, 0.02355696612756], [-0.003064003248599997, -0.024919506928439996, 0.99968476532912]]}