{"translation": [[2727.1240772000165], [1605.4372014012188], [21.726174800000003]], "rotation": [[-0.8956282641898399, 0.44474906896547983, 0.006943028916959804], [-0.4448005438316398, -0.8955682286571399, -0.010485782812520045], [0.0015544141276798065, -0.012479626935639953, 0.99992091822566]]}