{"translation": [[2724.5257221999927], [1635.1061177998781], [21.5672926]], "rotation": [[0.8917334923740601, -0.45255269755998, -0.0027251610439199534], [0.45249994358178, 0.8914983808719801, 0.021781412647119806], [-0.007427760767279953, -0.020656350345679805, 0.9997590427410801]]}