{"translation": [[2739.11256290006], [1607.8505426999182], [21.6110872]], "rotation": [[0.88897860468876, -0.45785249972206005, -0.0093876666599], [0.4579477309157, 0.88874702827596, 0.02031243116794], [-0.0009568365680599992, -0.022356377368699998, 0.99974960707836]]}