{"translation": [[2747.773312199977], [1591.6710055004805], [21.6513951]], "rotation": [[0.88847727851288, -0.45880372109272005, -0.01035590112664], [0.45891962359048, 0.8882031036808801, 0.02209070484776], [-0.0009371553997599997, -0.02437961584136, 0.9997023336977601]]}