{"translation": [[2721.828669600014], [1640.2247427003458], [21.5728814]], "rotation": [[0.89494693777814, -0.44617223955895996, -0.0005710120101599997], [0.44612599136535996, 0.89483420684222, 0.01559990241972], [-0.0064492818242399995, -0.01421582829708, 0.9998781510799201]]}