{"translation": [[2720.436001299997], [1642.894341999665], [21.5965848]], "rotation": [[0.90141631573574, -0.43291789651435997, -0.00554182496902], [0.43295303916908, 0.9013575108012001, 0.010309937550040001], [0.0005318088589400002, -0.01169289594628, 0.9999314943323]]}