{"translation": [[2730.3279059000197], [1624.185701499693], [21.5563922]], "rotation": [[0.8895006521516001, -0.4568751594887198, -0.007325843930159998], [0.45692857320823976, 0.8892986381362401, 0.019084043099279996], [-0.002204162656079997, -0.020322656255759998, 0.9997910438136]]}