{"translation": [[2726.796281900024], [1630.8176734000444], [21.5634472]], "rotation": [[0.8907990603891001, -0.45437772885789995, -0.0042303210508], [0.45436081998878, 0.89057054680926, 0.0209840050004], [-0.00576726602296, -0.02061462404872, 0.999770861688]]}