{"translation": [[2746.4455594000174], [1594.1460600998253], [21.6410034]], "rotation": [[0.8886434471006001, -0.45851824597791996, -0.00859420812584], [0.45859497967768, 0.8884037187663, 0.020724273667060002], [-0.0018673302886400003, -0.02235775055614, 0.99974829037574]]}