{"translation": [[2733.041712699982], [1619.14713429939], [21.5715274]], "rotation": [[0.8884433919491, -0.45895753838838, -0.00513157581066], [0.4589602356135, 0.88821858250844, 0.020573469712380003], [-0.0048843873129, -0.020633552454300003, 0.9997751743795]]}