{"translation": [[2722.1246292000287], [1639.655475200154], [21.5727448]], "rotation": [[0.8945562395506801, -0.44695091243624, -0.002009070242000148], [0.44691909029576, 0.89441715839582, 0.01677181364349976], [-0.00569922977559976, -0.01590122247169985, 0.9998573247875]]}