{"translation": [[2717.3976954000536], [1652.0277581997216], [21.6688534]], "rotation": [[0.9974769511193601, -0.0698570901745598, -0.012638010441439996], [0.07019050950703978, 0.9971347114700001, 0.028207445416279998], [0.01063130898416, -0.029023344984919996, 0.9995221962444001]]}