{"translation": [[2723.7277985999826], [1667.5267636999488], [21.6183958]], "rotation": [[0.700440743919, 0.71370545657558, -0.002692197002060001], [-0.7136420343009799, 0.7004207952921201, 0.01121244000506], [0.009888050829859999, -0.005932384541740001, 0.99993351441788]]}