{"translation": [[2759.827779599931], [1704.423301300034], [20.8924336]], "rotation": [[-0.5296871444255998, -0.8480838266232799, 0.013615468538959901], [0.8481927357571998, -0.5296338117435399, 0.007558928428279825], [0.0008006074180000981, 0.015552408504199824, 0.9998787334571]]}