{"translation": [[2757.12877760001], [1702.7984712999314], [20.9997511]], "rotation": [[-0.48666945602276, -0.8734540608883199, 0.01518453076944], [0.8735790712929599, -0.48666147109906, 0.00446594117458], [0.00348893334912, 0.015438327284659999, 0.99987473484014]]}