{"translation": [[2718.643064300006], [1659.625421100296], [21.6279744]], "rotation": [[0.9275640004022, 0.3735436713547, 0.0094940412583], [-0.37365830681942, 0.92739360943574, 0.0179038811581], [-0.0021168309820600007, -0.02015452322758, 0.9997946360030999]]}