{"translation": [[2759.5413912999793], [1704.2409177999943], [20.9065456]], "rotation": [[-0.51886383625248, -0.8547601245194401, 0.0128624061646399], [0.85485621887464, -0.5188236217284, 0.006548825822279826], [0.001075645009440098, 0.014393456840119827, 0.9998958302680799]]}