{"translation": [[2738.932597599982], [1678.63354120031], [21.5178319]], "rotation": [[0.5431440174600801, 0.8391320173655198, 0.0291893024264], [-0.8395932978864799, 0.5431506670488802, 0.008392179423200002], [-0.008812042224800004, -0.0290653051496, 0.99953867155296]]}