{"translation": [[2718.4221725000534], [1659.0484964000061], [21.635197]], "rotation": [[0.93786808950936, 0.34692326105664, 0.00690660130304], [-0.34699122352064, 0.9376379917948799, 0.02078679097968], [0.0007355293209600003, -0.02189179794832, 0.99976007531448]]}