{"translation": [[2727.3144890000112], [1670.70882399939], [21.646300600000004]], "rotation": [[0.60481284087806, 0.79628278575834, 0.01162639248192], [-0.79636288825242, 0.6046942277555001, 0.01229070900144], [0.00275646720816, -0.016692406010879998, 0.9998568724960001]]}