{"translation": [[2733.168608499982], [1674.8518415996805], [21.5766934]], "rotation": [[0.5407769585351, 0.84094974555538, 0.01907370208834], [-0.8411577113488999, 0.54073338293996, 0.007817464808380001], [-0.0037396924063, -0.0202714964443, 0.9997875179919]]}