{"translation": [[2717.6423470000154], [1656.3406004002318], [21.6491894]], "rotation": [[0.97989650142912, 0.1993921609276, -0.00675361014232002], [-0.1991574881524, 0.9796231150354999, 0.0259777979113998], [0.011795762042319979, -0.0241105211913998, 0.99963970646462]]}