{"translation": [[2724.247184299922], [1668.041834499687], [21.6214045]], "rotation": [[0.68251947009788, 0.7308644483241199, -0.0020918766129599995], [-0.7308281477636799, 0.68250965891468, 0.008415982440360001], [0.007578667969559999, -0.00421526986176, 0.99996239694156]]}