{"translation": [[2717.9813246999984], [1648.7704459009692], [21.6532751]], "rotation": [[0.9665757933467, -0.25605644983771997, -0.01289714131506], [0.25621162324204, 0.96654260404796, 0.01228839791292], [0.00931911333102, -0.015182065211639999, 0.9998413169355]]}