{"translation": [[2728.672727999976], [1671.7460423000157], [21.6383751]], "rotation": [[0.5810560537825401, 0.81373865281042, 0.01425710053825982], [-0.81386233722974, 0.5809359303683, 0.011896994418620091], [0.0013985822894201768, -0.01851613781365991, 0.9998275834398]]}