{"translation": [[2757.772943500022], [1703.1680479003116], [20.979025]], "rotation": [[-0.4884180727477797, -0.87245950731454, 0.016186455476], [0.87259196608846, -0.4884422210012197, 0.0026952716379999974], [0.005554634306799998, 0.0154405915624, 0.999865358012]]}