{"translation": [[2753.751605600002], [1700.8314572004601], [21.0990201]], "rotation": [[-0.49316899915953993, -0.86978118930908, 0.01628171939943983], [0.86992920222044, -0.49313943180113995, 0.006062781543680101], [0.002755864043919828, 0.0171539185033599, 0.99984906275936]]}