{"translation": [[2722.2459705999936], [1665.8613999001682], [21.6337696]], "rotation": [[0.76114425100728, 0.64852426602636, 0.00870039100924], [-0.64854729324524, 0.76089428983062, 0.02064653453898], [0.0067697011023599984, -0.02135760611978, 0.9997489803938999]]}