{"translation": [[2758.3016857000184], [1703.4883385002613], [20.9579834]], "rotation": [[-0.4927106851837, -0.87010282402744, 0.012534749234319999], [0.87019309046216, -0.49266240570015996, 0.006899488324640001], [0.00017213601752000002, 0.01430710476304, 0.9998976333171]]}