{"translation": [[2721.8197772000567], [1665.3234748002142], [21.6329319]], "rotation": [[0.7802471779958, 0.62542346836778, 0.00773396385154], [-0.6254270523467, 0.7799853011823601, 0.02153879918278], [0.0074384927881, -0.0216426174973, 0.999738098663]]}