{"translation": [[2719.357882499986], [1661.3014544006437], [21.62395]], "rotation": [[0.8945196668235801, 0.4469891057924798, 0.005942882741819998], [-0.4470259256903198, 0.89438917036508, 0.015357297839519998], [0.0015492944059799984, -0.016394027542319996, 0.99986440858966]]}