{"translation": [[2759.2916152000544], [1704.0857965992764], [20.9190463]], "rotation": [[-0.5105161154820997, -0.8597762256684799, 0.0125727786857599], [0.85986784717888, -0.5104736036300798, 0.006627408407359824], [0.000719983733440099, 0.014194327370559826, 0.9998989962439799]]}