{"translation": [[2759.46033099998], [1704.1901702005416], [20.9104953]], "rotation": [[-0.5160907378225797, -0.8564411253680999, 0.01259860809382], [0.8565332192935, -0.5160514818884997, 0.0064411262319], [0.000985085982179999, 0.014115333458499999, 0.99989988846492]]}