{"translation": [[2756.098345700011], [1702.20245990064], [21.0288865]], "rotation": [[-0.48883938705609997, -0.8722582977551598, 0.014201056460379897], [0.8723720360653999, -0.48880715454119994, 0.005894972587399829], [0.0017996384161001007, 0.015270298227879828, 0.99988178266526]]}