{"translation": [[2719.665953800024], [1661.8858532002196], [21.618099]], "rotation": [[0.88161507865206, 0.4717890582816, 0.01303580243794], [-0.47191695218744, 0.88159197183756, 0.009485778552], [-0.007016972107500001, -0.01451462167544, 0.9998700354816601]]}