{"translation": [[2754.10951390001], [1701.0408972995356], [21.0902792]], "rotation": [[-0.4928100069894402, -0.8699964300070401, 0.015631675707199828], [0.8701318458448001, -0.49278857069224014, 0.005462228798960102], [0.002950992567039827, 0.0162934610115999, 0.99986289797976]]}