{"translation": [[2737.2358012999757], [1677.5190762998536], [21.5450015]], "rotation": [[0.5394243104866402, 0.8416044300292796, 0.026895333390639993], [-0.8420062179441598, 0.5393910319728001, 0.00909977554992], [-0.00684868939832, -0.027554678854559995, 0.9995968362764]]}