{"translation": [[2727.9581146999844], [1671.2072978001088], [21.6428964]], "rotation": [[0.59310890729328, 0.8050181051620401, 0.01294789465212], [-0.80511912362364, 0.5929852813809601, 0.012313665507640001], [0.002234813214919999, -0.017727942465240003, 0.99984035008368]]}