{"translation": [[2722.726760700054], [1666.437365300022], [21.6264888]], "rotation": [[0.7397517336279, 0.67286263844176, 0.004818532897979928], [-0.67283011774056, 0.73959094729308, 0.017459645014239814], [0.008184200102619927, -0.016157856664559815, 0.99983595780582]]}