{"translation": [[2755.485677800025], [1701.852651999332], [21.044158]], "rotation": [[-0.49013143168962003, -0.8715461847703602, 0.013363596443359828], [0.8716483893864401, -0.49006224666568, 0.0082606230668801], [-0.000650521096160173, 0.0156971470547199, 0.9998765805887]]}