{"translation": [[2717.7132236000034], [1649.8508136998862], [21.6606755]], "rotation": [[0.9804796917894, -0.19602538257434002, -0.015284668138419801], [0.19626401120974, 0.98041917041772, 0.01608371471806002], [0.0118325651226198, -0.01876958608633998, 0.99975381620268]]}