{"translation": [[2758.6089821999776], [1703.673582999967], [20.945765]], "rotation": [[-0.49644328634739965, -0.8679750518767999, 0.012781033889399999], [0.8680686542625999, -0.49637348947491966, 0.008375709000959998], [-0.0009257399928000011, 0.015252879531959997, 0.9998832395185201]]}