{"translation": [[2753.3533911000122], [1700.5982312997803], [21.1113589]], "rotation": [[-0.49460514402856015, -0.8689623550953202, 0.01643807196536], [0.8691142568387601, -0.4945688006742601, 0.006491782550320001], [0.00248864267288, 0.01749743147624, 0.99984381107894]]}