{"translation": [[2717.3391639000038], [1653.6186969997361], [21.6566183]], "rotation": [[0.99948927194204, 0.028553124556919794, -0.0143497149094798], [-0.0282130152445198, 0.99932871191702, 0.023369879459219995], [0.015007365217079797, -0.02295309506718, 0.99962389646902]]}