{"translation": [[2741.5740489001037], [1680.3874415988103], [21.466798800000003]], "rotation": [[0.5517885028512601, 0.83337183425288, 0.031950880402999995], [-0.8338972009699999, 0.5518789911116002, 0.006712834156600003], [-0.012038733277880003, -0.030347813792839996, 0.9994668974651]]}