{"translation": [[2718.1440407999908], [1648.2130612004548], [21.6492477]], "rotation": [[0.95857995854414, -0.2844320273504998, -0.0149291300945], [0.2846100553304998, 0.95857381197532, 0.011548048734180002], [0.011026037949500002, -0.01531870889082, 0.9998218659438199]]}