{"translation": [[2705.609087000019], [1658.221620700322], [21.7459063]], "rotation": [[-0.9993280707238593, -0.0359851316454798, 0.0069811077851997996], [0.0358875524293998, -0.9992629745667994, -0.013632671573999994], [0.007466535078479797, -0.013372974765360002, 0.9998827003278999]]}