{"translation": [[2707.614777299983], [1667.3122910000384], [21.7469406]], "rotation": [[-0.8988620832826001, -0.4380983590641998, -0.010809314588199804], [0.4382197691008398, -0.8987460924781001, -0.014797076763380048], [-0.003232253984119807, -0.018037386085299957, 0.99983208852414]]}