{"translation": [[2743.8509267999907], [1694.8717207005247], [21.3736378]], "rotation": [[-0.5079878434682401, -0.8613385120898001, 0.0066441750376], [0.8613585460094, -0.5079972267584201, 0.00031528362088000016], [0.0031036571288000007, 0.00588317755288, 0.9999778775211801]]}