{"translation": [[2726.052822700003], [1683.8778330991045], [21.6821738]], "rotation": [[-0.5160542536555605, -0.8565367208780802, -0.005723348871079902], [0.8565551928221201, -0.5160505704123605, -0.0022167718971198265], [-0.001054791133280099, -0.0060463390253198265, 0.99998116442204]]}