{"translation": [[2708.846116099914], [1669.566993799992], [21.766397]], "rotation": [[-0.84249140896452, -0.53857692132446, -0.01196545259129981], [0.5387087043744601, -0.8422365752740201, -0.02074920513010006], [0.0010973013437001926, -0.023926919964899946, 0.9997131080655]]}