{"translation": [[2706.2908577999915], [1663.5910277003422], [21.7368917]], "rotation": [[-0.9654167182049002, -0.26062413306462, -0.006762872170859999], [0.26070667719174007, -0.9652362625435601, -0.01873768644282], [-0.0016442759275799995, -0.01985280055566, 0.9998015616503]]}