{"translation": [[2721.1857577000046], [1680.792472098954], [21.7338574]], "rotation": [[-0.5291789484616003, -0.8483837045111601, -0.01465441457172], [0.8485022598825201, -0.5291700311752003, -0.0047973452672400016], [-0.0036846873375600015, -0.01497295786668, 0.9998811097393601]]}