{"translation": [[2707.1013072999776], [1666.1088260002434], [21.7457311]], "rotation": [[-0.9245466358700998, -0.38098809876446, -0.00784435948582], [0.38106884165438, -0.9243538183800398, -0.018881304148059996], [-5.741158213999967e-05, -0.020445887752419997, 0.9997909593371]]}