{"translation": [[2714.456898299977], [1675.9232858996838], [21.7691718]], "rotation": [[-0.6350172067770601, -0.7723090077609798, -0.017093673585839998], [0.7724566008852598, -0.6350570819001001, -0.0036813763412800017], [-0.008012296437280002, -0.01554185684616, 0.9998471152206]]}