{"translation": [[2724.820544700022], [1683.1065999995917], [21.7029303]], "rotation": [[-0.5180656499996801, -0.85529502221256, -0.008851817756639728], [0.85533838440264, -0.51806115830312, -0.002971840177079924], [-0.002043983038559924, -0.009110908021319728, 0.9999564057932]]}