{"translation": [[2733.5281251000124], [1688.51592740044], [21.568237300000003]], "rotation": [[-0.5121255158934599, -0.85890996284328, 0.00107451710322], [0.85889055159192, -0.51212169547876, -0.006197765211919999], [0.00587360575602, -0.0022511410551199996, 0.99998021636414]]}