{"translation": [[2731.027994700067], [1686.9662779998034], [21.6107379]], "rotation": [[-0.5132047950044801, -0.85826134906816, -0.002877112264160174], [0.85825958340736, -0.5131848374928001, -0.005638506186079901], [0.003362821539039826, -0.005363017647520098, 0.99997996453568]]}