{"translation": [[2719.424459200003], [1679.645473900251], [21.7397928]], "rotation": [[-0.5424623549240203, -0.8397322163399799, -0.024168500817880002], [0.8400104435703799, -0.5425630142991402, -0.002747415090680003], [-0.010805844887480003, -0.021792164594919998, 0.99970412384088]]}