{"translation": [[2715.506413199997], [1676.781845599413], [21.7557961]], "rotation": [[-0.6104529012500804, -0.7919541621893202, -0.01249769597396], [0.7920164132057201, -0.6105000659985004, -5.1928637960000495e-05], [-0.007588717045160001, -0.009930079297240001, 0.99992189940758]]}