{"translation": [[2744.4303832000005], [1695.2288777995855], [21.3597846]], "rotation": [[-0.5081592905544401, -0.86124325149984, 0.005856397722079999], [0.86126142865968, -0.5081601648179401, 0.0014486616018600002], [0.0017283377513600006, 0.0057800400805799994, 0.99998180182766]]}