{"translation": [[2746.5848228000104], [1696.5349748004228], [21.3120927]], "rotation": [[-0.5077921798866599, -0.8614203521732801, 0.01011048075238], [0.86146657419688, -0.5078142259670799, 0.0004431280452799986], [0.00475252573622, 0.008934857728879999, 0.99994878959942]]}