{"translation": [[2744.958359499986], [1695.5538992993534], [21.3459315]], "rotation": [[-0.5084271822810003, -0.8610843399933, 0.0059450779596998266], [0.8611048623756999, -0.5084148807865803, 0.0035368354917001002], [-2.2947129300172724e-05, 0.006917559589299902, 0.99997607313342]]}