{"translation": [[2711.5860131999943], [1673.1870126994327], [21.7773307]], "rotation": [[-0.7262585069020998, -0.6871830291276001, -0.018103492563599815], [0.68739696133368, -0.7262030471366598, -0.010687502088000074], [-0.0058025436842398135, -0.020206178032319926, 0.9997789959855999]]}