{"translation": [[2749.541110499995], [1698.316373099573], [21.2313525]], "rotation": [[-0.5055283368056201, -0.8626143527755601, 0.018375815890819828], [0.86273934606764, -0.5056449112736802, -0.0020337144364398997], [0.011045948163579827, 0.0148254387196399, 0.9998290820967]]}