{"translation": [[2732.8776806999813], [1688.1137970993295], [21.5770992]], "rotation": [[-0.5126873936960199, -0.8585752442582197, 0.00027497964576], [0.8585635196432198, -0.5126820168108999, -0.005071656399359999], [0.004495375925759999, -0.0023640870806400003, 0.99998710126012]]}