{"translation": [[2712.4966133999988], [1674.1273223003373], [21.7804603]], "rotation": [[-0.6929483534349601, -0.72076019643404, -0.01809823894924], [0.7209724849860399, -0.6928770590125801, -0.010967430075980004], [-0.004634965992760001, -0.020648192796980002, 0.99977605955262]]}