{"translation": [[2710.315441099927], [1671.6793002001941], [21.7744171]], "rotation": [[-0.7797534583196201, -0.62594000326858, -0.0135510556202], [0.62608595037142, -0.7796027212852201, -0.015360803235800002], [-0.0009494987138, -0.0204617652382, 0.99979018529516]]}