{"translation": [[2743.3076051999815], [1694.536269299686], [21.3844382]], "rotation": [[-0.5078950338845201, -0.86137735875594, 0.0084735589464199], [0.86140362199554, -0.50792021881514, -0.0009859801715401736], [0.005153192364220099, 0.006798379702139826, 0.99996361266038]]}