{"translation": [[2734.1250252000173], [1688.890788900666], [21.5576628]], "rotation": [[-0.5120680366736399, -0.85894491729802, -2.6231878020000063e-05], [0.85893686427318, -0.5120631030632399, -0.00434597476558], [0.0037195205027799995, -0.00224796619278, 0.9999905558631601]]}