{"translation": [[2748.0788468000246], [1697.4447842007503], [21.2736194]], "rotation": [[-0.5070255108714001, -0.8618655227168999, 0.0106204966959], [0.8619190725667798, -0.5070447338995602, 0.0009965143697000002], [0.004526206332540002, 0.009659267425219999, 0.9999431043829999]]}