{"translation": [[2711.1359050999745], [1672.681494099088], [21.774544100000004]], "rotation": [[-0.7451600363340998, -0.6666720169712398, -0.01688667658158], [0.6668657638261198, -0.7450952001664398, -0.01110916402596], [-0.005176011502860002, -0.019539249633719998, 0.9997956924563]]}