{"translation": [[2717.2470611999743], [1624.031503599137], [21.7072573]], "rotation": [[-0.8897788013402401, 0.45628076834268, 0.01006678384752], [-0.45637344413148, -0.8897243897591202, -0.010657615874480001], [0.0040937987236800005, -0.01407713483528, 0.9998925317628801]]}