{"translation": [[2705.8174038999714], [1653.9659007992595], [21.7556923]], "rotation": [[-0.9949198522449999, 0.1004272628355, 0.006971520464499999], [-0.10054221207689999, -0.9947555781174798, -0.01877106882654], [0.0050498325617, -0.01937664350646, 0.99979950232652]]}