{"translation": [[2729.0899075000198], [1601.8404745003209], [21.7673629]], "rotation": [[-0.8933987678344001, 0.44919311922739985, 0.0080090656018], [-0.4492489417449998, -0.89337425969488, -0.007601468094760001], [0.0037405660070000007, -0.01038920665676, 0.99993903441648]]}