{"translation": [[2705.6885348000214], [1655.404678300023], [21.7527532]], "rotation": [[-0.9982319308993, 0.0585404219474, 0.0102833692181], [-0.058717668078279994, -0.9981144493146399, -0.0178745095778], [0.00921759945454, -0.01844672424628, 0.9997873544883]]}