{"translation": [[2708.3150507999235], [1643.3689922997728], [21.7632845]], "rotation": [[-0.9500776093640201, 0.31178380791428, 0.01198116653354], [-0.31197922701068, -0.949843991082, -0.02157567019924], [0.004653293763739999, -0.02423643441596, 0.99969542468102]]}