{"translation": [[2736.8776895001065], [1612.1451738001779], [21.5993419]], "rotation": [[0.8906392129063601, -0.45459452377805976, -0.010276001427059998], [0.4547073060341398, 0.8903185017743, 0.02396280479862], [-0.0017444464752599973, -0.026014786672979996, 0.9996600360790999]]}