{"translation": [[2708.035918999929], [1644.1818660991266], [21.7628626]], "rotation": [[-0.9538996044602601, 0.29998483226082, 0.00919227874092], [-0.30011474194722004, -0.9536784364025801, -0.02069866149708], [0.00255719396148, -0.02250318500268, 0.99974350080632]]}