{"translation": [[2724.823985300027], [1609.9023827994242], [21.7391829]], "rotation": [[-0.8921711335302801, 0.45164356106136, 0.006969892690319999], [-0.45169615543656, -0.8920978951294601, -0.011478058786260001], [0.00103383564072, -0.013388667651539999, 0.9999098333118199]]}