{"translation": [[2728.5275628999807], [1602.9103987002745], [21.7634496]], "rotation": [[-0.8933663464419999, 0.44925444543692, 0.00819840473356], [-0.44931218228667996, -0.8933427169968998, -0.0075863281648600005], [0.003915792868759999, -0.01046101244666, 0.99993761494974]]}