{"translation": [[2745.221256799996], [1596.4110543001443], [21.642303100000003]], "rotation": [[0.88954808329136, -0.45676721521571995, -0.008241491456999804], [0.45683471473619996, 0.8892912364760001, 0.021520773960600044], [-0.002500897689720194, -0.02290876260395995, 0.9997344317944]]}