{"translation": [[2709.1690301999915], [1641.0446359999478], [21.7407598]], "rotation": [[-0.9394250168135201, 0.34249142775872, 0.013425927900159966], [-0.34263420833728, -0.9394122472499201, -0.010316241429759804], [0.009079256867840035, -0.014291517482239804, 0.9998566495365601]]}