{"translation": [[2746.8548937001033], [1593.3419675007463], [21.6476217]], "rotation": [[0.8892502822649401, -0.45733348787826, -0.008945862807519805], [0.45741790648717995, 0.8890026164835001, 0.021052763286240044], [-0.0016752376401601948, -0.022813173435679953, 0.9997383421302001]]}