{"translation": [[2724.2803904999746], [1610.923447499983], [21.7403027]], "rotation": [[-0.8919536621975401, 0.45205588500925986, 0.007999687493599998], [-0.4521227679802998, -0.8918797845783402, -0.011632120148240001], [0.0018763915722400013, -0.0139921540088, 0.99990034442096]]}