{"translation": [[2726.937606599997], [1605.9175073001534], [21.7501069]], "rotation": [[-0.8929051334805002, 0.45019918122844, 0.00643065509808], [-0.45024269300388003, -0.8928560367444002, -0.009478846935040001], [0.00147427960784, -0.011359065271680001, 0.99993439692006]]}