{"translation": [[2735.1241499999887], [1615.4577152002603], [21.5833748]], "rotation": [[0.8908173413711601, -0.45428693955852, -0.008237321248679806], [0.45435122703588, 0.89052798130646, 0.022910470030380048], [-0.003072361598280194, -0.024151680947219957, 0.99970358453686]]}