{"translation": [[2710.840659599984], [1636.9479050002992], [21.7397546]], "rotation": [[-0.9228872378580198, 0.3848986781387998, 0.011507042935919998], [-0.38503118348519977, -0.9228083614698399, -0.0132655194422], [0.005512913395920001, -0.0166731469462, 0.99984579509918]]}