{"translation": [[2706.5605894000037], [1649.5254425005987], [21.746876]], "rotation": [[-0.9796811886582598, 0.2004909152851998, 0.005303474122679998], [-0.20054945379431982, -0.9795663246560997, -0.01515577596424], [0.0021565093246000014, -0.015911437722, 0.9998710794972]]}