{"translation": [[2721.7266398000065], [1615.7094007991254], [21.72485]], "rotation": [[-0.8910911947494394, 0.45376669107967993, 0.007242606012159999], [-0.4538138432857599, -0.8910661160079995, -0.007372596383679998], [0.003108201643519999, -0.009856449757759999, 0.9999465933167999]]}