{"translation": [[2714.4600453000166], [1629.3311149002984], [21.7260586]], "rotation": [[-0.89999193544264, 0.43572734775368, 0.012510698991400001], [-0.4358852561956, -0.8998625957977, -0.0158642719666], [0.0043454114886800005, -0.01973094304076, 0.9997958828283]]}