{"translation": [[2719.7205451999907], [1619.452549599111], [21.713474100000003]], "rotation": [[-0.8900527890900998, 0.45575854642475994, 0.009498245015079804], [-0.45583656080651996, -0.8900184235640998, -0.008959476130560046], [0.004370255102439805, -0.012304053853919951, 0.9999147519317599]]}