{"translation": [[2746.0337323999847], [1594.885082400404], [21.6443017]], "rotation": [[0.8894663047690801, -0.45692133778458, -0.00852054256706], [0.45699520091962, 0.88920875950638, 0.02152171644246], [-0.0022571896073400005, -0.02303668854986, 0.99973207216446]]}