{"translation": [[2708.8839262999245], [1641.8045965991914], [21.7438891]], "rotation": [[-0.9427090048895402, 0.33332932592054004, 0.013837718091419966], [-0.33349662848178, -0.9426709697999401, -0.012313867972939804], [0.008939840709140034, -0.016223225158019803, 0.99982842839676]]}