{"translation": [[2735.8118942999863], [1614.158611599356], [21.585918300000003]], "rotation": [[0.89075721294998, -0.45440105785898, -0.0084411823994], [0.45447463979402003, 0.89050862609598, 0.021146535651799997], [-0.0020920630382000004, -0.022672732579399994, 0.99974075161496]]}