{"translation": [[2719.203766999999], [1620.4098707996309], [21.7135801]], "rotation": [[-0.8896750670253599, 0.45647416833376003, 0.01046740745196], [-0.45656373173664005, -0.8896466529057, -0.00885153649792], [0.00527179641836, -0.012654030174719999, 0.9999060374259]]}