{"translation": [[2712.3642171000247], [1633.601835200563], [21.7357522]], "rotation": [[-0.9105865832778599, 0.413162093312, 0.011377275950339959], [-0.41327820445416, -0.9105377009475599, -0.011068164828799805], [0.005786491264100042, -0.014780500653839804, 0.9998740187333399]]}