{"translation": [[2742.0599732000264], [1602.355121999979], [21.625785500000003]], "rotation": [[0.8898656714558401, -0.4561362716090798, -0.008876094554199998], [0.4562202686005998, 0.8896301165112, 0.0205260535526], [-0.0014662366670799977, -0.02231488469644, 0.9997499167607999]]}