{"translation": [[2711.57913139998], [1635.2855212995782], [21.736354100000003]], "rotation": [[-0.9164839080948202, 0.39993632742864, 0.01039916716758], [-0.40004572164984004, -0.9164102985024402, -0.012471882833440001], [0.004541945017980001, -0.01559042252936, 0.99986814603638]]}