{"translation": [[2745.60926190007], [1595.6807193001732], [21.6431095]], "rotation": [[0.8894588345161399, -0.45692277694334, -0.00919603461144], [0.45701257949953994, 0.8892039177846199, 0.021351914163120003], [-0.0015790254477599987, -0.02319435210648, 0.9997297278425199]]}