{"translation": [[2722.216553599923], [1614.7949770996347], [21.7285794]], "rotation": [[-0.8912023876426, 0.45354646513967983, 0.007329285075639999], [-0.4535971038574798, -0.89116856149572, -0.00825061073136], [0.002789593612960001, -0.010677507416759999, 0.99993910264412]]}