{"translation": [[2707.5494564999826], [1645.7478189999238], [21.749003100000003]], "rotation": [[-0.9618735446090402, 0.27338427596812004, 0.007750304665280001], [-0.27344716696748, -0.9618472488110402, -0.008732824473320001], [0.0050671931556799995, -0.010519172933720001, 0.99993183294936]]}