{"translation": [[2705.6215148000047], [1656.8271294003353], [21.7464914]], "rotation": [[-0.9998409225870399, 0.0131397803761598, 0.01204878768416], [-0.013286670943039801, -0.9998372281671999, -0.012193405571680001], [0.011886609619360002, -0.012351556009279998, 0.9998530629816]]}