{"translation": [[2737.5917900999775], [1610.7932665003464], [21.603665300000003]], "rotation": [[0.89054653354478, -0.45477202119526, -0.010454229054419954], [0.45489138377066, 0.89026719204686, 0.022319640207059805], [-0.0008432901982199526, -0.024632216825459807, 0.99969622525308]]}