{"translation": [[2738.316296999983], [1609.4243189999834], [21.6075244]], "rotation": [[0.89038478952828, -0.45511840577137996, -0.00906482405026], [0.45520709523841996, 0.89015274973118, 0.020361491528059997], [-0.0011978111473400005, -0.02225593450666, 0.99975158846846]]}