{"translation": [[2706.725580599974], [1648.8012825995684], [21.7453905]], "rotation": [[-0.9765671644733199, 0.21513967271374, 0.00559669614914], [-0.21519854833054, -0.9764694530085, -0.01402927855622], [0.00244674877934, -0.014904934921179998, 0.99988592165582]]}