{"translation": [[2730.91911409999], [1623.3781029004604], [21.5497025]], "rotation": [[0.89159185724568, -0.45278623082452, -0.00697187809156], [0.45283019410852005, 0.8913662513687, 0.02027409866866], [-0.00296533506356, -0.02123329811666, 0.99977015052302]]}