{"translation": [[2731.847439299978], [1621.6309132007882], [21.5610731]], "rotation": [[0.8914333478087799, -0.45308767513374, -0.007625341192979805], [0.45313383171665994, 0.89112171205022, 0.023912876043140047], [-0.004039522271820195, -0.02477203521673995, 0.9996849646429999]]}