{"translation": [[2718.2326604999253], [1653.6516642002389], [21.628909600000004]], "rotation": [[0.9966126468161399, 0.0813438788921, -0.012099822883180001], [-0.08102133582982, 0.9963960163011, 0.02511019692374], [0.014098776094700002, -0.0240447960271, 0.999611460675]]}