{"translation": [[2723.093365299981], [1665.369105500169], [21.5941617]], "rotation": [[0.7767944816260399, 0.62974297921874, -0.0037599788065798122], [-0.62935175918822, 0.7764976503494001, 0.031109262946259934], [0.02251045362965981, -0.021799155008220068, 0.9995089176046]]}