{"translation": [[2718.1921043000184], [1652.4243867993355], [21.6395475]], "rotation": [[0.99993245927022, 0.005386317560039801, -0.010298760956840004], [-0.0050892315100398, 0.9995763036972, 0.02865855520488], [0.010448761493159996, -0.02860420680488, 0.9995362038019799]]}