{"translation": [[2718.3240128000034], [1650.3138137999922], [21.6304037]], "rotation": [[0.9934323773186999, -0.11394764248752, -0.01039449574806], [0.11410756307952001, 0.99333356721932, 0.01636726442896], [0.008460190209060001, -0.01744586106704, 0.99981201587438]]}