{"translation": [[2721.8390562999994], [1640.5673772003502], [21.5621318]], "rotation": [[0.89871777843494, -0.43852280479933997, -0.002026779380320195], [0.43849506165682, 0.8985855204383001, 0.016314006389359956], [-0.005332829110159805, -0.015550420341920047, 0.9998648635518]]}