{"translation": [[2722.0821452999953], [1663.9438675995916], [21.5783842]], "rotation": [[0.82011046702406, 0.5721906939195001, -0.0040761114115799996], [-0.57204912781158, 0.8200323304029999, 0.01751443607994], [0.0133641409125, -0.012032036116499998, 0.9998383018415]]}