{"translation": [[2720.183731900004], [1644.0234735002741], [21.588611]], "rotation": [[0.9252379204359, -0.37935605266084005, -0.00487648824822], [0.37938739385748, 0.9251609941116, 0.01193082568084], [-1.449408106000017e-05, -0.012888930482520001, 0.9999169341828601]]}