{"translation": [[2721.7601930000237], [1663.4457110995427], [21.5795384]], "rotation": [[0.8335079327866199, 0.55250329516732, -0.0021508853160399997], [-0.5524078453406801, 0.8334252361995199, 0.01574609679356], [0.01049237268004, -0.01193633056756, 0.9998737090861399]]}