{"translation": [[2719.9970625999267], [1660.1643291004002], [21.5906615]], "rotation": [[0.90941316847718, 0.41583307571804, 0.00710941268114], [-0.41589060427684005, 0.909205713743, 0.01949299834588], [0.0016419147483399997, -0.02068392731428, 0.99978471646182]]}