{"translation": [[2719.3526972000254], [1646.1287352992222], [21.603035]], "rotation": [[0.9482536048511001, -0.3174035653539598, -0.008370685535919999], [0.3174857300079598, 0.9481911654059201, 0.01167543854484], [0.004231183883920001, -0.013728850079159999, 0.99989680254518]]}