{"translation": [[2730.3020300000207], [1624.542206400074], [21.5477945]], "rotation": [[0.8913622609220601, -0.45324172482204006, -0.006728684094999805], [0.4532845563498, 0.89116691834296, 0.018832184178960047], [-0.002539150265960195, -0.019836306776399953, 0.99980001684326]]}