{"translation": [[2728.189847200003], [1628.5245520994067], [21.548061800000003]], "rotation": [[0.8909353061903, -0.4540967370953198, -0.0055178660062398036], [0.4541185385029998, 0.8907592434860601, 0.018009343569320047], [-0.003262893467200193, -0.018550925240599953, 0.9998225926236]]}