{"translation": [[2728.4942037999863], [1627.946861599572], [21.5477182]], "rotation": [[0.89095502116806, -0.45405184448457997, -0.006004560253699999], [0.4540855743475, 0.8907975927214999, 0.0169092256865], [-0.0023288179814199995, -0.017791943793939998, 0.9998389986974]]}