{"translation": [[2723.2662321000244], [1637.8355562994257], [21.5573925]], "rotation": [[0.8930965621069401, -0.4498611365523398, -0.0018643860602199974], [0.4497828057626198, 0.8928464988279001, 0.02281544442446], [-0.008599171811859999, -0.02121496367702, 0.9997379554310001]]}