{"translation": [[2721.6251006000093], [1640.9850719003007], [21.5629804]], "rotation": [[0.9004110503039, -0.43503638539221995, -0.0018116083761400001], [0.43501699992782, 0.90031234829852, 0.014067100713339999], [-0.00448868731766, -0.01345425336286, 0.99989941231638]]}