{"translation": [[2733.473083800054], [1618.5727167995647], [21.5702321]], "rotation": [[0.89117305991078, -0.45363474618526, -0.00510711694066], [0.45362765634886004, 0.8909046961806, 0.022599999794180002], [-0.0057021912850600005, -0.02245724045138, 0.9997315426338199]]}