{"translation": [[2718.941858200007], [1647.403348499909], [21.613935]], "rotation": [[0.9634087257852799, -0.2679453173252, -0.00699543054064], [0.2680141917572, 0.9633375867995999, 0.012210197541399999], [0.0034672960193599996, -0.0136382854774, 0.9999009826143199]]}