{"translation": [[2720.3773970999755], [1643.578035400249], [21.5837773]], "rotation": [[0.92053759834166, -0.39061361196657995, -0.0056151889193], [0.39065353727989993, 0.9204628712159, 0.0117435377549], [0.0005813870304199999, -0.013003961501059999, 0.999915275895]]}