{"translation": [[2718.843678699981], [1657.0285303005949], [21.6120068]], "rotation": [[0.96217159755214, 0.27240591298241995, -0.0045653786037], [-0.27220241867489997, 0.961888619639, 0.026002576340299996], [0.01147464060942, -0.02377623353294, 0.9996514509611]]}