{"translation": [[2725.1005605999962], [1634.3612638004124], [21.552523]], "rotation": [[0.89201461039974, -0.45200008333939995, -0.0024211895253399996], [0.45194532570316, 0.89179278269964, 0.0212381253766], [-0.007440434974299999, -0.020038963436839998, 0.99977151383574]]}