{"translation": [[2720.972553699976], [1642.3056494006887], [21.5703702]], "rotation": [[0.90856456289868, -0.41773989595424, -0.00195058168408], [0.41772720930536, 0.90847474023302, 0.013327240941139998], [-0.0037952663571199996, -0.01292346986254, 0.9999092858206999]]}