{"translation": [[2720.20530099998], [1660.6040861997753], [21.5853441]], "rotation": [[0.90057817169054, 0.43461274571454006, 0.008409133955079761], [-0.43469352356418006, 0.90043971332574, 0.01580692341875985], [-0.0007020276088398497, -0.01789076630771976, 0.99983970096764]]}