{"translation": [[2729.089040599996], [1626.8275949005038], [21.5475251]], "rotation": [[0.89096807550936, -0.45402364311552, -0.006197211998440001], [0.45406004248496, 0.89080399095576, 0.01725436221228], [-0.00231338777532, -0.01818699229964, 0.99983192663856]]}