{"translation": [[2718.3876530000125], [1654.9230372998863], [21.6221831]], "rotation": [[0.98748004298678, 0.15761427016788002, -0.00639579591342], [-0.15740912143692, 0.98721399507868, 0.02511764449908], [0.01027291849362, -0.02379641603628, 0.99966404242646]]}