{"translation": [[2719.076959399972], [1646.968542800285], [21.6108097]], "rotation": [[0.9581267535435001, -0.28628785943197993, -0.005690598061359802], [0.28633845820641995, 0.9580457553338999, 0.012594254782960028], [0.0018462709474398023, -0.013696329560239971, 0.99990449635644]]}