{"translation": [[2729.3775788000203], [1626.2851912006736], [21.5462402]], "rotation": [[0.89098767548262, -0.45398486250074, -0.006221227376579806], [0.45401999616594, 0.89081061886044, 0.017952195234940047], [-0.0026080896009801945, -0.018819746344139954, 0.99981949121382]]}