{"translation": [[2732.4849993999815], [1620.4280369998887], [21.5625753]], "rotation": [[0.8913005881097401, -0.4533611730144398, -0.006847704827439804], [0.4533939178687598, 0.8910235157180001, 0.022606022561680046], [-0.004147227754640192, -0.023253468975919955, 0.9997209993983001]]}