{"translation": [[2759.569972499972], [1711.240862599574], [20.7253369]], "rotation": [[-0.4927082629681798, -0.87012359841144, 0.01110660725646], [0.87017427057096, -0.49256970191331984, 0.01310317671928], [-0.005930604819059999, 0.01612072862392, 0.9998524641275001]]}