{"translation": [[2745.6138699000585], [1702.9153858004138], [21.149921]], "rotation": [[-0.5026795678059396, -0.8644639741134399, 0.0039135399595], [0.8644662792008, -0.5026529785104397, 0.006169403814559999], [-0.0033660748270599996, 0.006484356459999999, 0.99997331097486]]}