{"translation": [[2735.8335432999884], [1675.7904487997293], [21.5206739]], "rotation": [[0.5476981615722802, 0.83644791641216, 0.019535221629839825], [-0.83667307631336, 0.5476087376999001, 0.0101415834382201], [-0.002214752064959826, -0.021899120348819905, 0.9997577323586201]]}