{"translation": [[2747.075220800005], [1703.7911512004212], [21.1102305]], "rotation": [[-0.5027147208812802, -0.8644287701965601, 0.00639841897768], [0.86443956814936, -0.5026530510222602, 0.00918000055324], [-0.00471927183992, 0.010145967123560001, 0.99993739195502]]}