{"translation": [[2744.7724124000524], [1681.876446400769], [21.3711169]], "rotation": [[0.5672705855512798, 0.82296731404208, 0.03047792703616], [-0.82347026410928, 0.5672910786956, 0.008807803864640001], [-0.010041321917439998, -0.030094074159040002, 0.99949663260032]]}