{"translation": [[2724.2974647000083], [1666.7668059999123], [21.5833199]], "rotation": [[0.7309791713859, 0.68239977370542, 0.00015625940313999985], [-0.6823585379665401, 0.73093244394924, 0.01116300233142], [0.00750341484762, -0.00826654726454, 0.9999376795418999]]}