{"translation": [[2727.1150127999717], [1669.5068224994466], [21.6032885]], "rotation": [[0.6376125371064001, 0.7702366819242399, 0.013629211645519997], [-0.7703567989973599, 0.6375316292222402, 0.010191813270160001], [-0.0008389459352800008, -0.01699778331224, 0.9998551752888]]}