{"translation": [[2764.329079300107], [1713.9523632004857], [20.5511198]], "rotation": [[-0.4688367568099999, -0.88318077742392, 0.01355807755656], [0.88325025106392, -0.46862732744271995, 0.01604473689496], [-0.00781671757656, 0.01949753767496, 0.9997793481327201]]}