{"translation": [[2738.717980700021], [1677.7102862000465], [21.4865497]], "rotation": [[0.5502555397594802, 0.8344825681511798, 0.029287402543459996], [-0.8349601049289799, 0.5502199039926001, 0.009987390281740005], [-0.007780210338940002, -0.02994942803234, 0.99952113542412]]}