{"translation": [[2749.4823956000037], [1685.2861659005284], [21.2644271]], "rotation": [[0.5885913838995, 0.80774919592908, 0.033187261812060005], [-0.80833802671068, 0.58864930827692, 0.00903335560484], [-0.012238972348260007, -0.032143481701960006, 0.99940832701358]]}