{"translation": [[2756.0333673999994], [1709.1320019001141], [20.849909600000004]], "rotation": [[-0.5019264827369997, -0.8648365277176998, 0.011308393198699999], [0.8649059019612998, -0.5018385010060198, 0.00980781054202], [-0.0028071665526999984, 0.014703493472979999, 0.99988795728198]]}