{"translation": [[2739.423218299984], [1678.1859251996502], [21.4728361]], "rotation": [[0.5522697912443002, 0.8331599141876798, 0.029026556091459998], [-0.8336225670419197, 0.5522594876190001, 0.009098348193440003], [-0.008449809831740002, -0.02922193717376, 0.9995372324252599]]}