{"translation": [[2765.6428094999865], [1714.675548300147], [20.5016062]], "rotation": [[-0.46400086685123987, -0.8857434424193199, 0.01271036981996], [0.8857747995655599, -0.4637549939499398, 0.018278780116179998], [-0.01029581198252, 0.019739897647059995, 0.99975213561326]]}