{"translation": [[2729.3302827000152], [1671.2832824997604], [21.5926998]], "rotation": [[0.58521193840028, 0.8106833249838601, 0.0178756831335], [-0.81087570688314, 0.58514120536582, 0.009506001865499998], [-0.0027534416906999995, -0.0200579828949, 0.9997950269351]]}