{"translation": [[2756.8425472999807], [1709.6187037993222], [20.821876]], "rotation": [[-0.5009933888672404, -0.8653849703071401, 0.010685595808259727], [0.86544053733306, -0.5008886435373004, 0.01108817462881993], [-0.004243245447940074, 0.014802852510419729, 0.9998814281714999]]}