{"translation": [[2744.6435675999965], [1702.3375730998814], [21.1789269]], "rotation": [[-0.5035340058979597, -0.8639748663980997, 0.0008209827435001729], [0.8639581590434997, -0.5035178359494797, 0.006769577656979899], [-0.005435365898099825, 0.004118008240980099, 0.99997674913052]]}