{"translation": [[2748.028557199985], [1704.3545716004446], [21.0828342]], "rotation": [[-0.5028991026861, -0.86431953395564, 0.006637197209720001], [0.8643407384939601, -0.50285762397736, 0.007008169461440001], [-0.0027197323050800006, 0.00926120306384, 0.9999534154991]]}