{"translation": [[2754.7718589999713], [1708.3786827996373], [20.892183600000003]], "rotation": [[-0.5032953575176402, -0.8640634727505, 0.009396696846299901], [0.8641064465763001, -0.5032137301229203, 0.009807677721819827], [-0.0037459095764999003, 0.013055903467819829, 0.99990775152428]]}