{"translation": [[2737.259632100002], [1676.7391212005168], [21.506808]], "rotation": [[0.54780259940664, 0.8362377124204401, 0.024875659069], [-0.8365952217482, 0.54771415072094, 0.010846292117060001], [-0.0045546719275600025, -0.0267524845657, 0.99963171194774]]}