{"translation": [[2745.148927800008], [1702.6383477998897], [21.1645426]], "rotation": [[-0.5030414371569003, -0.8642592854163001, 0.0022979287241999997], [0.8642523383926201, -0.5030210459091403, 0.0061484433694], [-0.00415794271284, 0.00507891176188, 0.9999784578523999]]}