{"translation": [[2753.921247799997], [1707.8691134005785], [20.9210048]], "rotation": [[-0.5040109689992002, -0.86366607165816, 0.007352266596719826], [0.86368814392776, -0.5039479899828802, 0.0089111981061601], [-0.003991139707920173, 0.0108414057957599, 0.99993326513968]]}