{"translation": [[2765.952701799979], [1714.8450428005308], [20.4879059]], "rotation": [[-0.46311453168960004, -0.88620295302688, 0.013004928157440001], [0.8862309078988799, -0.46284838481448, 0.01913170548424], [-0.01093526381344, 0.02038554184824, 0.99973238902488]]}