{"translation": [[2762.5709079000517], [1712.9695815993473], [20.6213826]], "rotation": [[-0.4774247231569795, -0.8786102502900198, 0.010474261075], [0.8786478821490199, -0.47728776605697953, 0.013203632234199996], [-0.0066016100158, 0.015506927304999998, 0.999857966891]]}