{"translation": [[2756.4239600999863], [1709.3670217990875], [20.8373547]], "rotation": [[-0.5015343155481796, -0.8650654244890199, 0.01119405189114], [0.8651309914132199, -0.5014368433740996, 0.01047019145814], [-0.0034442909994600005, 0.014935480120259999, 0.99988252725308]]}