{"translation": [[2731.808177000028], [1673.0509625999257], [21.5682762]], "rotation": [[0.5561631510791001, 0.8305979188185197, 0.028101140923359996], [-0.8310429434217999, 0.5561131986065602, 0.01028416319348], [-0.0070854114688, -0.029072926892599993, 0.9995521806759]]}