{"translation": [[2740.194201199978], [1678.709952599369], [21.4570859]], "rotation": [[0.5544781647795001, 0.8317243212624599, 0.028080856605279994], [-0.83216005161178, 0.55446017577774, 0.009136644846240001], [-0.00797054506704, -0.02843383896112, 0.9995638984734]]}