{"translation": [[2726.5835782000795], [1669.0423290990293], [21.6052093]], "rotation": [[0.6531095041372401, 0.7571710648182998, 0.011831974127859815], [-0.7572615521331397, 0.6529926025100401, 0.012475742312900082], [0.00172007870410018, -0.017107924692139915, 0.9998521692028399]]}