{"translation": [[2755.2070164000615], [1708.6403075996786], [20.878962100000003]], "rotation": [[-0.5031917438768801, -0.86411683659388, 0.0100046566617999], [0.8641656866981199, -0.5030997184273802, 0.01040532564789983], [-0.003958076995399899, 0.013881555505699828, 0.99989581259174]]}