{"translation": [[2757.226179099933], [1709.8486158000305], [20.8090091]], "rotation": [[-0.50037129831752, -0.86574890551308, 0.01036287587232], [0.86579840152692, -0.5002638458768199, 0.01136684634728], [-0.004656662632320001, 0.01465980509272, 0.99988169580566]]}