{"translation": [[2749.4236308999825], [1705.1897555999458], [21.0450267]], "rotation": [[-0.50343786084466, -0.864014813178, 0.0053404236256], [0.8640186722244, -0.5033874373425801, 0.008521691581920001], [-0.004674565552000001, 0.00890436908592, 0.99994942904192]]}