{"translation": [[2764.994920899975], [1714.315864900127], [20.5259099]], "rotation": [[-0.4660947751776999, -0.8846090215357999, 0.014913686624699999], [0.88470556354804, -0.4658763197026, 0.015974951168280002], [-0.007183652163779999, 0.020640064320599998, 0.99976116291174]]}