{"translation": [[2763.643863799982], [1713.5788885997608], [20.5776843]], "rotation": [[-0.47214131119560043, -0.8814507003586003, 0.011269662761600002], [0.8814614010186803, -0.47191906274466044, 0.017831347888400004], [-0.010399085325760001, 0.018352691646320002, 0.9997774940943001]]}