{"translation": [[2755.6046299000154], [1708.8780233999714], [20.8643196]], "rotation": [[-0.5028067726899397, -0.86433602540586, 0.01042830299328], [0.8643918096100199, -0.5027170620595397, 0.010125214273439997], [-0.003509101998239999, 0.014105164677119999, 0.99989435969216]]}