{"translation": [[2763.2819289001054], [1713.3755635991693], [20.5926168]], "rotation": [[-0.47381588901135985, -0.88055726440232, 0.0108425300656], [0.8805728417872, -0.47361971019369986, 0.0166130500519], [-0.00949350602968, 0.017419162824739997, 0.9998032037007]]}