{"translation": [[2759.970333400066], [1711.4733224008232], [20.7131901]], "rotation": [[-0.4908380963421596, -0.87117712790192, 0.011341361940959726], [0.8712348732494399, -0.49070837801279965, 0.012463340286879926], [-0.005292476182880071, 0.015998469852959725, 0.9998580092604]]}