{"translation": [[2688.513802499976], [1667.0765034006909], [21.7380455]], "rotation": [[-0.5341398779596803, -0.84522488074688, -0.01702260894656], [0.84536257734208, -0.5338305037140003, -0.019682061725440004], [0.007548581223039996, -0.02490324658816, 0.9996613663096799]]}