{"translation": [[2686.952299900062], [1666.0569925997406], [21.7211664]], "rotation": [[-0.53470138223508, -0.8449484988856197, -0.012513489469739998], [0.8450139918187798, -0.53450683834708, -0.01593470198006], [0.006775457051939998, -0.019094379477740002, 0.99979472786684]]}