{"translation": [[2689.2594718000037], [1667.5639284001663], [21.7417669]], "rotation": [[-0.5341476801270598, -0.8452213071921799, -0.01695085908092], [0.84536944301618, -0.5338824459773799, -0.017893367735720003], [0.00607409003492, -0.02388743734172, 0.99969620175032]]}