{"translation": [[2720.5897530000075], [1687.4740407997742], [21.616131600000003]], "rotation": [[-0.5261697510781802, -0.8503542129841, -0.00657702758502], [0.8503761697868999, -0.5261739810579602, -0.0012096685231000005], [-0.002432013615020001, -0.0062294381421, 0.9999776394562201]]}