{"translation": [[2713.9479260000517], [1683.2803210001439], [21.6590693]], "rotation": [[-0.5155456615524002, -0.8568261660155998, -0.0078604298768], [0.8568602923095199, -0.5155033467338402, -0.006850783632], [0.001817853152639999, -0.01026718092448, 0.9999456387287999]]}