{"translation": [[2742.68802110001], [1701.1543027004227], [21.2207873]], "rotation": [[-0.5052748182106396, -0.8629523172292797, 0.0032653090065599], [0.8629523853201597, -0.5052533853507996, 0.005674789318079826], [-0.0032472641620799, 0.005685134314559826, 0.999978567032]]}