{"translation": [[2721.7591879999964], [1688.2181178005412], [21.5968065]], "rotation": [[-0.5266732861176401, -0.8500600063767998, -0.0036240031273598247], [0.8500676891926398, -0.5266671316539401, -0.0025601516465000975], [0.00026763908080017457, -0.004429011677859903, 0.9999901560636599]]}