{"translation": [[2705.7276476999978], [1678.1806260002777], [21.7039763]], "rotation": [[-0.51881304334516, -0.8548315630755199, -0.009803388083919824], [0.8548837318592799, -0.51874120818586, -0.0090247172528201], [0.002629191969280173, -0.013062897420019901, 0.99991122009174]]}