{"translation": [[2743.1997596999863], [1701.464062099345], [21.2097419]], "rotation": [[-0.5047405673799997, -0.8632683104292399, 0.0021658511666799996], [0.8632640851626799, -0.5047248581523998, 0.00527673137144], [-0.00346207609276, 0.0045330822152799995, 0.9999837324645601]]}