{"translation": [[2735.028187800024], [1696.4878885000944], [21.3857003]], "rotation": [[-0.5116540144362, -0.8591849381117999, -0.0034064079789999997], [0.8591834478427599, -0.5116624511697, 0.00235180766418], [-0.00376356832332, -0.0017234175595, 0.99999143265654]]}