{"translation": [[2699.5840505000087], [1674.2686163997278], [21.692927]], "rotation": [[-0.5309891925701198, -0.8473777121487598, -0.0012081503455999994], [0.8473459480737597, -0.5309556979981198, -0.009532069396199999], [0.0074357889093999985, -0.0060851472888, 0.999953838947]]}