{"translation": [[2737.6199706000043], [1698.0720616001636], [21.332593]], "rotation": [[-0.5091402159733801, -0.86068292206042, 0.0011687311966999004], [0.86067732347758, -0.5091307318877801, 0.004545379852899826], [-0.0033170936890999005, 0.003320135550699826, 0.9999889867348399]]}