{"translation": [[2726.3310453000013], [1691.1232424005866], [21.5384317]], "rotation": [[-0.5185360371970004, -0.8550325575544001, -0.0063081851226000005], [0.8550544152874001, -0.5185344765494804, -0.002008252104480001], [-0.0015538903055999993, -0.00643519238052, 0.99997808662252]]}