{"translation": [[2738.6496810999815], [1698.702923799865], [21.3112343]], "rotation": [[-0.5085277558899998, -0.8610442286453999, 0.0015258915871999997], [0.8610391055286, -0.5085162605520798, 0.004779335107439999], [-0.0033392782447999995, 0.003744276967439999, 0.9999874147260801]]}