{"translation": [[2685.3706540000276], [1665.019497401081], [21.7129536]], "rotation": [[-0.53500234750068, -0.8448072834545199, -0.008570541541360001], [0.8447939876319199, -0.5348212733177999, -0.01701870213076], [0.00979381545044, -0.01634538416344, 0.99981843833388]]}