{"translation": [[2693.8170837999787], [1670.5147930998355], [21.7560207]], "rotation": [[-0.5330423601249997, -0.8460812754764999, -0.0035152015705000794], [0.8459802860835, -0.5329030657662798, -0.018213102236699728], [0.013536502949499728, -0.012682145838299921, 0.99982794833372]]}