{"translation": [[2694.5878132000216], [1671.0205221995711], [21.7435081]], "rotation": [[-0.5331304548381604, -0.84603265816676, 0.000670055713279826], [0.8459573338182801, -0.5330932413928003, -0.012945071680359903], [0.011309156398239824, -0.006334574731480097, 0.9999159845372]]}