{"translation": [[2696.7391129001044], [1672.4231022996828], [21.7258655]], "rotation": [[-0.5323779015500999, -0.8465050631474801, -0.0017007969941600005], [0.84646406540476, -0.53232978658306, -0.01111436009128], [0.008502977312720001, -0.00735670357384, 0.9999367871456]]}