{"translation": [[2736.5762815999915], [1697.4423991004005], [21.3571292]], "rotation": [[-0.5100070843517801, -0.8601665244800599, -0.0024911800036201], [0.8601421802961399, -0.51001172028772, 0.006584584050659826], [-0.006934370145779901, 0.0012154158185398267, 0.9999752183295]]}