{"translation": [[2711.473327700107], [1681.7315333001316], [21.676224800000004]], "rotation": [[-0.5142461413611602, -0.8576364185651801, -0.0032945501126600005], [0.8576146586743401, -0.5141944167531602, -0.010068436592180003], [0.006941018415820001, -0.008003108096660001, 0.9999438846908401]]}