{"translation": [[2709.612708400062], [1680.5776724005118], [21.6949114]], "rotation": [[-0.5138460865917005, -0.8578710033196603, -0.00440548735332], [0.8578568197558202, -0.5137844494785005, -0.010348122487240001], [0.00661388342284, -0.009096620465880003, 0.99993675201816]]}