{"translation": [[2729.099315600004], [1692.8396959006786], [21.489194]], "rotation": [[-0.5151749803238602, -0.8570850639649799, -0.00036164549292000024], [0.8570836851559798, -0.5151748373465802, 0.0016253046966799999], [-0.00157933491108, 0.0005273557226800001, 0.9999986137977199]]}