{"translation": [[2716.388372300018], [1684.8110012998804], [21.6437573]], "rotation": [[-0.5195927425040003, -0.8543434067267999, -0.010978845418799999], [0.8544138932268, -0.5195452832845003, -0.0070290405395000005], [0.0003012064187999982, -0.0130327177645, 0.9999150251554999]]}