{"translation": [[2739.672727499972], [1699.323997700587], [21.2916161]], "rotation": [[-0.5077278292442403, -0.86151717234052, 0.0009713402902799004], [0.86151349163652, -0.5077214822164203, 0.0037054758743798265], [-0.0026991605762799005, 0.0027181952833798266, 0.99999266294718]]}