{"translation": [[2741.2100997000234], [1700.2617114996538], [21.2534602]], "rotation": [[-0.5065888297281598, -0.8621853911348, 0.0020459225927199004], [0.8621790208127199, -0.5065715144615998, 0.0057195888389598255], [-0.0038949397867999004, 0.004661431089199826, 0.9999815500824]]}