{"translation": [[2721.1531727000256], [1687.8309352993965], [21.607972600000004]], "rotation": [[-0.5267336481887398, -0.8500157680625, -0.005002972479019825], [0.8500300283969799, -0.5267303788265998, -0.0020568585208600963], [-0.0008868550822998251, -0.005336093014899903, 0.9999853696935]]}