{"translation": [[2733.971481500019], [1695.8464390998706], [21.4061581]], "rotation": [[-0.5125805340621, -0.85862715154462, -0.00451299241584], [0.8586183361821, -0.51259758593346, 0.0042454721628799996], [-0.0059586275312, -0.0016987914455999999, 0.999980804247]]}