{"translation": [[2708.951585199975], [1680.1632848000154], [21.7042921]], "rotation": [[-0.5137259276541001, -0.85792233501812, -0.00741287901176], [0.85790450720308, -0.5135837604861, -0.01521807894184], [0.00924879553384, -0.01417746391624, 0.99985671938496]]}