{"translation": [[2729.716014400008], [1693.2192767998204], [21.47681]], "rotation": [[-0.5148283734805004, -0.8572931171364802, 0.0005990488138599998], [0.8572922712515201, -0.5148265177810003, 0.00192871237264], [-0.00134506560214, 0.0015065156566400001, 0.99999796060254]]}