{"translation": [[2724.6152042999747], [1690.040031700395], [21.5533578]], "rotation": [[-0.5218170037904798, -0.8530498283615999, -0.0036119951852399998], [0.8530572436055999, -0.5218090636579997, -0.0029464958861999996], [0.0006287360252400002, -0.004618770208199999, 0.99998913576752]]}