{"translation": [[2727.987354199984], [1692.1507293004543], [21.512963]], "rotation": [[-0.5158471551584997, -0.8566672938904, -0.0047977253875], [0.856680489998, -0.5158431009358796, -0.0021427432724799994], [-0.0006392551771000001, -0.00521544537352, 0.99998619514662]]}