{"translation": [[2701.676693300018], [1675.6165914004669], [21.7032454]], "rotation": [[-0.5283872038499998, -0.8488977054829997, -0.013396004628999997], [0.8489882805289998, -0.5282178645065798, -0.014303554415739998], [0.005066245032999998, -0.018930868184259996, 0.99980795924342]]}