{"translation": [[3960.9694917000015], [2407.6012391000986], [20.8651249]], "rotation": [[0.7615322913275001, 0.6477257822706398, 0.02279991558147993], [-0.6480132705099998, 0.7615862745255001, 0.008068680835999813], [-0.012137809175000071, -0.020919210056479808, 0.99970748731064]]}