{"translation": [[3963.9021242000745], [2413.3235029997304], [20.8431659]], "rotation": [[0.9567224191862, 0.29092806994224, 0.00656272641068], [-0.29100096030420003, 0.9564128150646001, 0.024350911773600003], [0.0008076882392000001, -0.025206822922680002, 0.99968193127004]]}