{"translation": [[3950.689335700008], [2400.3546834997833], [20.8906369]], "rotation": [[0.4383927997003001, 0.8985409587411001, 0.020878343523], [-0.89876611033122, 0.4384104832484601, 0.003966571623000001], [-0.005589157694040003, -0.02050366394028, 0.999774155039]]}