{"translation": [[3947.309805399971], [2398.68557990063], [20.9125342]], "rotation": [[0.41992093887979975, 0.90719445930908, 0.025779604897240002], [-0.90755601070348, 0.41984038715437977, 0.00872391456374], [-0.002909031752439997, -0.027059790247460004, 0.9996295840294199]]}