{"translation": [[3937.7284642999875], [2394.101333499886], [20.9404751]], "rotation": [[0.41945639895319986, 0.9075256313103602, 0.021298267451320005], [-0.9077690350597202, 0.41942659784189995, 0.0060635234796600004], [-0.0034302577804400016, -0.021877290622380002, 0.99975477868886]]}