{"translation": [[2670.4193589999923], [1655.204259599559], [21.6786898]], "rotation": [[-0.5391458396209798, -0.84203726731514, -0.01716842926046], [0.84221226829766, -0.5390361810416199, -0.010873893789979999], [-9.818212834000056e-05, -0.020322078872419998, 0.9997934803934]]}