{"translation": [[2675.51614959992], [1658.570388299413], [21.6994533]], "rotation": [[-0.5379471752902599, -0.8428556361059801, -0.014395216160499906], [0.8429782951247001, -0.5378819975217999, -0.008399979578899822], [-0.0006629574480200955, -0.016653599990859826, 0.9998610994011]]}