{"translation": [[2658.069424599933], [1647.051068100147], [21.6425514]], "rotation": [[-0.5332014791495402, -0.8458040697638998, -0.017652886865559728], [0.8459843598319399, -0.5331463451615401, -0.008087259917399925], [-0.0025713349853999238, -0.01924620544555973, 0.99981146813196]]}