{"translation": [[2666.9536419999786], [1652.9130504000932], [21.6650244]], "rotation": [[-0.53992896708954, -0.8415627872711399, -0.015778388416659902], [0.8417002694972598, -0.5399206805937, -0.0051465481174198255], [-0.004187933719260097, -0.016059443007619825, 0.9998622682734]]}