{"translation": [[3943.0149412999745], [2396.631654200144], [20.928712]], "rotation": [[0.41488471143333994, 0.9095640641055003, 0.02374613131067989], [-0.9098672140171802, 0.41484098016109994, 0.006971605285239834], [-0.0035097465654001063, -0.024498238947399834, 0.9996937120748001]]}