{"translation": [[3964.198851000052], [2414.5340232001618], [20.8309995]], "rotation": [[0.97648526771384, 0.21537126121352, 0.00957841213771998], [-0.21555072398008, 0.97615210419704, 0.025786801290279802], [-0.0037962517626800225, -0.0272450651021198, 0.99962157588144]]}