{"translation": [[2672.133724000014], [1656.336196099408], [21.6848313]], "rotation": [[-0.5386262423298004, -0.8424304255773599, -0.013877572455519824], [0.8425441599351998, -0.5385337855641004, -0.010026876725100099], [0.0009734037180001726, -0.017093207987979905, 0.99985342661334]]}