{"translation": [[2651.6469595999806], [1642.8899621004239], [21.6211154]], "rotation": [[-0.5267310126498602, -0.8497704124768198, -0.021082003612499997], [0.8500318796072998, -0.5265716675170002, -0.0129555829169], [-9.191639082000401e-05, -0.02474448537374, 0.9996938040958999]]}