{"translation": [[3946.6430232999846], [2398.3608114002272], [20.9158017]], "rotation": [[0.4183861414742399, 0.90789607144488, 0.02603465976232], [-0.9082616448671201, 0.41832822322013996, 0.007894653682619998], [-0.003723508729680001, -0.026949295880380003, 0.99962986698174]]}