{"translation": [[3942.301668500062], [2396.291219900362], [20.927762]], "rotation": [[0.4156427494669399, 0.9092293421680802, 0.02330766105648], [-0.9095217400432802, 0.41559870705741986, 0.006932387689320002], [-0.0033835058692800006, -0.024080219081880003, 0.99970430378552]]}