{"translation": [[3933.0528199999826], [2391.8316334011033], [20.9464822]], "rotation": [[0.4220457992067004, 0.9063453753346599, 0.02038410663777989], [-0.9065633155869398, 0.4220458995937404, 0.0045079141600598335], [-0.004517302952020109, -0.02038202805253983, 0.9997820597246001]]}