{"translation": [[3938.4694891999825], [2394.457488900982], [20.939028]], "rotation": [[0.4187901015883799, 0.9078062354345001, 0.022420252198599895], [-0.9080743235305001, 0.4187666653183799, 0.005956589013399832], [-0.003981425251400108, -0.022853816186599832, 0.999730889454]]}