{"translation": [[3945.2273515000124], [2397.6809902004898], [20.919925600000003]], "rotation": [[0.4156888734059, 0.90917050652304, 0.024732580705219998], [-0.909493615236, 0.4156758027456, 0.005911075096799999], [-0.004906559349700001, -0.02495129320272, 0.99967662702254]]}