{"translation": [[3932.23417359998], [2391.432630999945], [20.9494179]], "rotation": [[0.4223283963178799, 0.9062083034693801, 0.02062181018094], [-0.90642927574938, 0.4223375165330999, 0.004124664977059999], [-0.004971558754059999, -0.02043417529206, 0.99977883959022]]}