{"translation": [[3963.5384342999314], [2412.148817599751], [20.8515709]], "rotation": [[0.93146244048224, 0.36359383117511995, 0.013313959899119803], [-0.36379686688151996, 0.93128156362702, 0.019144256514420036], [-0.005438312604719804, -0.022675732440179962, 0.99972808101422]]}