{"translation": [[2652.601214699971], [1643.5049922997132], [21.627855800000003]], "rotation": [[-0.5278189439096996, -0.8491042065394399, -0.020717552589079997], [0.849356338654, -0.5276899806323996, -0.011709074513799997], [-0.0009902204425999983, -0.02377685586292, 0.99971680019406]]}