{"translation": [[3960.2064146000193], [2406.730966400355], [20.8616417]], "rotation": [[0.71529869834382, 0.6984997276630199, 0.0211166051779], [-0.69873170826898, 0.71536008249822, 0.005827575632699999], [-0.0110354165787, -0.0189232986799, 0.99976003538604]]}