{"translation": [[2677.2014913000166], [1659.6731842998415], [21.6910116]], "rotation": [[-0.5372141172973003, -0.8434134107771801, -0.007407132787839904], [0.8434436902197401, -0.5371717045101003, -0.007025398149279825], [0.0019464129675199034, -0.010021642173439824, 0.9999478877254401]]}