{"translation": [[3933.807311700075], [2392.198797499761], [20.9463167]], "rotation": [[0.4217999344622997, 0.9064427143351602, 0.02112772878078], [-0.9066774666555603, 0.4217971428121198, 0.004806431266759998], [-0.004554860456979998, -0.021183388566840003, 0.99976523108118]]}