{"translation": [[2674.6349937000195], [1657.9902993999422], [21.7049752]], "rotation": [[-0.5380124633581201, -0.8427377626550998, -0.018325706793219997], [0.8429369875992998, -0.5378867332050001, -0.0116308223061], [-5.542032378000328e-05, -0.0217049415013, 0.9997644184858799]]}