{"translation": [[2666.044534099987], [1652.3094122000039], [21.6628905]], "rotation": [[-0.53980264854048, -0.8416444000679999, -0.015736385770319904], [0.8417831114855998, -0.5397863983885, -0.005627318050999827], [-0.0037580873536800985, -0.016284266179399827, 0.9998603399670201]]}