{"translation": [[3944.479705000005], [2397.325803999789], [20.9231692]], "rotation": [[0.4148339030847801, 0.9095670034277799, 0.02450706227078], [-0.9098867565228199, 0.4148071108266801, 0.006406877677580001], [-0.004338217389379999, -0.024956443107979998, 0.99967912640046]]}