{"translation": [[3939.2679107000586], [2394.8404287006706], [20.9383892]], "rotation": [[0.41812395418619996, 0.9081084395091601, 0.02261258265252], [-0.90837907661244, 0.41811108253765994, 0.005521204231059999], [-0.004440717814679997, -0.02284934606654, 0.9997290569783001]]}