{"translation": [[3964.4498657999793], [2416.441929800436], [20.8104271]], "rotation": [[0.99419013943884, 0.10763047036107981, -0.0012837650251600026], [-0.1075424949088398, 0.9937388378837401, 0.03029411487898], [0.004536297120919997, -0.029980050990140002, 0.99954020355174]]}