{"translation": [[2655.3097875000094], [1645.2556840991601], [21.6296901]], "rotation": [[-0.53048223686976, -0.84753063506824, -0.01674650191768], [0.8476927261688799, -0.5304320866726601, -0.007672663657039999], [-0.0023800642901600005, -0.01826609942072, 0.9998303280601399]]}