{"translation": [[3951.966777200054], [2401.0153088001534], [20.8886745]], "rotation": [[0.45139968316028, 0.89207026925176, 0.021186993977240002], [-0.8922962250352401, 0.45143935568492, 0.0031437057360800026], [-0.006760235540240002, -0.02032414364708, 0.9997705878702]]}