{"translation": [[2654.434632400109], [1644.6891390997916], [21.6288439]], "rotation": [[-0.5297101552824396, -0.8480174331112599, -0.01654835122034], [0.84817634173366, -0.5296554853312196, -0.007888191840379997], [-0.0020755991972599983, -0.018214373077179997, 0.99983195014478]]}