{"translation": [[3961.9650647000526], [2408.973846499808], [20.8592975]], "rotation": [[0.82670596889342, 0.56232989723406, 0.0185031066318], [-0.5625488245889401, 0.8267063654315799, 0.0097694723874], [-0.009802970565, -0.018485381085000002, 0.999781072286]]}