{"translation": [[3951.3075332000153], [2400.6727790990844], [20.8895884]], "rotation": [[0.44415800684928, 0.8957099267995199, 0.02067268109616], [-0.8959311603835198, 0.4441745492603, 0.004036508818059999], [-0.005566737351839999, -0.020314147346059998, 0.9997781488110199]]}