{"translation": [[3958.503314599977], [2405.1352805998176], [20.8666204]], "rotation": [[0.6212179878470401, 0.7832499390785599, 0.02465244011199991], [-0.783534026368, 0.62134025079294, 0.0032742271509398208], [-0.012753015078560085, -0.021350034503899818, 0.9996907204889399]]}