{"translation": [[2673.8262139], [1657.4537001000717], [21.7034486]], "rotation": [[-0.5379874560742803, -0.8427617564884602, -0.017946451564379733], [0.8429520076133401, -0.5378354794756204, -0.012840019421259924], [0.0011688386999800775, -0.02203576725653973, 0.9997564997391]]}