{"translation": [[3964.498626400018], [2417.055418100208], [20.8001905]], "rotation": [[0.99719874581388, 0.07479349134194001, 0.0007716167811], [-0.07478228024106, 0.99673526106822, 0.0304373185823], [0.0015074155105000001, -0.030409759180500002, 0.9995363796830999]]}