{"translation": [[3953.7740630999324], [2402.003754200414], [20.8911473]], "rotation": [[0.4776262884035001, 0.87822007332072, 0.02455057305454], [-0.87853835703192, 0.47763626960988015, 0.00583509809496], [-0.006601745557940002, -0.024355614602639998, 0.99968155982462]]}