{"translation": [[2671.2441720999777], [1655.7495072996244], [21.6811452]], "rotation": [[-0.5388575285493803, -0.8422562895319801, -0.015401626829820003], [0.84239701929702, -0.5387596069950803, -0.01027867550922], [0.00035950616081999957, -0.018513023376780003, 0.9998285546805401]]}