{"translation": [[3931.944269599975], [2472.3276597997174], [20.6127144]], "rotation": [[-0.8522066947997599, 0.52312073289768, 0.00939979876884], [-0.52319956359816, -0.8519767853343998, -0.019941965279279997], [-0.00242364498132, -0.021912647970959997, 0.9997569513596]]}