{"translation": [[3929.205878000008], [2476.6645681001246], [20.6347564]], "rotation": [[-0.8534552593048198, 0.5210792659238599, 0.00950366864788], [-0.52115871360194, -0.8532056136773798, -0.020822506611639997], [-0.0027415926554799994, -0.02272399984756, 0.9997380174188001]]}