{"translation": [[3955.6424460000126], [2442.3897059997544], [20.6253291]], "rotation": [[0.8472311141248, -0.53119910024832, -0.005190779314559753], [0.53121565019712, 0.8471203361055201, 0.014037740909359863], [-0.003059620919040137, -0.014650634101039754, 0.99988799254328]]}