{"translation": [[3948.5765161999734], [2453.1686744000763], [20.614461]], "rotation": [[0.84973148866742, -0.5272155763616, -0.0003663035881400012], [0.5270838897268, 0.8495032991288, 0.0229503579664], [-0.011788610057139999, -0.0196947145708, 0.99973653874038]]}