{"translation": [[3934.66970139998], [2468.046580599621], [20.5968871]], "rotation": [[-0.8507021185860001, 0.5255703775165198, 0.009031077030359998], [-0.5256463998248398, -0.85053210868474, -0.01705494358538], [-0.0012823518901199978, -0.019255830978139998, 0.9998137669259]]}