{"translation": [[3930.5745649000164], [2474.492537200451], [20.6210832]], "rotation": [[-0.8528224297813198, 0.52212954091204, 0.008641243505239808], [-0.5221938926203601, -0.8526073921625799, -0.019344215084380053], [-0.002732598091640192, -0.021009584817819945, 0.9997755399371]]}