{"translation": [[3956.5133530999883], [2441.042291400023], [20.6282717]], "rotation": [[0.8527323464862201, -0.5223218940454198, -0.005233313580079998], [0.5223269883199798, 0.8525649695182201, 0.017535488041679998], [-0.004697429382319998, -0.01768657878408, 0.99983254552544]]}