{"translation": [[3928.1882918999763], [2478.282406900078], [20.6426338]], "rotation": [[-0.85391010549072, 0.52034731276712, 0.008726962314560001], [-0.5204113179884801, -0.85367543546442, -0.02025500023006], [-0.0030896415157600004, -0.02183755986514, 0.99975675796086]]}