{"translation": [[3946.6151973999804], [2456.1912054000422], [20.6041175]], "rotation": [[0.85084153006662, -0.52542219993334, -0.0004570447209999995], [0.52529726527466, 0.85061959039638, 0.022563286486999998], [-0.0114664801762, -0.019437865606599998, 0.999745312179]]}