{"translation": [[3953.83928700001], [2445.1422824999318], [20.6237686]], "rotation": [[0.8443464054555, -0.5357854213626799, -0.00362028518726], [0.53576904974908, 0.84421224259788, 0.016037187219559997], [-0.00553620272294, -0.015480578095239998, 0.99986484193662]]}