{"translation": [[3960.897742000001], [2432.980835000053], [20.643676100000004]], "rotation": [[0.9194618865686001, -0.39317790079288, 0.0009889964557599999], [0.39308020400312, 0.9192840292979, 0.020120321524939998], [-0.00882003439624, -0.01811111386706, 0.99979707668574]]}