{"translation": [[3942.1632247000234], [2463.078121099621], [20.5908111]], "rotation": [[0.85110120565886, -0.52494930033774, -0.007416123876559999], [0.52497519952914, 0.85083147492958, 0.02206513751592], [-0.005273205645039999, -0.02267294619528, 0.99972902872028]]}