{"translation": [[3937.642815899977], [2470.1155355004594], [20.5826673]], "rotation": [[0.8491015696767199, -0.5282206677696399, -0.00307226221912], [0.52821157712636, 0.8490101862591799, 0.01319930651044], [-0.00436376486888, -0.012830356334440001, 0.9999081655358999]]}