{"translation": [[3932.625961099984], [2471.252122200094], [20.6090547]], "rotation": [[-0.85177034810536, 0.5238405947577197, 0.008837539822439996], [-0.5239097634599598, -0.85156402507546, -0.01889623531338], [-0.002372883807479998, -0.020725328503259997, 0.99978239140174]]}