{"translation": [[3943.6399263999774], [2460.788098799996], [20.5985787]], "rotation": [[0.85109898693558, -0.5249773008553399, -0.0054191800508], [0.52496718739534, 0.85086758522358, 0.020828444321599998], [-0.0063234550688, -0.020571959587599997, 0.999768377388]]}