{"translation": [[3955.180458900053], [2443.095738099888], [20.6216737]], "rotation": [[0.8455772763359002, -0.5338316082600398, -0.004780155756179944], [0.5338470833106799, 0.8454918015542001, 0.01228296579635981], [-0.0025154536835399434, -0.012938069043479808, 0.99991313564886]]}