{"translation": [[3952.9109174999758], [2446.5509791998193], [20.6251313]], "rotation": [[0.84435781425302, -0.53576649380068, -0.0037566568684200006], [0.5357253443193201, 0.84415161620012, 0.02015864869428], [-0.00762914177658, -0.01903364872428, 0.99978973607814]]}