{"translation": [[3941.6439764000243], [2463.8835989004], [20.5802811]], "rotation": [[0.8509856189098199, -0.5251489638712601, -0.00648210084824], [0.52516709738086, 0.8507727270167, 0.01962809812208], [-0.004792881703840001, -0.02010741535528, 0.99978633722288]]}