{"translation": [[3963.465479700011], [2425.646575900726], [20.6973603]], "rotation": [[0.9696315423179, -0.24439962007804, -0.00913753627912], [0.24453208532228, 0.9694639566188, 0.01853895272656], [0.004327598812239999, -0.02021037421648, 0.99978638350374]]}