{"translation": [[3961.460903899977], [2431.636376200244], [20.6609977]], "rotation": [[0.93023515290214, -0.36694159859664005, -0.004053397058639999], [0.36693410508144003, 0.92996170495822, 0.02303467751052], [-0.00468287694216, -0.02291499638388, 0.99972644939992]]}