{"translation": [[3964.1900533000007], [2422.304840900004], [20.7277962]], "rotation": [[0.98934995362766, -0.14543360199612, -0.005977861604139999], [0.14554471478435999, 0.98895637366776, 0.027964711232279997], [0.0018448352943800004, -0.028536931972439998, 0.99959103638726]]}