{"translation": [[3931.2602367000654], [2473.408951400779], [20.6182809]], "rotation": [[-0.8524251889279998, 0.5227635199512, 0.009478361767199999], [-0.5228450656968, -0.8522038222097799, -0.019542837853880002], [-0.0021387870551999996, -0.02161451926612, 0.99976409126222]]}