{"translation": [[3962.6762280000257], [2428.309863200411], [20.6881949]], "rotation": [[0.9534537661011, -0.30140319894622003, -0.009056762474239772], [0.30152586107554, 0.95326425532286, 0.019220093382079834], [0.0028404901308798323, -0.02105631857535977, 0.9997742560454]]}