{"translation": [[3939.683243300009], [2466.9379599997774], [20.576576100000004]], "rotation": [[0.8504968959436401, -0.5259518389117798, -0.0054492696508999985], [0.5259525636722998, 0.8503008330510001, 0.0190366878771], [-0.005378862421219998, -0.019056701291459997, 0.9998039357678]]}