{"translation": [[3963.290528399986], [2426.284724299796], [20.6981861]], "rotation": [[0.9658492782915001, -0.2589066651426798, -0.010124556247739998], [0.25905590572955983, 0.9656875802391601, 0.01837202578772], [0.005020518016580002, -0.020367434045639995, 0.9997799567931]]}