{"translation": [[3928.5186788000283], [2477.7565635992214], [20.63808]], "rotation": [[-0.8538411264360001, 0.5204556702423999, 0.0090008736992], [-0.52052519065408, -0.85360216676176, -0.0204121637656], [-0.00294046073744, -0.02211392881408, 0.99975113294]]}