{"translation": [[3964.287043999997], [2421.6730359001085], [20.7362267]], "rotation": [[0.992532272987, -0.12189521785637998, -0.00460894413134], [0.1219803391617, 0.99202278576876, 0.03180548313137999], [0.0006952411500999998, -0.0321301690467, 0.999483451007]]}