{"translation": [[3949.552058000001], [2451.678023599088], [20.6208567]], "rotation": [[0.84845745658086, -0.52926263214292, 0.0010192439468398066], [0.5290962662492401, 0.8482360348056, 0.02351166962227995], [-0.013308406448119807, -0.019409373623640057, 0.9997230429399]]}