{"translation": [[3960.279583299998], [2434.3273339997977], [20.6415282]], "rotation": [[0.90811681804358, -0.4187168261538, 0.00023047135355980415], [0.41863329341340005, 0.907946374652, 0.01948166359379996], [-0.008366556472439805, -0.017595143256600044, 0.99981018780742]]}