{"translation": [[3964.372516800009], [2420.985027999617], [20.7450834]], "rotation": [[0.99540881529414, -0.09563304177362, -0.00395115045248], [0.09571158035197999, 0.99485813509814, 0.03311471319111999], [0.00076397336312, -0.033340848284479994, 0.99944374737164]]}