{"translation": [[3933.663100100006], [2469.6217598002404], [20.599671]], "rotation": [[-0.8511455667769999, 0.5248456165484999, 0.009394744004100002], [-0.5249263445505, -0.85093989005978, -0.0188041106079], [-0.0018748925108999998, -0.020936584457099998, 0.99977904769222]]}