{"translation": [[3927.830551900028], [2478.8518874999136], [20.6459427]], "rotation": [[-0.8540351463494598, 0.52013667573588, 0.009050296249139807], [-0.5202066830228399, -0.8537908238093598, -0.020647920282120053], [-0.0030126808897801925, -0.022342073046839942, 0.99974584547254]]}