{"translation": [[3935.3510587000055], [2466.984548700042], [20.5921469]], "rotation": [[-0.8505031446982801, 0.52587684053668, 0.00991183526488], [-0.5259702288080801, -0.8503563745843602, -0.015800304450920004], [0.0001195773174799998, -0.01865153613848, 0.99982603783292]]}