{"translation": [[3957.3510835000197], [2439.694733600132], [20.6334027]], "rotation": [[0.8616846646660401, -0.50742881345662, -0.00394106989134], [0.50741906783686, 0.86153897109014, 0.016627836924420002], [-0.005042058454020001, -0.01632772608846, 0.9998539808397401]]}