{"translation": [[3934.3443703000084], [2468.5559342000633], [20.5983555]], "rotation": [[-0.8508771040207399, 0.5252717445913798, 0.009880189993979998], [-0.5253632216659799, -0.85068032111162, -0.01833975395442], [-0.0012284710543799988, -0.020795566553819998, 0.99978299408188]]}