{"translation": [[3970.7248650999973], [2418.865403400734], [20.814344100000003]], "rotation": [[-0.5739548014203603, 0.8187304905967802, 0.0160017729661], [-0.8188178105593001, -0.5740505680770003, 0.0017678893569], [0.01063325358378, -0.012087848818540001, 0.9998704005078]]}