{"translation": [[3958.9206153000123], [2431.187915400602], [20.6734733]], "rotation": [[-0.8165088370044999, 0.5771235991095001, 0.0155415832022], [-0.5772024342825, -0.8166006894405, -0.000730904286599999], [0.0122694464378, -0.0095674298334, 0.999878955155]]}