{"translation": [[3947.726029000012], [2447.4783055000007], [20.6422502]], "rotation": [[-0.8445774834659601, 0.53526540451248, 0.013410121536840002], [-0.53539855511124, -0.8445432370915601, -0.009752849468319998], [0.0061050644827200014, -0.01541679668564, 0.99986251583324]]}