{"translation": [[3954.4680085], [2437.4531727004796], [20.6478115]], "rotation": [[-0.8332838550658599, 0.5526701825146599, 0.013926438388279942], [-0.5527674045074199, -0.8333252929194599, -0.004172785769959808], [0.009299077432760056, -0.011175195128679807, 0.9998943155092399]]}