{"translation": [[3946.704841000028], [2449.033876299858], [20.6426737]], "rotation": [[-0.8471693440149003, 0.5312378167921, 0.009502743663], [-0.5313179971877401, -0.8471022414093003, -0.010899359438680001], [0.00225964412468, -0.014282583160200002, 0.99989544544236]]}