{"translation": [[3950.058323199977], [2443.9478702005], [20.6482773]], "rotation": [[-0.8409103204236199, 0.54087102778842, 0.018122914366319808], [-0.54111206207382, -0.84085054768474, -0.012967978062080056], [0.008224658305919806, -0.020711433458319942, 0.99975166492988]]}