{"translation": [[3943.7410578000126], [2453.6985280001536], [20.6182095]], "rotation": [[-0.8559077003036799, 0.5170890985627999, 0.006412597007439999], [-0.5171286026043999, -0.8558291079084999, -0.0116101294753], [-0.0005153846034399996, -0.0132533348831, 0.99991203788382]]}