{"translation": [[3969.846487700008], [2419.483174400404], [20.8020003]], "rotation": [[-0.60084525051778, 0.7992600601515, 0.012979201431960002], [-0.7992939077835001, -0.6009294942625001, 0.003620829297], [0.010693568318040001, -0.008198638377, 0.99990921084472]]}