{"translation": [[3953.7861681000213], [2438.438631299883], [20.646507]], "rotation": [[-0.8351568349760998, 0.54980013294294, 0.015271598962179998], [-0.5499191948841798, -0.8352042554696999, -0.00480392323386], [0.01011370440894, -0.01241017310222, 0.99987184209324]]}