{"translation": [[3945.724381899985], [2450.563614900224], [20.6319927]], "rotation": [[-0.85055285379946, 0.52577225695508, 0.011108060984440001], [-0.52587571259804, -0.85049408038416, -0.010703571342920002], [0.003819699199720001, -0.01494541255204, 0.99988101519254]]}