{"translation": [[3940.754939300008], [2458.492833199911], [20.6098317]], "rotation": [[-0.8533974574434599, 0.5211733391276, 0.009540422713319945], [-0.5212590492616801, -0.8532972923603999, -0.013138640459239806], [0.0012933080726000535, -0.016185514909799806, 0.9998681695371]]}