{"translation": [[3947.374836699979], [2448.0094242002815], [20.6460935]], "rotation": [[-0.8453611083035399, 0.5340878962275, 0.010720416714359807], [-0.53418142687614, -0.8453141842047399, -0.009713126216600056], [0.003874456325399808, -0.013937745284359943, 0.99989535845336]]}