{"translation": [[3962.517494999978], [2426.514464499429], [20.7013942]], "rotation": [[-0.7736713222566597, 0.6334114463308799, 0.014912902447999999], [-0.6335322545023999, -0.7736995222607997, -0.005069678453999999], [0.008326914645119999, -0.01337007073816, 0.9998759441475]]}