{"translation": [[3952.4261222999776], [2440.418032100424], [20.6417079]], "rotation": [[-0.8382039285411601, 0.54509978619194, 0.01674751725922], [-0.5452857229992201, -0.8381955785617001, -0.00957780951694], [0.00881683242806, -0.01716033902422, 0.9998138757983001]]}