{"translation": [[3946.388898200006], [2449.5281795999035], [20.637919600000004]], "rotation": [[-0.8482125901899594, 0.5295353127368999, 0.011304118244499943], [-0.5296430344705, -0.8481477744721795, -0.011119234468979805], [0.0036995353131000545, -0.015418621952979803, 0.99987428186622]]}