{"translation": [[3949.384341600002], [2444.959406300448], [20.650489800000003]], "rotation": [[-0.8416491289329999, 0.5397854689138598, 0.016071777944019996], [-0.5399780373175399, -0.84159479436274, -0.01190932615154], [0.007097444014220001, -0.018701881833939997, 0.9997999129299]]}