{"translation": [[3957.208089700027], [2433.565013099462], [20.6652865]], "rotation": [[-0.8245384114463998, 0.56547825815568, 0.019257058404159998], [-0.56567475936992, -0.8246026632788999, -0.006526945985459999], [0.01218857485296, -0.016274949011659996, 0.99979326097326]]}