{"translation": [[3951.080676599988], [2442.4183800006285], [20.6471302]], "rotation": [[-0.8398438601555999, 0.54251033600976, 0.018564112670679943], [-0.5427604838584, -0.8397872317391999, -0.01297162185239981], [0.008552667330600056, -0.020970005585679807, 0.9997435224693599]]}