{"translation": [[3970.301691600005], [2419.1554779997095], [20.8096507]], "rotation": [[-0.5872067778846602, 0.8093094172096, 0.014370094307180004], [-0.8093764669596801, -0.5872874249856003, 0.0018021030822399989], [0.009897834430100002, -0.0105726089264, 0.9998951209083]]}