{"translation": [[3971.6088560000644], [2418.2932275002822], [20.8279653]], "rotation": [[-0.5425007288893, 0.8398569141879999, 0.018252689375499998], [-0.8399904266631999, -0.54260070192612, 0.0006318205409599981], [0.010434562425100002, -0.014989321987039998, 0.99983320614782]]}