{"translation": [[3946.0442804999766], [2450.066315099597], [20.6333504]], "rotation": [[-0.8493366695993998, 0.52771551387478, 0.011982415280859944], [-0.52783086067882, -0.8492854571313998, -0.010431443135659807], [0.004671656573660055, -0.015184495602859808, 0.9998737953959601]]}