{"translation": [[3959.254166800005], [2430.7275721998885], [20.6770456]], "rotation": [[-0.81458701584904, 0.57985429385192, 0.014728064094319999], [-0.5799386697608799, -0.81465793406344, -0.0018746041800800006], [0.01091133751912, -0.010068402372879998, 0.99988977891696]]}