{"translation": [[3955.8382815999794], [2435.498174900189], [20.6639565]], "rotation": [[-0.8294440384663199, 0.55823491756756, 0.0199067406236], [-0.55847421578644, -0.8294704877744798, -0.0092290125628], [0.011360097518799999, -0.0187723514644, 0.9997592445152]]}