{"translation": [[4006.6725555000594], [2439.4413625001907], [20.66529]], "rotation": [[-0.4224780692649003, -0.9062916219452202, -0.012145143263640001], [0.9063729851962201, -0.4224422360644202, -0.00550421884004], [-0.00014219523435999963, -0.01333344330804, 0.99991109557452]]}