{"translation": [[3986.1474052999984], [2416.871094699949], [20.7792004]], "rotation": [[0.27800065065902024, 0.9603154253217598, 0.02258397846078], [-0.9605422281081599, 0.2781236917702402, -0.002440089865439997], [-0.008624396503020004, -0.021014516568959998, 0.9997419716702199]]}