{"translation": [[3976.7170491999714], [2416.1680925004184], [20.8252699]], "rotation": [[-0.2277803782493003, 0.9735005117523001, 0.020319137153999845], [-0.9737101726188602, -0.22768419239810023, -0.006958642217520125], [-0.0021478955335201555, -0.021369992535599878, 0.99976932837856]]}