{"translation": [[3981.4742342000245], [2415.921671099961], [20.7980938]], "rotation": [[0.07267994925824006, 0.9971028038047999, 0.022437017806079998], [-0.99731105569408, 0.0728700294572, -0.00777259201656], [-0.0093850580064, -0.0218117775732, 0.999718043742]]}