{"translation": [[3982.064304400061], [2415.985362299718], [20.7940745]], "rotation": [[0.10338598961047996, 0.9943929534144, 0.02223004603088], [-0.9945993043680001, 0.10356141973599997, -0.006887644845599998], [-0.00915120196688, -0.021397899444, 0.9997291560504801]]}