{"translation": [[4017.9771539000794], [2444.9094567000866], [20.6355392]], "rotation": [[-0.41980938880889995, -0.9074896386030198, -0.014930683768159722], [0.9076118104009399, -0.41977189690233996, -0.005713895846479939], [-0.0010821785216799402, -0.01595000981743972, 0.9998722048855999]]}