{"translation": [[3987.9543582000188], [2417.4659400004894], [20.7660177]], "rotation": [[0.32537163414974, 0.9453732192934401, 0.0200695374881], [-0.9455588654960001, 0.32545038422784, -0.0006997772185600003], [-0.007193189427940001, -0.0187492412912, 0.9997983416569399]]}