{"translation": [[4014.984661100025], [2430.093780000694], [20.7018878]], "rotation": [[0.42541936497158006, 0.9048227034490599, 0.017725754405399998], [-0.9049907847349399, 0.42540361909142, 0.004837721227800001], [-0.003163319608200001, -0.0180997051074, 0.999831182787]]}