{"translation": [[3984.9518090999336], [2416.5343010993674], [20.7822283]], "rotation": [[0.23703221171629973, 0.9712259787605803, 0.023144086471540003], [-0.9714501306818603, 0.23719781808475981, -0.004653888941180002], [-0.010009703104779999, -0.021380207310340002, 0.9997213074219]]}