{"translation": [[4003.7726764000254], [2438.035701999441], [20.6787582]], "rotation": [[-0.42279986274714, -0.9061452211236601, -0.011890028259819892], [0.9062185828994201, -0.42280330174163994, -0.002346597755459829], [-0.002900783520540107, -0.011767104487179832, 0.99992655766326]]}