{"translation": [[3980.3592204001034], [2415.85572890006], [20.8047339]], "rotation": [[0.01073222555867992, 0.99967770123562, 0.02300697490542], [-0.99991086464082, 0.010911809620859914, -0.0076943544293800025], [-0.007942922338779999, -0.02292234650082, 0.9997056947011801]]}