{"translation": [[4000.1714243000024], [2422.9140092991292], [20.7426227]], "rotation": [[0.41584646913134005, 0.9092900350739199, 0.01623061226836], [-0.9094296553494399, 0.41583834330720004, 0.004032462779119999], [-0.0030826336686800007, -0.01643748461096, 0.9998601434651]]}