{"translation": [[3995.139177699981], [2420.5337068997324], [20.7520017]], "rotation": [[0.41030140430039996, 0.9118265762821999, 0.014997100390199723], [-0.91194935620332, 0.41026361731205996, 0.0056565561036999385], [-0.000994964814759941, -0.015997490180819723, 0.9998715369098999]]}