{"translation": [[4020.068565100024], [2432.588090199977], [20.6839798]], "rotation": [[0.42490491656640006, 0.90513403910432, 0.013715925141439999], [-0.9052360845430399, 0.42488606421344, 0.00440535431392], [-0.0018402687228799997, -0.01428800756384, 0.999896227736]]}