{"translation": [[4016.638352799986], [2430.905292700045], [20.6971431]], "rotation": [[0.42589239406949997, 0.9046148742811402, 0.016956613333980002], [-0.9047687714501402, 0.42587760953958, 0.004654109186060003], [-0.0030112646919800007, -0.017323964702940002, 0.99984539430492]]}