{"translation": [[3975.7499120999128], [2416.397114199586], [20.831850600000003]], "rotation": [[-0.29593099087721997, 0.9549714276433201, 0.021318459409299724], [-0.9552018265566802, -0.29576636477892004, -0.01057278059219996], [-0.0037914205107000432, -0.02349224407219972, 0.99971682971286]]}