{"translation": [[3985.5718372000265], [2416.7023739004508], [20.77956]], "rotation": [[0.25950937336189994, 0.9654607151418801, 0.02325088528986], [-0.9656961449347601, 0.25965332124055995, -0.003349539823320001], [-0.009271019748420001, -0.02158405144116, 0.9997240504047]]}