{"translation": [[3999.406019200105], [2422.5475937006995], [20.7460612]], "rotation": [[0.41512722181277995, 0.9096334504698999, 0.015378626457699999], [-0.9097562392588999, 0.41513187667277995, 0.0030392028773000004], [-0.003619598735299997, -0.015252455895699998, 0.9998771230110001]]}