{"translation": [[4006.2379131999915], [2425.838790400885], [20.734658]], "rotation": [[0.4195373879351799, 0.90747830961144, 0.0217148733819], [-0.9077300356154401, 0.41951431066267997, 0.0058278305587999985], [-0.0038210708996999996, -0.0221562350636, 0.9997472183915]]}