{"translation": [[3980.936492800014], [2415.880087000318], [20.8000272]], "rotation": [[0.043538369997499826, 0.9987902421129202, 0.02285833726894], [-0.9990103631003602, 0.04373349316859987, -0.008106600380120003], [-0.009096468588019999, -0.02248276699276, 0.99970584646694]]}