{"translation": [[4024.544465400104], [2448.056734999642], [20.6225145]], "rotation": [[-0.42055828147780017, -0.9071313962239, -0.015597904252899999], [0.90726304373882, -0.4205348941123602, -0.0049096896593], [-0.00210572979674, -0.016216213234180002, 0.999866291223]]}