{"translation": [[4003.164422200003], [2424.3531459011137], [20.7384787]], "rotation": [[0.41798269895863993, 0.9082756255321999, 0.01805154743164], [-0.9084466187116399, 0.41798162930093996, 0.004013159312499997], [-0.0039001605061999983, -0.018076298303859997, 0.99982900347494]]}