{"translation": [[3993.1352858999744], [2419.602322500199], [20.7520667]], "rotation": [[0.4012484915379201, 0.9158367040948799, 0.0155787840648], [-0.9159639926011199, 0.40124549928632003, 0.003454359861000002], [-0.003087286596000002, -0.0156556627602, 0.99987267632824]]}