{"translation": [[4019.2281583999866], [2432.1762129999697], [20.6856051]], "rotation": [[0.42541160725488014, 0.90488894239096, 0.014175090496479893], [-0.9049974836609599, 0.42539491200246016, 0.0043232219443398315], [-0.0021179752935201095, -0.01466757032433983, 0.99989018224758]]}