{"translation": [[4010.4696824000566], [2441.285354900174], [20.6531211]], "rotation": [[-0.42163991018970004, -0.9066813844174598, -0.012188795897719998], [0.9067632920628997, -0.4216044492565, -0.005471196935799999], [-0.00017821854580000063, -0.013359228252279998, 0.99991074564344]]}