{"translation": [[4010.9696621000185], [2428.1337222000584], [20.7146609]], "rotation": [[0.4226783339499801, 0.9060843767178, 0.01881663434664], [-0.9062750168597999, 0.42265203537200013, 0.005548716948600001], [-0.0029252822066400015, -0.019398368795400002, 0.9998075544779801]]}