{"translation": [[4015.137698300008], [2443.541173200123], [20.6417624]], "rotation": [[-0.42058686697383973, -0.90715449490332, -0.01331562416899983], [0.9072522138222, -0.4205425853104997, -0.006103326920100106], [-6.312705267982974e-05, -0.014647609411739891, 0.9998927160179]]}