{"translation": [[3989.8589232000522], [2418.1913437005132], [20.7613366]], "rotation": [[0.3629054676973402, 0.9316174489448998, 0.019715371572759998], [-0.9318067498512599, 0.36295285621654017, 0.001245240756600003], [-0.005995663973800001, -0.018822818978759998, 0.99980485773164]]}