{"translation": [[4000.8830778999836], [2423.2552212001756], [20.743599600000003]], "rotation": [[0.41648130973536013, 0.9089626332730398, 0.018175915565039724], [-0.9091380989589599, 0.4164692935683001, 0.00462152469681994], [-0.0033689189029599397, -0.018449194632179724, 0.9998241233523]]}