{"translation": [[3996.531483299972], [2421.1867167996243], [20.7452834]], "rotation": [[0.41197722029707995, 0.91108807808596, 0.013902384515679999], [-0.91119296841056, 0.41195321183516, 0.004681660692040001], [-0.00146172663052, -0.014596492637440001, 0.99989239708908]]}