{"translation": [[3997.268064600008], [2421.5335462009534], [20.745165]], "rotation": [[0.4131505684356801, 0.9105497736565199, 0.014341717926759999], [-0.9106600777009198, 0.4131360161559001, 0.004101513566160001], [-0.00219044762204, -0.01475497291896, 0.9998887401642199]]}