{"translation": [[3989.2530843000277], [2417.951424400322], [20.7626323]], "rotation": [[0.3525066470900601, 0.9355813795914197, 0.020651980568779833], [-0.9357898783868198, 0.35255562068318014, 0.001340230913020114], [-0.006027076271179835, -0.019798355283579885, 0.99978582679788]]}