{"translation": [[4026.337579199986], [2448.9153028000146], [20.6223973]], "rotation": [[-0.42114752946666056, -0.9068479027278201, -0.016171232312040002], [0.9069910465985401, -0.4211069794557005, -0.0060018546905200015], [-0.0013670502626800017, -0.01719483026364, 0.9998512234188001]]}