{"translation": [[4025.440902500006], [2448.4857216998935], [20.6222235]], "rotation": [[-0.42081239687322025, -0.9070091389064603, -0.01585524325992], [0.9071459687826602, -0.42078154848474025, -0.00539628910784], [-0.0017771100243199984, -0.016653845049360003, 0.99985973582748]]}