{"translation": [[4004.7669214000925], [2438.515929600224], [20.6732928]], "rotation": [[-0.42263854436496007, -0.9062255772031599, -0.01148808405196], [0.90629763180076, -0.4226206382228801, -0.00406334521388], [-0.0011727935536400003, -0.01212894903908, 0.99992575382192]]}