{"translation": [[4019.8438293000218], [2445.805190199986], [20.6311476]], "rotation": [[-0.4194115644573, -0.9076781004548999, -0.014644735669499892], [0.90779473073118, -0.41938564878226003, -0.004946431017099831], [-0.0016520245002601096, -0.015369003796179831, 0.9998805251342]]}