{"translation": [[4022.6044023000286], [2447.127039000392], [20.6251763]], "rotation": [[-0.41994789285928, -0.9074194434947198, -0.01529577196471972], [0.9075467989203199, -0.41991868411216005, -0.005229367769919939], [-0.0016777490111199401, -0.01607768906047972, 0.99986933801112]]}