{"translation": [[4021.7090791999944], [2446.6990182995796], [20.6263577]], "rotation": [[-0.4196083339236001, -0.9075771700280002, -0.015250647903599895], [0.9077034142900802, -0.41958243406416007, -0.005014820591199832], [-0.0018475669525601065, -0.015947325274079834, 0.9998711263547999]]}