{"translation": [[4005.758503200079], [2438.9965755995363], [20.667124800000003]], "rotation": [[-0.4226563516861801, -0.9062166312940599, -0.011528274930159893], [0.9062899274619399, -0.4226189627900201, -0.005626300034719832], [0.00022657857615989221, -0.012825951703279832, 0.9999177184238]]}