{"translation": [[4006.9845622000284], [2426.2007087999955], [20.729141100000003]], "rotation": [[0.41978668993472024, 0.9073929092731998, 0.02042673322776], [-0.9076165317403999, 0.4197610948448003, 0.005732612194800004], [-0.003372616368240001, -0.0209461149564, 0.99977491753408]]}