{"translation": [[3999.9427034999826], [2436.173891399987], [20.6897485]], "rotation": [[-0.4225449506883602, -0.90622269185836, -0.01470273381576], [0.9063374557394399, -0.4225383617538001, -0.003704341128520002], [-0.002855511237560001, -0.014890889175120001, 0.9998850471294]]}