{"translation": [[3971.248508400051], [2421.91053429991], [20.802684]], "rotation": [[-0.45520179775009983, -0.8902599412611599, -0.015124182616319894], [0.89037849365724, -0.45521118852615994, -0.0030153712025598276], [-0.0042002317555201035, -0.014838848220159828, 0.9998810762543]]}