{"translation": [[3958.0777231000247], [2414.930999200791], [20.8425179]], "rotation": [[-0.45370880579457995, -0.89104649429564, -0.0135843515676], [0.8911418011296399, -0.45371743491207994, -0.002617173331200001], [-0.0038314336068000004, -0.0132930177264, 0.9999043033214999]]}