{"translation": [[4002.8544853000203], [2437.586539199576], [20.6841436]], "rotation": [[-0.4226903946664998, -0.9061923076394399, -0.01217491055208], [0.9062729081344799, -0.4226733986308998, -0.00406333455156], [-0.001463848802639999, -0.01275132468852, 0.99991762703704]]}