{"translation": [[3920.922354099923], [2372.8911931002513], [20.732355]], "rotation": [[0.4128981001877401, 0.9105894043376198, 0.01849744176028], [-0.9107772295542199, 0.41280760888662016, 0.00864730954268], [0.00023826278811999932, -0.02041750584292, 0.99979151262012]]}