{"translation": [[3917.037500699982], [2371.067157300189], [20.737651]], "rotation": [[0.41330744968940025, 0.9104344036059399, 0.01691618128938], [-0.9105914766553399, 0.4132289366946802, 0.00806330883906], [0.0003508580428199983, -0.01873635603534, 0.99982439751372]]}