{"translation": [[3988.4168563000276], [2430.5620021000504], [20.7187662]], "rotation": [[-0.42650240855295984, -0.9043692101831999, -0.014557727132959998], [0.9044569568049599, -0.4265630962374598, 0.0011993578770000003], [-0.007294452259999999, -0.01265530895796, 0.99989331136574]]}