{"translation": [[3945.817192199989], [2408.639620599337], [20.8908932]], "rotation": [[-0.4356471952298401, -0.8999654938903999, -0.01653920968544], [0.9001125927294399, -0.4356316979546401, -0.0047178925383999995], [-0.0029590640911999998, -0.01694248820944, 0.9998520870729599]]}