{"translation": [[3996.102410200052], [2434.309813999571], [20.7043032]], "rotation": [[-0.42324780480647983, -0.9058753617694798, -0.015840704573], [0.9059995262234798, -0.42327473642897984, -0.0017774239628999995], [-0.005094846924600001, -0.015103962795499998, 0.9998729483415]]}