{"translation": [[3972.231439199997], [2422.4254395999014], [20.7976692]], "rotation": [[-0.45329978159207995, -0.8912522031824799, -0.01373879102012], [0.89134858124968, -0.45331229133856, -0.002368390331680001], [-0.00411713012932, -0.013319643049119999, 0.99990281344952]]}