{"translation": [[3920.175328399986], [2372.5405628001317], [20.7332293]], "rotation": [[0.4127702845275799, 0.9106470916077801, 0.01850530606262], [-0.9108350764782202, 0.4126808877499799, 0.00859231747742], [0.00018778470338000168, -0.02040193640342, 0.99979184117756]]}