{"translation": [[3964.701792899985], [2418.4355465993285], [20.8125067]], "rotation": [[-0.4601275663621198, -0.8877544911634399, -0.01321733331136], [0.8878443766038397, -0.46013732121689976, -0.002473936957579999], [-0.003885539043760001, -0.012873261058219999, 0.99990958678422]]}