{"translation": [[3986.497661600006], [2429.6182470005006], [20.731158800000003]], "rotation": [[-0.42837940378529993, -0.9035087833522601, -0.012766611210580002], [0.9035693971376602, -0.42843694084242, 0.002038092901340002], [-0.0073111225382200004, -0.01066244210806, 0.99991642641612]]}