{"translation": [[3949.621960700024], [2410.557539000176], [20.867605]], "rotation": [[-0.44125852280794, -0.8973145721866599, -0.01083025242226], [0.89737619657714, -0.44125935650979997, -0.0024416973405799996], [-0.0025879804490600003, -0.010796231315979999, 0.9999383699703]]}