{"translation": [[3948.6342973000137], [2410.058951099403], [20.8710413]], "rotation": [[-0.4397828197139999, -0.8980340047877199, -0.01122394276204], [0.89809890289204, -0.4397885983047398, -0.00208052564882], [-0.003067779377719999, -0.01099519021166, 0.9999348451379]]}