{"translation": [[3991.331944899983], [2431.987532599829], [20.7198185]], "rotation": [[-0.4243453164506401, -0.9052845569402002, -0.019775650767], [0.9054614861850001, -0.4244286156196201, 1.670561517999776e-05], [-0.008408473899799998, -0.017899000223820002, 0.9998044425679801]]}