{"translation": [[3923.2737751000095], [2373.999539900571], [20.7256075]], "rotation": [[0.4140390970613401, 0.9100644814483398, 0.01882133007913989], [-0.9102590329015399, 0.41394352203212015, 0.008901142632219833], [0.00030964647105988924, -0.02081770701037983, 0.99978324010022]]}