{"translation": [[3963.7237540999195], [2417.9147744998336], [20.8157337]], "rotation": [[-0.4593897904458, -0.8881330470114599, -0.01343204799222], [0.8882284994534999, -0.4593902086018, -0.0032369232701000006], [-0.0032957344719000007, -0.01341773899778, 0.99990454664204]]}