{"translation": [[4001.8563386999886], [2437.104236200452], [20.6877098]], "rotation": [[-0.4229687525453796, -0.9060073455035598, -0.01574275626201989], [0.9061398922927597, -0.42295594221555954, -0.004298447830359831], [-0.002764068884420107, -0.01608325065643983, 0.99986683560582]]}