{"translation": [[3995.179890899977], [2433.8611360993236], [20.7100232]], "rotation": [[-0.4232033230410398, -0.9058883613736799, -0.0162770395116], [0.9060139113779999, -0.42324672450279976, -0.0008488221948000016], [-0.006120267730319999, -0.01510645018824, 0.9998671599064001]]}