{"translation": [[3950.5314898000215], [2411.0208155997097], [20.86322]], "rotation": [[-0.4426041908183205, -0.8966503246941602, -0.010936791459040002], [0.8967115782314401, -0.44261108269128047, -0.001913858797920001], [-0.003124683542560001, -0.010654229942880001, 0.9999383599663999]]}