{"translation": [[3959.961565400008], [2415.9199050003663], [20.8355668]], "rotation": [[-0.45568062540263965, -0.8900431689676798, -0.013353156962599998], [0.8901346984599998, -0.4556909973923996, -0.0024321363353999982], [-0.003920207191319999, -0.012994385849239998, 0.9999078847128]]}