{"translation": [[3956.196439000021], [2413.947819800116], [20.8493633]], "rotation": [[-0.45133533934585957, -0.8922755094589799, -0.011870498085719997], [0.89234268394038, -0.45135780425577965, -0.0008654503325199996], [-0.004585621349879998, -0.010983160106119999, 0.99992916862892]]}