{"translation": [[3943.9135139000136], [2407.6911427006125], [20.8899292]], "rotation": [[-0.4329515668185999, -0.9013052926861, -0.014211447187099997], [0.90141091860598, -0.43295412403475997, -0.0030557103070999988], [-0.003398775228139999, -0.01413332669902, 0.9998943431294]]}