{"translation": [[3967.4807426999905], [2419.919264900498], [20.8056313]], "rotation": [[-0.4601195978707602, -0.88771925658362, -0.0156409259035], [0.8878460455771, -0.46013015541940017, -0.003130630165899999], [-0.004417739874620002, -0.01532719748534, 0.9998727722094001]]}