{"translation": [[3931.3404744999716], [2401.499336999841], [20.9321595]], "rotation": [[-0.43012270854673984, -0.902643443217, -0.01513299328842], [0.9027611599750799, -0.4301333064177999, -0.0027137105015599995], [-0.004059693209700001, -0.0148287086962, 0.9998818071491]]}