{"translation": [[4000.935852100025], [2436.6594070000574], [20.692809]], "rotation": [[-0.42320186893690015, -0.9058675737499001, -0.017433746369999892], [0.9060276354476601, -0.4231991664697001, -0.004025898722879831], [-0.0037310171731201073, -0.01749922523639983, 0.9998399154897599]]}