{"translation": [[3992.256264000025], [2432.434261900373], [20.7180099]], "rotation": [[-0.4239120221352003, -0.9055207243199602, -0.018189711866520002], [0.9056797979401202, -0.4239604641060003, -0.0012956779561600022], [-0.006538455006760001, -0.017023307706720003, 0.9998337139778399]]}