{"translation": [[3976.01692299993], [2424.386890700087], [20.7873842]], "rotation": [[-0.4444531035632997, -0.89564346037856, -0.016856575151019893], [0.89578295456296, -0.44448786074771973, -0.0018312487654398293], [-0.005852397727180104, -0.01591373742103983, 0.9998562408634201]]}