{"translation": [[3976.929461300024], [2424.8523727003485], [20.7840254]], "rotation": [[-0.44203524530804017, -0.8968422527037602, -0.016702550546519895], [0.8969789803801201, -0.44206987435204015, -0.001759111848559829], [-0.005806047343440106, -0.015759425227479834, 0.99985895522636]]}