{"translation": [[3941.0016317000263], [2406.2527065007016], [20.9043025]], "rotation": [[-0.4303091355211601, -0.9025677848773601, -0.01433942758468], [0.9026666630573201, -0.4303393248339602, -0.0010670075029599992], [-0.005207771773360001, -0.013402865425880001, 0.99989661581804]]}