{"translation": [[3974.7272335999296], [2391.0849232003093], [20.6663156]], "rotation": [[-0.49193793836064026, 0.8700941824458399, 0.03054848044776], [-0.8702876917442399, -0.4924258019608202, 0.010779348505419997], [0.024421907833839997, -0.021283195944779995, 0.99947516027118]]}