{"translation": [[3965.205981999985], [2392.8778884001076], [20.6417702]], "rotation": [[0.1266216088306401, 0.9918301505756799, 0.015489172428639864], [-0.99175703362016, 0.12627255238400015, 0.02175368137311985], [0.019620099858079866, -0.01811598182175985, 0.9996433678476]]}