{"translation": [[3961.579217300052], [2391.9570190990344], [20.636044]], "rotation": [[0.32679860157221985, 0.9449880047346403, 0.014155505523440002], [-0.9450712872354402, 0.32665019751949986, 0.011829789918920001], [0.006555110382640002, -0.01724392049452, 0.99982982439128]]}