{"translation": [[3958.1109756000224], [2390.501802900806], [20.6311128]], "rotation": [[0.40611702872159994, 0.9136407965900801, 0.01814913236536], [-0.9138189476585601, 0.40607851200696, 0.0059253860106800015], [-0.001956297414320001, -0.018991421890360002, 0.9998177327772]]}