{"translation": [[3931.4452535000164], [2377.8949110992253], [20.7122654]], "rotation": [[0.4193063715756, 0.9076282055676801, 0.01982696138244], [-0.90784367846016, 0.4191725092944599, 0.01068475982392], [0.001386874036520002, -0.02247997043064, 0.9997463315595]]}