{"translation": [[3946.821897900023], [2385.2472874997184], [20.649084100000003]], "rotation": [[0.41762397884150015, 0.9083914146339398, 0.02037711797307972], [-0.9086092470662197, 0.41762281581654015, 0.0045162679415599385], [-0.004407410044039939, -0.02040093992227972, 0.999782164463]]}