{"translation": [[3932.8632725999923], [2378.577566999942], [20.7087387]], "rotation": [[0.42025752869590005, 0.9071675077193401, 0.020752055617620002], [-0.9074033251143, 0.420105190739, 0.0114350148969], [0.0016554291248999983, -0.023636136157620002, 0.99971925688454]]}