{"translation": [[3936.2995300000184], [2380.233809100464], [20.6964493]], "rotation": [[0.42219546506431993, 0.9062110595452001, 0.02307621194647983], [-0.9065047624276, 0.4220492333475, 0.011116071665800108], [0.0003342093855201681, -0.025611850990599892, 0.99967190687582]]}