{"translation": [[3964.264865999983], [2392.7129212999716], [20.639878]], "rotation": [[0.18479468623920015, 0.9826536750868399, 0.015577026400679846], [-0.9826806059530798, 0.18453118527000012, 0.016942057449440127], [0.013773728502040153, -0.018438043965119874, 0.99973512638424]]}