{"translation": [[3959.3939569001086], [2391.0802264995873], [20.633814]], "rotation": [[0.3913705064047198, 0.9200885232072802, 0.016315553476400003], [-0.9202308191232802, 0.3912679098447198, 0.009199095682], [0.0020802304420000023, -0.018614330176400004, 0.9998245742840001]]}