{"translation": [[3952.7290567000164], [2388.013689899817], [20.6352255]], "rotation": [[0.41486906827478, 0.90961851632072, 0.02185975733858], [-0.90987317682352, 0.41484622211696, 0.005783781586480002], [-0.00380740350962, -0.02228911839568, 0.9997443167611799]]}