{"translation": [[3961.127443699981], [2391.7898185001686], [20.6351915]], "rotation": [[0.34431259195723973, 0.9387382381012404, 0.014813019036639837], [-0.9388426180345604, 0.34418378565499974, 0.010588977945080114], [0.004841876538440165, -0.017553011664319888, 0.9998342102718001]]}