{"translation": [[3934.959373800026], [2379.5884154010564], [20.7023378]], "rotation": [[0.42128627017045983, 0.9066863126612401, 0.020924977486739833], [-0.9069269863443601, 0.42114404290779983, 0.011008281384120105], [0.0011686275683401703, -0.023615064079079894, 0.9997204424639]]}