{"translation": [[3941.840780299972], [2382.900728999637], [20.6711414]], "rotation": [[0.4215278098521601, 0.9065326742297599, 0.02264325529344], [-0.90681348615936, 0.4214470506124801, 0.00846083748352], [-0.0018729057510400021, -0.02409968890368, 0.99970780589568]]}