{"translation": [[3953.1741338000284], [2388.222801799886], [20.6340476]], "rotation": [[0.4145441650070403, 0.9097793709631997, 0.021322664889679998], [-0.9100243943603198, 0.41450437633920023, 0.006461290585759999], [-0.0029599894132000017, -0.022082635184799998, 0.9997517670384]]}