{"translation": [[3973.2632003001054], [2391.798012699932], [20.6696095]], "rotation": [[-0.3986189444116801, 0.9166785617139199, 0.028343609895440002], [-0.91684074581288, -0.3990666867437801, 0.012199791926739999], [0.02249427805216, -0.02112350822834, 0.9995237890405401]]}