{"translation": [[3976.1921840999858], [2390.167812800035], [20.6600686]], "rotation": [[-0.5794377646084002, 0.8145655214064801, 0.02711381205864], [-0.8147489300492, -0.5797794339613602, 0.006345039053519999], [0.020888476542, -0.0184143930852, 0.9996122156824]]}