{"translation": [[3963.347472000052], [2392.5043827993795], [20.6364076]], "rotation": [[0.23884447451309976, 0.9709561312905403, 0.014055208373080002], [-0.9709901986809403, 0.23863195858501973, 0.015259855744840001], [0.011462627912120002, -0.017292201742760003, 0.99978477080408]]}