{"translation": [[3942.9847880000016], [2383.4442510996014], [20.6652133]], "rotation": [[0.4203913532722401, 0.90706419429472, 0.022488850247919998], [-0.9073409757059199, 0.4203128022571201, 0.008342238259520001], [-0.0018854076567200034, -0.02391205893728, 0.99971228797112]]}