{"translation": [[3970.212410899985], [2392.733151599765], [20.6529088]], "rotation": [[-0.19910236790400027, 0.97977886876352, 0.01978995877936013], [-0.9797310821312, -0.19946541557074027, 0.018454857203479846], [0.022029090994399876, -0.015714431992600152, 0.9996338208491]]}