{"translation": [[3937.601540700067], [2380.8618978001177], [20.6922815]], "rotation": [[0.42298901846189985, 0.9058280390587202, 0.02357557616776], [-0.9061344124945602, 0.4228691696831999, 0.010101766725119999], [-0.0008189198656799995, -0.02563557787264, 0.99967101913134]]}