{"translation": [[3938.213215399999], [2381.1572427004576], [20.6884444]], "rotation": [[0.42321504416540023, 0.9057295696580198, 0.023300452540339828], [-0.9060287153001397, 0.42310222509324025, 0.009818971943020106], [-0.0009651388835798316, -0.02526641655513989, 0.9996802872254]]}