{"translation": [[3971.2314832999837], [2392.4957456998527], [20.6532688]], "rotation": [[-0.26637165540170027, 0.9637132112168398, 0.017402397568620002], [-0.9636344611901999, -0.26666245597060023, 0.017309403967799997], [0.0213218695635, -0.012158815122119998, 0.99969872514614]]}