{"translation": [[3930.755824400054], [2377.563365199603], [20.7137817]], "rotation": [[0.41887066827390007, 0.9078354891984798, 0.01954606141964], [-0.9080447462547997, 0.4187390465621401, 0.010597659169519998], [0.0014362326830000011, -0.0221877473524, 0.9997527899868]]}