{"translation": [[3940.0935428999946], [2382.066943500191], [20.678980600000003]], "rotation": [[0.42307602275564005, 0.9057968445996998, 0.023212731197859826], [-0.9060942059948598, 0.42294311524364003, 0.010605977330500106], [-0.00021080555349982898, -0.025520054972859887, 0.9996742881548399]]}