{"translation": [[3974.257673900109], [2391.337732600048], [20.6702421]], "rotation": [[-0.4626969839609998, 0.8859609348686199, 0.031385383974659994], [-0.88617206178522, -0.4632142218517198, 0.01148830299514], [0.02471633775154, -0.022497246078059998, 0.9994413322897201]]}