{"translation": [[3966.6455493000103], [2393.005384900607], [20.6397097]], "rotation": [[0.033873764250299976, 0.99928378398252, 0.016863161066640143], [-0.999210388563, 0.03351112397966005, 0.02134204648251986], [0.020761659841199858, -0.01757278093700014, 0.9996300069548]]}