{"translation": [[3947.3224474000162], [2385.484831799753], [20.646482]], "rotation": [[0.41724579047309995, 0.9085598012835598, 0.020618110037319996], [-0.9087896677926799, 0.41720425713125997, 0.006481989445439998], [-0.0027126892935599983, -0.021442107300319996, 0.9997664114075999]]}