{"translation": [[3954.094780500105], [2388.6479262001812], [20.6306423]], "rotation": [[0.41408190044256, 0.90999830238184, 0.02095859896079983], [-0.9102324461988, 0.41406029593536, 0.0055640541858401095], [-0.003614843728159829, -0.02138117102039989, 0.9997648615689599]]}