{"translation": [[3946.273820100003], [2384.989307000302], [20.6505549]], "rotation": [[0.4180382529977399, 0.9081923134984401, 0.020750967510439894], [-0.9084181714043601, 0.4180373452702998, 0.00458974304007983], [-0.004506308092760107, -0.020769246042319833, 0.99977414027]]}