{"translation": [[3924.8066767000128], [2374.723496700637], [20.7250618]], "rotation": [[0.4150448696754999, 0.9095910513330001, 0.0195438541434], [-0.909800960811, 0.41495460054199995, 0.008658981094799997], [-0.0002336819034000001, -0.0213748820148, 0.9997715038175]]}