{"translation": [[3942.438214999973], [2383.1854117000476], [20.6682062]], "rotation": [[0.4208906744828401, 0.90684145646498, 0.02212898031446], [-0.9071099571357399, 0.4208084743868401, 0.008475397365620002], [-0.0016262221496200022, -0.02364063306646, 0.9997191985292401]]}