{"translation": [[3939.4602192000602], [2381.763966999948], [20.685879]], "rotation": [[0.42337281307223984, 0.9056581609698799, 0.023211659460039998], [-0.90595555385996, 0.42323783366629986, 0.010690888851019995], [-0.00014176222011999876, -0.025554963173259997, 0.9996734085562999]]}