{"translation": [[3969.190272799984], [2392.9073327993974], [20.6442807]], "rotation": [[-0.13258847193369983, 0.9909791082659198, 0.019513749623159996], [-0.9908001841726399, -0.13305178951065977, 0.02474467051188], [0.027117789130679994, -0.01605336898476, 0.999503334108]]}