{"translation": [[3992.903468900011], [2366.330458799377], [20.622940300000003]], "rotation": [[-0.8648109447433799, 0.50205858197982, 0.006283427280779999], [-0.5020757323303799, -0.8645874512606799, -0.020218047405019996], [-0.004718071946579999, -0.020639542058179996, 0.9997758494449399]]}