{"translation": [[4014.850751799997], [2352.813748399727], [20.5673545]], "rotation": [[0.8974574771616601, -0.4410928366771598, -0.002681799532059998], [0.44105228534995977, 0.8972514552232801, 0.020315354518280003], [-0.006554708552739998, -0.019414980652120002, 0.99979002512238]]}