{"translation": [[3992.013510300021], [2367.8327516997233], [20.623941100000003]], "rotation": [[-0.8643711308905597, 0.50279825759152, 0.007516227564559755], [-0.50285220606896, -0.8642262480862598, -0.01589604978051986], [-0.0014967850383201414, -0.017519637838039753, 0.99984539901294]]}