{"translation": [[3981.8561642999994], [2384.3332997001708], [20.6571461]], "rotation": [[-0.8208369943124999, 0.5706814273342, 0.023441386224399997], [-0.5709020880861999, -0.8210108102484999, -0.003495227262799999], [0.0172509684116, -0.016251747309199996, 0.99971910296]]}