{"translation": [[3983.8097319999943], [2381.3907745992765], [20.6625762]], "rotation": [[-0.8544947851713999, 0.51920661065958, 0.01622205218434], [-0.5193724476748199, -0.8545073525738, -0.008333211167459999], [0.00953520455714, -0.01554597245226, 0.99983368747724]]}