{"translation": [[3991.132211500022], [2369.3138803001493], [20.6236253]], "rotation": [[-0.8638915544842403, 0.50361762309132, 0.007798980786359947], [-0.5036779203423599, -0.8637969035335402, -0.012791180413979808], [0.0002948712466800526, -0.014978366020259808, 0.99988777450846]]}