{"translation": [[3986.118460399972], [2377.6041049007326], [20.6563131]], "rotation": [[-0.8630415799103999, 0.5049661878302398, 0.012970117598079998], [-0.5051268393851198, -0.8628709756590599, -0.01733202148824], [0.002439453855360001, -0.021509811348879998, 0.9997656610730999]]}