{"translation": [[4004.1892409999855], [2371.8341882992536], [20.6526291]], "rotation": [[0.8669129504547, -0.49838170487432004, -0.008809250318440001], [0.49845487428488006, 0.8668459977455001, 0.010988393879840002], [0.0021598486639599996, -0.01391699482576, 0.9999008212325601]]}