{"translation": [[4008.2360300999717], [2364.908480000682], [20.5931965]], "rotation": [[0.8752251781436, -0.4837064935498401, -0.00298228611892], [0.48369970592344, 0.87512951174918, 0.013524441871039999], [-0.00393197435828, -0.01327946294336, 0.99990409311342]]}