{"translation": [[3999.5209971999866], [2355.366640000604], [20.585002600000003]], "rotation": [[-0.8523099120705998, 0.5230363890821801, 0.0009851121861400008], [-0.52294629869582, -0.8521249475097998, -0.020259897670940004], [-0.00975722452786, -0.01778287010494, 0.9997942618983601]]}