{"translation": [[4014.229543000052], [2354.0173369999975], [20.5653723]], "rotation": [[0.8934268710159001, -0.4491969437163398, -0.003245166708980192], [0.4491695731682198, 0.8932305031237402, 0.019645916421859953], [-0.005926203755259803, -0.019009819780180046, 0.999801733775]]}