{"translation": [[3986.9293324999744], [2376.3049777001143], [20.6425894]], "rotation": [[-0.86246201068392, 0.50576658353804, 0.018948657825479998], [-0.50598530118684, -0.86249379873594, -0.009106626615140001], [0.011737275663079997, -0.01744186462806, 0.99977898441198]]}