{"translation": [[4010.266661599977], [2361.311584099196], [20.5714953]], "rotation": [[0.8792061484582, -0.47643601962906, -0.0022921102762199514], [0.47641293894042, 0.8790905007091, 0.015185164339859806], [-0.005219787318659951, -0.014442880803179807, 0.9998820715468599]]}