{"translation": [[4000.165194400004], [2378.634568400681], [20.6751667]], "rotation": [[0.8711886185654001, -0.4907715848945, -0.013177585905099806], [0.49091264382961997, 0.87113543911974, 0.01130616064630005], [0.005930719885339806, -0.01631884188561995, 0.9998492496215]]}