{"translation": [[3988.9739836999797], [2372.9223815994337], [20.641346]], "rotation": [[-0.86253048585376, 0.5058180643620799, 0.013765988043199947], [-0.5059869108951999, -0.8624120785936, -0.01493011625119981], [0.004320030617920054, -0.019843087802559806, 0.9997937733504]]}