{"translation": [[3987.317824799975], [2375.665337599814], [20.6450203]], "rotation": [[-0.86229839958186, 0.50607926406886, 0.01803450722586], [-0.50629250649054, -0.8623030756866001, -0.01006471190542], [0.010457669094260002, -0.01780952087322, 0.9997867063143]]}