{"translation": [[4013.593022700108], [2355.2277603000402], [20.560527800000003]], "rotation": [[0.88938541802508, -0.45715083039494, -0.0025854913428200003], [0.45712039211666, 0.8892250765161199, 0.01788011971306], [-0.00587482828498, -0.017084198519659997, 0.9998367949502]]}