{"translation": [[3980.6478324999916], [2385.916636400856], [20.652599]], "rotation": [[-0.7878483792469803, 0.6154585616417001, 0.022496227739080003], [-0.6156583091039001, -0.7880091999025003, -0.0025956459862000007], [0.016129717662920002, -0.0158949629974, 0.9997435583265201]]}