{"translation": [[4006.532100600016], [2367.8684902004898], [20.6159116]], "rotation": [[0.87137676605292, -0.49060069211161983, -0.003673366017419999], [0.49060499686661985, 0.87128909855484, 0.012729686756379999], [-0.0030446293374199987, -0.012894525001379999, 0.9999122268769199]]}