{"translation": [[3980.213253099995], [2386.44487720076], [20.652041]], "rotation": [[-0.77315268704292, 0.6337958568196399, 0.02318933559548], [-0.6339648529504399, -0.7733618618079399, 8.255033026000058e-05], [0.017986067681080003, -0.01463739967646, 0.99973108779398]]}