{"translation": [[3979.806073200016], [2386.914569900371], [20.6547498]], "rotation": [[-0.7580005495131399, 0.6518123159292799, 0.0240017895854], [-0.6519858978511999, -0.7582308402431999, 0.0007720737823999979], [0.01870214168372, -0.01506359511104, 0.9997116174347]]}