{"translation": [[4009.5898556999746], [2362.516851000488], [20.5766982]], "rotation": [[0.877892202264, -0.47885200552696006, -0.00245449420528], [0.47883875730184, 0.87779854651166, 0.013533025243840001], [-0.00432576520688, -0.013055844263360001, 0.9999054118642999]]}