{"translation": [[3998.523114599986], [2356.9698793003336], [20.589919]], "rotation": [[-0.8557148530926801, 0.51744650841768, 0.0012067353300001925], [-0.51735016660632, -0.8555055494801801, -0.021431635016699944], [-0.010057355329199807, -0.018963670357500052, 0.99976958787614]]}