{"translation": [[3984.959199199977], [2379.562310299836], [20.6613637]], "rotation": [[-0.8621323230042601, 0.5061087678359399, 0.024124016490499806], [-0.5064385346669, -0.8622184401075601, -0.009978355211940054], [0.015750036713939805, -0.020819992504299948, 0.99965917406454]]}