{"translation": [[4012.595420699974], [2357.0789091000333], [20.5580144]], "rotation": [[0.88522020474494, -0.4651579188469199, -0.00364506087062], [0.46514736271187995, 0.8850647884020401, 0.01726957146588], [-0.00480696337942, -0.01698286402332, 0.99984422557454]]}