{"translation": [[3994.716964000021], [2363.274802500382], [20.6049895]], "rotation": [[-0.8637952778913002, 0.5038095252546401, 0.00578058631608], [-0.50382907703544, -0.8636307677929802, -0.01725957997996], [-0.0037032484496800004, -0.017821173647160002, 0.9998343321256801]]}