{"translation": [[3983.4211220999714], [2382.02230089996], [20.6583249]], "rotation": [[-0.8500742875329, 0.5261706778578799, 0.02276128156544], [-0.5263958921570799, -0.8502253325008201, -0.004919470564360002], [0.016763737532960003, -0.016163360821959998, 0.99972882466392]]}