{"translation": [[4013.253914700006], [2355.859763700515], [20.558571]], "rotation": [[0.8876466534375, -0.4605150343142, -0.0030559436280999997], [0.4604949645778, 0.88749287926668, 0.017343409478200005], [-0.0052747719721000005, -0.016802066076200002, 0.99984492166518]]}