{"translation": [[3988.567782500002], [2373.59149719961], [20.6395399]], "rotation": [[-0.8623147187702601, 0.50620821935208, 0.012920194821719806], [-0.50634856757352, -0.8622432921706602, -0.012165532891680052], [0.004982056812119807, -0.01703263733807995, 0.99984252180344]]}