{"translation": [[3989.825770800002], [2371.5099876001477], [20.6384613]], "rotation": [[-0.8632155992891403, 0.5046436961790998, 0.01391062551534], [-0.5048213267946599, -0.8630694370739403, -0.016325172549700003], [0.003767440618100002, -0.021114524673660002, 0.99976996515756]]}