{"translation": [[4000.7323817000142], [2377.6625757003203], [20.669996]], "rotation": [[0.8703545117435, -0.49223021211884, -0.01387310452088], [0.49238515369364, 0.87029885979768, 0.01169512418816], [0.006317054194480001, -0.01700981437664, 0.99983536698182]]}