{"translation": [[4003.5238298000186], [2372.9460736997426], [20.6622568]], "rotation": [[0.8668985552316, -0.49832309959556, -0.012688547869879808], [0.49846721283284, 0.86680010381606, 0.013712536858540052], [0.004165161249319808, -0.01821220321405995, 0.9998254683226999]]}