{"translation": [[3984.173973200028], [2380.802919499576], [20.6631354]], "rotation": [[-0.8579367274073998, 0.5135406752941197, 0.014846699835959999], [-0.5136928055415598, -0.8579247169872998, -0.009206488471220001], [0.00800944519932, -0.015525228294259999, 0.9998473963880601]]}