{"translation": [[3993.3341053000186], [2365.6028498001397], [20.619175100000003]], "rotation": [[-0.86493296703376, 0.50185155031072, 0.0060133054148], [-0.5018616090172, -0.8647042601889, -0.0205339630217], [-0.005105270409279999, -0.02077834674454, 0.9997710720670999]]}