{"translation": [[4010.941449899983], [2360.099023900926], [20.5634296]], "rotation": [[0.88074763253772, -0.47358124738078, -0.002097045096539951], [0.47355576457938, 0.8806330281365999, 0.015178776842739806], [-0.005341657281339951, -0.014361739520939807, 0.99988259666988]]}