{"translation": [[3992.4403861999745], [2367.113903200254], [20.6253756]], "rotation": [[-0.8646054485662602, 0.5023939737247, 0.007611941653319999], [-0.5024439934091799, -0.8644095175129002, -0.01861310498724], [-0.002771277262199999, -0.019917563991, 0.9997977849003999]]}