{"translation": [[3991.584323099989], [2394.685800900683], [20.6662166]], "rotation": [[0.9433961431607, -0.33144627685348, -0.012127527169739999], [0.33158021821084, 0.9433570998998, 0.011486306704919999], [0.00763349504082, -0.01485738572004, 0.99986048418214]]}