{"translation": [[3992.0372070000158], [2405.3339897003025], [20.6925593]], "rotation": [[0.9162885170584001, 0.4003993743168, -0.009782475805199805], [-0.40013911453848, 0.91621000520966, 0.021164065097699962], [0.017436880527359803, -0.015478038694020042, 0.9997281558119]]}