{"translation": [[3991.3009819000144], [2395.544615900144], [20.6651314]], "rotation": [[0.96149075421324, -0.27457074678095994, -0.01210076819616], [0.27465842763744, 0.9615214047971, 0.006271384682780001], [0.009913208689440001, -0.00935345659402, 0.9999071162507]]}