{"translation": [[3991.200476899976], [2402.888115799986], [20.680373100000004]], "rotation": [[0.9681249656712599, 0.24999530973536002, -0.015375338313680003], [-0.24977710061632, 0.96819023650296, 0.01480104765124], [0.018586444674640004, -0.01048885666748, 0.99977223806046]]}