{"translation": [[3995.5584008999867], [2386.8308630995452], [20.689201800000003]], "rotation": [[0.88138606237262, -0.47216215141317996, -0.014882809295740002], [0.47238425022902, 0.88115368606172, 0.02052529738426], [0.0034227730311400016, -0.02512111601866, 0.99967855539534]]}