{"translation": [[3992.011603900057], [2393.592968299985], [20.6678204]], "rotation": [[0.9213658634041401, -0.38839460582457996, -0.015315577273799999], [0.3885963009193, 0.9213075530831001, 0.0136124400642], [0.00882335835708, -0.01849361454756, 0.9997900452316001]]}