{"translation": [[3992.6317450000206], [2392.2659440990537], [20.6682743]], "rotation": [[0.90061541614702, -0.43445809044426, -0.01174892146404], [0.43458677337066, 0.9005422386598999, 0.012570207175079999], [0.00511917174156, -0.01642684828788, 0.99985196540888]]}