{"translation": [[3993.8808827999746], [2389.8866860000417], [20.6724991]], "rotation": [[0.8866087590225601, -0.46234319138871993, -0.012793903422800002], [0.4625032905212, 0.8864734916892001, 0.015983020860400002], [0.003951815451280001, -0.020087908682960003, 0.9997904075772001]]}