{"translation": [[3996.84413829993], [2411.7625275989994], [20.6899007]], "rotation": [[0.64416869525816, 0.7648508761645999, 0.00706116267148], [-0.76481089056652, 0.6439529500031, 0.01972132374914], [0.0105368144558, -0.0181043135693, 0.9997805806227]]}