{"translation": [[3993.4549036999815], [2390.6780199008062], [20.6699298]], "rotation": [[0.88901945634038, -0.4577453518099, -0.010657791922559954], [0.45785664976269996, 0.8889275857631, 0.013229698131599804], [0.0034181720714400476, -0.016641200107199803, 0.9998556828587201]]}