{"translation": [[3990.987599699991], [2396.8704818999395], [20.6630123]], "rotation": [[0.98423477682416, -0.17666223992712002, -0.00850630697456], [0.17673075185424, 0.9842257901295001, 0.00811391259618], [0.00693870473848, -0.009489320972340001, 0.9999309011951001]]}