{"translation": [[3995.4843294000602], [2410.484978600405], [20.6929528]], "rotation": [[0.7152696945468802, 0.6988444645482398, 0.002374148927279997], [-0.6987224668690398, 0.7150720600436602, 0.02142011574066], [0.013271642900879997, -0.016980030511860002, 0.99976774404078]]}