{"translation": [[3991.212531300029], [2395.8708580005914], [20.6615615]], "rotation": [[0.9678596422422, -0.25127820534896, -0.010343115539919802], [0.25135398974151996, 0.9678712805319, 0.006808800549340025], [0.008299901414239802, -0.009189746487619974, 0.99992332716294]]}