{"translation": [[3997.8261259000283], [2412.5524808000773], [20.6881111]], "rotation": [[0.6006078164739002, 0.7994688605328597, 0.01094526319007973], [-0.7995158390218198, 0.6004161028355002, 0.016581120889759913], [0.006684377401440088, -0.01870966207647973, 0.9998026143430401]]}