{"translation": [[3991.8287488999777], [2404.823988500051], [20.6919822]], "rotation": [[0.92917635993516, 0.36949457625980003, -0.010250032604999805], [-0.369258821919, 0.9291230512399801, 0.01944970476357996], [0.016710101400199805, -0.014287291380420036, 0.99975829371918]]}