{"translation": [[3991.488708400051], [2394.957664200105], [20.6676794]], "rotation": [[0.9491443530522801, -0.31460339454117997, -0.01223521779178], [0.31473397180797996, 0.94911856195926, 0.01079266771022], [0.008217262392020001, -0.014094638324420001, 0.99986690002598]]}