{"translation": [[3994.837512600003], [2388.1371376002207], [20.6801107]], "rotation": [[0.8834598164852401, -0.46829828973217985, -0.013980371143379997], [0.4684876633333798, 0.8833006738306202, 0.017297837541220003], [0.004248322942180002, -0.021831576055979997, 0.9997526364106201]]}