{"translation": [[3990.7536407000734], [2399.228416099213], [20.6720938]], "rotation": [[0.9999399497079801, -0.0012894388755800002, -0.010882753237879999], [0.00141647426182, 0.99993085947878, 0.011673467960679999], [0.01086694857428, -0.011688182106279999, 0.99987263979576]]}