{"translation": [[3999.9610252000275], [2414.038960800506], [20.6820165]], "rotation": [[0.5274735109427802, 0.8494649955001198, 0.01345413055032], [-0.8495648868301199, 0.5273405896913602, 0.01230863565772], [0.003360844270319998, -0.017922635587719997, 0.99983372812358]]}