{"translation": [[3990.798008700018], [2400.57417940069], [20.6792617]], "rotation": [[0.9952473198109999, 0.09576005368698, -0.0176856932411398], [-0.09546666889482001, 0.9952916882602999, 0.016750213011059993], [0.0192064249062598, -0.01498221023934001, 0.9997032792633399]]}