{"translation": [[3990.7582874000655], [2398.8240212993696], [20.675756600000003]], "rotation": [[0.9994377227699, -0.030735565385900002, -0.0134001262655], [0.03090726535634, 0.9994402911146999, 0.01280021497838], [0.012999204272379999, -0.0132071789459, 0.99982828082156]]}