{"translation": [[3996.973702999996], [2384.263257900253], [20.6857555]], "rotation": [[0.87807341048204, -0.4783976325922, -0.011082212674159805], [0.47851223708583995, 0.87798819591804, 0.012758969705800049], [0.003626191760199806, -0.016506286045839952, 0.9998571864436401]]}