{"translation": [[4001.675241800025], [2415.0762602007017], [20.6798033]], "rotation": [[0.49084691915982015, 0.8710866308430999, 0.01665597797822], [-0.8712446240350998, 0.49078865886300016, 0.007702954656100001], [-0.0014646248432200002, -0.018292402436899998, 0.9998316072718201]]}