{"translation": [[3991.389371700003], [2395.2586417002603], [20.6656223]], "rotation": [[0.95552083366188, -0.29467969627359997, -0.01199201703168], [0.2947894799808, 0.9555225709308599, 0.008704847200900001], [0.008893501056319999, -0.011852783480700001, 0.99989020254798]]}