{"translation": [[4002.302266500017], [2415.4361180998385], [20.676646]], "rotation": [[0.4821260140798399, 0.8759279117083202, 0.017459386441840002], [-0.8760967341213602, 0.4820958525869399, 0.006175072408620002], [-0.0030081799332800007, -0.018273274136460002, 0.99982850445254]]}