{"translation": [[3995.091402299993], [2410.0626509999856], [20.6920845]], "rotation": [[0.73732960261238, 0.6755326068193401, 0.0008680336928399996], [-0.6753931371572601, 0.7371499955718199, 0.02130712453572], [0.013753786369560001, -0.016296637658519998, 0.9997726006252]]}