{"translation": [[3998.089479200018], [2382.2539005000144], [20.68876]], "rotation": [[0.8754823204076001, -0.48301474175407977, -0.015081335287559998], [0.48319116022959974, 0.8754366235942401, 0.01170476445408], [0.007549178881800001, -0.0175344826896, 0.9998177592876001]]}