{"translation": [[3996.7491413999815], [2384.6660772990435], [20.6942632]], "rotation": [[0.87868030793766, -0.47720993938891987, -0.013841906607159997], [0.4773928523968398, 0.8785284912536001, 0.016845258497480003], [0.004121784869080001, -0.021409624047639998, 0.9997622911991]]}