{"translation": [[3997.8656255999813], [2382.6549607999623], [20.6918655]], "rotation": [[0.8760504759938401, -0.4820502707949198, -0.012771216437119998], [0.4821787024290798, 0.8760133962457402, 0.01020943459708], [0.006266296078880001, -0.015101988528919998, 0.9998663228053399]]}