{"translation": [[3994.68537750002], [2409.5963302999735], [20.694253600000003]], "rotation": [[0.7605407213347799, 0.64929020381226, 0.00020290704629999986], [-0.64914251100126, 0.7603609824747799, 0.021567927259899998], [0.0138495613221, -0.016535002532299996, 0.9997673646109999]]}