{"translation": [[3993.3083352000103], [2390.9547772994265], [20.6694362]], "rotation": [[0.89028368152928, -0.4552959034549599, -0.010031077266319952], [0.4553968432397599, 0.89019166184126, 0.013135302818659801], [0.0029491322880800456, -0.016262266447459803, 0.99986341133598]]}