{"translation": [[3993.0283756999997], [2391.4849757002667], [20.6669741]], "rotation": [[0.8934943946779002, -0.4489325073275998, -0.011286415928699998], [0.44905369700039977, 0.8934121510058801, 0.01286539139976], [0.0043077291273, -0.01656336168024, 0.9998535385430201]]}