{"translation": [[4043.433597300027], [2454.1472065001726], [20.6444357]], "rotation": [[-0.4317829223069599, -0.9017674875626398, -0.01946332423188], [0.9019764434023199, -0.4317150093472, -0.007782086277359999], [-0.0013849774340400026, -0.020915632777679997, 0.9997802849276]]}