{"translation": [[4021.2230864000157], [2425.8263532994315], [20.616087300000004]], "rotation": [[0.49279723255158014, 0.87003122758208, 0.014022884878259999], [-0.87014411412648, 0.4927414312014001, 0.007429220511040003], [-0.0004460037369400007, -0.01586302929384, 0.9998740747738201]]}