{"translation": [[4023.644934699987], [2444.4699373003095], [20.6420408]], "rotation": [[-0.4240156923191397, -0.9055063166263799, -0.01639838077144], [0.90565180495774, -0.4239912616055398, -0.005110962302879997], [-0.002324762135519998, -0.017018352111759998, 0.99985247469936]]}