{"translation": [[3987.9785979000153], [2427.022144900635], [20.7477034]], "rotation": [[-0.48267228093129955, -0.8755042524802601, -0.02280122605618], [0.8757397205765001, -0.4827831120225996, -0.000728944205299998], [-0.010369851748099998, -0.02031977962582, 0.99973975251174]]}