{"translation": [[4009.481093899987], [2419.3372485991567], [20.6547904]], "rotation": [[0.4593165272804799, 0.8880987529971601, 0.0175753563642], [-0.8882600659388401, 0.4593253984002199, 0.0037675061904000025], [-0.004726889544600001, -0.017341965559200003, 0.9998384433166999]]}