{"translation": [[4004.9713726000045], [2435.494627200067], [20.6898134]], "rotation": [[-0.42125934829865974, -0.90676731561708, -0.01770714824836], [0.9069390894175601, -0.42114812724329975, -0.009782091270119999], [0.0014127480106800039, -0.02018010286804, 0.9997953628536]]}