{"translation": [[3995.8161485000164], [2431.0930409999564], [20.7368862]], "rotation": [[-0.4280791580768797, -0.9034289200775999, -0.023757984511399995], [0.9037160551895999, -0.4281155950108797, -0.003788131729199999], [-0.006748855693399997, -0.023092092085199998, 0.99971056223]]}