{"translation": [[4003.9552654], [2435.005498200655], [20.6936343]], "rotation": [[-0.4210947487998602, -0.9068594444177802, -0.016890858703740002], [0.9070130853684601, -0.4209672223941002, -0.01067713125638], [0.002572160154620002, -0.019816312264260002, 0.9998003289558001]]}