{"translation": [[4009.9684242000803], [2437.8918743999675], [20.6701013]], "rotation": [[-0.4218621724620998, -0.90652037743156, -0.01591382778938], [0.90665999383156, -0.42180328655891974, -0.00705550818716], [-0.00031654213561999826, -0.017404881837159998, 0.99984847347182]]}