{"translation": [[4023.517662999977], [2427.1661020992324], [20.6115413]], "rotation": [[0.5007184437878003, 0.8655087590196798, 0.013253369406639997], [-0.8656099002917598, 0.5006728476317401, 0.00679881262198], [-0.0007511706228800008, -0.014876538454659999, 0.9998890560215]]}