{"translation": [[3989.877330099989], [2428.0673403004184], [20.7452492]], "rotation": [[-0.4578176929421799, -0.8886523433680399, -0.026459238615859998], [0.8889993301835598, -0.4578962611543199, -0.0033650576534800004], [-0.00912521861774, -0.02506282718132, 0.9996442292675001]]}