{"translation": [[4027.9418874999974], [2446.549651999958], [20.6362734]], "rotation": [[-0.42490059939834013, -0.9050821765960203, -0.016899628566700003], [0.9052389212455002, -0.4248540420657001, -0.006434408577299999], [-0.0013562078620199996, -0.018032186768860002, 0.9998364870942]]}