{"translation": [[4017.2732010000036], [2441.3958114003763], [20.6542384]], "rotation": [[-0.4228800077594399, -0.90603488074408, -0.016532463116079723], [0.90618526786712, -0.4228272915866399, -0.00673574148087994], [-0.0008875596992799391, -0.017829884681679724, 0.9998406410289601]]}