{"translation": [[4001.132782300003], [2433.653689700179], [20.7044385]], "rotation": [[-0.42093719931784046, -0.9069317669615601, -0.01692875620664], [0.90708909015836, -0.4208410885819205, -0.009060858750280003], [0.0010932641034399997, -0.019169943181880002, 0.99981564202808]]}