{"translation": [[4019.385848900012], [2442.413952901028], [20.6480593]], "rotation": [[-0.4231820311565797, -0.9059087353857999, -0.01569144084795983], [0.9060433679145999, -0.4231467989120996, -0.005664952703800108], [-0.0015078534919598296, -0.016614432968599893, 0.99986083380848]]}