{"translation": [[3991.238043999998], [2428.7806659005582], [20.7460824]], "rotation": [[-0.4478611173685001, -0.8937013201424999, -0.0268068664475], [0.8940747773919, -0.44788486823682006, -0.005447513539260002], [-0.007137937013300002, -0.02640707003226, 0.99962578826732]]}