{"translation": [[4024.673464099993], [2444.967264400795], [20.6385175]], "rotation": [[-0.4241066633274002, -0.9054756768506401, -0.015724422440280002], [0.9056099913152401, -0.4240800508022803, -0.0051550801093600005], [-0.0020006147095200004, -0.01642649849476, 0.99986307446588]]}