{"translation": [[3985.777739799989], [2425.6828252002597], [20.759946300000003]], "rotation": [[-0.5344352216711398, -0.8448931718721998, -0.02312173927758], [0.8451625849750798, -0.5344937669507998, -0.004087899056440001], [-0.008904586555700002, -0.021726345394199997, 0.9997242991299]]}