{"translation": [[4024.244318399986], [2427.59611170087], [20.6117848]], "rotation": [[0.5029906306959799, 0.86418967362078, 0.01328732795736], [-0.86429096500638, 0.5029522780499, 0.00632877962424], [-0.00121362489144, -0.01466743503144, 0.99989169085792]]}