{"translation": [[4013.787625099998], [2421.656489999965], [20.6414308]], "rotation": [[0.4673615074177401, 0.8839085853244999, 0.016698717165159898], [-0.88405949074466, 0.46734869561094006, 0.004901685063399828], [-0.0034714823366001043, -0.017053518165159827, 0.99984855169784]]}