{"translation": [[3982.911622299929], [2423.547726000659], [20.7688541]], "rotation": [[-0.6460343230575399, -0.7631455154668201, -0.01576075731624], [0.7632611913432601, -0.6460860423999399, -0.0022372788139199996], [-0.00847543730832, -0.01347493414104, 0.9998732885215601]]}