{"translation": [[4008.989251799998], [2437.4226215993986], [20.6728461]], "rotation": [[-0.42171086067347985, -0.9065956008489601, -0.01562803993372], [0.9067302842003601, -0.42164623759475983, -0.007383167537759998], [0.00010404225648000167, -0.01728398016284, 0.99985061543772]]}