{"translation": [[3993.4008785000187], [2429.8936870992184], [20.7407321]], "rotation": [[-0.43739976821609994, -0.8988905454365801, -0.026023245524340002], [0.89922848118882, -0.43746617038259994, -0.003386385545139998], [-0.00834029985914, -0.02488204800534, 0.9996556022352601]]}