{"translation": [[4033.3256665000226], [2449.173112999648], [20.6399968]], "rotation": [[-0.4269795064629006, -0.9040654155507402, -0.018818870074219833], [0.9042596951457802, -0.4269250044450006, -0.00702628795946011], [-0.0016820227892598329, -0.020017227397819894, 0.99979822034046]]}