{"translation": [[4019.005249599926], [2424.5551549000666], [20.6238351]], "rotation": [[0.48466835045323997, 0.8745593602801999, 0.015570413277959827], [-0.8746979363100399, 0.48458786848453994, 0.0088340406873001], [0.00018066077700017256, -0.017900988972539895, 0.9998397481253399]]}