{"translation": [[4008.096809700015], [2418.598983700387], [20.6599487]], "rotation": [[0.4578594418187, 0.8888327607362401, 0.01846804990762], [-0.88900760188968, 0.4578803577264, 0.0033280141370400024], [-0.00549810947114, -0.017941999267920002, 0.9998239122260599]]}