{"translation": [[4031.1469685001066], [2448.109911400825], [20.635067000000003]], "rotation": [[-0.42609415832298037, -0.90450273342336, -0.01785026195899983], [0.90467747522864, -0.4260449917495204, -0.0066625217730001095], [-0.0015787451561998338, -0.018987591003399893, 0.9998184730034999]]}