{"translation": [[4015.176641799975], [2440.3885742006823], [20.6565766]], "rotation": [[-0.4225944574083398, -0.9061740458560399, -0.0161966595654], [0.906318756031, -0.4225311711114398, -0.007316454780959999], [-0.0002136132080399998, -0.0177712312752, 0.9998420563704601]]}