{"translation": [[3988.605417100014], [2427.376746799797], [20.7446917]], "rotation": [[-0.47208772243681973, -0.88125263722656, -0.022962291711839826], [0.8814914112297599, -0.47219998562529975, -0.0006005507060801024], [-0.010313553587039828, -0.020524573423519897, 0.99973615146752]]}