{"translation": [[4012.3299716999754], [2420.8673315998167], [20.645437]], "rotation": [[0.46407229411067996, 0.8856449514547601, 0.01642812019584], [-0.88579039119264, 0.46406212387451995, 0.004656757098280001], [-0.003499434420439999, -0.016712943444480002, 0.9998542051061999]]}