{"translation": [[4017.515273099998], [2423.711591999978], [20.630201100000004]], "rotation": [[0.4793151794402999, 0.8774771551889401, 0.017052980296420002], [-0.8776409537267001, 0.4792639876949999, 0.0072380728131], [-0.0018216358454999993, -0.01843571202542, 0.99982838835774]]}