{"translation": [[4025.7896871999837], [2445.5066627999768], [20.638696600000003]], "rotation": [[-0.4244173398806803, -0.9053295007355999, -0.0157673047284], [0.9054645045876, -0.4243910628321803, -0.005142753011700001], [-0.0020356160004000026, -0.016459406867699998, 0.9998624626474999]]}