{"translation": [[4022.5321707000257], [2443.933640600182], [20.642163]], "rotation": [[-0.42383849037076016, -0.90558255364562, -0.01677071034622], [0.90573480453322, -0.4238122777613801, -0.005263191706180001], [-0.002341377801380001, -0.01742055861458, 0.99984550911462]]}