{"translation": [[4007.933294400107], [2436.9171543000266], [20.6756086]], "rotation": [[-0.42147385024264017, -0.9067084526310001, -0.015480339851399832], [0.9068405435286, -0.4214179849460201, -0.00686847923418011], [-0.0002959850849998313, -0.016933083645179894, 0.99985658125438]]}