{"translation": [[4000.166656700021], [2433.1944097001106], [20.7077396]], "rotation": [[-0.4214454916210001, -0.9066845538313001, -0.0175155631551], [0.90685302814622, -0.4213904618635601, -0.006902282947500001], [-0.00112269806046, -0.01879297772022, 0.9998227660614001]]}