{"translation": [[3982.8869371999754], [2390.449156699702], [20.6895346]], "rotation": [[-0.9025514846768198, 0.43047537254204, 0.00957375354974], [-0.43057781114155996, -0.9024158967766798, -0.01575383826268], [0.0018578683436599997, -0.018340896986119997, 0.9998300654675]]}