{"translation": [[3986.323587400082], [2383.9773827996105], [20.6811487]], "rotation": [[-0.8768472402796997, 0.48062987475857977, 0.011582281207439997], [-0.4807562733620998, -0.8767468898883398, -0.01373336128392], [0.003554064068400002, -0.0176103117156, 0.9998386097648]]}