{"translation": [[3978.254249999998], [2416.5790438000113], [20.7959342]], "rotation": [[-0.9473088130765801, -0.32031861582326004, -0.00147865015868], [0.32029157861974, -0.9471450212752202, -0.018160470937960003], [0.00441664063468, -0.01767717162004, 0.9998339916732]]}