{"translation": [[3991.3591082000057], [2375.292973300442], [20.6625464]], "rotation": [[-0.8686021769280402, 0.49540464879426, 0.01021249883774], [-0.49550922091853994, -0.8684506126290003, -0.016246487885220002], [0.0008204658289400002, -0.019172123954820004, 0.9998158612862]]}