{"translation": [[3994.6923463000567], [2369.516759900376], [20.646866600000003]], "rotation": [[-0.8737566028294602, 0.48632268369445997, 0.00630423282696], [-0.48635444590246, -0.8735875780649802, -0.01744114125048], [-0.0029747232189599997, -0.018305403066480003, 0.9998280168355199]]}