{"translation": [[3996.364045800001], [2366.60589850042], [20.6439474]], "rotation": [[-0.8733631330086594, 0.4870640156189997, 0.0023208501189599983], [-0.4870338924740397, -0.8732316388150594, -0.016260268004799995], [-0.005893151768399998, -0.015331452087039996, 0.9998650995670401]]}