{"translation": [[3977.4422070999863], [2410.75049890019], [20.7683107]], "rotation": [[-0.9996667129177, -0.0208255944506198, 0.015262544190240002], [0.0204552225482598, -0.9995019495673001, -0.02403381412248], [0.015755459684879996, -0.02371360298544, 0.99959463311964]]}