{"translation": [[3978.4929332999745], [2402.295210899785], [20.7292943]], "rotation": [[-0.9751636253859601, 0.22112029611702003, 0.0127078290753], [-0.2212643925993, -0.9751479104890001, -0.0113310100609], [0.009886497982020001, -0.01386138039514, 0.9998550491318]]}