{"translation": [[3979.223258099926], [2399.56246669963], [20.7353869]], "rotation": [[-0.9603789364899998, 0.2784968424563998, 0.010588491146199799], [-0.27865742045879976, -0.9601944022629798, -0.019418056380480025], [0.004759141328599803, -0.02159925073151997, 0.99975538157102]]}