{"translation": [[3983.5993771000067], [2389.0221095988527], [20.6870393]], "rotation": [[-0.89517384663328, 0.44565746930704, 0.0073142812484], [-0.44571742953296, -0.89506155936322, -0.014179996436199998], [0.00022731006759999992, -0.015953662251799998, 0.9998727064035]]}