{"translation": [[3985.9068563000183], [2384.722236200236], [20.6871661]], "rotation": [[-0.8790328915773601, 0.4765861895535998, 0.01290326925924], [-0.4767491320142398, -0.8788789330698601, -0.0167869311866], [0.003339993183400003, -0.02090788994076, 0.99977582714814]]}