{"translation": [[3979.6125284999725], [2419.6538147991523], [20.798191]], "rotation": [[-0.8517987243101599, -0.52375079193672, -0.011124212487479947], [0.5238650744575201, -0.8516817264245798, -0.014259296995519807], [-0.0020059714417200543, -0.017973639944319806, 0.99983644878542]]}