{"translation": [[3984.7442899000016], [2386.8481285003945], [20.6870316]], "rotation": [[-0.8861166264875401, 0.46334182697582005, 0.010565733373099805], [-0.4634537554907, -0.8860082938762001, -0.01413784959470005], [0.0028106704838198058, -0.017424512742259955, 0.9998442311099001]]}