{"translation": [[3978.8388764000265], [2418.140447700396], [20.7988093]], "rotation": [[-0.90667290580962, -0.4217925635864198, -0.005945469852659998], [0.4218306443782198, -0.9065146550277, -0.01703411621434], [0.0017952080739399982, -0.017952352351259998, 0.9998372318929201]]}