{"translation": [[4001.22735250002], [2358.3466403000057], [20.6238724]], "rotation": [[-0.8658434697767398, 0.50030391096788, 0.00328067872102], [-0.50026049557948, -0.8656346166661198, -0.02039184555908], [-0.00736225136762, -0.019297343676680002, 0.99978668212038]]}