{"translation": [[3978.6296192000154], [2417.6436290992424], [20.7980036]], "rotation": [[-0.9212647742995607, -0.3888987147675801, -0.005415260775339804], [0.38893297943234006, -0.9211088080107607, -0.017030004441620044], [0.0016349027565801958, -0.01779531380793996, 0.9998403142132399]]}