{"translation": [[3978.3323932000203], [2402.993260299787], [20.7313505]], "rotation": [[-0.9783345961529999, 0.2065794828943998, 0.013646625135999998], [-0.20674726181439979, -0.9783170989484998, -0.012293038621099999], [0.010811237800000002, -0.014848108073899998, 0.9998313111795]]}