{"translation": [[3981.2602503000526], [2421.921830099076], [20.7829587]], "rotation": [[-0.7398094465221, -0.6726227849656999, -0.016147303165399925], [0.67277021446714, -0.7398271326873, -0.006017946913479813], [-0.007898403659480071, -0.015315557586999814, 0.99985151344056]]}