{"translation": [[3979.8946626000106], [2420.114180499688], [20.7939138]], "rotation": [[-0.8318786517611401, -0.5548299129422599, -0.0118951352082], [0.5549483675979, -0.8317963402955401, -0.01212333999476], [-0.0031679390087599995, -0.0166863350286, 0.99985575478236]]}