{"translation": [[3983.2537381], [2389.7078985003754], [20.6879661]], "rotation": [[-0.89856917471546, 0.43875386440644, 0.00825095919012], [-0.43883070038867994, -0.8984433146834601, -0.015060555497159999], [0.0008051431688400005, -0.017153728571879998, 0.99985253978224]]}