{"translation": [[3995.0922602000064], [2368.820321599953], [20.646341600000003]], "rotation": [[-0.8737716733738001, 0.48629988935800006, 0.0059488878436000005], [-0.48632451981016, -0.8736001417341, -0.01763980296238], [-0.0033812849031200007, -0.0183062510507, 0.99982670902334]]}