{"translation": [[3988.8157357000164], [2379.6244062008336], [20.6855944]], "rotation": [[-0.8686358072175399, 0.49528831250789995, 0.012690757341], [-0.4954503204134999, -0.8683880986616199, -0.02075628939948], [0.0007401560454000002, -0.02431729920348, 0.99970401674008]]}