{"translation": [[3990.9187442000257], [2376.042423000559], [20.6668286]], "rotation": [[-0.8675873489314001, 0.49717529460918, 0.01041760242426], [-0.4972837674771, -0.8674298893383401, -0.01654840642218], [0.0008090820578999999, -0.019537696425300004, 0.9998087936022999]]}