{"translation": [[3993.034246700001], [2372.4057837007567], [20.6552738]], "rotation": [[-0.8718618991168201, 0.48966582487494, 0.009177622989139999], [-0.48975124206565995, -0.8716788872662802, -0.01787899139178], [-0.0007547909177399994, -0.020082763445020003, 0.9997980360579]]}