{"translation": [[3977.627020200016], [2413.7374845994636], [20.7884483]], "rotation": [[-0.9877262246250399, -0.15610157221215998, 0.005439064254639801], [0.15594589888063998, -0.9875156738463999, -0.02222722584927998], [0.0088408647418398, -0.021106209975680013, 0.9997381492476]]}