{"translation": [[3989.2210347999935], [2378.9304700996727], [20.6809302]], "rotation": [[-0.8677651732757802, 0.49685248921584, 0.01101870236286], [-0.49697465501256, -0.8675513774133202, -0.01926145353168], [-1.0811321459999572e-05, -0.022190432105520002, 0.9997537619999]]}