{"translation": [[3989.65962459991], [2378.17774309963], [20.6696822]], "rotation": [[-0.8669337281360001, 0.49833262547688, 0.00950515992384], [-0.49842279641112003, -0.8667490277629001, -0.017907584007759998], [-0.0006853448601599988, -0.02026227856376, 0.9997944640537401]]}