{"translation": [[3996.769646600005], [2365.900107400492], [20.6437223]], "rotation": [[-0.8725630707918598, 0.48850061457767985, 0.0010936468647399981], [-0.4884412855626398, -0.8724174749547599, -0.01769799252792], [-0.007691362957979998, -0.015976793759439997, 0.99984278015454]]}