{"translation": [[3980.541419700079], [2421.0384801998734], [20.7896769]], "rotation": [[-0.7867365475963601, -0.6171378433176798, -0.013655124383599998], [0.6172681517067998, -0.7866989492917001, -0.009206925268100002], [-0.00506053013032, -0.015672298160259997, 0.9998643758547]]}