{"translation": [[3997.6320647000102], [2364.417811299674], [20.6444813]], "rotation": [[-0.8706624517278599, 0.49187332671525996, 0.0027623818053999992], [-0.4918066265944999, -0.87041921889666, -0.02228745241924], [-0.008558172989239998, -0.0207634044334, 0.9997477875572399]]}