{"translation": [[3982.201705400017], [2391.871984399855], [20.6943401]], "rotation": [[-0.91067289014692, 0.4130377059276, 0.00864189913992], [-0.4131272591532, -0.9105140306124999, -0.0170296680651], [0.0008346755320799999, -0.0190786616907, 0.99981763736158]]}