{"translation": [[3990.510300600028], [2376.7319297008216], [20.6673938]], "rotation": [[-0.8668845666178601, 0.49841143249988, 0.009855202054319948], [-0.49850875171132, -0.8667020826145602, -0.01778924843027981], [-0.0003248404768799486, -0.020334130075079806, 0.99979318742694]]}