{"translation": [[3977.492129500024], [2408.8385769007728], [20.7505628]], "rotation": [[-0.9990195480330001, 0.041826168786639806, 0.014510039089479993], [-0.0421881729911598, -0.99878139985764, -0.0256105512762398], [0.013421165724880007, -0.0261975930504398, 0.9995666853366]]}