{"translation": [[3999.870241799974], [2360.627873999998], [20.6232044]], "rotation": [[-0.8669070686775403, 0.49846804897702, 0.0014157630113799994], [-0.49840936376542, -0.8667536930173203, -0.01806675645718], [-0.007778582570779999, -0.016367825969780002, 0.9998357804907799]]}