{"translation": [[3979.657996899972], [2398.1838282002136], [20.731432100000003]], "rotation": [[-0.9519658060144801, 0.30607775292216, 0.00879878201396], [-0.30619408609624, -0.9517747859539202, -0.01923132057192], [0.00248817975564, -0.02100169558328, 0.9997763438556]]}