{"translation": [[3977.5878141000285], [2407.560246599838], [20.7380968]], "rotation": [[-0.9966448631625001, 0.0807187894804, 0.013532653292199999], [-0.08100163940008, -0.9964742910637602, -0.0218485844582], [0.01172135208956, -0.02287145061308, 0.9996696987467]]}