{"translation": [[4009.6402071000193], [2350.8883994007483], [20.6752716]], "rotation": [[0.87264212302172, -0.48834456818230004, -0.003912147446620001], [0.4882924395073, 0.872359498827, 0.023651540381299997], [-0.00813730242838, -0.0225496024187, 0.99971260856972]]}