{"translation": [[4001.4508070999873], [2365.1569448001683], [20.6895343]], "rotation": [[0.87258511566102, -0.48845533935813995, -0.0025645133884999996], [0.48843572456685996, 0.87247149451148, 0.0149670826445], [-0.0050732872224999994, -0.014312653442499998, 0.9998846981975]]}