{"translation": [[4000.5126909000683], [2366.7895996998996], [20.7004974]], "rotation": [[0.87216291879102, -0.48920066456316, -0.00381379025324], [0.48918247661756, 0.8719868702847, 0.018422668909679998], [-0.00568680713964, -0.017933208034479998, 0.99982301446968]]}