{"translation": [[4009.128541000013], [2351.775022700429], [20.6693308]], "rotation": [[0.87294899509884, -0.48779759438022, -0.00368015161986], [0.48774747366126, 0.8726874168733401, 0.02278286591998], [-0.00790180587798, -0.02168326449914, 0.9997336632685401]]}