{"translation": [[3980.3805544999777], [2397.580126900226], [20.744318]], "rotation": [[0.7123873187643, -0.7016360078749401, -0.01453310508658], [0.7017611098121, 0.7123849474594999, 0.0062467603336999996], [0.0059702131813, -0.01464888093658, 0.99987487559084]]}