{"translation": [[3968.353781700018], [2407.541563799605], [20.8245915]], "rotation": [[0.5583255515924601, -0.82950573953768, -0.01388609140858], [0.82958737244968, 0.55837689987308, 0.00021489479047999936], [0.007575416331580001, -0.01163970711752, 0.99990356049438]]}