{"translation": [[3990.0862961999956], [2384.6495925998315], [20.7008118]], "rotation": [[0.86438183650272, -0.50266615496384, -0.013067435807120002], [0.5028300511366401, 0.8642059028401401, 0.017609021704960003], [0.002441495162479999, -0.02179161823616, 0.99975955331342]]}