{"translation": [[3981.4090660999063], [2396.5352812996134], [20.735782500000003]], "rotation": [[0.7317670710347002, -0.6814259294330398, -0.013254930099519998], [0.6815470843360798, 0.7317130901131002, 0.009463737308640002], [0.0032499705558400004, -0.01595910984912, 0.99986736346496]]}