{"translation": [[3984.367446599994], [2393.1510391999036], [20.7075074]], "rotation": [[0.7909981676739799, -0.6117701000897001, -0.0076964458649799354], [0.6118009848163001, 0.7908177043054999, 0.01751871667969981], [-0.004630941645019935, -0.01856596597369981, 0.9998169128794799]]}