{"translation": [[3969.4056945000193], [2406.831375900656], [20.8115128]], "rotation": [[0.583950534695, -0.8116951611856, -0.0123612302938], [0.8117581867418, 0.58399373990012, 0.0001403060972799998], [0.0071049957184, -0.01011626097028, 0.9999235872361201]]}