{"translation": [[3985.7760224000085], [2391.2880440000445], [20.6986912]], "rotation": [[0.81376669366062, -0.5811373773534799, -0.0079426292633], [0.5811887586185199, 0.8136435235759201, 0.0142762672214], [-0.001834004459899999, -0.0162337177822, 0.99986654250054]]}