{"translation": [[4011.616379400075], [2347.4654903002083], [20.6835789]], "rotation": [[0.87213809894958, -0.48925147790749995, -0.0028545815145799994], [0.4891813801819, 0.87187899638316, 0.0229916050175], [-0.008759826118579998, -0.021448262943099997, 0.9997315827295801]]}