{"translation": [[4012.0933942000265], [2346.639112200588], [20.6854241]], "rotation": [[0.87200550246254, -0.48949165673768, -0.0020728937835799996], [0.48941590657592005, 0.87177829643724, 0.02178640486328], [-0.00885716065718, -0.02001237193832, 0.99976049913374]]}