{"translation": [[3987.1043788000243], [2389.406858500093], [20.6938225]], "rotation": [[0.8335910835495, -0.55234324903828, -0.0065463915414600005], [0.55237124159628, 0.83344213622652, 0.01613169570164], [-0.00345419422754, -0.01706327608236, 0.99984844509798]]}