{"translation": [[3989.2540468000225], [2386.036434900947], [20.6931922]], "rotation": [[0.8600915064282799, -0.5100568918406799, -0.00919544153088], [0.5101397673956799, 0.85994884694876, 0.01566482781372], [-8.234442588000122e-05, -0.018164145858719997, 0.99983501489548]]}