{"translation": [[3982.943914100004], [2394.866151300259], [20.712291]], "rotation": [[0.7621806621521401, -0.64735075253772, -0.00419866793352], [0.64735296101748, 0.76211269762424, 0.010879676486079999], [-0.0038431088287199993, -0.011010299150719998, 0.99993199959974]]}