{"translation": [[3981.9411929000053], [2395.9754144009203], [20.7242172]], "rotation": [[0.7422021954439799, -0.67010913907594, -0.00946623013115993], [0.67017576883914, 0.7421395693191, 0.009657391547319812], [0.0005537570416400727, -0.013511775513719813, 0.99990855845112]]}