{"translation": [[3999.5708561000065], [2368.409299700521], [20.7004857]], "rotation": [[0.8720483314808, -0.48933511474347996, -0.00910281340084], [0.48941873309827993, 0.87185725934822, 0.018281991077559998], [-0.0010096659347599984, -0.020397867150039994, 0.9997914320515799]]}