{"translation": [[3995.8620203000028], [2374.8235707003623], [20.6929171]], "rotation": [[0.8704484037662001, -0.4922103979079598, -0.006965685357519998], [0.49225904243367974, 0.87033727042316, 0.013931657198839998], [-0.0007948103476399983, -0.01555571024792, 0.9998786867285999]]}