{"translation": [[3991.342776299978], [2382.532386000268], [20.7085714]], "rotation": [[0.86694426319736, -0.49816468993892, -0.01547812586459995], [0.4983916210438, 0.8667309793787, 0.019575178401299808], [0.003663707896920051, -0.02468475712193981, 0.9996885714951]]}