{"translation": [[4005.748718800023], [2357.672238400206], [20.662860100000003]], "rotation": [[0.873484109003, -0.48685185951161997, -0.0008775608886599502], [0.48678090313686, 0.8733230207534, 0.018741548946419807], [-0.00835796412401995, -0.016797625002539805, 0.99982397661724]]}