{"translation": [[4014.599019700079], [2342.2986808000132], [20.6875528]], "rotation": [[0.8713960179974001, -0.4905760997639999, -0.0020153434839999995], [0.49050121467119995, 0.8711745648974201, 0.02152736207454], [-0.0088050937016, -0.01974738595746, 0.9997662282039801]]}