{"translation": [[4004.292084100016], [2360.210860299878], [20.6680125]], "rotation": [[0.8731086158507, -0.48752574787826, -1.1031656419949534e-05], [0.48747617307105995, 0.87301950931868, 0.014280304012659808], [-0.00695238476697995, -0.012473634211539807, 0.99989803120302]]}