{"translation": [[3989.6531097000116], [2385.3736358005553], [20.696074600000003]], "rotation": [[0.86272505939766, -0.5055667618417999, -0.010378238285119998], [0.50567202893612, 0.8625867374264, 0.015488904933159997], [0.0011214547400000005, -0.018610651390999995, 0.9998261778815]]}