{"translation": [[3970.9385323000024], [2405.6937224008143], [20.7915254]], "rotation": [[0.6112168648359002, -0.7912924547769399, -0.016438114099879914], [0.7913233258028599, 0.6113674665953402, -0.006101742753560178], [0.014877991207720091, -0.009278374718359819, 0.9998462667564]]}