{"translation": [[3969.904745500011], [2406.4716469002888], [20.8048366]], "rotation": [[0.5946228333991799, -0.8038905239413, -0.013554173648439909], [0.8039453457108999, 0.5946993625607, -0.0021338660882001784], [0.00977605317556009, -0.009627969260599821, 0.9999058610655199]]}