{"translation": [[3967.8021338000544], [2407.892017699778], [20.8326123]], "rotation": [[0.5441882045979001, -0.8388268774812598, -0.015121053541319821], [0.8389170259292998, 0.5442588941003, -0.0006771045789999057], [0.008797741249799821, -0.012316837244679902, 0.9998854410700401]]}