{"translation": [[3977.211670299992], [2400.5132967997342], [20.7530179]], "rotation": [[0.6676280425806, -0.74407702896348, -0.02494301193135992], [0.7443607346720001, 0.6677691389732401, 0.003384647163479816], [0.014137735104600084, -0.02082628451599982, 0.9996831449526]]}