{"translation": [[4014.0834130999283], [2343.1941422000527], [20.6854521]], "rotation": [[0.87143242157408, -0.49051434041288006, -0.001092294637680193], [0.4904273392616801, 0.8712313064420599, 0.02090483609441995], [-0.009302481548879808, -0.01875284289762005, 0.99978087333198]]}