{"translation": [[3974.063984600012], [2403.217811799608], [20.7549569]], "rotation": [[0.64280788887326, -0.76584535068952, -0.01669828048616], [0.7659446390818401, 0.6429061050755, -0.00068240988712], [0.011258046266479999, -0.01235130149864, 0.999860341104]]}