{"translation": [[3992.6789027000195], [2380.2612910997123], [20.7045197]], "rotation": [[0.86843031512894, -0.49565122793624, -0.012595114564359999], [0.49579521152984, 0.86832621784182, 0.014024140770879998], [0.00398558523596, -0.018423586664319997, 0.99982232749112]]}