{"translation": [[3986.6776161000016], [2390.024348598905], [20.6957969]], "rotation": [[0.82735634517168, -0.56162800469832, -0.007446464438719809], [0.5616714731468799, 0.8272142124403801, 0.01554960993618006], [-0.002573275552080191, -0.017047535151379942, 0.99985136884806]]}