{"translation": [[3994.0180788], [2377.984230400063], [20.702116600000004]], "rotation": [[0.8692949770234999, -0.49419777240400004, -0.00973585790519995], [0.49429242753520003, 0.8691682020387199, 0.014886735217679806], [0.0011051061420000513, -0.017753325181679807, 0.9998417865662199]]}