{"translation": [[3971.9841145000537], [2404.897266901098], [20.7733161]], "rotation": [[0.62399307125132, -0.7813263338053801, -0.012720899839700001], [0.7813517309866201, 0.6240782136329199, -0.0039837055479], [0.0110514105299, -0.007453692234300001, 0.99991115045324]]}