{"translation": [[4011.101954700018], [2348.3560637999326], [20.6821378]], "rotation": [[0.872240122547, -0.48907168634048, -0.002462256709360194], [0.48900082608727996, 0.87200227502982, 0.022141203972939946], [-0.008681542143039806, -0.02051649208546005, 0.99975182140118]]}