{"translation": [[4005.2496827000286], [2358.541777700186], [20.6640054]], "rotation": [[0.8733788915905201, -0.4870413910346, 7.209347896000064e-05], [0.4869776378884, 0.873266943243, 0.0160510466582], [-0.00788048063396, -0.0139835375092, 0.99987117105852]]}