{"translation": [[4008.1522189999814], [2353.476412099786], [20.6610969]], "rotation": [[0.873259292475, -0.487254259738, -0.0012190069849999496], [0.487180174105, 0.87307697935532, 0.019800443716879806], [-0.00858356393799995, -0.017884797441879804, 0.99980320885532]]}