{"translation": [[3995.4172741000075], [2375.5855912994593], [20.6928116]], "rotation": [[0.87024092362424, -0.49256706154243995, -0.00764378044008], [0.49262622992708, 0.87014749274864, 0.012757001972760001], [0.0003675374834400001, -0.01486719189852, 0.99988940964664]]}