{"translation": [[3988.8180500000017], [2386.7490172004327], [20.6973462]], "rotation": [[0.85607593232934, -0.51675403813794, -0.009961635706219999], [0.5168495324588199, 0.855888889155, 0.017909277292260002], [-0.0007286390808600015, -0.02048036826242, 0.9997899897279]]}