{"translation": [[3988.411647400004], [2387.3978728000075], [20.699663]], "rotation": [[0.85163255746496, -0.52403832902656, -0.010286864464319808], [0.52413875679392, 0.85143980684696, 0.018133442870640053], [-0.0007439731046401917, -0.020834774653679944, 0.99978265571736]]}