{"translation": [[3982.4275113000185], [2395.4482239009812], [20.7157213]], "rotation": [[0.7518675464140402, -0.6592907439781598, -0.005556418895359811], [0.6593100731833598, 0.7518065218810202, 0.009856332213220069], [-0.0023208371698401863, -0.011074059349179929, 0.99993598740902]]}