{"translation": [[4003.338358499983], [2361.8732398999855], [20.6817124]], "rotation": [[0.8729414231787201, -0.4878206090282398, -0.0020806554743999987], [0.48777519340175984, 0.8727832992675801, 0.018018802614300004], [-0.006973981772399999, -0.016744251344700003, 0.9998354832823001]]}