{"translation": [[4002.8835102000157], [2362.664730699733], [20.6823089]], "rotation": [[0.8728458092956, -0.48799093845264, -0.0022430100181201926], [0.48795530294112005, 0.87270420280024, 0.016940798398439948], [-0.006309472043639805, -0.01588119349572005, 0.9998539784632]]}