{"translation": [[4008.659277000057], [2352.5922713000327], [20.66358]], "rotation": [[0.8731021307075001, -0.4875312800966999, -0.0024301225375999978], [0.4874704803302998, 0.8728890126454201, 0.020911422688800002], [-0.0080737460216, -0.019442420620800004, 0.99977837888192]]}