{"translation": [[3919.7775457000243], [2378.834831399843], [20.7685729]], "rotation": [[0.41931576776822, 0.9076787778694199, 0.01713487802878], [-0.90783769183542, 0.41928669671644003, 0.00542882880942], [-0.002256794745219999, -0.01783208077542, 0.99983844884822]]}