{"translation": [[3948.345166700019], [2409.8725480996072], [20.872215]], "rotation": [[-0.34501136689984013, -0.938476264818, -0.01514289586888], [0.93846679630488, -0.34518827251250006, 0.011179398263159999], [-0.0157187517092, -0.010354085450999998, 0.9998228411771]]}