{"translation": [[3957.602068600012], [2411.57772259973], [20.876552]], "rotation": [[0.06319252388155983, -0.9978966221283001, -0.014458884052420002], [0.99787484420058, 0.06294719414459982, 0.016836535409940002], [-0.015890975262100003, -0.0154920998535, 0.9997537055462]]}