{"translation": [[3915.8151077000075], [2376.9321229001507], [20.7716619]], "rotation": [[0.41923458453852, 0.9077126153511398, 0.0173245193095], [-0.9078568104808599, 0.41927864927948, 0.0011806076515], [-0.006192148288899999, -0.0162231348173, 0.999849222227]]}