{"translation": [[3942.037238000019], [2407.015146200545], [20.8962991]], "rotation": [[-0.4303245300697802, -0.9025871131252802, -0.01253204860112], [0.9026318402660801, -0.4303972617129602, 0.0037024636255200004], [-0.00873555721392, -0.009718565696720001, 0.99991461610782]]}