{"translation": [[3949.7145961999777], [2410.3600854007527], [20.865563100000003]], "rotation": [[-0.3004135278226002, -0.95367966969976, -0.01570972432352], [0.9536640396121601, -0.3006143055484203, 0.01248736903246], [-0.01663151789768, -0.011230424573139998, 0.99979861480982]]}