{"translation": [[3964.0522247999907], [2409.946127399802], [20.8621464]], "rotation": [[0.4274265461385601, -0.90396620464384, -0.01231333547328], [0.9040497041971199, 0.4273988722416001, 0.004930117528960001], [0.0008060457593600003, -0.01323913061952, 0.999912033984]]}