{"translation": [[3947.6834020000533], [2409.6120734997094], [20.8740375]], "rotation": [[-0.36365693880964034, -0.9314041914177001, -0.01548659598594], [0.9314223712380602, -0.3638196552888403, 0.009359293214699999], [-0.0143516132529, -0.011020990053059999, 0.9998362710823601]]}