{"translation": [[3965.1453030999983], [2409.41445199959], [20.8555321]], "rotation": [[0.4659561420233399, -0.8847022422535001, -0.013671586286320002], [0.8847970978988201, 0.4659710931130999, 0.00226537841224], [0.004366379482, -0.013152145876400002, 0.9999039732926001]]}