{"translation": [[3912.8148574000224], [2375.497318100184], [20.7722926]], "rotation": [[0.41955524259438015, 0.90751096815248, 0.01992871926774], [-0.90771429689568, 0.4195751066382001, 0.0033760718065600024], [-0.005297771218660001, -0.01950603323616, 0.99979570325982]]}