{"translation": [[3935.229210700025], [2403.587820000015], [20.9184823]], "rotation": [[-0.4433506091675403, -0.8962577693521201, -0.01273346630886], [0.8963373461595601, -0.44337046520584034, -0.0013730982582800004], [-0.004414993534980002, -0.012022245844759999, 0.99991798335206]]}