{"translation": [[3930.635525599995], [2384.067967299372], [20.7590945]], "rotation": [[0.42279305605100004, 0.9059655128756801, 0.02173566133124], [-0.9061925881174, 0.4228623596559601, 0.0015283244756800016], [-0.0078065827792, -0.0203428615126, 0.9997625844254]]}