{"translation": [[3942.7334192000562], [2407.3523238003254], [20.8918991]], "rotation": [[-0.4265183095409997, -0.9043940012881999, -0.012390626961799723], [0.9044412742777999, -0.4265854696097796, 0.0032747629543000614], [-0.008247338075799937, -0.009809848295299723, 0.99991787077022]]}