{"translation": [[3939.0837082000216], [2405.5416387002915], [20.9126044]], "rotation": [[-0.4395575930818004, -0.8980865950532201, -0.015149481763659725], [0.8981956095554201, -0.4395948769558804, -0.0009527723823399385], [-0.0058039630737399366, -0.014025996775939726, 0.9998847860730801]]}