{"translation": [[3945.573497399979], [2408.690593900159], [20.8876864]], "rotation": [[-0.4061928836068994, -0.9136465689682198, -0.01603610154534], [0.9137484000623399, -0.40627495009905945, 0.002096313643420003], [-0.008430357269219996, -0.01380145499494, 0.9998692158998]]}