{"translation": [[3929.6883833999746], [2383.6080635990947], [20.7603297]], "rotation": [[0.42251433588672016, 0.9061003528469598, 0.02153462221416], [-0.9063233796962398, 0.4225820013436802, 0.0015287167500800027], [-0.007714972409359999, -0.02016323707968, 0.9997669343664]]}