{"translation": [[3933.657693700108], [2402.7884307000786], [20.9246779]], "rotation": [[-0.44244553225698, -0.89673300530278, -0.01057527196186], [0.89678234101882, -0.44247188822098005, 0.00017076583234000055], [-0.00483239208134, -0.00940816266914, 0.99994406566604]]}