{"translation": [[3932.607111099991], [2385.025769099593], [20.7569576]], "rotation": [[0.423356394403, 0.9056846979159001, 0.022462134191099832], [-0.9059302244739, 0.42342238522741993, 0.001966792146420109], [-0.00772967632589983, -0.02118178103141989, 0.99974575979942]]}