{"translation": [[3939.5213135000085], [2388.389292200096], [20.7476238]], "rotation": [[0.4248908313312003, 0.9049359232228799, 0.02364028500495989], [-0.9051824889515198, 0.42502280376000035, -0.0006202569633601655], [-0.010608954231840106, -0.021135228504159827, 0.99972033702336]]}