{"translation": [[3940.4588898000075], [2388.84743290022], [20.744661800000003]], "rotation": [[0.42490057783814006, 0.9049677511698798, 0.022201318792659998], [-0.9051856606351599, 0.4250160718796001, -0.0005372887817199981], [-0.009922146647379997, -0.019868020567639998, 0.9997533759771]]}