{"translation": [[3927.710366300016], [2382.6503761997446], [20.7577948]], "rotation": [[0.4220631280241599, 0.9063382194850802, 0.02033903057884], [-0.9065438418303602, 0.4221046743611999, 0.0024155804356799995], [-0.006395866143320001, -0.019457751411840002, 0.9997902223868]]}