{"translation": [[3926.6811948000104], [2382.1525664003566], [20.7589323]], "rotation": [[0.4217531138252, 0.9064848037594798, 0.02023581708616], [-0.9066915210913199, 0.42178411209520006, 0.00291978304644], [-0.005888405651439999, -0.01957907314116, 0.99979097141816]]}