{"translation": [[3928.6604495999054], [2383.1100025996566], [20.7601372]], "rotation": [[0.42233789942028, 0.90618778683482, 0.021316657396340002], [-0.9064098007563801, 0.42239478917228, 0.0019802399230600017], [-0.007209575848940002, -0.02015795745566, 0.99977081312156]]}