{"translation": [[3954.4257960999967], [2411.4442646000534], [20.8742817]], "rotation": [[-0.10916679481575997, -0.9937692024956399, -0.022483417170239998], [0.99386987563524, -0.10951965218338, 0.015107517854519999], [-0.01747575981936, -0.02069635142028, 0.99963306212662]]}