{"translation": [[3921.7653658000054], [2379.7841026997194], [20.770379]], "rotation": [[0.420344361694, 0.9071320350018001, 0.020543800337999997], [-0.907356521283, 0.42032858700638, 0.00528973497348], [-0.0038366579268, -0.02086406202948, 0.99977496015638]]}