{"translation": [[3960.033189399983], [2411.284014799632], [20.8766216]], "rotation": [[0.20828498375718008, -0.9779389570216801, -0.01589605193554], [0.9779785651211201, 0.20801844425388005, 0.016916724691440004], [-0.01323685353186, -0.019069497895840004, 0.99973053366006]]}