{"translation": [[3925.4598426999873], [2398.6447967998683], [20.9491684]], "rotation": [[-0.43534470400498015, -0.9001754999666999, -0.01261597274819983], [0.9002637982556999, -0.43529517232498016, -0.006581132959800107], [0.00043250306580016815, -0.014222764165799893, 0.999898757839]]}