{"translation": [[3958.245565099991], [2411.536042000167], [20.8781055]], "rotation": [[0.10134002038327983, -0.9947501253322801, -0.014226377699000002], [0.9947262906682801, 0.10108968403077989, 0.0173344696653], [-0.0158053258222, -0.015908027428499998, 0.9997485315515]]}