{"translation": [[3940.572626899986], [2406.290376099758], [20.9042369]], "rotation": [[-0.4364995281566798, -0.89961637662552, -0.01259553674596], [0.8996749493014801, -0.4365559490022799, 0.00199992854856], [-0.00729782420504, -0.01045892068956, 0.99991867306604]]}