{"translation": [[3945.372547100007], [2391.243675900623], [20.7451809]], "rotation": [[0.4248828133938799, 0.90501369270232, 0.020611744054599996], [-0.90522930117268, 0.42491153313947994, 0.003183455824399998], [-0.005877097079599997, -0.0200109498494, 0.9997824871583599]]}