{"translation": [[3941.277857100009], [2406.642364099622], [20.9013099]], "rotation": [[-0.4341379640320796, -0.90075580856892, -0.012764220858839829], [0.90080514764988, -0.4342099178093797, 0.0033995658979398945], [-0.00860453207675983, -0.010022195875539893, 0.99991275499454]]}