{"translation": [[3953.109983399976], [2411.239082899876], [20.8623664]], "rotation": [[-0.1692391237482601, -0.98538518552712, -0.01934545570744], [0.98542209173656, -0.16952607636456007, 0.014293428292919998], [-0.01736409025512, -0.01664443205716, 0.99971068378494]]}