{"translation": [[3964.577373899985], [2409.694946100004], [20.859063]], "rotation": [[0.4470201317263801, -0.8944237836973, -0.013380839837399894], [0.8945161650093, 0.44702834806038017, 0.0025370169541998316], [0.0037124459866001054, -0.013103475667799831, 0.99990725403]]}