{"translation": [[3931.6617361999815], [2384.565723900683], [20.756775]], "rotation": [[0.4230807013978999, 0.90581650024754, 0.02234332754302], [-0.90605812441186, 0.42314953128715993, 0.0017848406437399982], [-0.007837830928179999, -0.02099948447366, 0.9997487634771]]}