{"translation": [[3955.916267899971], [2396.3611914999783], [20.7450095]], "rotation": [[0.43146990147294007, 0.9018844690915598, 0.020931870994779826], [-0.9020885029818798, 0.4315504700892, 0.000734330031560107], [-0.008370878079259828, -0.01919924123811989, 0.9997806347103]]}