{"translation": [[4032.167922099994], [2461.557037799619], [20.4732231]], "rotation": [[-0.4129327177198604, -0.9105626818070399, -0.01904036981395983], [0.91074513345024, -0.4129611635205803, -0.0025965117991201096], [-0.005498643376839834, -0.01841310612551989, 0.99981534419672]]}