{"translation": [[3978.243028500001], [2407.7974543003365], [20.73877]], "rotation": [[0.44398588525080007, 0.8956846572160401, 0.025009686951519998], [-0.89602478152868, 0.44393337596720006, 0.007918617319160005], [-0.004010049888640002, -0.02592505432108, 0.99965584629464]]}