{"translation": [[4017.5731593000237], [2454.621021299623], [20.4916378]], "rotation": [[-0.4208361740523404, -0.9069639573557999, -0.0176993810292], [0.9071228252298, -0.42085734292552046, -0.002692633414080002], [-0.005006793226800001, -0.01718867025408, 0.99983972797318]]}