{"translation": [[4020.787041499978], [2428.953141200356], [20.6260227]], "rotation": [[0.4313580553436599, 0.90196081395088, 0.0199230901705], [-0.9021540155608, 0.4314102887615999, 0.0018183211640000006], [-0.0069549717756199995, -0.01875804311216, 0.9997998620674999]]}