{"translation": [[3975.5129326999886], [2406.3982799006626], [20.7468633]], "rotation": [[0.44652936611296, 0.89457481562112, 0.01864089912192], [-0.8947636841779198, 0.44650168565248005, 0.005852593754880001], [-0.0030876107251200007, -0.01929255384192, 0.99980911380448]]}