{"translation": [[4031.253966599994], [2461.130242699757], [20.4749135]], "rotation": [[-0.41390885087417995, -0.9101150681382401, -0.01923990786194], [0.9103032592613601, -0.41393145244751994, -0.0029794284675199994], [-0.005252378980459998, -0.018747361509680004, 0.9998104565223]]}