{"translation": [[3985.610060499981], [2411.548884600401], [20.7023456]], "rotation": [[0.43902492740694, 0.89823691406816, 0.02068018515675983], [-0.89846594916016, 0.43900721358102, 0.005631639595720106], [-0.004020205534759829, -0.021052870828279894, 0.99977028092592]]}