{"translation": [[3995.80480719998], [2416.676447900012], [20.6853102]], "rotation": [[0.4340194952018398, 0.90066486790752, 0.020731063995479894], [-0.90089976507072, 0.4339683983226198, 0.007137650637679829], [-0.002567993920680106, -0.02177449145751983, 0.9997596095502199]]}