{"translation": [[3968.1398150000023], [2402.5758389998227], [20.7457744]], "rotation": [[0.45128529888005997, 0.89221071762352, 0.017366744165739828], [-0.89237026167064, 0.4512846597464, 0.004178683273120104], [-0.00410907910221983, -0.017383344492559898, 0.9998404546727]]}