{"translation": [[3961.5837114999886], [2399.1961687998846], [20.744582]], "rotation": [[0.4445594767124401, 0.8955009975153199, 0.021092726338], [-0.8957181860996, 0.4446172294334002, 0.0021256444862000016], [-0.007474673621320003, -0.019838112891759997, 0.9997752640262]]}