{"translation": [[4026.940078100015], [2459.1015002001077], [20.4774275]], "rotation": [[-0.41728140981689965, -0.9085711257799799, -0.019358089590039828], [0.9087558347934198, -0.4173233544404996, -0.0020129033595601056], [-0.006249717000839829, -0.018431724008359893, 0.99981058835544]]}