{"translation": [[4014.3456555000157], [2425.797485999763], [20.6412492]], "rotation": [[0.42698955871190003, 0.9039938669135998, 0.02179712232669983], [-0.9042329494096799, 0.4270287121879601, 0.003059635536000107], [-0.006542106770739831, -0.021016106926319892, 0.9997577327207]]}