{"translation": [[3977.359670999984], [2407.344570499845], [20.7454977]], "rotation": [[0.4450070505867001, 0.8951749499006799, 0.025110414285139892], [-0.89551845746036, 0.4449507390879601, 0.00809512445331983], [-0.003926344747180104, -0.02608922694163983, 0.9996519074426999]]}