{"translation": [[3993.9570417000214], [2415.751546899788], [20.6882877]], "rotation": [[0.43499933573429994, 0.9001990285939399, 0.02042689463768], [-0.90042681262994, 0.43495263394357997, 0.006908872233759998], [-0.00266537109968, -0.02139827883224, 0.9997674776907199]]}