{"translation": [[4022.6231451000203], [2457.0465443003923], [20.4819992]], "rotation": [[-0.4191702845028201, -0.9077221166590801, -0.0183511120356], [0.9078947658010801, -0.4191861870843201, -0.0031569895637999987], [-0.004826863990799999, -0.0179841952854, 0.9998266200175]]}