{"translation": [[4003.2118845000514], [2420.347672900185], [20.6716154]], "rotation": [[0.42996500322552, 0.9025605846486799, 0.02268091366979983], [-0.90282393493668, 0.42999274282902, 0.0038884994389001074], [-0.00624302104059983, -0.022148791413299892, 0.9997351927875]]}