{"translation": [[3964.425680399989], [2400.651191599667], [20.7444365]], "rotation": [[0.4495986552433401, 0.8930066280469999, 0.020007107407639998], [-0.89320577392964, 0.4496407100834401, 0.0025981008752000018], [-0.006675889562200002, -0.01903856542736, 0.9997964620621399]]}