{"translation": [[4030.4140504000825], [2460.736270500347], [20.477325]], "rotation": [[-0.4146367146133, -0.90977575836372, -0.019606807727839723], [0.9099699462097199, -0.41466463126568, -0.0028112439429599408], [-0.005572648440159938, -0.019007251014959724, 0.9998038157523801]]}