{"translation": [[4024.3290354000055], [2457.859827199951], [20.4802997]], "rotation": [[-0.41854641248105984, -0.9080079837109399, -0.01844815807208], [0.9081812967450199, -0.4185666574704998, -0.00293562861536], [-0.005056210200640001, -0.017982969444079996, 0.9998255085464001]]}