{"translation": [[4010.6358886000235], [2423.9865039000288], [20.6490078]], "rotation": [[0.42590818582493994, 0.9044882109208799, 0.022437069630359827], [-0.9047378362461599, 0.42596099003840004, 0.0026098198104801042], [-0.007196766848279828, -0.021411207345039894, 0.9997448508515]]}