{"translation": [[3967.1769684000174], [2402.0766364997253], [20.7456115]], "rotation": [[0.4512156201231, 0.8922255682112599, 0.01838470530018], [-0.8924045150900999, 0.4512142556487, 0.004458110377899999], [-0.0043178010241, -0.018418163085179996, 0.9998210479191599]]}