{"translation": [[4005.0681897000177], [2421.26103879977], [20.667962300000003]], "rotation": [[0.42888221507005997, 0.9030473764599001, 0.023779857676259897], [-0.9033326065037401, 0.42892695440235995, 0.003445283714699831], [-0.007088567511900108, -0.022958741725259833, 0.99971128251566]]}