{"translation": [[3991.1469371999847], [2414.342754700221], [20.689538]], "rotation": [[0.436142922222, 0.8996852270299999, 0.018595693249799997], [-0.8998739492939999, 0.43610522546982, 0.006250107584199998], [-0.0024865489101999986, -0.019459720624199997, 0.99980754964782]]}