{"translation": [[3992.1078939000145], [2414.8249720996246], [20.6885892]], "rotation": [[0.4358599508894402, 0.8998190625161598, 0.018753865191199995], [-0.9000114479623998, 0.4358178828190401, 0.00648968908384], [-0.0023337231401599993, -0.019707289522399998, 0.99980306883824]]}