{"translation": [[4025.2203779000556], [2458.283794099465], [20.4793075]], "rotation": [[-0.4181336673209801, -0.9081961011946, -0.018551726450379724], [0.9083689622674, -0.41816227614276, -0.002495541783399939], [-0.00549119009037994, -0.017895281905399723, 0.99982478751422]]}