{"translation": [[3965.319788700028], [2401.113146200776], [20.7439396]], "rotation": [[0.45045773382487997, 0.8925827365373201, 0.01959082094647983], [-0.89277637656412, 0.4504901887212599, 0.002973737141680104], [-0.006171165112719829, -0.018829766304879897, 0.99980365902038]]}