{"translation": [[4026.0437156999833], [2458.676508200355], [20.4772974]], "rotation": [[-0.41784224546151993, -0.9083196798886397, -0.019060915627719995], [0.9085001989198398, -0.41787862551353994, -0.002223594842360002], [-0.005945413373319999, -0.01824595676884, 0.9998158516119799]]}