{"translation": [[4005.959960100008], [2421.698417599313], [20.665054]], "rotation": [[0.4283366298455, 0.9032884186146001, 0.0244483942778], [-0.9035877170586001, 0.42839081159718007, 0.003241878651240003], [-0.007545115430200002, -0.023479884861240002, 0.9996958368516801]]}