{"translation": [[4001.357864700025], [2419.4310974003747], [20.6753146]], "rotation": [[0.4311420708763998, 0.9020129542689602, 0.02211763259808], [-0.9022631493153602, 0.43116948248887976, 0.003759172249439998], [-0.006145626761279999, -0.02157666145296, 0.99974830781152]]}