{"translation": [[4004.1033213000046], [2420.7852654010057], [20.6702824]], "rotation": [[0.4295193640238002, 0.9027539548354199, 0.023419220149459893], [-0.9030297890856599, 0.42956544468430014, 0.003282631278179831], [-0.007096680020180107, -0.02255820633845983, 0.99972034313726]]}