{"translation": [[3981.037662900053], [2409.2255041999742], [20.716433]], "rotation": [[0.4420182667703998, 0.8967348443519602, 0.02205658411547983], [-0.8969945649015602, 0.4420034470603198, 0.005807362648360102], [-0.004541422116279828, -0.022351596116039894, 0.99973985698608]]}