{"translation": [[3980.0805079999845], [2408.738104099408], [20.7231032]], "rotation": [[0.4427084171458201, 0.8963811358171999, 0.02258618707498], [-0.8966559017599999, 0.4426805569180401, 0.0064913383772], [-0.004179752921020002, -0.023125807792, 0.99972382520822]]}