{"translation": [[4020.1205192999914], [2455.846506900154], [20.4871439]], "rotation": [[-0.4200067059604201, -0.9073620958400801, -0.016984561292], [0.90750744291592, -0.42002931837442004, -0.0023862314914000014], [-0.0049688370663999995, -0.016415848477, 0.99985290447416]]}