{"translation": [[3990.2607556000003], [2413.8977679004893], [20.69147]], "rotation": [[0.4365398001514801, 0.8994845783109, 0.0189898882023], [-0.8996821617021, 0.4364943026915, 0.006697106234900001], [-0.0022650360063000002, -0.0200084156731, 0.99979724592398]]}