{"translation": [[4019.9012192999944], [2428.516267700121], [20.6282063]], "rotation": [[0.43071224393312, 0.9022411923885599, 0.02116222154367989], [-0.90245993554824, 0.4307690713448801, 0.0020292450932398298], [-0.007285162569280104, -0.019972077074039828, 0.999773995742]]}