{"translation": [[4011.528349099972], [2424.4201290989295], [20.6470072]], "rotation": [[0.4259462703768002, 0.9044631765846399, 0.022715829487519892], [-0.9047206219351999, 0.4259956301400002, 0.002862046926399832], [-0.007088226299200109, -0.02177055970447983, 0.99973786550256]]}