{"translation": [[3983.7649603000027], [2410.6143656000495], [20.7078838]], "rotation": [[0.4401706754642398, 0.8976599447272402, 0.02136384047231983], [-0.8979051778801201, 0.4401479411138999, 0.006007916102960108], [-0.004010184971839829, -0.021827211276719896, 0.9997537153071]]}