{"translation": [[4018.051572999975], [2427.608676300384], [20.6313212]], "rotation": [[0.4292653304806202, 0.9029223898638199, 0.021506703843159895], [-0.9031552135806198, 0.42930349987670013, 0.0030445934056398324], [-0.006483873050440109, -0.02073082848003983, 0.99976406826008]]}