{"translation": [[4023.5091256999876], [2457.4694245997816], [20.4802665]], "rotation": [[-0.41892079325498033, -0.9078399043464601, -0.01823293802784], [0.90800897713254, -0.4189413860204203, -0.0028592841016800014], [-0.005042757146160001, -0.01775348233632, 0.9998296777496001]]}