{"translation": [[3953.0910029999795], [2394.9838092001155], [20.7416841]], "rotation": [[0.42742545730317993, 0.90382413595536, 0.02023425282006], [-0.90402086534544, 0.42748586710911995, 0.0014572967803200016], [-0.007332717280859998, -0.01891507225392, 0.9997942044763]]}