{"translation": [[4025.4345036000013], [2431.261112799868], [20.6212694]], "rotation": [[0.4362200436539799, 0.8996394102097199, 0.019002185529539892], [-0.8998218577426799, 0.43624829561047995, 0.00285076207875983], [-0.0057250140527401044, -0.01834214037195983, 0.9998153780204599]]}