{"translation": [[3961.4768279999844], [2440.684297000058], [20.5986985]], "rotation": [[0.6622343171437399, -0.74906382719854, -0.018683068877039816], [0.74917332835426, 0.6623719568206999, -0.0016370696899199186], [0.013601410316159818, -0.01291273391831992, 0.9998241159933999]]}