{"translation": [[4008.668518599996], [2450.313971200958], [20.5167884]], "rotation": [[-0.42148382173297994, -0.9066506441335801, -0.01832737834421983], [0.9068152235416201, -0.42152449929297997, -0.001772606390020106], [-0.00611830515497983, -0.01736667131077989, 0.99983046815804]]}