{"translation": [[3998.620695299993], [2445.479238799773], [20.5350831]], "rotation": [[-0.42116904939730004, -0.90670369139784, -0.022470562588319996], [0.9069260236192801, -0.42128921367890004, 0.0006815111001599976], [-0.010084535667359997, -0.02009210742528, 0.99974727273344]]}