{"translation": [[4015.91616339999], [2453.8207580996677], [20.495682]], "rotation": [[-0.4212830284299399, -0.90677787604866, -0.0165780704703], [0.9069161442093001, -0.42130533598963993, -0.002293512470339999], [-0.004904720621339999, -0.016001135447100003, 0.9998599438988599]]}