{"translation": [[3965.1115449999925], [2438.1535214995965], [20.5780594]], "rotation": [[0.481563652044, -0.8762540640562, -0.0165886280014], [0.8763023887747601, 0.48171575189359994, -0.006631451811319999], [0.013801839791319999, -0.0113431896074, 0.99984040788656]]}