{"translation": [[3982.954825400084], [2438.23863240052], [20.581532]], "rotation": [[-0.3599849671527998, -0.9328040269508798, -0.01695507641704], [0.9329575220943199, -0.3599049597120998, -0.007660667733139998], [0.0010436856385600008, -0.018576091265739995, 0.9998269047960601]]}