{"translation": [[3985.3982120999135], [2439.2579365996644], [20.5737746]], "rotation": [[-0.3893729574514606, -0.9209147490295004, -0.017458773245860003], [0.9210758426788603, -0.3893596318995606, -0.004295674275100002], [-0.0028417911156999997, -0.017753473011860005, 0.9998383561501399]]}