{"translation": [[3991.358349400107], [2442.002984900959], [20.550186]], "rotation": [[-0.41781534833956, -0.90829626427714, -0.0206944759895], [0.9084832895297, -0.41792038387786, 0.0008341051021399978], [-0.00940625757586, -0.0184520835197, 0.9997854984629401]]}