{"translation": [[3966.7704765999806], [2437.3500895993784], [20.5714821]], "rotation": [[0.39052739154416005, -0.9204261096818799, -0.017441573287000002], [0.9204406993765998, 0.3907361400332001, -0.010689395978], [0.01665385222588, -0.011879430589839998, 0.999790742286]]}