{"translation": [[3981.15418339998], [2437.5553500996903], [20.5834085]], "rotation": [[-0.3260830780507401, -0.94527468010812, -0.01121802000228], [0.94531979144772, -0.32597277831112015, -0.01060557847768], [0.00636841609188, -0.014062913784080002, 0.99988083177638]]}