{"translation": [[3971.789011200075], [2436.096275200136], [20.5809064]], "rotation": [[0.08875822196789973, -0.9958485190150402, -0.020195748616679852], [0.9959699846683202, 0.0889947698328597, -0.011130300687559868], [0.012881410110039853, -0.01912645103411987, 0.9997340887416]]}