{"translation": [[3957.7825619999785], [2444.7576514007524], [20.6061933]], "rotation": [[0.80456757600966, -0.59368150154842, -0.014605044603639938], [0.5938166208175399, 0.8045650232475, 0.007547263247719809], [0.007270037792120064, -0.014745001217559811, 0.9998648566188001]]}