{"translation": [[3999.3997541000135], [2445.8533864002675], [20.530103600000004]], "rotation": [[-0.4211823860435201, -0.9067240306856801, -0.02137086331832], [0.9069262844960801, -0.42128876135154014, 0.0005272267226800013], [-0.009481356020719998, -0.01915974047308, 0.9997714779879799]]}