{"translation": [[3989.31086149998], [2441.038601100445], [20.5566501]], "rotation": [[-0.4123299730727198, -0.91080748587148, -0.02034790828628], [0.9109994340017199, -0.41240779155401985, -0.0004063459584200003], [-0.00802152976052, -0.01870447938238, 0.99979287732926]]}