{"translation": [[4012.6423162000137], [2452.236962400377], [20.506238600000003]], "rotation": [[-0.42142190582002026, -0.9066853181743202, -0.018035187232639832], [0.9068481949384801, -0.4214507891928202, -0.0023538268958401085], [-0.005466763960959831, -0.01734713150255989, 0.99983458207616]]}