{"translation": [[4003.1723394999863], [2447.6626609005034], [20.5238799]], "rotation": [[-0.4211623608201003, -0.9067589128933201, -0.02025902327584], [0.9069549834282801, -0.4212255845352003, -0.0012463024292400007], [-0.007403524172640001, -0.018898918584440004, 0.99979398812454]]}