{"translation": [[3967.3013356999727], [2437.142370299436], [20.5723774]], "rotation": [[0.3595103641328601, -0.93297512611032, -0.0175990538692], [0.93304172061, 0.3596833839036001, -0.007811881812599997], [0.013618378713680001, -0.013612198784759999, 0.9998146067195001]]}