{"translation": [[3986.00306800002], [2439.523317599669], [20.5701083]], "rotation": [[-0.39468019315727965, -0.9186635317475998, -0.01687873014392], [0.9188144884075998, -0.39466663496015975, -0.004267798743599998], [-0.002740800343919998, -0.0171928371964, 0.99984843569712]]}