{"translation": [[3995.6689369999804], [2444.0624278001487], [20.5361234]], "rotation": [[-0.42119451360016, -0.9067666509052001, -0.01922496434576], [0.9069162491022402, -0.42130641185226003, 0.0020002987819000033], [-0.009913403162000001, -0.016592916773740002, 0.9998131823365399]]}