{"translation": [[3977.044201200013], [2436.4006977006793], [20.6003114]], "rotation": [[-0.18507534538362003, -0.9825291312300001, -0.01958292297278], [0.9826674335144, -0.18481358561843997, -0.014440282782], [0.010568807783219999, -0.021916043005600003, 0.99970394984118]]}