{"translation": [[4007.0926054000156], [2449.5493440004066], [20.521467]], "rotation": [[-0.4213033308118801, -0.9067425241996802, -0.017936307481760002], [0.9069040929636801, -0.42133037417490016, -0.00242792888814], [-0.00535560302976, -0.01728940371886, 0.99983618361198]]}