{"translation": [[3978.790257500019], [2436.8032744005322], [20.5957955]], "rotation": [[-0.25415063943460003, -0.9670737140818401, -0.013258587685320001], [0.9670853320507601, -0.25393042274115996, -0.016285180248239998], [0.01238221093848, -0.01696107589164, 0.999779477055]]}