{"translation": [[4004.7159249000833], [2448.401394900866], [20.5244925]], "rotation": [[-0.42097502993297986, -0.90683565662148, -0.020717908266519827], [0.90705927655612, -0.4209815176288798, -0.004259847300720106], [-0.004858873999079831, -0.02058565921767989, 0.99977628597414]]}