{"translation": [[3964.5937668000115], [2438.444792800583], [20.5811917]], "rotation": [[0.5080130860920801, -0.8611779652080798, -0.017182102577239997], [0.8612323872279197, 0.5081717612755801, -0.006343837866759999], [0.014194632739239996, -0.011575030421239998, 0.99983225146766]]}