{"translation": [[3967.8763465000084], [2436.9361803000793], [20.5721504]], "rotation": [[0.3253056078086999, -0.9454246375415402, -0.01867142558788], [0.9455282569749403, 0.32547243481781984, -0.006641933855160003], [0.012356482750680001, -0.015493700424760002, 0.9998036120218801]]}