{"translation": [[3965.674218799977], [2437.8563967002556], [20.5744519]], "rotation": [[0.45154949400421995, -0.89207741929652, -0.017344687096179895], [0.8921091117693201, 0.45173542244183995, -0.00873765220628017], [0.0156298716360201, -0.01152787270851983, 0.9998113898286201]]}