{"translation": [[3959.082762199978], [2443.1242294004187], [20.608998]], "rotation": [[0.7663358507174, -0.6421526946919001, -0.019217225321099998], [0.64234971872254, 0.7663870289879, 0.006146689793220001], [0.010780719186779999, -0.0170546075379, 0.99979643751814]]}