{"translation": [[3974.0994507999276], [2436.0472929999232], [20.587859]], "rotation": [[-0.04387583862833977, -0.99883496566274, -0.020087287647500004], [0.9989624779379, -0.043618231730739754, -0.013087953777259999], [0.012196533429260002, -0.0206406935789, 0.99971256184316]]}