{"translation": [[4014.2701022999827], [2453.024578999728], [20.4994398]], "rotation": [[-0.42152943132513987, -0.9066509335411799, -0.01723654960426], [0.9068031940488599, -0.4215439118633999, -0.002961931988580001], [-0.0045805235660199995, -0.01687869921606, 0.9998470524659]]}