{"translation": [[3973.541298200027], [2436.0392062002793], [20.5861397]], "rotation": [[-0.013391334437939717, -0.99971017518578, -0.02000643857545986], [0.99987138892414, -0.013211524433939803, -0.009092910536019856], [0.00882595974201986, -0.020125631446539855, 0.99975850153836]]}