{"translation": [[3972.9404342999333], [2436.041105900891], [20.5845579]], "rotation": [[0.021289063677899955, -0.9995835341521, -0.019479432728299998], [0.9997347650699799, 0.021455309870059946, -0.0083656131343], [0.00878006593886, -0.019296171242979998, 0.9997752588446]]}