{"translation": [[3989.9678640000056], [2441.346343400888], [20.5555662]], "rotation": [[-0.41433074414159987, -0.9099020006127599, -0.02020793312692], [0.91008557515612, -0.4144202596115999, 0.0002667134013600008], [-0.008617260186359998, -0.018280441028079998, 0.9997957632933601]]}