{"translation": [[3990.686254100001], [2441.685526099056], [20.551533]], "rotation": [[-0.41623803917704005, -0.9090293642806402, -0.020281080608039893], [0.9092126783238401, -0.4163315207924201, 0.000427750549680167], [-0.008832492869160106, -0.018261770748719833, 0.9997942262143801]]}