{"translation": [[3968.9873430000152], [2436.5939825996757], [20.5752064]], "rotation": [[0.2586650752447198, -0.9657134939542001, -0.02213260942584], [0.9658720439562002, 0.2588931254546998, -0.0080975456014], [0.013549889634159998, -0.0192827159826, 0.99972225010998]]}