{"translation": [[4016.7760822000564], [2454.2360459007323], [20.4936834]], "rotation": [[-0.42100609332642003, -0.90689320078234, -0.01727521278616], [0.90704484490214, -0.4210252382085, -0.002690603242480001], [-0.00483321202696, -0.01680215415112, 0.99984715214892]]}