{"translation": [[3929.1921620999346], [2476.938695699908], [20.6420104]], "rotation": [[-0.8473319674885, 0.5310077999813599, 0.007684179466519945], [-0.53105721074648, -0.8471635621986601, -0.01708599423303981], [-0.0025630390723599445, -0.018558250017679807, 0.9998244956828001]]}