{"translation": [[3939.362225699995], [2460.9137652004138], [20.624725100000003]], "rotation": [[-0.85580545907082, 0.5172622200472998, 0.006077201813479806], [-0.5172971976822998, -0.8557255930175399, -0.011723445107800054], [-0.0008636782865201918, -0.013176706982199948, 0.9999128104282801]]}