{"translation": [[3929.719547500019], [2476.115411300212], [20.6416868]], "rotation": [[-0.8474383401152401, 0.5308474407006, 0.0069920609858], [-0.5308831964402, -0.8472664136668202, -0.01738650499938], [-0.0033054428814000003, -0.018445962167380002, 0.99982439482758]]}