{"translation": [[3935.4669029000215], [2467.1287257000804], [20.6152613]], "rotation": [[-0.8560790677221, 0.51679565115684, 0.0071440661123799995], [-0.5168435093961999, -0.8559612627618, -0.014256800613000001], [-0.0012528089480999998, -0.01589731153612, 0.99987284489886]]}