{"translation": [[3944.807041799999], [2463.479342500679], [20.614842000000003]], "rotation": [[0.8195603186296, -0.57290496784944, -0.01003853350728], [0.5729881294586401, 0.81935613743878, 0.01844217296346], [-0.0023404788043199995, -0.02086643375274, 0.99977953274182]]}