{"translation": [[3932.4902839999995], [2471.8196625998244], [20.6309324]], "rotation": [[-0.8526059828029802, 0.52250661111626, 0.007079624262399806], [-0.52254834841274, -0.8524514616356201, -0.016430786882800055], [-0.002550159017200192, -0.017708430937599943, 0.9998399412824001]]}