{"translation": [[3951.6804099999717], [2453.653803200461], [20.596884]], "rotation": [[0.8344883297694001, -0.5508704063918398, -0.013078197450879807], [0.5509633912255999, 0.8345157421731001, 0.0047784934809000585], [0.00828163124399981, -0.011193204744379941, 0.99990305868174]]}