{"translation": [[3936.222757100011], [2465.927501499653], [20.614957500000003]], "rotation": [[-0.8560009875470401, 0.51693078256788, 0.0066859607156397535], [-0.51697221033996, -0.8558921959801001, -0.01371529530031986], [-0.0013673964853201386, -0.015196763560639754, 0.9998835875207]]}