{"translation": [[3930.6436684000073], [2474.684909598902], [20.6366042]], "rotation": [[-0.8484807654334798, 0.5291782727776, 0.007113566985759999], [-0.5292200288247999, -0.8483301125340998, -0.0161875815359], [-0.0025314631782399994, -0.017499495004699998, 0.9998436674583799]]}