{"translation": [[3940.4613552999217], [2459.1564373001456], [20.6271465]], "rotation": [[-0.8551292376392403, 0.5183679807907201, 0.0069905952546], [-0.5184150413586001, -0.8550441569434003, -0.012065635308800001], [-0.00027717182928000024, -0.01394170553396, 0.9999027712909999]]}