{"translation": [[3943.0844082999974], [2465.8679797993973], [20.5975059]], "rotation": [[0.82042611647388, -0.5716867989468201, -0.00867275237854], [0.57175180406242, 0.8203556020743, 0.010797500771739998], [0.0009419528912599996, -0.013817213231539999, 0.99990409407942]]}