{"translation": [[3931.6515865999972], [2473.1269335001707], [20.6339984]], "rotation": [[-0.8505315091656999, 0.52586651256734, 0.00776639922322], [-0.52591983621706, -0.8503744993527399, -0.016470908450260002], [-0.0020571509549800002, -0.01809353232566, 0.9998341823501999]]}