{"translation": [[3931.036201299925], [2474.0788460997865], [20.637124]], "rotation": [[-0.8491454969058598, 0.52810356890862, 0.007649402510199944], [-0.5281548364741, -0.8489925265304998, -0.016251965275799807], [-0.002088435251879945, -0.01784035235883981, 0.9998386671174]]}