{"translation": [[3940.7369888999965], [2469.1457957001403], [20.6082023]], "rotation": [[0.82066234476918, -0.5713196497797801, -0.010351635917319808], [0.57141290998502, 0.82050268842758, 0.01620516222932006], [-0.0007647830454801914, -0.019214024980119943, 0.9998151010727601]]}