{"translation": [[3933.584190600028], [2470.1054376997054], [20.6252147]], "rotation": [[-0.8548484964721997, 0.51882363170352, 0.007490467199159999], [-0.5188726403902799, -0.8546873305777998, -0.016756187996159997], [-0.00229149892224, -0.01821060042156, 0.99983154734524]]}