{"translation": [[3950.210599900107], [2455.810062199831], [20.6039852]], "rotation": [[0.8307948709326002, -0.5564494530795199, -0.011996784219639808], [0.5565462076129999, 0.8307863956679602, 0.007093503955520059], [0.00601958932959981, -0.01257001091019994, 0.9999028749782001]]}