{"translation": [[3930.459038399975], [2474.9701270991936], [20.6377211]], "rotation": [[-0.848211348106, 0.5296088366007198, 0.007200467437959944], [-0.5296517423648798, -0.848058368848, -0.01630620867015981], [-0.0025294953528399436, -0.017644852670959808, 0.99984111778584]]}