{"translation": [[3928.393653700012], [2478.1839824002236], [20.6405027]], "rotation": [[-0.8472863328806799, 0.53109555013876, 0.00655867346356], [-0.53112802041196, -0.8471410465832999, -0.01595940529438], [-0.00291984726764, -0.017005684546219996, 0.99985112949638]]}