{"translation": [[3943.006103700027], [2455.100968199782], [20.6378782]], "rotation": [[-0.8534819630845802, 0.5210909799402, 0.005703361810419946], [-0.5211180244922001, -0.8533802604180002, -0.013339217029799807], [-0.0020838090904199465, -0.014356907277799808, 0.9998947629334201]]}