{"translation": [[3929.8929548001033], [2475.8466885993257], [20.6402173]], "rotation": [[-0.8475484647092802, 0.53066881287848, 0.0072311532764], [-0.53070953774552, -0.8473788534676802, -0.017220447298], [-0.003010828042, -0.0184328049236, 0.99982556809904]]}