{"translation": [[3928.859160000051], [2477.4562772996724], [20.6415492]], "rotation": [[-0.8473162685140001, 0.53104256942204, 0.006980703576719944], [-0.53108042508484, -0.8471580165368201, -0.01663360380515981], [-0.0029193924871199445, -0.017801239998359808, 0.9998372832538199]]}