{"translation": [[3940.169492700021], [2459.613638599403], [20.6288885]], "rotation": [[-0.8551799895429001, 0.51830117441864, 0.0055793242470198075], [-0.5183238745108, -0.8550611151696001, -0.014522438196400055], [-0.0027563335987001933, -0.015311195097519947, 0.99987897764334]]}