{"translation": [[3941.0200355999987], [2458.260574599728], [20.6317095]], "rotation": [[-0.85462080512626, 0.51920831556162, 0.00679720475904], [-0.5192505852755399, -0.8545056359077001, -0.01411188776352], [-0.0015187599811199996, -0.01558976385024, 0.9998773187968]]}