{"translation": [[3941.299426099984], [2468.3626006999984], [20.6101897]], "rotation": [[0.82072885567046, -0.5711842294572601, -0.012357515659919941], [0.5713177985569801, 0.8205244308415, 0.01831988354735981], [-0.00032438553455994053, -0.02209572584231981, 0.9997558070125999]]}