{"translation": [[3936.463962799986], [2465.5416230000556], [20.6155125]], "rotation": [[-0.8559738860449001, 0.5169860492137399, 0.005852622741919946], [-0.51701524686638, -0.8558684056161001, -0.013587811977039807], [-0.002015634462639946, -0.014656706485279806, 0.99989055310064]]}