{"translation": [[3938.5429959999747], [2462.222446200438], [20.6187712]], "rotation": [[-0.8559540503533001, 0.5170388218411398, 0.003635673862519999], [-0.5170463446858998, -0.8558924676141001, -0.0105289633846], [-0.002332136843799999, -0.01089212248052, 0.9999379594732399]]}