{"translation": [[3933.821395499981], [2469.733132799156], [20.6234713]], "rotation": [[-0.85517151114282, 0.5182860582889401, 0.007834086749939807], [-0.5183415344376601, -0.85501036454628, -0.016716901226380053], [-0.0019659116725401922, -0.018356549052419943, 0.9998295716319]]}