{"translation": [[3935.962709500105], [2466.342848500237], [20.6147488]], "rotation": [[-0.85603307266906, 0.5168668580844998, 0.007509919577059999], [-0.5169209447229398, -0.8559223823970601, -0.0137833804955], [-0.0006962649924999991, -0.01568106134794, 0.99987680218844]]}