{"translation": [[3943.5881887000287], [2454.184406400658], [20.6362047]], "rotation": [[-0.8534484231975399, 0.5211416289176, 0.00612365757002], [-0.52117731014248, -0.8533765152712, -0.01109243866736], [-0.0005549464601000004, -0.0126583336996, 0.9999197260959]]}