{"translation": [[3947.6418106000056], [2459.507332799956], [20.5977277]], "rotation": [[0.824233582463, -0.5662173330743, -0.0060772640489], [0.5662499180143, 0.82418944800542, 0.008531354943459999], [0.00017821585610000058, -0.01047307951846, 0.9999451399174201]]}