{"translation": [[3939.0836339999805], [2461.3650290993974], [20.6219725]], "rotation": [[-0.8561066079155999, 0.51675130915728, 0.00703654192884], [-0.51679908156624, -0.8560368063615998, -0.010938372965919999], [0.00037112042507999937, -0.01300089208816, 0.9999154159589599]]}