{"translation": [[3941.287192900025], [2457.82815530058], [20.6328827]], "rotation": [[-0.8544107891914597, 0.51957518570442, 0.004902687182679808], [-0.51958839367818, -0.8542981283222597, -0.014241338266680054], [-0.003211089584920193, -0.014715330812279945, 0.99988656754424]]}