{"translation": [[3936.7281228000065], [2465.119169799611], [20.6134623]], "rotation": [[-0.8559706531904401, 0.5169990229746, 0.0051197112320798075], [-0.51701768579192, -0.8558672577882002, -0.013561340263560054], [-0.002629406427000193, -0.014255090833999947, 0.999894933783]]}