{"translation": [[3930.083618399978], [2475.5517752002925], [20.6394075]], "rotation": [[-0.8477807782477003, 0.53029942772164, 0.00710164312752], [-0.5303391518342, -0.8476195174900002, -0.0167839783944], [-0.0028810430040000006, -0.01799541211152, 0.99983391858294]]}