{"translation": [[3938.963967000018], [2471.6241784999147], [20.611272600000003]], "rotation": [[0.82056666094256, -0.5715414290968399, -0.0032775855437999993], [0.5715430705478, 0.82051215770486, 0.009915157920839999], [-0.00297762486684, -0.0100093293354, 0.99994547205046]]}