{"translation": [[3953.9077636], [2450.3251374000683], [20.6102005]], "rotation": [[0.8393705437388002, -0.5431568941919998, -0.020920012787399998], [0.5434361121129598, 0.8393784750167002, 0.010997093772720002], [0.011586660212280001, -0.020599327940399998, 0.99972066945646]]}