{"translation": [[3931.8495644999784], [2472.8181705996394], [20.6334793]], "rotation": [[-0.85102349928978, 0.52507292517872, 0.0075614527741], [-0.52512165147328, -0.8508588209062801, -0.0169194187112], [-0.0024501995363, -0.0183695078816, 0.99982826409294]]}