{"translation": [[3931.2447850001045], [2473.7571089994162], [20.6360075]], "rotation": [[-0.8495470078356994, 0.52745111583844, 0.008082787082779807], [-0.5275099513665199, -0.8493898325917594, -0.01644059174284005], [-0.001806171512540193, -0.01823080492867994, 0.9998321736711]]}