{"translation": [[3932.268522600003], [2472.1651872005314], [20.6324898]], "rotation": [[-0.8521001471245602, 0.52332868941212, 0.00723703529364], [-0.52337211868924, -0.8519384389249002, -0.01680696987642], [-0.002630060908919999, -0.018108884446140002, 0.9998325615219]]}