{"translation": [[3958.275224900106], [2432.328915799968], [20.660766100000004]], "rotation": [[-0.7861613426922002, 0.6177566284288399, 0.01808708088712], [-0.6178943136092, -0.7862564330722002, -0.0027367628890000006], [0.012530429849, -0.01332744138712, 0.9998326698196399]]}