{"translation": [[3950.660251400026], [2443.0409449003637], [20.6546424]], "rotation": [[-0.8522064840648401, 0.5229162939680799, 0.017397173954400002], [-0.5231508749768, -0.8521270961233001, -0.013877236914900002], [0.007567969999919999, -0.02092761802194, 0.9997523496519]]}