{"translation": [[3968.0879395999946], [2422.127311299555], [20.7424978]], "rotation": [[-0.6242316811001999, 0.7811200067923599, 0.01366175620728], [-0.78112076660952, -0.6243462260609999, 0.00651446690564], [0.01361824384124, -0.00660494484552, 0.9998854525191601]]}