{"translation": [[3960.4310148999793], [2429.7402953999117], [20.6749233]], "rotation": [[-0.7701475534411599, 0.6376307633377, 0.01731623930606], [-0.6377726777349401, -0.77021524404516, -0.003819155492899999], [0.0109020196811, -0.013985137083939999, 0.99984276859724]]}