{"translation": [[3959.354079700017], [2431.0190860005096], [20.6646918]], "rotation": [[-0.77783228720928, 0.6282722326101601, 0.01584111812864], [-0.62835641842856, -0.7779254627853, -0.0004382784283200004], [0.012047850935039999, -0.01029477534448, 0.99987442555998]]}