{"translation": [[3972.318541800021], [2419.3822675999254], [20.7915655]], "rotation": [[-0.4876049402871204, 0.8729017780314, 0.0168473518808399], [-0.8729767026162, -0.48773862279850044, 0.00475790515090017], [0.012370288805160102, -0.012387367827699825, 0.99984675279038]]}