{"translation": [[3967.6231199000613], [2422.491434599273], [20.734060600000003]], "rotation": [[-0.6372544404752399, 0.7705452024623999, 0.0129254755458], [-0.7705323602237998, -0.6373620596165199, 0.007048807254879998], [0.013669630713599999, -0.005467613552119999, 0.9998916173322799]]}