{"translation": [[3961.554041000025], [2428.438393799588], [20.6837235]], "rotation": [[-0.7605751178119401, 0.64903268312304, 0.01678853389656], [-0.6491828256302399, -0.7606137419216201, -0.00530876341748], [0.00932403019224, -0.01493654245108, 0.99984496905368]]}