{"translation": [[3948.28644180001], [2446.7815305003896], [20.662310100000003]], "rotation": [[-0.8540885145609, 0.5199407683095598, 0.01392759755218], [-0.5201028815273199, -0.8540015448996, -0.013188069795960003], [0.0050371768769400015, -0.01850756622652, 0.99981603147726]]}