{"translation": [[3961.9123154000263], [2428.0288187004626], [20.6831089]], "rotation": [[-0.7567265123718607, 0.6535484783296199, 0.015472469535099814], [-0.6536818912380999, -0.7567488847410008, -0.005579953217700073], [0.008062003960379815, -0.014336571541659932, 0.9998647242555]]}