{"translation": [[3952.7430813999963], [2439.8366205990314], [20.648040100000003]], "rotation": [[-0.84398429378722, 0.53608417881108, 0.0174415311792], [-0.53627340547092, -0.84399960291362, -0.0086860121304], [0.010064212142400001, -0.016684287535199998, 0.9998101550681601]]}