{"translation": [[3953.646369300026], [2438.4863125998527], [20.6515152]], "rotation": [[-0.8368278838099998, 0.547277778639, 0.014360032982999807], [-0.5474040718009199, -0.8368400867530599, -0.0068946385475000555], [0.008243768257559807, -0.013630365838419941, 0.9998731186595]]}