{"translation": [[3965.0569507000037], [2424.7366589996964], [20.6964343]], "rotation": [[-0.70371972195028, 0.7103608009891399, 0.01288985227458], [-0.7104087818434598, -0.70378837110202, 0.0011637521922599993], [0.009898411654620002, -0.00833810875086, 0.9999162451886999]]}