{"translation": [[3944.1755034999806], [2453.2628373997286], [20.6404613]], "rotation": [[-0.8533086170733799, 0.52133955503802, 0.008330605229699946], [-0.52140447771198, -0.8532369959085798, -0.011132207330699808], [0.001304320754700054, -0.013842823805699808, 0.99990333281404]]}