{"translation": [[3977.05211639998], [2417.449969000183], [20.8116571]], "rotation": [[-0.28244481766193996, 0.95909905136124, 0.018807978878119996], [-0.9592780730009199, -0.28232332066169996, -0.00888407025096], [-0.003210771114839999, -0.02055134357048, 0.9997836431916]]}