{"translation": [[3947.703265500022], [2447.7108942000195], [20.655073]], "rotation": [[-0.85409986718186, 0.51993251174142, 0.01355058611298], [-0.5200653410818199, -0.85407597707588, -0.009288953488620001], [0.00674360105562, -0.014980884010019999, 0.9998650393730201]]}