{"translation": [[3950.944707900053], [2442.5986708002165], [20.6528995]], "rotation": [[-0.85151871944442, 0.52403235363914, 0.017502137208700003], [-0.52425751249586, -0.85146913873588, -0.012438986857900002], [0.008384095604300002, -0.019767653928100003, 0.9997694468446999]]}