{"translation": [[3962.306278400065], [2427.589273800142], [20.6832461]], "rotation": [[-0.7520283748234601, 0.65895987192614, 0.01501605925967993], [-0.65908153154422, -0.7520557755409001, -0.004890464330159812], [0.00807029255544007, -0.013574573846879812, 0.9998752928952]]}