{"translation": [[3956.5702185999835], [2434.4738127002493], [20.6636972]], "rotation": [[-0.8026243244621198, 0.59616022204166, 0.019685360411259997], [-0.59638477612426, -0.8026575254697998, -0.00815019003142], [0.010941780773659999, -0.018281587610779998, 0.99977300475132]]}