{"translation": [[3949.7649306000094], [2444.448434700258], [20.656606600000003]], "rotation": [[-0.8537661065538, 0.5203862354512998, 0.016782603383099996], [-0.5206036058761798, -0.85369599557514, -0.013232052340899997], [0.007441463042260002, -0.020034161156819996, 0.9997716024279]]}