{"translation": [[3969.9229479000205], [2420.8146901996806], [20.7645479]], "rotation": [[-0.56724316151202, 0.8234376377047198, 0.01361516449806], [-0.8234306132680799, -0.5673650025731201, 0.007661536503439998], [0.01403356782834, -0.006865188993039999, 0.9998779566188599]]}