{"translation": [[3951.540201900003], [2441.678268400952], [20.6492492]], "rotation": [[-0.8497516670937801, 0.52688628107718, 0.01769541597821995], [-0.52709484128358, -0.8497452918211601, -0.01020509588597981], [0.009659670088620056, -0.01799895837161981, 0.99979134237662]]}