{"translation": [[3956.221041299985], [2434.925524700433], [20.662508]], "rotation": [[-0.8063431979207398, 0.59114372962806, 0.01896090965115981], [-0.5913651720999401, -0.8063518781528999, -0.009146574869880061], [0.00988222649915981, -0.01858810173387994, 0.999778387467]]}