{"translation": [[3951.2309642001055], [2442.1574512999505], [20.650927]], "rotation": [[-0.8506982863307602, 0.5253464612108999, 0.01797613310406], [-0.5255673560579398, -0.8506812978190601, -0.010950060498300003], [0.009539387530500001, -0.01876286949894, 0.99977845284254]]}