{"translation": [[3954.6017374999938], [2437.118385899812], [20.6542449]], "rotation": [[-0.82547694883528, 0.56424113503308, 0.01483589326688], [-0.56436402815028, -0.82550647394306, -0.00571493347992], [0.00902252306368, -0.013090388507279999, 0.9998736099282199]]}