{"translation": [[3963.0759468000033], [2426.750669299625], [20.6863556]], "rotation": [[-0.7414095775090601, 0.6708760047256999, 0.01539633066746], [-0.6709970558385399, -0.7414483323178601, -0.0041405183279000024], [0.008637810529900002, -0.013400713387540002, 0.99987289647084]]}