{"translation": [[3957.939490300021], [2432.742827099748], [20.65802]], "rotation": [[-0.7890647692406401, 0.61403918464744, 0.01823244645056], [-0.61418551641176, -0.7891545859389001, -0.003308073766520001], [0.01235693392736, -0.013808390186119998, 0.9998283025203]]}