{"translation": [[3963.45227910002], [2426.352361098863], [20.6884792]], "rotation": [[-0.7355732972808402, 0.6772499583006801, 0.0162578249514], [-0.6773823134926, -0.7356199745209001, -0.0040438859511], [0.00922085992932, -0.01398733812774, 0.9998596552047]]}