{"translation": [[3970.3767704999773], [2420.52218890097], [20.770473000000003]], "rotation": [[-0.5526612879508799, 0.8332850618994, 0.01418733915028], [-0.8332731565526, -0.5527969774650598, 0.0084334115874], [0.01487015621028, -0.0071611086746, 0.9998637892018201]]}