{"translation": [[3978.1685009999783], [2417.18667129986], [20.8090751]], "rotation": [[-0.22589947715634007, 0.9739246462807399, 0.020980679985159997], [-0.9741473452327399, -0.2257905858236201, -0.00745254832108], [-0.0025209803071599996, -0.02212180072708, 0.99975210456728]]}