{"translation": [[3978.71162050002], [2417.08382440079], [20.8074004]], "rotation": [[-0.19821972661407983, 0.97991533388728, 0.02179658318928], [-0.98015530699592, -0.19812089468577987, -0.00662554784208], [-0.0021741191044799997, -0.02267734836912, 0.9997404718841401]]}