{"translation": [[4005.310811500007], [2425.1744333002716], [20.7320758]], "rotation": [[0.42890030484672015, 0.9031407189426401, 0.01952830605303983], [-0.9033458109469601, 0.42887608035998015, 0.005624765427880109], [-0.0032952684426398333, -0.020053277271079892, 0.9997934823107001]]}