{"translation": [[4010.409768900019], [2437.873245799914], [20.7115639]], "rotation": [[-0.4149376369296994, -0.9097418803384, -0.014016051794199832], [0.9098495849311999, -0.41487665786727934, -0.007146513035240105], [0.0006865493926001718, -0.01571785629123989, 0.99987623116158]]}