{"translation": [[4036.259534200013], [2450.12718919944], [20.6787902]], "rotation": [[-0.41476502520586, -0.9097957667945, -0.015546293009679999], [0.90992549779882, -0.41474756390409995, -0.004483004362239999], [-0.002369168441600001, -0.016005361456399997, 0.9998690991576]]}