{"translation": [[4003.7098973999964], [2424.3790042996407], [20.7351575]], "rotation": [[0.43102624223174, 0.9021822584886999, 0.0168396787415], [-0.9023331493235, 0.43101768192332, 0.004320799236620001], [-0.003360051163700001, -0.01705737794438, 0.99984886653942]]}