{"translation": [[4022.147557499993], [2443.453979199752], [20.6914656]], "rotation": [[-0.41381501962, -0.9102447928119998, -0.01454028160799983], [0.9103593370287998, -0.41379128912847996, -0.004745484348960109], [-0.0016970901815998333, -0.015200634719039891, 0.99988302344752]]}