{"translation": [[4028.3542265999713], [2446.3835260001943], [20.6802549]], "rotation": [[-0.41318255344255994, -0.9105281713756801, -0.0147817095744], [0.9106461733392002, -0.41316102620319994, -0.004624466167199999], [-0.00189652032768, -0.01537165690224, 0.9998800504880001]]}