{"translation": [[3990.5225060000666], [2418.2699327999726], [20.7480939]], "rotation": [[0.31524443621660003, 0.9488052091386998, 0.01973646664749988], [-0.9489536863472199, 0.3153848811159601, -0.004380127901500164], [-0.010380470725460115, -0.017348183296219837, 0.999795622283]]}