{"translation": [[4016.487326100003], [2430.62829240039], [20.6967566]], "rotation": [[0.41709376358142003, 0.9087260907883199, 0.015802886857619998], [-0.90885864793872, 0.41708523238784, 0.00398922581968], [-0.002966037669779999, -0.01602647110928, 0.9998671686054199]]}