{"translation": [[3996.111421099922], [2420.6285757999867], [20.7400585]], "rotation": [[0.4166959272659002, 0.9089201040764199, 0.015126180438559891], [-0.9090363065417, 0.4167104953849402, 0.002325758517919832], [-0.004189309964000109, -0.01471938073999983, 0.999882887904]]}