{"translation": [[3987.855307799997], [2417.479781700298], [20.7603109]], "rotation": [[0.22436677646558023, 0.9742571361105399, 0.0219670010273], [-0.9744340441305399, 0.2245650355810802, -0.006986073314899998], [-0.011739251928700001, -0.0198379514731, 0.9997342875155001]]}