{"translation": [[4000.5864478999865], [2422.819615099579], [20.7397643]], "rotation": [[0.4340201204309999, 0.90077110458274, 0.015423614628819832], [-0.9008945728194999, 0.43402705236859995, 0.003069553021300104], [-0.00392930067549983, -0.015227299175179895, 0.99987633732476]]}