{"translation": [[3998.2870239000185], [2421.6788156004623], [20.7381307]], "rotation": [[0.4290936738871999, 0.903140615524, 0.014686207622], [-0.9032484293756, 0.42911380220581985, 0.0019122392815399984], [-0.004575033759199998, -0.014085823351459997, 0.99989032331238]]}