{"translation": [[4026.9943589000613], [2445.744116799906], [20.682541]], "rotation": [[-0.4133068993268998, -0.9104785685614999, -0.01435800008979983], [0.9105894069736599, -0.41329038395609985, -0.004237858507880109], [-0.0020755442021198325, -0.014825779155799891, 0.99988793791416]]}