{"translation": [[4009.6980725000612], [2437.5343482000753], [20.7137551]], "rotation": [[-0.4148591826696998, -0.90977760112138, -0.01401762306936], [0.90988526661478, -0.4147969208252198, -0.007227363205439999], [0.0007608258921600001, -0.01575276735624, 0.9998756279945199]]}