{"translation": [[3987.17635959998], [2417.3263314003125], [20.764866]], "rotation": [[0.19881957107430004, 0.97978672011828, 0.02210931353896], [-0.9799809546129999, 0.19899718633326002, -0.006124452734279999], [-0.010400349085200003, -0.020449044118599997, 0.9997368000396]]}