{"translation": [[4017.971340900054], [2441.472419399768], [20.6999014]], "rotation": [[-0.41449078771944037, -0.9099217739404002, -0.015481838982440002], [0.9100531362394402, -0.41444526683994043, -0.0061923461], [-0.0007818247130000006, -0.01665596705744, 0.99986097408846]]}