{"translation": [[4020.2792444999795], [2432.462190799415], [20.6862656]], "rotation": [[0.4181922459689398, 0.9082529499524, 0.013849422825459833], [-0.90835787138104, 0.4181617572182398, 0.005167639471600106], [-0.0010977749956998309, -0.014741299141039893, 0.9998907385241399]]}