{"translation": [[4039.390524400107], [2451.6227080002427], [20.6770258]], "rotation": [[-0.41627521069139994, -0.9091300639991801, -0.014061733992660003], [0.90923743245642, -0.41625167510579997, -0.0047001120848599994], [-0.0015802057114600006, -0.014741993298059999, 0.9998900822607599]]}