{"translation": [[4015.599596300104], [2430.2000987995416], [20.6990073]], "rotation": [[0.41706379726669984, 0.9087484592876403, 0.015299065150279895], [-0.9088726079485203, 0.4170562817570399, 0.00383079769055983], [-0.0028993400952401095, -0.015502587926879833, 0.9998756240663]]}