{"translation": [[4019.3644070000155], [2442.1336804004386], [20.6975358]], "rotation": [[-0.41418978083937985, -0.91006647050114, -0.015032664662559894], [0.9101901736972601, -0.41414940943521994, -0.005852405877279832], [-0.0008996900638401058, -0.01610658930991983, 0.9998698757094]]}