{"translation": [[4025.6269359000144], [2445.1001514997333], [20.6857754]], "rotation": [[-0.41347132622049976, -0.9104110854547199, -0.01390265233696], [0.91051514854464, -0.4134548369254397, -0.00417468072288], [-0.0019474423164799982, -0.014384685243840001, 0.9998946386051]]}