{"translation": [[3991.88212949998], [2418.7759549003094], [20.7431664]], "rotation": [[0.3515779113914801, 0.9360207316870799, 0.016068815955119997], [-0.9361291971631198, 0.3516512107314801, -0.0018965698950800004], [-0.007425847624919999, -0.01437569513512, 0.99986908952396]]}