{"translation": [[4024.2505058000097], [2444.4495882000774], [20.6869397]], "rotation": [[-0.4135259394741002, -0.91037848797246, -0.014393720186719892], [0.9104906412109001, -0.41350341037170013, -0.004647046603199833], [-0.0017212818480001092, -0.015027022717279834, 0.99988560634044]]}