{"translation": [[4008.3320172000094], [2436.885074700229], [20.7126869]], "rotation": [[-0.41505013484289976, -0.9096970421554799, -0.01358782047945989], [0.9097985059150798, -0.4150017621808797, -0.006337809402359831], [0.00012651679465989184, -0.01499268778115983, 0.99988759533398]]}