{"translation": [[4008.5856646000175], [2426.7934929002076], [20.7165166]], "rotation": [[0.42407359980219994, 0.9054871551864601, 0.01595832201102], [-0.9056257458961801, 0.42404405589116, 0.00535922899734], [-0.00191431947786, -0.01672497407442, 0.9998582952806]]}