{"translation": [[4023.532540299988], [2444.1104700993747], [20.6904122]], "rotation": [[-0.41368311103489985, -0.91029642711648, -0.01504684785114], [0.9104188448591999, -0.4136597874043598, -0.004776653788480001], [-0.0018761067465000005, -0.0156749569424, 0.9998753801963001]]}