{"translation": [[4031.6801722000237], [2447.950960899703], [20.6804453]], "rotation": [[-0.4134650028404203, -0.9103896230398002, -0.015411597305920002], [0.9105178238350001, -0.4134422832803403, -0.004781476460200001], [-0.002018798861920001, -0.016009506545000003, 0.99986980160408]]}