{"translation": [[3989.822063600004], [2418.0353993000463], [20.7519172]], "rotation": [[0.29337349241755983, 0.9557520919610201, 0.021678366120499996], [-0.9559327377637001, 0.29354284536779984, -0.005021722736300001], [-0.011163051425019997, -0.01924981921414, 0.9997523847181999]]}