{"translation": [[4036.8736994001083], [2450.41954409983], [20.6793845]], "rotation": [[-0.4150364271661, -0.9096847499953599, -0.014776987823119998], [0.9098021944923199, -0.41501909075200005, -0.004365870718240001], [-0.0021611663989599995, -0.01525613175248, 0.99988128285246]]}