{"translation": [[3997.5736661999836], [2421.331093400717], [20.7388124]], "rotation": [[0.42587345195776005, 0.9046667776185598, 0.014488011873599722], [-0.9047732031024, 0.42588802144046, 0.0022186114100599397], [-0.004163167378559938, -0.014053211804299724, 0.99989258187566]]}