{"translation": [[4012.854294700024], [2428.8749169008806], [20.7081852]], "rotation": [[0.41882971368270017, 0.9079284591103998, 0.0157318972324], [-0.9080627620620798, 0.41880213769646013, 0.005167023259999998], [-0.0018972636354399998, -0.01644965381392, 0.9998628952304001]]}