{"translation": [[3993.269483900105], [2419.3417213000357], [20.742724600000003]], "rotation": [[0.3806512908090801, 0.9245706218558399, 0.016549126507239997], [-0.9246924088640399, 0.38071449877020014, -0.0007300585243199993], [-0.006975483944959999, -0.015024952490279998, 0.99986278731212]]}