{"translation": [[3988.4884725000593], [2417.640926499851], [20.7569595]], "rotation": [[0.24761412591832, 0.9686060006824802, 0.022127585488440002], [-0.96878538933192, 0.24781178916262003, -0.006645037913040002], [-0.011919899943240005, -0.019791476795760002, 0.99973307108494]]}