{"translation": [[4019.354808099917], [2432.0131721999496], [20.6886576]], "rotation": [[0.4180441211711601, 0.9083141062178599, 0.01430472771057983], [-0.9084237517734199, 0.41803129941756, 0.004018452037660107], [-0.002329807530139832, -0.014674644408819892, 0.99988960731356]]}