{"translation": [[4018.6947122000274], [2441.81526069995], [20.6972432]], "rotation": [[-0.4142294967154002, -0.91004055641188, -0.01550151764116], [0.9101723135498, -0.41418213939346016, -0.00630098097962], [-0.0006863024318000017, -0.016719102830499998, 0.9998599905027]]}