{"translation": [[3977.3060393999913], [2417.502081800252], [20.8477324]], "rotation": [[-0.9080339236845, -0.4188952689395998, -0.001211779948999998], [0.4188515754603998, -0.9078890017372799, -0.0173562538272], [0.0061702905089999985, -0.0162676203728, 0.99984863457822]]}