{"translation": [[3981.926679300028], [2423.4553193999454], [20.8242209]], "rotation": [[-0.60555212741722, -0.7956560145038799, -0.015434300663619999], [0.79577529618212, -0.60558462746152, -0.003004503797480001], [-0.0069562230723800005, -0.014101618368519999, 0.9998763700212601]]}