{"translation": [[3977.324700600002], [2403.1973941996694], [20.7653054]], "rotation": [[-0.9555067913134399, 0.29464022118996, 0.01392346638588], [-0.29481312635628, -0.9554717237136998, -0.01260780780536], [0.00958871144124, -0.01615166699608, 0.9998235745679]]}