{"translation": [[3978.0802945999894], [2401.0126834008843], [20.7634493]], "rotation": [[-0.943240249344, 0.33182459897088, 0.01380736137216], [-0.33198690625536, -0.94321028393986, -0.01180804946078], [0.00910504174848, -0.01572168804194, 0.9998349497651]]}