{"translation": [[3978.351136900019], [2419.4986487003043], [20.8477247]], "rotation": [[-0.83481565966746, -0.5504808315647999, -0.00731733845268], [0.55052754425232, -0.8347039174441, -0.01373565502324], [0.0014534035277999997, -0.0154951372738, 0.9998788868312]]}