{"translation": [[3975.972981000028], [2411.0049488004297], [20.8199391]], "rotation": [[-0.9992929557841002, -0.03599438958054, 0.010851786378020001], [0.03571754163246, -0.9990563063840402, -0.024708758567939998], [0.01173092360402, -0.02430369208494, 0.9996357916463]]}