{"translation": [[4004.271805699973], [2434.939494400285], [20.7262406]], "rotation": [[-0.41559249287577993, -0.909469253593, -0.012190221366340001], [0.9095447087518, -0.4155026783249999, -0.009273184252599998], [0.0033686064733399997, -0.014941416719, 0.99988269640022]]}