{"translation": [[3976.2511967999744], [2413.9326365999877], [20.8368643]], "rotation": [[-0.9790960185224398, -0.20326062011666, 0.007471881762579998], [0.20305323318838, -0.9789148159313997, -0.02224612013254], [0.011836097288739997, -0.02026390088302, 0.9997246026198]]}