{"translation": [[3988.466706999985], [2427.3145331004634], [20.795529]], "rotation": [[-0.43392270983778014, -0.9007757241073201, -0.017719312861719724], [0.9009336405998801, -0.4339493818912801, -0.002511272620079938], [-0.0054271930870799364, -0.017053624648719727, 0.99983984689494]]}