{"translation": [[3976.055720900069], [2412.510141299106], [20.833734600000003]], "rotation": [[-0.9924985259689799, -0.12188463884255979, 0.009528029471279802], [0.1216188017174398, -0.99226833401632, -0.024746574761839987], [0.012470589408719797, -0.02340215177816001, 0.9996483500147]]}