{"translation": [[3986.994177900022], [2426.569312300533], [20.808236800000003]], "rotation": [[-0.44730162201625967, -0.8941657319630998, -0.019723178193119997], [0.8943545501386199, -0.44735510412889967, -0.0018575503821599993], [-0.007162305598799999, -0.0184703987496, 0.9998037536248]]}