{"translation": [[3979.949212800013], [2421.6087683001533], [20.8348514]], "rotation": [[-0.7270000569231999, -0.68652354918936, -0.012506251362720001], [0.6866292410032799, -0.7269598382691399, -0.008351743668959999], [-0.003357873428640001, -0.01465887551952, 0.9998869146355001]]}