{"translation": [[3977.140096300107], [2417.0981189003214], [20.8481614]], "rotation": [[-0.9196880594147999, -0.39265019951432, -0.0001461211564401958], [0.39258761667272, -0.9195347014787199, -0.018199536964639957], [0.007011687761239804, -0.01679525920784004, 0.99983436404792]]}