{"translation": [[3977.498056499986], [2417.9307959005237], [20.8463181]], "rotation": [[-0.8944875650610603, -0.44708472816606004, -0.0026752545555399996], [0.44706662516314, -0.8943546579945003, -0.016158390694980002], [0.00483154338666, -0.01564949728558, 0.9998658657125999]]}