{"translation": [[3991.165197000024], [2428.6429957998917], [20.7922422]], "rotation": [[-0.4233002525887398, -0.90573588515118, -0.02142901854894], [0.90597593233914, -0.42330427483113986, -0.004571789539979998], [-0.004930163160419998, -0.02134941654426, 0.9997599191159601]]}