{"translation": [[3978.11213590001], [2419.1029599998146], [20.8461107]], "rotation": [[-0.8514080936669599, -0.52446473780508, -0.00641460642252], [0.5245001535793199, -0.8512916159098599, -0.014224060795179998], [0.00199931782788, -0.01547494133378, 0.99987825705374]]}