{"translation": [[3982.2761765000178], [2423.7262695999816], [20.8223497]], "rotation": [[-0.58680037395978, -0.8095551385812799, -0.016896063268], [0.80968558544272, -0.58686144659778, -0.0016041969037999988], [-0.008616964871199999, -0.014621843866999999, 0.99985596441144]]}