{"translation": [[3984.272995300009], [2425.0602700999007], [20.8173655]], "rotation": [[-0.5055491427549004, -0.86258277897386, -0.01926450873162], [0.86276087925258, -0.5056082026683604, -0.002029346978540001], [-0.007989812904740002, -0.017646598413780003, 0.9998123626299]]}