{"translation": [[3981.226780899975], [2422.8707019994035], [20.8279787]], "rotation": [[-0.64645678801858, -0.76281434063838, -0.01441306743558], [0.7629286459033799, -0.64646587856866, -0.0046457160196199995], [-0.005773738520580001, -0.01399939762038, 0.9998853338249201]]}