{"translation": [[3977.6885887000244], [2402.113935400732], [20.7678075]], "rotation": [[-0.94870426382034, 0.31584181221710006, 0.014294460817], [-0.3160056405125, -0.9486919265768201, -0.01114566089308], [0.0100407728246, -0.01509106516708, 0.99983570782748]]}