{"translation": [[4001.6065410000156], [2433.6667611999437], [20.7395428]], "rotation": [[-0.41565689225650015, -0.9094393532795199, -0.012213888399359829], [0.9095203989217598, -0.4155993799669002, -0.007040438152080109], [0.0013267661836801658, -0.014035189015439892, 0.99990062163424]]}