{"translation": [[3980.879885100003], [2422.5554359005764], [20.8318165]], "rotation": [[-0.66784340531664, -0.74417699378748, -0.01362576443348], [0.74428168554812, -0.66784784695944, -0.00488870461848], [-0.00546187665708, -0.01340629675288, 0.99989521406136]]}