{"translation": [[4006.971257099998], [2436.234440700151], [20.7187105]], "rotation": [[-0.41507630227236036, -0.9096853190163203, -0.013581378528760003], [0.9097862704120403, -0.41501540484340027, -0.00716422289968], [0.000880707849280001, -0.015329849515960002, 0.999882103091]]}