{"translation": [[3990.064155899978], [2428.109302200377], [20.7959455]], "rotation": [[-0.42680361071609985, -0.9040878456643799, -0.02153830176326], [0.9043163807774199, -0.42685670527139985, -0.00229997079546], [-0.00711439235166, -0.020459074514059997, 0.9997653783264601]]}