{"translation": [[3981.5579094000277], [2423.1542819002643], [20.8257075]], "rotation": [[-0.6266396746691199, -0.7791676882059999, -0.014854389057839819], [0.7792859680995998, -0.6266544966324998, -0.004212227835300086], [-0.00602653645415982, -0.014215364785499913, 0.99988079503438]]}