{"translation": [[3993.4654788000043], [2429.7622730992734], [20.7872914]], "rotation": [[-0.42026655502866006, -0.9071665716741798, -0.020611697363279998], [0.9073791115717799, -0.42030481081458004, -0.0026499049952800006], [-0.006259290254320002, -0.01981629002088, 0.99978404464992]]}