{"translation": [[4007.6788276999723], [2436.5728830005974], [20.7161238]], "rotation": [[-0.4150180241121597, -0.9097144712307998, -0.01339542462615972], [0.9098127951461599, -0.41496107549135974, -0.00691379261799994], [0.0007309965668000603, -0.015056678694159721, 0.9998863745726401]]}