{"translation": [[4002.2971805999987], [2433.994346400723], [20.7380929]], "rotation": [[-0.41559419551204024, -0.9094749493892801, -0.01170789923568], [0.9095450184219201, -0.4155134578059403, -0.00875897503758], [0.0031012795771200004, -0.014289038218380002, 0.99989309702286]]}