{"translation": [[3988.3919672999764], [2380.640317599289], [20.7109963]], "rotation": [[-0.8717647477914598, 0.48977102082425994, 0.01227546883582], [-0.48991952107437997, -0.8715982690952999, -0.017188241223059997], [0.0022809744906600003, -0.02099809340998, 0.9997769137374]]}