{"translation": [[4007.841298400017], [2354.1933785006404], [20.647967]], "rotation": [[0.8756764068956001, -0.4828965735177198, -0.0013207644873599977], [0.4828236900978798, 0.8754895889240002, 0.01998195975516], [-0.008492903758559997, -0.01813542721404, 0.99979946833816]]}