{"translation": [[3986.477347499982], [2383.9637070996687], [20.7057822]], "rotation": [[-0.87589349368272, 0.48233615391032, 0.0127415356152], [-0.48247341474767996, -0.8758311318844199, -0.011796476628100001], [0.005469566760399999, -0.0164799098943, 0.99984923683686]]}