{"translation": [[4004.8059227999765], [2359.4463849002495], [20.657723]], "rotation": [[0.87405080522446, -0.48583452994565995, -3.353513490019378e-05], [0.4857891620169, 0.8739682376300599, 0.01372630349033995], [-0.006639403515659806, -0.01201377763530005, 0.99990578929676]]}