{"translation": [[3998.5805570000084], [2370.1963996998966], [20.697843]], "rotation": [[0.8726627363808, -0.48824452079456, -0.00877679691152], [0.48832339692944, 0.87251936184446, 0.01581830997826], [-6.527808352000015e-05, -0.01808996499074, 0.9998363610611]]}