{"translation": [[3995.561579899979], [2368.290673200041], [20.685289]], "rotation": [[-0.8730179562800797, 0.48767404880575993, 0.0036719544472], [-0.48766489460223994, -0.8728789889987197, -0.0162798730504], [-0.004734099772, -0.016003306388, 0.9998607315372]]}