{"translation": [[3997.626360399998], [2364.726040800102], [20.6897036]], "rotation": [[-0.8714552703029, 0.49046973101622, 0.0022548347961599993], [-0.49039008651126, -0.8712098471861001, -0.02260297963728], [-0.009121643194079999, -0.02080323517824, 0.9997419772230399]]}