{"translation": [[4009.730017599999], [2350.900858500041], [20.6564365]], "rotation": [[0.87621424429528, -0.48190232502768, -0.004329606790440194], [0.48185556551712, 0.87590959335878, 0.024445787080039947], [-0.007988137593959806, -0.02350599197444005, 0.99969178149806]]}