{"translation": [[3998.478765800013], [2363.2695979001], [20.6852106]], "rotation": [[-0.8704811352399999, 0.49219034736399986, 0.0033640160099999974], [-0.4921282562455998, -0.8702124851207199, -0.023239440324359997], [-0.008510819389199998, -0.021885020987639996, 0.9997242678952799]]}