{"translation": [[3999.292998200108], [2368.964331800118], [20.701719600000004]], "rotation": [[0.8727370164283801, -0.48810670921416005, -0.009051822026959757], [0.48818975237096, 0.8725501721811, 0.018081969069479856], [-0.0009277617501601432, -0.020199810533079753, 0.9997955325487201]]}