{"translation": [[3984.302204300009], [2387.8289314005524], [20.7083369]], "rotation": [[-0.8836324265826602, 0.46805213511842, 0.010982145677139999], [-0.46816088727914, -0.8835686171242002, -0.011469807636820002], [0.00433501264058, -0.01527650733334, 0.9998739100342999]]}