{"translation": [[3999.634541800013], [2368.3691782001406], [20.7002088]], "rotation": [[0.87294959686956, -0.48771308708534, -0.009743406555499805], [0.48781037701609997, 0.8727688802831601, 0.017762478090340053], [-0.0001592514633401926, -0.020258683031899954, 0.99979475912876]]}