{"translation": [[4008.6044584001065], [2352.866008400917], [20.6455354]], "rotation": [[0.8759766646598001, -0.48235189321154, -0.0012443171012199998], [0.4822779092255, 0.8757908094942001, 0.019962227787100002], [-0.0085390563229, -0.01808655247378, 0.9997999605719601]]}