{"translation": [[3982.2682379999897], [2391.5971149997786], [20.7206788]], "rotation": [[-0.8947365345168401, 0.44642910971344, 0.01215962495664], [-0.44657925173456, -0.8946002337325001, -0.01605199003758], [0.0037119265646399996, -0.01979253557358, 0.9997972180226999]]}