{"translation": [[3979.4127716000075], [2397.6102440003306], [20.7542421]], "rotation": [[-0.9284846427840998, 0.37123029075346, 0.01022820405088], [-0.37136094390338, -0.9283112468986598, -0.01815365023016], [0.0027557710709599993, -0.020653738174719997, 0.9997828908599999]]}