{"translation": [[3982.928203999996], [2390.355238799937], [20.7113404]], "rotation": [[-0.8897316175808198, 0.45631937486701996, 0.012273712945119999], [-0.45645478215022, -0.8896585547955398, -0.012532156581279999], [0.005200746165919999, -0.01675264806992, 0.99984613868928]]}