{"translation": [[3995.956462799979], [2367.6087699001655], [20.6834561]], "rotation": [[-0.8729267090302598, 0.48784537266767997, 0.0024099270800201937], [-0.48782064814751996, -0.8728057706681599, -0.015525999240479949], [-0.005470888660179806, -0.014728671977280049, 0.99987656017934]]}