{"translation": [[4007.4437201999826], [2354.8819434009492], [20.6496948]], "rotation": [[0.8755154692092001, -0.4831870637486, -0.0017143801046000003], [0.48312268866332, 0.8753285370896601, 0.019809956454099997], [-0.00807126829324, -0.01817217934082, 0.9998022937307001]]}