{"translation": [[3996.3864746000036], [2366.865655200556], [20.6841079]], "rotation": [[-0.87259263445648, 0.48844557418555995, 0.0017121528158799992], [-0.48840840156076, -0.87247054974736, -0.01588361515204], [-0.00626447871652, -0.01469615609516, 0.9998723815051199]]}