{"translation": [[3993.514834899979], [2371.819885100238], [20.6818597]], "rotation": [[-0.87380833453668, 0.48622037426897985, 0.006990446369339999], [-0.48626584671797984, -0.8736457430266001, -0.01699312204526], [-0.002155228608659998, -0.01824794582774, 0.99983116948508]]}