{"translation": [[4001.461212299997], [2365.2231717007235], [20.6922998]], "rotation": [[0.8733528866156401, -0.48707195036079975, -0.003954517363880193], [0.4870684008338798, 0.8732161205342002, 0.01606136141983995], [-0.004369890728799805, -0.01595335680220005, 0.9998631878654001]]}