{"translation": [[3986.1232034999994], [2384.5854850001633], [20.7101121]], "rotation": [[-0.8769070170457798, 0.48044397564212, 0.01440466672088], [-0.48062497449932, -0.8768106142189598, -0.014233951938079999], [0.00579154916008, -0.019405096481119998, 0.9997949290578201]]}