{"translation": [[3987.6223851999966], [2381.973460899666], [20.703684600000003]], "rotation": [[-0.8729861835137793, 0.48761786915405997, 0.011121153270919998], [-0.4877145568398599, -0.8729587137150593, -0.00879421250556], [0.005420093626519998, -0.013101175853639999, 0.99989948582972]]}