{"translation": [[3994.322152399982], [2370.428591900505], [20.6827441]], "rotation": [[-0.8734226955310598, 0.48692707454296, 0.005926155872099949], [-0.48695453447479997, -0.8732702613673597, -0.016572032358959807], [-0.002894235791459949, -0.017360154927599805, 0.99984511222734]]}