{"translation": [[4000.7383412999916], [2366.4791663996875], [20.6973521]], "rotation": [[0.87301762041116, -0.4876762757528799, -0.0034772993964799995], [0.48765482214847994, 0.87285082583558, 0.018006037166779995], [-0.00574595323912, -0.01741530955562, 0.99983183137158]]}