{"translation": [[3994.744654399983], [2369.700705599971], [20.6827141]], "rotation": [[-0.8733590171077797, 0.4870443646418399, 0.005644030683279999], [-0.48706716195176, -0.8732087298007197, -0.01649651235804], [-0.0031061165440799997, -0.01715639945756, 0.9998479934475]]}