{"translation": [[4004.4144307000097], [2360.1226364998147], [20.6597315]], "rotation": [[0.8738137506819, -0.48626031093113997, -0.0006514549639199999], [0.48621639150342, 0.8737151637889401, 0.014677140332240001], [-0.00656772516264, -0.013141835035120002, 0.9998920727486]]}