{"translation": [[4012.0353446999798], [2346.8764084996656], [20.6625017]], "rotation": [[0.8752732240239801, -0.48362059283221975, -0.0028124750828399975], [0.4835505156141798, 0.8750121895719801, 0.02307751026396], [-0.008699809005959997, -0.02155910061516, 0.9997297227319599]]}