{"translation": [[4001.1129691000096], [2365.8275129999965], [20.695692]], "rotation": [[0.87310519935726, -0.48751413866654003, -0.00415545951846], [0.48750719440434, 0.8729436157519801, 0.017497757011820003], [-0.00490292235274, -0.01730319902958, 0.99983826724428]]}