{"translation": [[4010.4956419999944], [2349.563889199868], [20.6571155]], "rotation": [[0.87577116411512, -0.48271667429279996, -0.00307854895764], [0.4826527119024, 0.8755080098167, 0.0230668904112], [-0.00843947849364, -0.021687187454400004, 0.99972918387758]]}