{"translation": [[4005.923274700006], [2357.517762700096], [20.6513617]], "rotation": [[0.87464563139192, -0.48476155569952006, -0.0011168821698], [0.48469855690048, 0.87448980098912, 0.018300019669199998], [-0.0078944441598, -0.0165473833908, 0.99983191679704]]}