{"translation": [[3987.990063300007], [2381.3338836003095], [20.7060038]], "rotation": [[-0.8722010348225998, 0.48901478722242, 0.01140097856266], [-0.48913480134477993, -0.8721102231305998, -0.013076482712939999], [0.0035483161890599996, -0.01698193641934, 0.99984950032236]]}