{"translation": [[3983.6052671999787], [2389.0970937991515], [20.710365300000003]], "rotation": [[-0.88615463654148, 0.46326731912899977, 0.010651205852239998], [-0.4633735619163998, -0.8860816788546, -0.0120123908698], [0.003872889875240002, -0.015580322349999998, 0.99987111883788]]}