{"translation": [[3993.1294997999794], [2372.4844475993887], [20.6858041]], "rotation": [[-0.8740042496442602, 0.48586038678955995, 0.007505069677199999], [-0.4859141903646, -0.8738286205158601, -0.01763551761356], [-0.002010254828559999, -0.0190603365102, 0.99981631435704]]}