{"translation": [[3979.670900200028], [2397.0056670000777], [20.7502645]], "rotation": [[-0.9255684184368201, 0.3784517301072, 0.00986977128588], [-0.37857275743200003, -0.9254008572160002, -0.0177747688128], [0.002406602730120001, -0.020188190976, 0.99979330124318]]}