{"translation": [[4003.6647851999733], [2361.416590099223], [20.6748852]], "rotation": [[0.87361470112024, -0.48660912653711996, -0.002981528582880194], [0.48658015765968, 0.87345322599704, 0.01786588071951995], [-0.006089475658079806, -0.01705864862128005, 0.99983594692544]]}