{"translation": [[4002.1934619999956], [2363.961353700608], [20.6823307]], "rotation": [[0.8733453925179, -0.48709913336177996, -0.0014991415195399998], [0.4870636398523, 0.87323514109326, 0.01514552284878], [-0.0060682683627, -0.013957449865099999, 0.999884176143]]}