{"translation": [[3978.9229058999917], [2400.3265653001145], [20.7775908]], "rotation": [[0.74390027212702, -0.66802682957856, -0.01877569783494], [0.6682410867446399, 0.7438935995340801, 0.008726356333120001], [0.00813768101574, -0.01903823184352, 0.9997856389571]]}