{"translation": [[3961.1235578000196], [2411.903058299795], [20.8959003]], "rotation": [[0.12927856983343988, -0.9914699490449601, -0.01656854696951987], [0.9915507494015201, 0.12907287257893985, 0.01293948148745985], [-0.010690555139039869, -0.01810135245401985, 0.99977900213094]]}