{"translation": [[3984.406007900019], [2393.6752302004024], [20.7404748]], "rotation": [[0.8161902703479, -0.5776924569167801, -0.01024071833874], [0.57778308027606, 0.81607410552444, 0.013775737484979999], [0.0003990455451799999, -0.01716053664666, 0.9998526675207]]}