{"translation": [[3970.5176415999304], [2407.9271422997117], [20.8426486]], "rotation": [[0.5984503749228001, -0.8010528206885199, -0.01309605730024], [0.8010890200651599, 0.5985348832664, -0.00351495998828], [0.01065411567832, -0.00838757889044, 0.99990806494136]]}