{"translation": [[3961.708415500005], [2411.8255467992276], [20.898166]], "rotation": [[0.16324251039149995, -0.9864561887913601, -0.016000497068020002], [0.9865453879366402, 0.1630672760079599, 0.011713519325760001], [-0.008945716972020002, -0.01769736108224, 0.9998033694411]]}