{"translation": [[3990.3891531000263], [2384.347739700228], [20.7194063]], "rotation": [[0.8706718776503, -0.49175270980864, -0.010477408969379756], [0.49185646263304, 0.87058078541552, 0.012897227648639856], [0.0027791849461798576, -0.016382634426959752, 0.99986193319078]]}