{"translation": [[3984.012878599926], [2394.201363099739], [20.7441516]], "rotation": [[0.8115901360635002, -0.5841249533957799, -0.010932799731039937], [0.5842190602399399, 0.8115357602235002, 0.00989119742191981], [0.003094663461920062, -0.014414747811039809, 0.99989131315584]]}