{"translation": [[3986.969783800014], [2389.9680607998744], [20.7263795]], "rotation": [[0.84543787176024, -0.53401528327712, -0.007904049693], [0.5340724858536, 0.8453107271676, 0.0147087104926], [-0.0011732984481199991, -0.01665663641484, 0.9998605801943999]]}