{"translation": [[3989.0496138000162], [2386.6228015003726], [20.7232601]], "rotation": [[0.8651956109365401, -0.5013245479196999, -0.010499405911319998], [0.50143169085918, 0.8650709757199, 0.01478010184476], [0.0016731029514000005, -0.0180524142858, 0.9998356420166]]}