{"translation": [[3988.7226997999824], [2387.166080100462], [20.727279100000004]], "rotation": [[0.8629787987990001, -0.5051153071707999, -0.011230490744599999], [0.5052378915145999, 0.8628280345962801, 0.01620062760776], [0.0015067974308000014, -0.01965486755876, 0.99980568899628]]}