{"translation": [[3963.3528185000177], [2411.4970279010013], [20.8935014]], "rotation": [[0.25991787435103997, -0.9655185098211202, -0.014725278214240002], [0.9656161048950401, 0.25979959204759995, 0.00947829059168], [-0.005325842000480002, -0.016682542312640002, 0.99984665235]]}