{"translation": [[3991.3901912000147], [2382.621729700826], [20.7239143]], "rotation": [[0.8718374780315, -0.48958059674654, -0.014500559117280001], [0.48977324594146, 0.87169698290606, 0.01632643851696], [0.004646986698720002, -0.021335986595039998, 0.999761562183]]}