{"translation": [[3960.581221900007], [2411.9565184004605], [20.8962138]], "rotation": [[0.09871363621886009, -0.99496314763426, -0.01743333996486], [0.9950552056419399, 0.09849903743660005, 0.01276893925062], [-0.010987457280059999, -0.018607604209980002, 0.9997664891563]]}