{"translation": [[3993.7169346999726], [2378.6090910006315], [20.7142605]], "rotation": [[0.87250087343206, -0.4885005531351, -0.01046029766604], [0.48860802001254, 0.87238487486126, 0.014381072872600001], [0.002100242839799999, -0.01765848420004, 0.99984187094456]]}