{"translation": [[3971.4611510999966], [2407.2254754994065], [20.8316411]], "rotation": [[0.6189602537547001, -0.7853243913994797, -0.01240212322664], [0.7853497071613998, 0.61904057473614, -0.0038226176524799992], [0.01067941239, -0.007373955332799999, 0.9999157839216]]}