{"translation": [[3969.559990299982], [2408.6021942999214], [20.857356600000003]], "rotation": [[0.57248671683782, -0.81980423775176, -0.013417823301159823], [0.8198773794901599, 0.5725392059207, -8.631006147990714e-05], [0.0077529876972398225, -0.010951557575719906, 0.99990997323888]]}