{"translation": [[3972.391079999972], [2406.497593900189], [20.818061]], "rotation": [[0.6382646796731001, -0.76971878249192, -0.012294857008259916], [0.7697424314621601, 0.638343725891, -0.0037209914008801814], [0.010712461734780087, -0.00708889620743982, 0.99991749194974]]}