{"translation": [[3955.426333600015], [2411.6802814006805], [20.897417800000003]], "rotation": [[-0.16274567530931994, -0.9863823303803599, -0.02374193611744], [0.9865549216350399, -0.16304422849907996, 0.011220614220280001], [-0.014938802323959999, -0.021596617772480002, 0.9996551496725999]]}