{"translation": [[3979.3153772000223], [2399.900949699804], [20.776553600000003]], "rotation": [[0.74836116198576, -0.66306511467712, -0.01732704079623993], [0.66325857877816, 0.74832882292166, 0.009593324515179812], [0.0066053252540800725, -0.018671579908939813, 0.99980385165446]]}