{"translation": [[3975.5504688000074], [2403.7441937997937], [20.775766600000004]], "rotation": [[0.6974192606708602, -0.7164869975645998, -0.01589874130483992], [0.7165935269348398, 0.6974893842432602, 0.0015128876291998173], [0.01000523909260008, -0.012448051845839813, 0.9998724624677601]]}