{"translation": [[3971.0093537999783], [2407.5648860000074], [20.8369648]], "rotation": [[0.60959958362924, -0.7926030507737798, -0.012990399396419999], [0.7926318825185799, 0.60968735977262, -0.00400263439602], [0.011092582541219998, -0.00785660048322, 0.9999076099526201]]}