{"translation": [[3973.3091683000093], [2405.739833800122], [20.7962953]], "rotation": [[0.6561326088839801, -0.75456945346596, -0.010719954087119999], [0.75455210443356, 0.65620872374456, -0.0064195437334399995], [0.01187851903368, -0.003876692268159999, 0.9999219329715799]]}