{"translation": [[3988.0353487000684], [2388.2855067001656], [20.7288048]], "rotation": [[0.8568988007540601, -0.5153741725733798, -0.010673416622779944], [0.5154818048964198, 0.8567795146463602, 0.014400917569819807], [0.0017229041844200555, -0.017842080888379803, 0.99983933297646]]}