{"translation": [[3986.5957415999146], [2390.534012399614], [20.7321172]], "rotation": [[0.8412807791386201, -0.5405298675029601, -0.00860788844382], [0.54059757938256, 0.8411450462708401, 0.01514103825064], [-0.0009437011950199992, -0.01739126823504, 0.9998483150962201]]}