{"translation": [[3991.0436008999823], [2383.2139035994187], [20.7249737]], "rotation": [[0.87158408817222, -0.48999283207495997, -0.015754612153140002], [0.49021511361695996, 0.8714399367294, 0.01678049776648], [0.005506874834860001, -0.022348763700479998, 0.99973506845718]]}