{"translation": [[3968.5884759000037], [2409.238740400411], [20.8670739]], "rotation": [[0.53734270448478, -0.8432806172949, -0.011856092966420002], [0.8433591602837, 0.5373339686271601, 0.004181080326899999], [0.00284485698558, -0.0122456180677, 0.99992097268638]]}