{"translation": [[3968.11307750002], [2409.5257985005155], [20.8708254]], "rotation": [[0.5173187367804, -0.8557126158888002, -0.011712517826000001], [0.8557922022900801, 0.51728569726944, 0.005929029007200002], [0.0009851723565600014, -0.01309067966992, 0.9999138280524]]}