{"translation": [[3957.1702551000053], [2411.9267038004473], [20.8941142]], "rotation": [[-0.08036476720593999, -0.9966152565675203, -0.01731089550382], [0.9966565129419201, -0.08060077218432005, 0.013395644704480004], [-0.01474557346258, -0.016176478709920002, 0.99976041611438]]}