{"translation": [[3980.1271029000054], [2398.9995132992044], [20.766343]], "rotation": [[0.75788643299928, -0.65226265103608, -0.012712386147599999], [0.65237124057192, 0.75785814761688, 0.0079251870508], [0.004464882174799999, -0.014299586655600001, 0.99988778703216]]}