{"translation": [[3994.069897499983], [2378.000320999883], [20.7123086]], "rotation": [[0.87251802049742, -0.48849002705030004, -0.009475087863339806], [0.48857976068330006, 0.8724076302554999, 0.01395435471790005], [0.0014495752033398066, -0.01680476234109995, 0.99985773921692]]}