{"translation": [[3987.339923900028], [2389.39697709959], [20.7250451]], "rotation": [[0.8494333106837599, -0.5276381327220401, -0.00781395375084], [0.52769502600964, 0.8493103372719799, 0.01448850604998], [-0.0010082163987600009, -0.016430404148219998, 0.99986450348278]]}