{"translation": [[3986.246297099977], [2391.052984200418], [20.7326634]], "rotation": [[0.8373194834350199, -0.54663477726162, -0.009302117087959944], [0.54671369994802, 0.8372131656567, 0.013351853488439808], [0.0004892681528400568, -0.01626536167963981, 0.99986759055768]]}