{"translation": [[3965.520605799975], [2410.801843499765], [20.884505800000003]], "rotation": [[0.38526798255509975, -0.9227456614310001, -0.010442660083999723], [0.9227922935338002, 0.38517931885487977, 0.009555027258439944], [-0.004794562961600057, -0.013317652253559725, 0.99989982113622]]}