{"translation": [[3980.928666200023], [2398.0823654998094], [20.7615716]], "rotation": [[0.76855688680056, -0.6397089501042799, -0.0096327529844], [0.6397749078266, 0.7685300841923001, 0.0070424449726], [0.0028979456592800002, -0.01157531305004, 0.9999288044879]]}