{"translation": [[3995.7689479999826], [2375.0613474007696], [20.7019917]], "rotation": [[0.87248387383832, -0.4885777221146798, -0.00797935615108], [0.48864286959931985, 0.8723702545338201, 0.014080331941420002], [8.161554508000126e-05, -0.016183918285420002, 0.99986902847214]]}