{"translation": [[3962.823277499934], [2411.6203257991], [20.8966307]], "rotation": [[0.2285901687975802, -0.9734042324465999, -0.015193661409679874], [0.9735078333678, 0.2284722654933602, 0.009112335152399844], [-0.005398653861679873, -0.016874138065199842, 0.9998430466947801]]}