{"translation": [[3956.022339600022], [2411.7811308000237], [20.8973187]], "rotation": [[-0.13530029433466007, -0.99055381796712, -0.022289824571399868], [0.990693243702, -0.1355880884345001, 0.011943171321000149], [-0.014852590746120133, -0.020466464490839848, 0.9996802110392]]}