{"translation": [[3963.9244147000136], [2411.346823900938], [20.8929723]], "rotation": [[0.29309453119279993, -0.955990639447, -0.013324183828600001], [0.9560643877123601, 0.2929721215287, 0.010404968156480001], [-0.006043437198520001, -0.0157884167624, 0.99985709117414]]}