{"translation": [[3987.6760223999736], [2388.8645940003917], [20.7235067]], "rotation": [[0.85320039877388, -0.52151137750634, -0.00865843662238], [0.5215832446034601, 0.85308492295422, 0.014037059625940002], [6.589560877999934e-05, -0.01649252028814, 0.9998639869691]]}