{"translation": [[3938.2689712999854], [2391.0500535005704], [20.844435600000004]], "rotation": [[0.41894292423589985, 0.9077389923231001, 0.022287135877900002], [-0.9079846131967801, 0.41899636633163984, 0.002440405377900001], [-0.007122977417540001, -0.02125876752678, 0.9997486323982999]]}