{"translation": [[3932.2466011000215], [2401.6749537000433], [20.9509689]], "rotation": [[-0.4227600297258002, -0.90616823725744, -0.011543745463319724], [0.9062354802063599, -0.4227702302792402, -0.0016618704457599404], [-0.003374416797919939, -0.011163923323559723, 0.999931987755]]}