{"translation": [[3936.2454483999754], [2403.6214632000774], [20.9321484]], "rotation": [[-0.42379748717353993, -0.9056356706875802, -0.014812775537639832], [0.9057467922455401, -0.42381301643673985, -0.002229777539080105], [-0.004258483038119831, -0.014361599813959892, 0.99988779857996]]}