{"translation": [[3954.2840080999304], [2411.4440574003384], [20.8927445]], "rotation": [[-0.21308050151322033, -0.97676731122772, -0.02285648372668], [0.9769160552706799, -0.2133608768923203, 0.010595114230519998], [-0.015225639091720002, -0.02007125327812, 0.99968261199846]]}