{"translation": [[3911.8657354000024], [2378.289334900677], [20.8667897]], "rotation": [[0.42739041813253986, 0.90387826565434, 0.018480152263540002], [-0.9040398162747401, 0.4274471827921199, 0.0009597781206199998], [-0.00703176648614, -0.017116993363580003, 0.99982876673942]]}