{"translation": [[3953.7361619999865], [2411.3088016994298], [20.8891128]], "rotation": [[-0.23614666496324022, -0.9714775175056202, -0.02158845010422], [0.9716013653773802, -0.23640346396394019, 0.010201204186620003], [-0.015013826747219999, -0.01856638767138, 0.99971489647126]]}