{"translation": [[3953.1435808999813], [2411.147544699721], [20.888430300000003]], "rotation": [[-0.25986167635092017, -0.96543622302636, -0.020115782115720005], [0.9655312054515599, -0.2600953351263402, 0.009987200400859998], [-0.014874028398120005, -0.016827125161059997, 0.9997477737435799]]}