{"translation": [[3917.0593693000264], [2380.824559800327], [20.8681309]], "rotation": [[0.4249141828787, 0.90497451785066, 0.021659112321279893], [-0.9051942057322601, 0.4249974309375799, 0.0008315731294398308], [-0.008452515266080107, -0.01995904922815983, 0.99976506808512]]}