{"translation": [[3918.779434999975], [2381.6605354007334], [20.8655385]], "rotation": [[0.42418993446046027, 0.9053074231829399, 0.02193963596927983], [-0.9055334610658199, 0.42427385756830027, 0.0009073431321601072], [-0.008486989263359834, -0.02025196067711989, 0.9997588854784001]]}