{"translation": [[3944.910121999972], [2394.2233617007732], [20.8306502]], "rotation": [[0.4218614312269401, 0.9064090332406, 0.0213473063306], [-0.9066231976753999, 0.4219404173739202, 0.0008785173162800027], [-0.008210996563399998, -0.019724573903719997, 0.99977173432902]]}