{"translation": [[3952.5961201000027], [2410.9826113004237], [20.8853758]], "rotation": [[-0.28051979230890034, -0.95966352242134, -0.01883310659098], [0.9597473233257799, -0.2807208846777003, 0.008998685460859997], [-0.013922555045740002, -0.015550713967179998, 0.99978214515756]]}