{"translation": [[3949.7111238000216], [2409.9376918002963], [20.8889986]], "rotation": [[-0.36394368975987956, -0.9313081709980797, -0.014503555527119997], [0.9313648388248796, -0.3640487284234595, 0.005322796412819999], [-0.010237162273919997, -0.011570902867019998, 0.99988065024742]]}