{"translation": [[3922.2056232999894], [2383.3206569999456], [20.8600234]], "rotation": [[0.4223722971897599, 0.9061533139312801, 0.0220874388804], [-0.9063878479452001, 0.4224437144026999, 0.0015549894447999969], [-0.007921641383279998, -0.020676569983040002, 0.9997548334811001]]}