{"translation": [[3940.109441699984], [2405.497480900958], [20.9256051]], "rotation": [[-0.4217081621104801, -0.9066114798181198, -0.014755719561279891], [0.9067164582698798, -0.4217391957457801, -0.0010934623873198324], [-0.005231720586720109, -0.01384037642067983, 0.99989053054374]]}