{"translation": [[3916.232762400061], [2380.421366000548], [20.868271300000004]], "rotation": [[0.4253656415699002, 0.9047599284857398, 0.02175957909398], [-0.9049823067102599, 0.4254481407345402, 0.0009168424385400005], [-0.008428049433020003, -0.02008202841246, 0.9997628119166]]}