{"translation": [[3913.6021836000145], [2379.14418700058], [20.871038100000003]], "rotation": [[0.42628361737862, 0.90438469498776, 0.01925209195324], [-0.9045764379573599, 0.4262956176268, 0.0036818883418799995], [-0.004877239491159998, -0.018984516883079998, 0.99980788187918]]}