{"translation": [[3941.3663060999825], [2406.1046607000753], [20.9179934]], "rotation": [[-0.42048486117857975, -0.9072143498510399, -0.012430391443259999], [0.9072797814393598, -0.4205265925973197, 0.0008323428555200001], [-0.0059824241261399996, -0.01092785558272, 0.9999223932731001]]}