{"translation": [[3911.0278928999905], [2377.882070599124], [20.8656593]], "rotation": [[0.42753016375520003, 0.9038368368316799, 0.01723057982216], [-0.9039865850102399, 0.4275535213675, 0.0024903623836799995], [-0.005116113410479999, -0.01664091852576, 0.99984844111694]]}