{"translation": [[3948.5560218999744], [2409.450739099644], [20.8971638]], "rotation": [[-0.3837908077445201, -0.923323850092, -0.01333276658168], [0.9233821683212, -0.38386591545850013, 0.0035226556115000003], [-0.00837054597232, -0.010959275861300001, 0.99990490959798]]}