{"translation": [[3921.3848015000112], [2382.9239032007754], [20.8620685]], "rotation": [[0.4228711992379999, 0.9059242742716, 0.0219352813014], [-0.9061551636916001, 0.42294276344341986, 0.0014955237775199984], [-0.0079225371786, -0.020509182377520002, 0.99975827420542]]}