{"translation": [[3937.5534733000095], [2404.2566301999614], [20.9325043]], "rotation": [[-0.42329620510212007, -0.9058791577166398, -0.01425141336064], [0.9059830396441599, -0.4233069764089801, -0.0024008376367800014], [-0.003857855014560001, -0.01392780524062, 0.9998955611378999]]}