{"translation": [[3910.1225614000577], [2377.4365309998393], [20.8669686]], "rotation": [[0.42782714906630004, 0.9036684755739001, 0.0186354300971], [-0.90384402697782, 0.42785323460236, 0.0027653233311], [-0.00547429424474, -0.01802660174718, 0.9998225211263]]}