{"translation": [[3937.401183800015], [2390.6339617008343], [20.8455851]], "rotation": [[0.4195349104382201, 0.90747638620668, 0.02184145717446], [-0.90771966416628, 0.4195622518876001, 0.0035369377095599997], [-0.005954163257340002, -0.021309789294359997, 0.99975519044038]]}