{"translation": [[3934.0532091999776], [2389.022505200468], [20.8465999]], "rotation": [[0.42023528309612024, 0.9071887374810998, 0.02027190011845989], [-0.9073920013842998, 0.42027942417630026, 0.002238289521099831], [-0.006489312040540109, -0.01933516753569983, 0.99979199843918]]}