{"translation": [[3928.1917722999933], [2386.201019999571], [20.8560859]], "rotation": [[0.41960248433659997, 0.9074656550859401, 0.02097497039802], [-0.9076707636668202, 0.41968260460693996, 0.0006368397935400012], [-0.008224921169460001, -0.019305585199020002, 0.9997797983023]]}