{"translation": [[3925.373814099992], [2398.3422233005986], [20.9624521]], "rotation": [[-0.4183253220219202, -0.9081909277370399, -0.013898258636399999], [0.90829704181896, -0.41826550135048013, -0.007102961690800001], [0.0006376832411999992, -0.0155950959596, 0.9998781857516]]}