{"translation": [[3939.0707072999794], [2391.427929200232], [20.8389276]], "rotation": [[0.4194517606514201, 0.9075223972816199, 0.0215241838119], [-0.9077386627996199, 0.4195354850649201, 0.000684400703700001], [-0.008409049607700001, -0.019825407380099996, 0.9997680936575001]]}