{"translation": [[3925.612790900108], [2384.962364700623], [20.856294100000003]], "rotation": [[0.42061795836422, 0.90699994726428, 0.0207770648472], [-0.9072010577677201, 0.42069693284272003, 0.0006238057026000006], [-0.0081750563424, -0.0191113581678, 0.9997839388909401]]}