{"translation": [[3926.4969245999237], [2385.386660299264], [20.854809]], "rotation": [[0.4202358346170201, 0.90716788921088, 0.02117316853133983], [-0.9073779725255199, 0.42031493508812, 0.0007805698377601061], [-0.008191291501139831, -0.01954008952055989, 0.99977551863414]]}