{"translation": [[3943.2555694999755], [2393.4315269999206], [20.831261]], "rotation": [[0.4204758853719802, 0.9070524246994799, 0.02135342790784], [-0.9072736885549199, 0.42053703617208016, 0.0017593962830399993], [-0.007384043104640003, -0.02011318637424, 0.99977044148006]]}