{"translation": [[3947.3503847999964], [2395.4023203998804], [20.8296085]], "rotation": [[0.4238727216075, 0.9054787976534798, 0.020980028014139826], [-0.9057022981683599, 0.42390193891884, 0.0032545301978801067], [-0.0059465677509798285, -0.02038116469355989, 0.9997745978450999]]}