{"translation": [[3927.4805208001053], [2399.358194200322], [20.9636753]], "rotation": [[-0.4199204167620003, -0.9074436578584001, -0.014595240952800001], [0.9075610138017601, -0.4198636345632003, -0.006906826419680001], [0.00013954578032000006, -0.016146387727200003, 0.99986962885464]]}