{"translation": [[3936.6006484000245], [2390.2454204000533], [20.8445375]], "rotation": [[0.4203014418847, 0.9071090495712, 0.02235833072099983], [-0.9073512500990399, 0.4203695097343, 0.0017913803317201066], [-0.007773783525719828, -0.02103977865419989, 0.9997484163601601]]}