{"translation": [[3976.505363399978], [2410.020258099772], [20.8141179]], "rotation": [[0.45543483898117987, 0.8900147147816402, 0.021279396362380004], [-0.8902682396912402, 0.45533681519895997, 0.009525959181960003], [-0.00121104684142, -0.023282825718360003, 0.99972818472878]]}