{"translation": [[4015.64293859998], [2429.955530700274], [20.7152202]], "rotation": [[0.4296973692354402, 0.9027810157973999, 0.018618607499879827], [-0.90296348767188, 0.42969607514030017, 0.004274002554340109], [-0.004141854760199832, -0.01864844986089989, 0.9998175235367001]]}