{"translation": [[3968.5511711], [2405.8554376997054], [20.8152465]], "rotation": [[0.44431202423799976, 0.8957105442357602, 0.01701611309232], [-0.8958708281354402, 0.4442639621842397, 0.006715150889439998], [-0.0015448157860800003, -0.018227860555360003, 0.9998326653368]]}