{"translation": [[3974.92544359999], [2409.182737200521], [20.8216387]], "rotation": [[0.4541013655980001, 0.8906788575102, 0.021978433773999894], [-0.8909490659102, 0.453998172348, 0.009764755490999831], [-0.0012809061540001027, -0.02401585477099983, 0.99971075715]]}