{"translation": [[3994.8218013999867], [2419.5480353999883], [20.7623766]], "rotation": [[0.4404914240654999, 0.8975517738881001, 0.019185061433100004], [-0.8977553157309001, 0.4404288323473199, 0.00760162978562], [-0.0016267970920999988, -0.020571944215620003, 0.99978705163782]]}