{"translation": [[3975.748162199976], [2409.616688900627], [20.818855600000003]], "rotation": [[0.45505006077132015, 0.8901951592139599, 0.021955138664519827], [-0.8904642400287599, 0.45495794224614017, 0.009312111905540103], [-0.0016990679058798315, -0.023787742855739893, 0.99971558778582]]}