{"translation": [[3970.152119199978], [2406.6800107005984], [20.8170463]], "rotation": [[0.44717167353272, 0.89428382302828, 0.017142775156039895], [-0.89444592015532, 0.44713090076982, 0.00635531035965983], [-0.0019816123812401044, -0.01817520074685983, 0.9998328536665401]]}