{"translation": [[3963.707763399987], [2403.401493200101], [20.817364]], "rotation": [[0.43580894084238, 0.89982907321752, 0.01944566841636], [-0.90003463768152, 0.43577353519429995, 0.006245393426559999], [-0.0028541200316399996, -0.020223574314559997, 0.99979140875192]]}