{"translation": [[3952.273374399985], [2397.7836435995996], [20.8165617]], "rotation": [[0.4268944327695601, 0.90409012445258, 0.019548679294059998], [-0.90427837813666, 0.4269381909975001, 0.002087254124620002], [-0.00645901148438, -0.01856848573706, 0.9998067275703]]}