{"translation": [[4020.879431199981], [2432.539511900395], [20.7008796]], "rotation": [[0.42851925542584013, 0.9033554110541999, 0.017897721131999833], [-0.903530287995, 0.4284797383647201, 0.006181574669920108], [-0.002084653039199835, -0.018820056026079893, 0.99982071379712]]}