{"translation": [[3996.4378323000274], [2420.3678083000705], [20.7577127]], "rotation": [[0.4400979490629999, 0.89776922594106, 0.018006170618579998], [-0.8979476524470601, 0.44005205458262, 0.006649264610659999], [-0.0019541473765799997, -0.01909492624334, 0.99981576558038]]}