{"translation": [[3970.982508300105], [2407.1096595991403], [20.817726500000003]], "rotation": [[0.44866751493660006, 0.89353276775804, 0.017226668861879894], [-0.89369514204492, 0.44863754856126015, 0.005783359639339832], [-0.0025609105276401057, -0.01799019472001983, 0.9998348836995]]}