{"translation": [[4025.181089800026], [2455.217948200181], [20.4560945]], "rotation": [[-0.2623097687123399, -0.96480744597004, -0.01844960462308], [0.9649815206394801, -0.2623030386503399, -0.002826872811759999], [-0.0021119977027599986, -0.018545042096080003, 0.9998257952805599]]}