{"translation": [[4014.8128880999284], [2429.546905199997], [20.7182377]], "rotation": [[0.42982149049102003, 0.9027228478854601, 0.018575303193719896], [-0.9029059320947401, 0.42981335372998, 0.0046318911879598326], [-0.003802600597320108, -0.01876263663275983, 0.99981673507]]}