{"translation": [[3988.408606800018], [2416.2763574998826], [20.7715035]], "rotation": [[0.44351310362405993, 0.8960432756194199, 0.0200637868399], [-0.8962667182338999, 0.4434373847142, 0.008320819237499999], [-0.0014412187105799987, -0.021672896986059998, 0.9997640763783]]}