{"translation": [[3983.6463872999884], [2413.802296200767], [20.7852421]], "rotation": [[0.4508658691029599, 0.8923545142702002, 0.020574609323160003], [-0.8925886736048402, 0.45080431205165983, 0.007801127406699999], [-0.002313750106999999, -0.021881926287660003, 0.99975788460486]]}