{"translation": [[3989.1735849999823], [2416.6707862000912], [20.7677639]], "rotation": [[0.44252450196191984, 0.89655270517496, 0.019113709228479894], [-0.8967563149645601, 0.4424345092817398, 0.008935236146559828], [-0.00044565479072010417, -0.021094400140159827, 0.99977738906382]]}