{"translation": [[3967.779388200026], [2405.4605569001287], [20.8136943]], "rotation": [[0.4429299493988599, 0.8963903215951802, 0.017244680564840003], [-0.8965543717782601, 0.4428857671802998, 0.00651025348548], [-0.0018016943645200014, -0.01834438076484, 0.9998301043526]]}