{"translation": [[4004.646129200002], [2424.5078269001096], [20.7480574]], "rotation": [[0.43427951623446004, 0.9005771528164002, 0.019029039334400002], [-0.9007709668676, 0.43426361543838, 0.005175740412520001], [-0.003602466001600001, -0.019388524067479998, 0.99980553478008]]}