{"translation": [[3986.8180624999804], [2415.455254900269], [20.7759952]], "rotation": [[0.4460286231484799, 0.8947704795086401, 0.02107600303535983], [-0.89501720350896, 0.4459467545247199, 0.008697075084880102], [-0.0016168880817598284, -0.02274253046407989, 0.9997400476892]]}