{"translation": [[4021.014343900024], [2454.0052464995533], [20.4618969]], "rotation": [[-0.2717150524865799, -0.9621520353625999, -0.020842235282459997], [0.9623609979646, -0.2717743862979999, 1.4867104200001063e-05], [-0.005678690037539998, -0.020053714669799997, 0.9997827769114199]]}