{"translation": [[4013.9181554000243], [2429.104421700351], [20.722960600000004]], "rotation": [[0.43013450627567995, 0.90255896417752, 0.01927784099096], [-0.9027545760143201, 0.43013326989559997, 0.004422451090159999], [-0.004300518070639999, -0.01930540782376, 0.99980438425592]]}