{"translation": [[4009.6853678000043], [2427.0115644996986], [20.7339277]], "rotation": [[0.43122905574731984, 0.90204264360818, 0.01898793163853983], [-0.9022332862036201, 0.4312241095426199, 0.004564599808060104], [-0.0040705898541398295, -0.019099932396659892, 0.99980929325094]]}