{"translation": [[3993.2100792999845], [2418.729524500668], [20.7607507]], "rotation": [[0.44049518917805996, 0.8975884866850599, 0.017290172112419996], [-0.8977545463876198, 0.44043264186875997, 0.007477672971939998], [-0.0009032837936599983, -0.01881620905338, 0.9998225514420599]]}