{"translation": [[4012.8942659000168], [2451.3736217003316], [20.472852]], "rotation": [[-0.3205293626765602, -0.9470334779270402, -0.019715310055920005], [0.9472028792275202, -0.3206287547272002, 0.002020232984960001], [-0.00823452173976, -0.018026853403520005, 0.9998035933292]]}