{"translation": [[4005.515813999984], [2424.9407389005646], [20.746686]], "rotation": [[0.43353478890230024, 0.9008972555202198, 0.02077702992174], [-0.9011288690441798, 0.4335125132855002, 0.0057987380862599995], [-0.0037830346800600007, -0.021236736669539995, 0.99976731775404]]}