{"translation": [[3985.2282740999945], [2414.629847799428], [20.7780067]], "rotation": [[0.44844254702256003, 0.8936098440687599, 0.018993881834199998], [-0.8938097163421999, 0.44838485097456005, 0.007433393348759997], [-0.0018740160087599989, -0.020310365526199997, 0.9997919669265599]]}