{"translation": [[4013.094270200003], [2428.69803090021], [20.7254351]], "rotation": [[0.4303061346267, 0.90247599234764, 0.01933076841091983], [-0.90267335470124, 0.43030184674981997, 0.004593502413760105], [-0.00417253922971983, -0.019425982295839892, 0.99980259107288]]}