{"translation": [[4015.2549943000195], [2452.1836927002296], [20.4663091]], "rotation": [[-0.3043648409249998, -0.9523612241105999, -0.019233428304199995], [0.9525403444349199, -0.3044115690582597, -0.0005207538464999991], [-0.005358934369559998, -0.018479117168419996, 0.9998148848763]]}