{"translation": [[3992.375270600023], [2418.3029679004103], [20.7613924]], "rotation": [[0.4406145873238201, 0.8975200808209798, 0.01779107324344], [-0.8976953518545798, 0.4405577498259, 0.00720809662104], [-0.0013685842077599993, -0.01914695592824, 0.99981574355808]]}