{"translation": [[3956.398907899973], [2399.7973440997303], [20.823726800000003]], "rotation": [[0.4289125242146402, 0.9031277781489998, 0.019855563846039998], [-0.9033319721539598, 0.4289248045645402, 0.003852352825900001], [-0.005037376741000001, -0.01958848829054, 0.99979543705454]]}