{"translation": [[3953.9129427999724], [2398.580120900646], [20.8179653]], "rotation": [[0.42766631775419994, 0.90372897740156, 0.01937421712967989], [-0.90390469050984, 0.42773313422315995, 0.0007619706144398296], [-0.007598378706520105, -0.01783831633415983, 0.9998120118702]]}