{"translation": [[3982.888821600005], [2413.4032586002722], [20.7863186]], "rotation": [[0.45202941334399993, 0.8917469427486401, 0.02137093753952], [-0.89199977647664, 0.45196230477367993, 0.008148080765239998], [-0.0023928306435199997, -0.02274604477676, 0.99973841167032]]}