{"translation": [[3951.4870012999745], [2397.4017635006458], [20.8173169]], "rotation": [[0.42639507806064025, 0.9043213274401597, 0.019751924567999995], [-0.9045122693999997, 0.42644325087984025, 0.0019164207521599995], [-0.006690014359839998, -0.018683011012799997, 0.99980307500784]]}