{"translation": [[4024.368769200053], [2454.985855500214], [20.4543922]], "rotation": [[-0.26236243599560016, -0.96478715425332, -0.01874889213684], [0.96496354924212, -0.2623784938173801, -0.0016420730892600013], [-0.0033350566155600017, -0.018522817219860002, 0.99982287562078]]}