{"translation": [[4020.035913300002], [2432.1222866000608], [20.7014844]], "rotation": [[0.42883056073135994, 0.9032088476484001, 0.01783498690344], [-0.9033807460845602, 0.42880499770455993, 0.005427761125200002], [-0.002745329106000001, -0.01843937408856, 0.99982621121816]]}