{"translation": [[3991.606889399991], [2417.909866099246], [20.7628392]], "rotation": [[0.4408492013219, 0.8973760793964001, 0.019189134070699998], [-0.8975784815896801, 0.44079993088444, 0.006954090229200001], [-0.002218135794260001, -0.020289458122319998, 0.9997916871971]]}