{"translation": [[4021.813382000022], [2454.245452700183], [20.4602425]], "rotation": [[-0.26873197560532025, -0.96298176054468, -0.02119895296976], [0.9631937045683201, -0.26880750549332033, 0.0007442716707599974], [-0.006415156171240001, -0.02021868736176, 0.99977499992636]]}