{"translation": [[3978.9087390999775], [2411.2951822001487], [20.8001953]], "rotation": [[0.4556318178326999, 0.88990621568386, 0.02160084756288], [-0.89016436066254, 0.4555681519109399, 0.00806800614136], [-0.00266088978632, -0.02290434465504, 0.9997341199902]]}