{"translation": [[4007.1236810000264], [2425.7405104003847], [20.7428459]], "rotation": [[0.4324321591371998, 0.9014235031270802, 0.02092882483716], [-0.9016585875248403, 0.4324086928342997, 0.005868036788819998], [-0.0037602183010799987, -0.02140818355554, 0.99976374729326]]}