{"translation": [[3984.4046014000196], [2414.200047300197], [20.7821599]], "rotation": [[0.4497068457870199, 0.8929665263490401, 0.01935221074594], [-0.89317403437784, 0.44964790465759985, 0.007541785970319999], [-0.001967118155859999, -0.02067648525592, 0.99978428342958]]}