{"translation": [[3953.1263972999295], [2398.1984220994636], [20.816726]], "rotation": [[0.42742871008766015, 0.9038495729363, 0.018991078317020002], [-0.90402723746098, 0.42747004764590013, 0.002031268880140002], [-0.0062821557959000015, -0.0180366745123, 0.999817589811]]}