{"translation": [[4003.78228330001], [2424.0759626999497], [20.750969]], "rotation": [[0.43523403599765986, 0.9001139339468, 0.01913605432116], [-0.9003107244501599, 0.4352139017445599, 0.005422906734999999], [-0.0034470422385999965, -0.01958862915684, 0.99980218217886]]}