{"translation": [[3985.9904961999855], [2415.026553099975], [20.7778552]], "rotation": [[0.44735112916429987, 0.89413182229124, 0.02013382996778], [-0.89435678707804, 0.4472806852440798, 0.00812684058316], [-0.0017390084733799986, -0.021642377331639998, 0.99976426391622]]}