{"translation": [[3978.537588700012], [2436.608832599595], [20.5794336]], "rotation": [[-0.30755724846884, -0.95139133110714, -0.016219791061499837], [0.9515148418329, -0.30741291616113997, -0.010807976766860117], [0.005296442164860161, -0.01875744343629988, 0.99981003496526]]}