{"translation": [[4007.4327282999875], [2449.3071837006137], [20.4835669]], "rotation": [[-0.36171524949732003, -0.9320628852689201, -0.02051255236516], [0.9322404707538801, -0.36183253465122, 0.0021977642851399998], [-0.009470564341239999, -0.01832766715774, 0.9997871798604601]]}