{"translation": [[3973.869111399981], [2435.4153134999797], [20.5862218]], "rotation": [[-0.1314439757883601, -0.99112690529566, -0.019744897479660004], [0.9913109104277401, -0.13131559785930003, -0.007669079677419998], [0.00500821768294, -0.020581387592220002, 0.9997756369431]]}