{"translation": [[3985.2734696000116], [2439.4011642998084], [20.5387336]], "rotation": [[-0.40587857570121977, -0.9137729221877599, -0.0167780658498], [0.91390617906776, -0.40592470336071973, -0.0007113997806000001], [-0.0061605745661999995, -0.0156223207086, 0.9998589852595]]}