{"translation": [[3986.9371916999808], [2440.1680182004347], [20.5318339]], "rotation": [[-0.4062939870349005, -0.9135620650360603, -0.018156471739379895], [0.9137208787005402, -0.40634077398004054, -0.001199696335859833], [-0.006281716778580111, -0.017077376017259834, 0.9998344379323]]}