{"translation": [[4009.7636780000175], [2450.225697300397], [20.4798729]], "rotation": [[-0.34457975873140056, -0.9385128576387202, -0.02140829024975989], [0.9386969712593601, -0.34472600403970055, 0.0034477890637801614], [-0.010615789801920116, -0.018907859416859837, 0.9997648712788599]]}