{"translation": [[3960.214259999979], [2442.464623699896], [20.6000979]], "rotation": [[0.7812254777468001, -0.6241073043655598, -0.01329711656008], [0.6242306833233999, 0.7811882942235001, 0.008993926599200001], [0.0047743762796000015, -0.015326752938079998, 0.99987113968166]]}