{"translation": [[4000.764420200023], [2446.469776299782], [20.4870398]], "rotation": [[-0.39258014443410016, -0.9194768048724, -0.0210463521114], [0.91965526826712, -0.3927172319545601, 0.0026602040755999996], [-0.01071126435516, -0.01831104690712, 0.9997749618443]]}