{"translation": [[3972.5121934000053], [2435.2989665996283], [20.5798097]], "rotation": [[-0.027115484298339876, -0.99948851334068, -0.01695190788362], [0.9995803466046801, -0.02693735163911981, -0.010649636351079999], [0.010187549387620001, -0.017233565295079998, 0.99979958894078]]}