{"translation": [[3984.756189799984], [2439.1623794008046], [20.5423791]], "rotation": [[-0.4050929424948998, -0.91411725271138, -0.017014096985459998], [0.9142580392315399, -0.4051302882753999, -0.0013455428923800005], [-0.005662941049619999, -0.01610034411354, 0.99985434440766]]}