{"translation": [[3959.493130100018], [2443.358993199654], [20.6041662]], "rotation": [[0.7950816746846201, -0.60635833380672, -0.0132164862708], [0.6064879378732799, 0.7950242247758199, 0.0104325036312], [0.004181590657200001, -0.0163103323368, 0.99985823362144]]}