{"translation": [[3988.057962099905], [2440.6872765999287], [20.5268574]], "rotation": [[-0.40591885824210017, -0.9137076152234, -0.01918200080499989], [0.91387683041476, -0.4059911259993002, -0.00013846609567983413], [-0.007661207684680108, -0.01758619414639983, 0.99981599888664]]}