{"translation": [[3972.9747103999835], [2435.322774800472], [20.5818686]], "rotation": [[-0.06439426100488, -0.99775995554892, -0.018127333564639858], [0.9978930274081201, -0.06423707797800005, -0.009124341645840136], [0.007939456492960148, -0.018676693048559866, 0.99979405189088]]}