{"translation": [[3992.128775300109], [2442.561687800102], [20.5124044]], "rotation": [[-0.4042877462418596, -0.9143648645927198, -0.022102183963459997], [0.9145743754025599, -0.40441539060995957, 0.0014483132864800009], [-0.010262747908579999, -0.01962855452384, 0.9997546678493401]]}