{"translation": [[3959.837500100024], [2442.924678100273], [20.6027619]], "rotation": [[0.78883856173958, -0.6144490825095, -0.01364052056606], [0.6145821195819, 0.788792215915, 0.0097812929067], [0.0047494303130600005, -0.0160990808415, 0.99985912133558]]}