{"translation": [[3964.6581647000276], [2438.052239799872], [20.575806]], "rotation": [[0.6076470936678202, -0.7940352621268199, -0.016521625057659733], [0.7941472129501799, 0.6077252891713201, 0.0003593229156599112], [0.00975529388665991, -0.013338944811659731, 0.99986344406414]]}