{"translation": [[3973.4031457999954], [2435.360982700251], [20.5857965]], "rotation": [[-0.09726039707524003, -0.99506966825632, -0.01941041162092], [0.99524534133908, -0.09713851968724008, -0.007128263379679999], [0.0052076199836800004, -0.02001141954508, 0.9997861890327601]]}