{"translation": [[3972.0855305999867], [2435.2946939002723], [20.577189800000003]], "rotation": [[0.008523001390060125, -0.9998186188773, -0.01702751104109986], [0.9998905866531, 0.008726917731980088, -0.011937503896219859], [0.012083935968299857, -0.01692390684921986, 0.9997837565370801]]}