{"translation": [[3980.043380899995], [2437.13768279925], [20.5689986]], "rotation": [[-0.33677840718095997, -0.9415086022665999, -0.01190363296164], [0.9415677556556399, -0.33667182384906, -0.010103697913600001], [0.0055051002982, -0.01461078573936, 0.99987810196854]]}