{"translation": [[4010.5090754000703], [2450.5072544002905], [20.4762261]], "rotation": [[-0.33883935203490023, -0.94061586998726, -0.02073352171142], [0.94079370415178, -0.33896748667426024, 0.0029068035976599974], [-0.009762173058340002, -0.01852102607558, 0.9997808117797999]]}