{"translation": [[3995.276718600013], [2443.9988007005304], [20.5021307]], "rotation": [[-0.4011338715528996, -0.9157540863992599, -0.02205170465162], [0.9159633157060598, -0.4012597545989196, 0.0014216119750600012], [-0.010150306189780002, -0.01962829444714, 0.9997558208770201]]}