{"translation": [[3968.2017056000186], [2436.0323384003714], [20.5743054]], "rotation": [[0.34663352590412, -0.93774195660076, -0.022031347125839998], [0.9379136850989599, 0.34682570493739995, -0.005477988536520002], [0.012777978309959998, -0.01876464454488, 0.99974227251228]]}