{"translation": [[3962.0145310000516], [2440.4292558003217], [20.5917793]], "rotation": [[0.72921236509884, -0.6841209272177601, -0.015095336501280001], [0.68424991186992, 0.7292259784601399, 0.00561392019874], [0.00716731102864, -0.01442272292958, 0.99987029894334]]}