{"translation": [[3960.562241000007], [2442.0496942000464], [20.5970751]], "rotation": [[0.77329879863606, -0.6339139015955, -0.012731702692059933], [0.63402553176506, 0.77326670152886, 0.00837831921649981], [0.004533868050700067, -0.014551169259939812, 0.99988384700156]]}