{"translation": [[3967.3916608999716], [2436.378613400273], [20.5707902]], "rotation": [[0.41578892907307996, -0.90925703238218, -0.019267797028659724], [0.9093967035011801, 0.41591837232139994, -0.0030944624788600593], [0.010827492783339943, -0.016235427324139726, 0.9998095700233199]]}