{"translation": [[3964.2571951000136], [2438.359174599871], [20.5794122]], "rotation": [[0.6293773789207799, -0.77690528015266, -0.017385112558099998], [0.7770213516913401, 0.6294741815590199, -0.00012388123129999842], [0.0110397229813, -0.0134306366831, 0.9998488598238]]}