{"translation": [[4002.931565899984], [2447.4196035992354], [20.4816842]], "rotation": [[-0.3840901173645602, -0.9230403647688, -0.021708430128], [0.923243419116, -0.3842122101020802, 0.0015987040947200003], [-0.009816312451200002, -0.01942811888128, 0.99976306603352]]}