{"translation": [[3969.030994199973], [2435.7558334004134], [20.5778795]], "rotation": [[0.27418761230431976, -0.9613857678800802, -0.023635070667120003], [0.9615997574456802, 0.2743929672913398, -0.005870600821980002], [0.012129209711279999, -0.021117831120420004, 0.9997034157710201]]}