{"translation": [[3961.2864864000585], [2441.217170400545], [20.5931374]], "rotation": [[0.7535508979004, -0.6572533485588, -0.013381480304399814], [0.65736622916376, 0.7535395109852, 0.006915928849680069], [0.0055379564743198145, -0.01400803787399993, 0.9998865465169601]]}