{"translation": [[3989.7584141999832], [2441.4731622999534], [20.518498]], "rotation": [[-0.4054435286359399, -0.91391691823596, -0.01926860162676], [0.91407126387804, -0.4055495322864999, 0.0017801022237200013], [-0.009441239270760002, -0.016891144828280004, 0.9998127585751999]]}