{"translation": [[3998.6044560999726], [2445.5020867008716], [20.4975223]], "rotation": [[-0.39736867618962035, -0.91732924231796, -0.02459543057094], [0.91759960822884, -0.3975049523902804, 0.0007145707202799983], [-0.010432305348860003, -0.022284811450680002, 0.9996972312290999]]}