{"translation": [[3993.352696900023], [2443.1219317996874], [20.5087444]], "rotation": [[-0.4032064461448004, -0.91484625656292, -0.02192902844484], [0.91505581245804, -0.40332567171914036, 0.001120833155879998], [-0.009869930216520002, -0.01961435782836, 0.9997589016575]]}