{"translation": [[4003.702460200002], [2447.7518522003666], [20.4832552]], "rotation": [[-0.3811043583931597, -0.9242530865759, -0.022713222391980002], [0.9244825760469799, -0.3812232688065996, 0.0009881422571400011], [-0.0095721001899, -0.0206213916723, 0.999741533167]]}