{"translation": [[3962.3976389999734], [2440.039097099565], [20.5900376]], "rotation": [[0.7149537705807602, -0.6990064118011999, -0.01520278579552], [0.6991375021724798, 0.7149648658623001, 0.0056547450861400015], [0.006916754380400001, -0.0146717192849, 0.9998684409231]]}