{"translation": [[3992.7611656999798], [2442.8515494000167], [20.5116704]], "rotation": [[-0.4037901794331398, -0.9145845372662799, -0.02210227887018], [0.9147953062517199, -0.4039154231496398, 0.0013319672773200002], [-0.01014564919818, -0.01968122634468, 0.99975482750206]]}