{"translation": [[4008.9611930000247], [2449.9166002003476], [20.4815539]], "rotation": [[-0.3506032708933201, -0.9362738914923001, -0.021642615634259836], [0.9364622334369002, -0.3507519307090001, 0.0033800439616998874], [-0.010755837856739836, -0.019082438541099887, 0.99976005744668]]}