{"translation": [[3990.933645399986], [2442.0111426999792], [20.5167381]], "rotation": [[-0.40472479681359996, -0.91421618226436, -0.020163256692279998], [0.9143928770963599, -0.40482648213831995, 0.0010637957106399976], [-0.00913516009172, -0.01800659412136, 0.99979613492472]]}