{"translation": [[3965.8068867999827], [2437.2538497000933], [20.573781]], "rotation": [[0.536794631399, -0.8435432647058001, -0.016922595294800002], [0.8436677049892001, 0.53686565145932, 0.00040717126900000154], [0.0087416943602, -0.014495613118, 0.99985671973932]]}