{"translation": [[3989.201694599993], [2441.21641260013], [20.5207103]], "rotation": [[-0.40560131490759976, -0.9138509947863598, -0.01907956767731983], [0.9140055352244398, -0.4056993788575397, 0.0014116692324598907], [-0.009030623115719831, -0.016866255035339887, 0.9998169719003]]}