{"translation": [[3988.604262100009], [2440.940205699764], [20.5221959]], "rotation": [[-0.4056451547301001, -0.9138295503115, -0.0191680451413], [0.91399261610546, -0.40573018928850013, 0.0006030992937800014], [-0.008328185982220002, -0.0172748082925, 0.9998160942380401]]}