{"translation": [[4002.1657402000274], [2447.0856349999085], [20.4830354]], "rotation": [[-0.3871119939056199, -0.9218061015297, -0.02044507229401989], [0.9219795452097, -0.38723278447699994, 0.0021620548893001683], [-0.009909995630980113, -0.018012980015699835, 0.99978863994638]]}