{"translation": [[3974.3031907000695], [2435.4702503001317], [20.5809897]], "rotation": [[-0.15951995084807957, -0.9870292249491599, -0.01807351610143987], [0.98715344799164, -0.15931921858721965, -0.012058786045679844], [0.00902291561663987, -0.019764951275919845, 0.9997639389807]]}