{"translation": [[3944.921218500065], [2464.770469000563], [20.573783]], "rotation": [[0.8343873072135, -0.5510643702025401, -0.011218247025219808], [0.5511784841135, 0.8342047558094, 0.017454844933700055], [-0.00026042923250019223, -0.02074735777377994, 0.99978471646646]]}