{"translation": [[3942.7998119000695], [2444.5075687998906], [20.5790489]], "rotation": [[-0.8649061144996002, 0.50182892320148, 0.010259001741639805], [-0.5019310537898, -0.8647880607863402, -0.014385038529020051], [0.0016530335001998077, -0.017591018460099948, 0.9998438995955]]}