{"translation": [[3932.5139041999937], [2461.065312700346], [20.5192935]], "rotation": [[-0.8632283826075602, 0.5047862914542799, 0.0052846135801199465], [-0.5048061969790799, -0.8631097897489801, -0.014579507114619807], [-0.0027983338569199457, -0.015253147085819806, 0.99987974819742]]}