{"translation": [[3944.0703955999343], [2466.014417300001], [20.5645634]], "rotation": [[0.83260565588334, -0.5538176171910599, -0.007338767484079999], [0.5538625561440199, 0.83247871002894, 0.014678387853839998], [-0.0020197824093599994, -0.016285977317679997, 0.99986533463904]]}