{"translation": [[3930.6663530999795], [2464.170610400848], [20.5227081]], "rotation": [[-0.8718027729144999, 0.48982158270486, 0.00590288196902], [-0.48983468443698, -0.8715840913823399, -0.02008121809806], [-0.004691356046859999, -0.020398296847620002, 0.9997809263414]]}