{"translation": [[3938.329999800015], [2451.760693900287], [20.53028]], "rotation": [[-0.8554659453524999, 0.5178200305332, 0.0063551646701], [-0.517858876286, -0.8553919045837199, -0.01126186589496], [-0.00039546325950000046, -0.01292522147704, 0.99991638763278]]}