{"translation": [[3941.8873300999985], [2446.0244819000363], [20.562041600000004]], "rotation": [[-0.861225413517, 0.5081703106058001, 0.0073465893822], [-0.5082150911658, -0.8612040488800199, -0.00672734311622], [0.0029082757921999997, -0.00952740535878, 0.99995038401198]]}