{"translation": [[3958.051718599978], [2445.2588860001415], [20.6033762]], "rotation": [[0.8145863352168601, -0.5799205101752999, -0.011885395145919998], [0.5800237932765798, 0.8145529834959002, 0.00870600742344], [0.004632490993200001, -0.0139856072528, 0.9998914655064001]]}