{"translation": [[3937.3150559000205], [2453.3769252998754], [20.5450702]], "rotation": [[-0.8549282881311402, 0.51861464894072, 0.011678714818579947], [-0.51874152556288, -0.8546091679854402, -0.023458985219119807], [-0.0021854364360199456, -0.026113985427519804, 0.9996565828416599]]}