{"translation": [[3931.0210651999805], [2463.558792299591], [20.5202588]], "rotation": [[-0.8702877572746002, 0.49252217759008005, 0.004571701101639999], [-0.49250801570476005, -0.8700765100683602, -0.02006233910032], [-0.00590341728128, -0.019711609917559998, 0.9997882786238]]}