{"translation": [[3947.0460006999783], [2461.6227662991732], [20.5800637]], "rotation": [[0.83879871414494, -0.54434598479954, -0.01020728030718], [0.5444380270953799, 0.83871431295404, 0.01206476274966], [0.00199358750514, -0.01567713878022, 0.9998751186753401]]}