{"translation": [[3929.1658159000217], [2466.7706169998273], [20.526047100000003]], "rotation": [[-0.8756347807208998, 0.48293675683612, 0.00600207523694], [-0.48294152339227997, -0.8753639574995998, -0.02248626432356], [-0.005605443254859999, -0.022588404022759998, 0.9997291348356601]]}