{"translation": [[3928.406019700109], [2468.107243999839], [20.532541]], "rotation": [[-0.8774988779737001, 0.47953045591382004, 0.00683308959496], [-0.47954757179398, -0.8771885807161001, -0.023973950115040003], [-0.005502331217440001, -0.02431390031864, 0.9996892310481601]]}