{"translation": [[3936.97817810002], [2453.9202907998115], [20.5399705]], "rotation": [[-0.8548725546048, 0.5187081045944, 0.011597922412], [-0.51883650365552, -0.85460791985314, -0.0212997660823], [-0.0011366840833600001, -0.02422601471002, 0.9997058607971]]}