{"translation": [[3949.9113536999794], [2457.2774095004424], [20.5806474]], "rotation": [[0.8409380511007, -0.5407278546455401, -0.02089510894578], [0.5409689787069001, 0.841004708795, 0.0079792235083], [0.013258297184699999, -0.018013637650780002, 0.99974983193414]]}