{"translation": [[3932.15494019998], [2461.6555365994573], [20.519896]], "rotation": [[-0.8649239697859601, 0.5018717449549401, 0.005579593896619755], [-0.50188815857902, -0.8647605650689001, -0.017242249132939858], [-0.003828384819740141, -0.017713568045019754, 0.9998357729967]]}