{"translation": [[3937.647340799973], [2452.845407200046], [20.543454]], "rotation": [[-0.8550771246042599, 0.5184131666021998, 0.009538880904679997], [-0.5184945155073197, -0.8548304339840999, -0.020699205015240002], [-0.002576614884599997, -0.022645273081, 0.9997402426008001]]}