{"translation": [[3946.6107542000245], [2462.2762994999066], [20.5808882]], "rotation": [[0.8379433607990001, -0.5456481580924399, -0.010910486550919807], [0.5457568942669999, 0.8377974723531001, 0.015647196449300058], [0.0006029149929998078, -0.019065937349419942, 0.99981804672494]]}