{"translation": [[3951.1161814000225], [2455.444608299993], [20.590407]], "rotation": [[0.84134687895894, -0.5400392738511799, -0.022204049831339997], [0.5403052365149399, 0.8414307073460401, 0.008038904781980001], [0.014341845249379998, -0.018760471578539998, 0.99972113921574]]}