{"translation": [[3940.9447014000034], [2447.5560362003744], [20.5559926]], "rotation": [[-0.8579539881200401, 0.5136728351928999, 0.0074287836213798066], [-0.5137265433413798, -0.8578666423189001, -0.012242419476340055], [8.430731109980829e-05, -0.014319795843699946, 0.9998974629131]]}