{"translation": [[3927.6396774000023], [2469.468384999782], [20.5381967]], "rotation": [[-0.8788484217985001, 0.47705099940518, 0.00692382542075995], [-0.47706942822565995, -0.8785296844678601, -0.024300165153479807], [-0.005509631964119951, -0.024659305354439807, 0.9996807303531999]]}