{"translation": [[3941.26745699998], [2447.0269614001736], [20.5584085]], "rotation": [[-0.8589839018907403, 0.51197546915062, 0.005279723891219947], [-0.51200119539398, -0.8589107881080403, -0.011275379666579807], [-0.0012379060951799464, -0.012388593927179808, 0.99992249216286]]}