{"translation": [[3934.4159155000234], [2458.006751200184], [20.5314615]], "rotation": [[-0.8556114074546602, 0.51737829326682, 0.015781861804799947], [-0.5175983234913, -0.8554516771993003, -0.01716535892359981], [0.004619634694320054, -0.02285553946623981, 0.9997281047]]}