{"translation": [[3953.1229657000513], [2452.364411700517], [20.585949300000003]], "rotation": [[0.84000023414654, -0.5420016202330401, -0.025176677709399943], [0.5421312683092, 0.84029156557814, -0.0019461538249601921], [0.022210568592040056, -0.012014293903999808, 0.99968112286584]]}