{"translation": [[3948.6968516000197], [2459.124134500511], [20.5822904]], "rotation": [[0.84048629900006, -0.54154169825378, -0.017759416178839808], [0.54175721202946, 0.8404650336442999, 0.010847905619080058], [0.00905157581131981, -0.018738807183639947, 0.9997834396092]]}