{"translation": [[3940.6426720001036], [2448.046458400786], [20.5542093]], "rotation": [[-0.8571750838881599, 0.5149542076542399, 0.00853286072576], [-0.51502476629056, -0.8570690663463999, -0.01348613229328], [0.0003685109569599998, -0.01595461300288, 0.9998726491448]]}