{"translation": [[3949.4849935999955], [2457.926202500239], [20.5828472]], "rotation": [[0.8407988078688, -0.54097042414216, -0.02020850847111994], [0.5412189961995999, 0.8408270462291, 0.00958620903999981], [0.011806005415600056, -0.018997301242879808, 0.99974982911294]]}