{"translation": [[3939.658853599918], [2449.622819999233], [20.5462805]], "rotation": [[-0.8559625578122598, 0.51700375760892, 0.0059069127078], [-0.5170315753218001, -0.8558421925575999, -0.014566020574199999], [-0.00247530194892, -0.01552203122556, 0.9998764620719001]]}