{"translation": [[3936.228487400105], [2455.1181436004117], [20.5158352]], "rotation": [[-0.8547419596872401, 0.51902828966936, 0.005096782855399946], [-0.5190532371733999, -0.8546952859832402, -0.008936745289359806], [-0.0002822275506399459, -0.010284111991399808, 0.99994707729596]]}