{"translation": [[3939.3431651000283], [2450.130335699767], [20.5417657]], "rotation": [[-0.8558393278083603, 0.5172139700602201, 0.00533409240802], [-0.51723640132798, -0.8557397468562602, -0.01325478021642], [-0.00229096236378, -0.01410295117522, 0.99989792391174]]}