{"translation": [[3931.765906200104], [2462.3013960998505], [20.5200517]], "rotation": [[-0.86693132047348, 0.49839806863810004, 0.00543863083102], [-0.49840596830090006, -0.86673985075546, -0.0188055791381], [-0.004658786273980001, -0.0190137903241, 0.99980836738902]]}