{"translation": [[3944.2095065999893], [2442.1214922992513], [20.5858154]], "rotation": [[-0.87185042049892, 0.4896278538791, 0.011899865504180002], [-0.48975641655470004, -0.8717610584025001, -0.013096079734899999], [0.00396163309382, -0.0172458565073, 0.99984343069958]]}