{"translation": [[3948.790421599988], [2426.5288294004276], [20.649474]], "rotation": [[-0.9825776713841798, -0.18531825129812, 0.014080896115819998], [0.18515314544588, -0.9826332876640799, -0.01225319993012], [0.016107098780179997, -0.009432598413879998, 0.99982577855174]]}