{"translation": [[3948.2327170000062], [2433.957856000401], [20.6048466]], "rotation": [[-0.9540955869305999, 0.29893813091032, 0.01837500076336], [-0.29916176150512, -0.95414036224762, -0.01088326006346], [0.01427890816424, -0.01588076774906, 0.99977193099302]]}