{"translation": [[3912.2426084000617], [2381.8964392999187], [20.9816722]], "rotation": [[0.41277369182150014, 0.9106608829637799, 0.01773852039053983], [-0.9108161680167799, 0.4128080822226201, 0.001847932827660109], [-0.005639764644539832, -0.01691930897333989, 0.99984095237388]]}