{"translation": [[3947.765392399975], [2423.0968847004697], [20.6844699]], "rotation": [[-0.9164299122709001, -0.4000577291400998, 0.0105067948742], [0.39991442878681976, -0.9164543098959401, -0.013427993670199999], [0.015000967681239999, -0.008103994148680002, 0.9998546375724]]}