{"translation": [[3948.977963000012], [2430.304312599823], [20.6241068]], "rotation": [[-0.9975496471258, 0.0682091499038, 0.015566378161599998], [-0.06839841848, -0.9975863457070799, -0.011968205818759998], [0.014712464412999999, -0.013003594521759998, 0.99980720638028]]}