{"translation": [[3944.302285199985], [2417.7211709003896], [20.7527413]], "rotation": [[-0.7369930385133601, -0.67587413793668, 0.005944216035920001], [0.6757693744710801, -0.7369948850516801, -0.013199044951479999], [0.01330175036968, -0.005710685511879999, 0.9998952202623199]]}