{"translation": [[3947.9163766999845], [2434.8625675002113], [20.6040403]], "rotation": [[-0.9395579284413, 0.34181117058781996, 0.019908562102939967], [-0.34207824485422, -0.93959555295012, -0.011958234012939802], [0.014618535531260038, -0.018045737021139804, 0.99973028854782]]}