{"translation": [[3933.602694500005], [2409.9280308000743], [20.855476100000004]], "rotation": [[-0.49969422900328, -0.86616693383004, -0.0077788979031199], [0.86620154026596, -0.49968165170322, -0.003623479598159827], [-0.0007484343648800993, -0.008548725225839826, 0.9999631788935001]]}