{"translation": [[3948.4661457000184], [2425.0752875003964], [20.6641897]], "rotation": [[-0.9603983443256401, -0.27812043645900003, 0.01685466877308], [0.27793949827308, -0.9605196908677001, -0.01231241554006], [0.019613575281000002, -0.007140245134300002, 0.9997821385523]]}