{"translation": [[3932.208627099986], [2409.1036297008395], [20.8686578]], "rotation": [[-0.49993372014184023, -0.86600514493444, -0.01005327388884], [0.8660606668523599, -0.49992807522490024, -0.00324728162478], [-0.00221375248164, -0.01033017201138, 0.9999441918602999]]}