{"translation": [[3932.909948799992], [2409.5175562994555], [20.8624019]], "rotation": [[-0.49937233526436, -0.86634240838472, -0.00883449452384], [0.8663859270505601, -0.49936462534986004, -0.0032159671829800006], [-0.0016255054815199998, -0.00926004699466, 0.99995580365334]]}