{"translation": [[3949.0296876999782], [2428.936175700277], [20.631705]], "rotation": [[-0.9995388309891602, -0.02448894655504, 0.01795305855492], [0.02428424868348, -0.9996385200411603, -0.011532561754239999], [0.01822899011824, -0.01109126734692, 0.99977231792844]]}