{"translation": [[3946.5053610000177], [2438.003774800338], [20.5954771]], "rotation": [[-0.8958726244120399, 0.4439968363397998, 0.01671448001832], [-0.4441856287456798, -0.8958800070441998, -0.009922897182760002], [0.010568431191, -0.0163139815172, 0.9998110633022]]}