{"translation": [[3905.713841799996], [2378.8112810999155], [20.9862449]], "rotation": [[0.4100073155470201, 0.91193354866658, 0.016469277584000002], [-0.91205890535842, 0.4100591713678201, 0.0002494403000000006], [-0.006525905620000002, -0.015123223216, 0.99986434113984]]}