{"translation": [[3949.028562500025], [2429.383569200523], [20.6292271]], "rotation": [[-0.9998208595340999, 0.0059177745596, 0.0179760816073], [-0.0061214922044000005, -0.99991738304212, -0.01129890013576], [0.0179077329353, -0.01140691699576, 0.99977457225902]]}