{"translation": [[3936.198381999973], [2411.4719511996955], [20.8366155]], "rotation": [[-0.5063729439725202, -0.8622823835817801, -0.007445577392459827], [0.86231066843042, -0.5063259668696202, -0.007364131530540099], [0.0025800715620601738, -0.0101493983388599, 0.9999451649668599]]}