{"translation": [[3948.7236476999824], [2432.135145400651], [20.6105829]], "rotation": [[-0.9812717921125, 0.19153603587, 0.020480448105], [-0.19177704842999999, -0.9813820912505, -0.010516009032], [0.018084951944999997, -0.014246743967999999, 0.9997349472620001]]}