{"translation": [[3947.960337400029], [2423.5729526998475], [20.6798694]], "rotation": [[-0.9281741710566401, -0.37195548280032004, 0.01191148468736], [0.37181342090496, -0.9282223471243402, -0.01257421189182], [0.01573355292448, -0.007242208539540001, 0.99984999161486]]}