{"translation": [[3926.6669652999844], [2405.8051530001685], [20.900598]], "rotation": [[-0.5036621192741801, -0.8637941294443999, -0.01358052901588], [0.8638832033636, -0.5036901386745002, -0.001521307285400001], [-0.00552628059412, -0.012498214552600001, 0.99990662307632]]}