{"translation": [[3925.210074100003], [2404.9350247001275], [20.904864]], "rotation": [[-0.5037566247670598, -0.86375928665626, -0.01221209620368], [0.86383090209818, -0.5037802055964998, -0.001286314254239999], [-0.005041146582240001, -0.011197175500320001, 0.999924602208]]}