{"translation": [[3946.9314681999967], [2437.1372932000086], [20.5942035]], "rotation": [[-0.90659332569652, 0.42170102772775997, 0.016024475401679804], [-0.42189169738024, -0.9065767705433799, -0.011222904650340041], [0.009794706742319803, -0.016935203586659956, 0.9998086129850999]]}