{"translation": [[3947.7347118000034], [2435.3321069004014], [20.6054842]], "rotation": [[-0.9322631270764997, 0.36117719673251997, 0.02088588884663996], [-0.36147831083556, -0.9322900992124997, -0.012974112721919801], [0.014785756252080036, -0.0196450850313598, 0.99969768030304]]}