{"translation": [[3907.015477899986], [2379.42394920066], [20.9872194]], "rotation": [[0.41005259906519986, 0.91188035996436, 0.01819559637447989], [-0.9120342654178001, 0.41011381711319994, 0.00040041535319982995], [-0.007097134630800107, -0.01675919866551983, 0.99983436625344]]}