{"translation": [[3912.9397930999985], [2382.2269914001226], [20.9804811]], "rotation": [[0.41299021596956, 0.91055916065872, 0.01792010525516], [-0.9107168858616399, 0.4130275654229999, 0.0017371596164799993], [-0.005819711190879998, -0.01703757193804, 0.9998379129206]]}