{"translation": [[3945.536967300053], [2439.8012742009014], [20.5948598]], "rotation": [[-0.8802633036649801, 0.4742272333736598, 0.01566384412969995], [-0.47444039065365984, -0.8801561955454801, -0.015221557314099807], [0.0065681506193000505, -0.020830535697099806, 0.9997614456555001]]}