{"translation": [[3913.5843876000145], [2382.532575200312], [20.9810315]], "rotation": [[0.4131823548984599, 0.91048297684362, 0.01734823673213983], [-0.91063127187534, 0.41321596191349985, 0.0017681485146201067], [-0.0055586979082198305, -0.01652841627165989, 0.9998479445894]]}