{"translation": [[3928.7806108000223], [2407.0666407002136], [20.8894669]], "rotation": [[-0.5035573048878599, -0.8638663083309399, -0.012856473425779827], [0.86394759841142, -0.5035790066609999, -0.0017257280270600982], [-0.004983450352339826, -0.0119763211695799, 0.9999158629443]]}