{"translation": [[3909.587129099935], [2380.636684901081], [20.984109]], "rotation": [[0.4112672695071802, 0.9113219546740801, 0.018750619517760005], [-0.91148174128752, 0.4113406004028801, -5.9360340239997256e-05], [-0.007766988010560004, -0.01706643352296, 0.99982418992606]]}