{"translation": [[3946.169682000007], [2420.141812999733], [20.7174539]], "rotation": [[-0.8283422695092999, -0.5601624437504198, 0.008174516235660002], [0.5600566508822598, -0.8283640796505999, -0.012214782173579998], [0.01361373962862, -0.00553982965074, 0.9998919823476601]]}