{"translation": [[3942.9775429000147], [2416.3580831997097], [20.773195]], "rotation": [[-0.6788916646676001, -0.7342290810608401, 0.0037094011309200007], [0.73411610531004, -0.6788621020041801, -0.01482517704126], [0.01340324798748, -0.00734155803906, 0.99988322041558]]}