{"translation": [[3943.8913554999745], [2417.2715934999287], [20.7593757]], "rotation": [[-0.7183711108313001, -0.6956354143811398, 0.00587369171622], [0.6955141216474199, -0.7183676787442601, -0.014428014306539998], [0.014256106923539999, -0.006279432027780001, 0.999878658719]]}