{"translation": [[3937.4498322000727], [2412.2398127997294], [20.8274912]], "rotation": [[-0.5188761743302801, -0.8548196381314801, -0.00713406317012], [0.8548407852801201, -0.51881539112658, -0.00882126024462], [0.0038393247085200003, -0.010675629976780001, 0.99993564318414]]}