{"translation": [[3947.538152299996], [2422.5810589008033], [20.6927543]], "rotation": [[-0.90286202419906, -0.42981766677702005, 0.00982934874624], [0.42966624955194, -0.9028729730965, -0.01438700654208], [0.01505844501888, -0.00876614439936, 0.9998481874366001]]}