{"translation": [[3911.601474999974], [2381.592273999937], [20.9812225]], "rotation": [[0.41244101558552015, 0.9108178821679997, 0.017413935141519996], [-0.9109636516351998, 0.41248510527600024, 0.0011464172080000003], [-0.006138812065519999, -0.016336290764799997, 0.99984770870552]]}