{"translation": [[3948.3674041000195], [2433.5222504995763], [20.6056232]], "rotation": [[-0.9609865975072, 0.27600267187368, 0.01809270577416], [-0.27621677614104, -0.9610368820092999, -0.01060497382248], [0.014460755923920002, -0.015188746166639998, 0.9997800700828601]]}