{"translation": [[3923.8311810999876], [2387.394930099137], [20.9593138]], "rotation": [[0.4160985593302998, 0.9091192382091201, 0.01908291878924], [-0.9092997863142401, 0.4161360802621399, 0.00214929379732], [-0.00598712621588, -0.01824641260684, 0.999815594364]]}