{"translation": [[3931.3241828000173], [2390.982993499376], [20.942838100000003]], "rotation": [[0.4175976459829598, 0.9083831801517602, 0.02126754705384], [-0.9086172945866403, 0.4176100929847998, 0.004065302432880001], [-0.005188691392559999, -0.02102172027192, 0.9997655549179999]]}