{"translation": [[3951.1876198999817], [2400.6209036000073], [20.883232]], "rotation": [[0.4355734820428402, 0.8999056129820998, 0.02111191986601989], [-0.9001462941139798, 0.43554233989500024, 0.00629309560685983], [-0.0035319442219001046, -0.021744920849699825, 0.999757312463]]}