{"translation": [[3964.508383299981], [2415.7928682994097], [20.81545]], "rotation": [[0.9896712582135, 0.14328980828369997, -0.0043394530345998005], [-0.1431009164971, 0.98926421223078, 0.029638579854359984], [0.0085397721461998, -0.02871147088036001, 0.9995512611682801]]}