{"translation": [[3925.860475900001], [2388.361516000703], [20.9584784]], "rotation": [[0.4166715695102001, 0.90881569004394, 0.020946241201779833], [-0.9090371905954201, 0.41670411912156, 0.0029939197871401094], [-0.0060074624353398335, -0.020288394989819894, 0.9997761206318]]}