{"translation": [[3948.9099760000245], [2399.4869472999126], [20.8913708]], "rotation": [[0.42593628307200015, 0.9044459893230399, 0.02357449267728], [-0.9047477671233599, 0.4258791982322402, 0.007642509091640002], [-0.003127649727519999, -0.02458419120876, 0.9996928705164]]}