{"translation": [[3942.003868000058], [2396.134274800308], [20.9159063]], "rotation": [[0.41844400397883985, 0.90798545828358, 0.02161191063845983], [-0.9082333478309401, 0.41842880339533994, 0.005438196394620105], [-0.004105243438619829, -0.021904237895459894, 0.99975164484014]]}