{"translation": [[3923.1735038000043], [2387.0812696004286], [20.9615827]], "rotation": [[0.41596797859020007, 0.90917324779594, 0.01935503104562], [-0.9093571054637799, 0.41601214320830004, 0.0018768044600599998], [-0.00634558721714, -0.01838132597578, 0.99981091230734]]}