{"translation": [[3957.0494949999847], [2403.945569900796], [20.8642721]], "rotation": [[0.5409549851955, 0.8407513201329799, 0.02247079465414], [-0.8410427317393399, 0.5408785876883, 0.009873788372419997], [-0.0038525713706199973, -0.024240173329539996, 0.99969874047164]]}