{"translation": [[3940.059801500058], [2395.1983665004373], [20.9202772]], "rotation": [[0.4180831455559598, 0.9081930242867401, 0.019797658624259893], [-0.9084026655606602, 0.4180610112298998, 0.005442549131579831], [-0.0033337444991401073, -0.02025968350361983, 0.9997891934723]]}