{"translation": [[3956.182135400013], [2403.3750340994447], [20.8706222]], "rotation": [[0.5150269615215599, 0.8567885860266001, 0.025701145602760003], [-0.8571443497512402, 0.51502690493646, 0.007131059246700001], [-0.007126971325800001, -0.02570227949026, 0.99964423627086]]}