{"translation": [[3939.4283734000055], [2394.891202200204], [20.9238788]], "rotation": [[0.41797464143669993, 0.9082135590955001, 0.0211004887254], [-0.9084463409502601, 0.4179770826207, 0.004506046148680002], [-0.0047270671086800005, -0.021052076213400002, 0.99976720534524]]}