{"translation": [[3943.353636600019], [2396.786539199762], [20.9148793]], "rotation": [[0.41866143817712, 0.9078884468257199, 0.02147434688667989], [-0.90813409296228, 0.41864156414181997, 0.005629319863079829], [-0.003879259388680105, -0.021858365971079832, 0.99975355121894]]}