{"translation": [[3928.596188800002], [2389.6725680995733], [20.951463]], "rotation": [[0.41705524692366014, 0.90863601005594, 0.021108959908619832], [-0.9088667422339799, 0.4170670076988602, 0.0040523936306601106], [-0.005121700869259834, -0.02087530269881989, 0.99976896828396]]}