{"translation": [[3932.0293974999804], [2391.3223224999383], [20.9412132]], "rotation": [[0.41759627867478, 0.9084017158051799, 0.020486110883859997], [-0.9086172358527799, 0.417614507679, 0.003584922165539999], [-0.005298747794939998, -0.02011108345874, 0.99978371040822]]}