{"translation": [[3922.463006999984], [2386.7433394007385], [20.9629047]], "rotation": [[0.41586959196350015, 0.90921232623542, 0.019635980438559894], [-0.9094018204577, 0.4159142870465402, 0.001943757677919834], [-0.00639959798960011, -0.018665344016799833, 0.9998053061102]]}