{"translation": [[3937.4114552999963], [2393.9203030997887], [20.9281077]], "rotation": [[0.41770836670902023, 0.9083416513966799, 0.02086378981768], [-0.9085717884330798, 0.4176985736030402, 0.005033873464680004], [-0.004142300220720001, -0.02105894006108, 0.99976965469302]]}