{"translation": [[3964.4470927999937], [2415.2788157006726], [20.8207609]], "rotation": [[0.98543443410572, 0.17005227595766, 0.0010961465498199997], [-0.17001306211954, 0.98502174296588, 0.02877023926286], [0.00381271614158, -0.02853754369466, 0.9995854500006]]}