{"translation": [[3964.262532700028], [2414.2288672998548], [20.8304897]], "rotation": [[0.9737485588936801, 0.22756855749248, 0.005128317311039977], [-0.22762378555392, 0.9733838882008801, 0.026668754020639802], [0.0010771479721599772, -0.0271359877598398, 0.9996311709705601]]}