{"translation": [[3961.978765200067], [2408.6587190004066], [20.8535699]], "rotation": [[0.81782698035822, 0.57522349183818, 0.01664155803158], [-0.57542219131942, 0.81777459155502, 0.01157566220922], [-0.00695044986918, -0.01904281113482, 0.99979451016924]]}