{"translation": [[3919.7303926000022], [2385.445425200276], [20.9720767]], "rotation": [[0.41533329679884023, 0.9094236541628199, 0.02113886998698], [-0.9096513499183799, 0.4153589291252402, 0.0033709929350200004], [-0.005714557450220002, -0.02062908749418, 0.99977086603644]]}