{"translation": [[3946.4959763999796], [2398.3065208001062], [20.9067363]], "rotation": [[0.4214777213744002, 0.9064874420263999, 0.02524079723599989], [-0.9068329181057598, 0.4214118141564003, 0.008135818737679835], [-0.0032617535876801104, -0.02631825136999983, 0.99964829347064]]}