{"translation": [[3921.096072500106], [2386.0944499000907], [20.9653377]], "rotation": [[0.4155732576854999, 0.9093393177411001, 0.02002181387869989], [-0.9095421572002601, 0.41560130145989993, 0.0029364646261798317], [-0.005650849169820107, -0.019430999952499833, 0.9997952311071601]]}