{"translation": [[3934.734345200006], [2392.6286144992337], [20.935343600000003]], "rotation": [[0.41745980535500016, 0.9084443557544799, 0.021360655769639893], [-0.9086841901996399, 0.41745631148780016, 0.0048357713992798305], [-0.0045241129855201085, -0.02142882875075983, 0.9997601401071601]]}