{"translation": [[3946.6489490999957], [2456.4108297005296], [20.5759582]], "rotation": [[0.8485678037799, -0.52908578642188, -0.0009416129142400002], [0.52896093315412, 0.8483260820024, 0.02330586598876], [-0.011532008726240002, -0.02027468369924, 0.99972793795526]]}