{"translation": [[3963.7426754001062], [2425.7677909005433], [20.6856314]], "rotation": [[0.97616363209644, -0.2168539038887, -0.008885212802339802], [0.21698591835666, 0.97599901034844, 0.01852140099290002], [0.004655520725899801, -0.020007884147339977, 0.99978898308204]]}