{"translation": [[3962.6575329999905], [2429.471775500104], [20.6670814]], "rotation": [[0.9496754230604001, -0.31315732352615977, -0.007005812978279997], [0.3132304418767198, 0.9492926526316001, 0.027021284181240002], [-0.0018113462588399969, -0.02785588338252, 0.99961030846256]]}