{"translation": [[3931.8073211999726], [2467.5937467990443], [20.5911642]], "rotation": [[-0.8528525394541001, 0.5220107127518, 0.0121346378756], [-0.5221442524573999, -0.8527343943472201, -0.014467897133440002], [0.0027952262372000006, -0.01867501523744, 0.99982169935712]]}