{"translation": [[3931.595148399996], [2467.9280174998567], [20.5917676]], "rotation": [[-0.852919729021, 0.5219101396642, 0.011737737077199807], [-0.5220359313508, -0.8528034340918801, -0.014311592749000053], [0.0025406169921998074, -0.018334160029999942, 0.99982868724812]]}