{"translation": [[3929.917006100004], [2470.5751757994294], [20.599511]], "rotation": [[-0.8529416075350799, 0.5218874537770198, 0.011140744971619806], [-0.5220041919389798, -0.8528051904838798, -0.015327985959780053], [0.0015014015173798094, -0.018889392409219944, 0.99982045220604]]}