{"translation": [[3956.3122999999905], [2441.74201789964], [20.6068516]], "rotation": [[0.84809268630704, -0.52979969906472, -0.007147239097599999], [0.5298422516688, 0.8479441511391, 0.0160596895155], [-0.00244795880728, -0.01740701444046, 0.9998454897407001]]}