{"translation": [[3930.7358862999827], [2469.282633599825], [20.5956647]], "rotation": [[-0.8528832282227199, 0.5219827370308799, 0.011129198314399999], [-0.5220982423291199, -0.8527580786560199, -0.014721496703100002], [0.0018061478935999997, -0.0183662557449, 0.99982969472126]]}