{"translation": [[3961.7172444000025], [2431.931982799433], [20.6364881]], "rotation": [[0.92727706035116, -0.37437414360189997, -0.0011137073160199622], [0.37430251448902, 0.9270325806975, 0.022543476260859806], [-0.007407252448699962, -0.021320911731699803, 0.9997452431927]]}