{"translation": [[3930.110115700052], [2470.270630900748], [20.5990452]], "rotation": [[-0.8529617127297598, 0.5218568683610799, 0.011043404823239808], [-0.52197165954036, -0.8528266677152998, -0.015247710715280052], [0.0014609867918798074, -0.018770055666959943, 0.9998227595679]]}