{"translation": [[3928.048845499987], [2473.518961799331], [20.6040603]], "rotation": [[-0.8538785622830598, 0.52036237731438, 0.0106810099272], [-0.5204705239701, -0.8537449769620997, -0.015153707030399999], [0.00123344056512, -0.01849857924816, 0.9998281258102]]}