{"translation": [[3927.537510299997], [2474.325670800172], [20.6049879]], "rotation": [[-0.8543072983207398, 0.51964881977052, 0.011149220405819806], [-0.51976726628628, -0.8541538710744399, -0.016226964631480052], [0.0010908262186198068, -0.019657812568279948, 0.99980617147526]]}