{"translation": [[3950.2671692000586], [2450.9250320000574], [20.5912596]], "rotation": [[0.8447789658831, -0.53510674493178, 0.003048047326639999], [0.5349101165618201, 0.8445989190255, 0.02288784539424], [-0.01482181715616, -0.01770473935096, 0.99973339244796]]}