{"translation": [[3946.1810603999766], [2457.1303544994444], [20.5738377]], "rotation": [[0.8488973845944799, -0.5285576636040001, -7.118239068e-05], [0.5284130880696001, 0.8486620219408599, 0.023502323952], [-0.012361924534680001, -0.019988674790400004, 0.9997237796823799]]}