{"translation": [[3931.3674395999988], [2468.2856219001114], [20.5925001]], "rotation": [[-0.8529022991059197, 0.5219520366568801, 0.01111979643736], [-0.52206692239192, -0.8527815629011198, -0.014479115623440002], [0.0019253538122399995, -0.01815454969816, 0.99983333877696]]}