{"translation": [[3928.574265900068], [2472.6940419003367], [20.6023108]], "rotation": [[-0.8533414111285199, 0.52123964580694, 0.010835771081139946], [-0.5213490333152601, -0.8532249543337799, -0.014216505266379808], [0.001835144983660054, -0.01778075363421981, 0.9998402257467001]]}