{"translation": [[3947.0844980999827], [2455.747850799933], [20.5786715]], "rotation": [[0.8481899808536602, -0.5296919893893998, -0.0004171164075599974], [0.5295477080724397, 0.8479400298584601, 0.0240198231414], [-0.012369417311399997, -0.02059425660756, 0.9997113954289599]]}