{"translation": [[3928.401810100011], [2472.9661740995944], [20.6016551]], "rotation": [[-0.8534895095242601, 0.5209952989876999, 0.010930295266379807], [-0.52110600000938, -0.8533768823890001, -0.014012464209660055], [0.0020272336118998084, -0.017655334370099945, 0.9998420772727]]}