{"translation": [[3949.363574100018], [2452.289076999761], [20.5927768]], "rotation": [[0.84571106717808, -0.53364052971052, 0.0007702038355599993], [0.53344775729668, 0.84544264803158, 0.02569506695396], [-0.014363091547959998, -0.02131973923156, 0.9996695305736599]]}