{"translation": [[3942.590812999988], [2462.653439199552], [20.564472100000003]], "rotation": [[0.8518682961083, -0.52369915468534, -0.007718767212679753], [0.52372536290422, 0.8515664117664601, 0.02337452581083986], [-0.005668177508360138, -0.02395453167771975, 0.9996969801548]]}