{"translation": [[3948.024207999988], [2454.314402099699], [20.5816347]], "rotation": [[0.84725809743782, -0.5311814350410801, 0.00014040292513999887], [0.53103145310572, 0.84702509155832, 0.023539550405239997], [-0.01262269613474, -0.01986951656564, 0.99972289655214]]}