{"translation": [[3963.256348999974], [2427.586438900791], [20.6770103]], "rotation": [[0.9640416024071, -0.26560373784038, -0.00885709819574], [0.26572442988242, 0.9638829359871001, 0.01789463643434], [0.00378432383566, -0.01960472123426, 0.99980064704204]]}