{"translation": [[3954.213483200001], [2444.949421999976], [20.6012266]], "rotation": [[0.8436271993575, -0.53691420943766, -0.00403263931162], [0.53690613650978, 0.84349708434134, 0.01563493659926], [-0.004993100642540001, -0.015355206551980001, 0.9998696347838]]}