{"translation": [[3953.7987413000083], [2445.579907900654], [20.6015146]], "rotation": [[0.8435742573143, -0.5369933176399201, -0.004545383976640192], [0.53697647249112, 0.84338924318382, 0.018731358599639942], [-0.006225086056959808, -0.018242056190760057, 0.99981422059448]]}