{"translation": [[3927.708326300024], [2474.054592099972], [20.6046397]], "rotation": [[-0.8541182830868003, 0.5199739771854001, 0.010449949233000001], [-0.52007833316748, -0.8539763221298602, -0.015593219348100002], [0.0008159403843599998, -0.01875324424998, 0.9998238095227]]}