{"translation": [[3941.2143441999797], [2464.7941244998947], [20.5474987]], "rotation": [[0.8515937435247001, -0.52416469234674, -0.0062820135457198065], [0.5241787190699401, 0.8513804734614201, 0.019696504244360053], [-0.004975828708680192, -0.020066317606839943, 0.9997862691672801]]}