{"translation": [[3957.8737885999726], [2439.273322900757], [20.6123101]], "rotation": [[0.8603322238687201, -0.5097078196479998, -0.005138377364639998], [0.5097194410367998, 0.8601889638144, 0.0161566617824], [-0.003815201356639998, -0.0165192276, 0.99985626934968]]}