{"translation": [[3944.3675948000164], [2459.904394299723], [20.5678388]], "rotation": [[0.8506890527710201, -0.5256602065924598, -0.0030794787661999976], [0.5256180502964598, 0.8505098955610201, 0.0189362943754], [-0.007334929232599997, -0.017727527952199996, 0.999815949846]]}