{"translation": [[3957.508022200025], [2439.8636060999706], [20.608887600000003]], "rotation": [[0.8564640404798, -0.5161735013701, -0.0058561373459], [0.51619558739062, 0.85631595049644, 0.0162830897425], [-0.0033901946456599994, -0.01696879301662, 0.9998502721286]]}