{"translation": [[3947.5551933000097], [2455.0310652004555], [20.5792962]], "rotation": [[0.84770211100524, -0.5304720266452201, 0.0007498591717399984], [0.53030521440334, 0.8474693525694, 0.02391816005502], [-0.01332339740802, -0.019877820572259997, 0.9997136386662]]}