{"translation": [[3930.9379665000015], [2468.9633459998295], [20.594475]], "rotation": [[-0.8528885156466002, 0.52197855166298, 0.01092421479494], [-0.52208978884526, -0.8527684733136401, -0.014420482233980004], [0.0017886443414199997, -0.018002486721740003, 0.9998363422094]]}