{"translation": [[3929.3230700999848], [2471.515719600022], [20.6001847]], "rotation": [[-0.85297311866248, 0.52182463551712, 0.011655277591479999], [-0.52194963968192, -0.85285116220576, -0.014608410367280002], [0.0023171888622799995, -0.01854404985352, 0.99982535917272]]}