{"translation": [[3952.510391900083], [2447.536005000584], [20.5978752]], "rotation": [[0.84356328668534, -0.53702971508582, -0.00029191775112019213], [0.5369104406619799, 0.84336422220854, 0.021540338323679943], [-0.011321608069919806, -0.018327372473520058, 0.99976793739184]]}