{"translation": [[3955.0619160999195], [2443.6568357003853], [20.5977348]], "rotation": [[0.8445254593328001, -0.5354893686447199, -0.0052784603033599435], [0.5355113403421597, 0.8444397541499001, 0.012209975421279808], [-0.002080970840319943, -0.013138310520159808, 0.99991152325806]]}