{"translation": [[3964.2363739000284], [2423.32567619998], [20.6983339]], "rotation": [[0.98866053884406, -0.1498090308330998, -0.010372655314579997], [0.14998277536341978, 0.9885115071518, 0.01871272485194], [0.0074501538047, -0.020056252340499996, 0.9997710947638999]]}