{"translation": [[3942.1207791999914], [2463.382259598933], [20.5556064]], "rotation": [[0.8519703161721601, -0.5235486600513598, -0.006585128380159999], [0.5235656267641599, 0.8517416290375801, 0.020376820287779995], [-0.005059429652639999, -0.020808192915619996, 0.9997706843335801]]}