{"translation": [[3937.9779375999933], [2457.8607892999426], [20.5888728]], "rotation": [[-0.8543705174016201, 0.5196073953714, 0.00767423903394], [-0.5196538526657999, -0.8543531403674001, -0.0063486400974], [0.0032577106979400005, -0.009412039993800001, 0.9999503991782199]]}