{"translation": [[3968.4418029999943], [2410.3875197004527], [20.86911]], "rotation": [[-0.8384872899913002, 0.54444679430778, 0.02273657744696], [-0.5448105044031, -0.8384281977810601, -0.01482803811072], [0.010989908009600004, -0.02482024557, 0.9996315207973999]]}