{"translation": [[3937.696111200028], [2458.3010199004784], [20.592502]], "rotation": [[-0.8539776606310597, 0.52023415479342, 0.00886683212054], [-0.52030787025774, -0.8538959706577998, -0.01189255324902], [0.0013844397179799996, -0.01476945704154, 0.9998899671803]]}