{"translation": [[3949.750455499976], [2439.0470662992448], [20.6589303]], "rotation": [[-0.85659906139784, 0.5159102607403201, 0.008616778070399808], [-0.5159666675448, -0.8565834388852, -0.006542797782400054], [0.0040054942483198075, -0.010050526501759947, 0.9999414697472]]}