{"translation": [[3936.6469472000026], [2459.9546638000757], [20.5909344]], "rotation": [[-0.8545440965095201, 0.5192955013758, 0.00928846944028], [-0.5193763623586001, -0.8543517280859402, -0.018194099679299996], [-0.0015124935817199992, -0.0203718749959, 0.99979132774758]]}