{"translation": [[3940.348323700018], [2454.072761900723], [20.6013293]], "rotation": [[-0.8556629655654401, 0.517507076528, 0.005205318092159947], [-0.51753135012416, -0.8556438215322401, -0.005893432605599808], [0.001404005577600054, -0.0077367081278398074, 0.99996908557816]]}