{"translation": [[3954.2296055000043], [2431.987790999934], [20.6939527]], "rotation": [[-0.85146480937888, 0.5242745332904798, 0.011992261430559998], [-0.5243873612784798, -0.8514228717181, -0.00984434102624], [0.005049348726560001, -0.014670700797759999, 0.9998796300607801]]}