{"translation": [[3957.584141500003], [2426.8097232002765], [20.7289357]], "rotation": [[-0.84833919480666, 0.52923161085896, 0.015318353419459753], [-0.52933669841104, -0.8484044339976, -0.003565869107919862], [0.011108987314459863, -0.011133632597919753, 0.9998763086679]]}