{"translation": [[3948.9046852000174], [2440.3954362003133], [20.6624388]], "rotation": [[-0.8566813282657001, 0.5157077886688, 0.0119235639524], [-0.5158249448176, -0.85662503411208, -0.010852194193639999], [0.0046174641212000005, -0.015447346737639998, 0.99987002079038]]}