{"translation": [[3944.1236840999336], [2448.0154920993373], [20.6435268]], "rotation": [[-0.8577551870280001, 0.5139977515359999, 0.0078833143472], [-0.514044849544, -0.8577425733220001, -0.005946988500400001], [0.0037051162528000006, -0.009153438199600001, 0.99995124215]]}