{"translation": [[3957.1100864000036], [2427.537740599364], [20.7197501]], "rotation": [[-0.8487266943617, 0.5286506600196, 0.0138276036339], [-0.5287272555532799, -0.8487883866414401, -0.0023427787100000004], [0.01049819967954, -0.00929941061728, 0.9999016495391]]}