{"translation": [[3954.7194287999882], [2431.229110600427], [20.6952592]], "rotation": [[-0.85096879843882, 0.52506685181702, 0.01251971930164], [-0.5251763251989799, -0.8509559110012199, -0.00798142522004], [0.00646294816036, -0.01336700493796, 0.99988977065996]]}