{"translation": [[3933.1749344000127], [2465.435454200022], [20.5864649]], "rotation": [[-0.8534189701686601, 0.5211270823921198, 0.01012929966518], [-0.5212222069557199, -0.85332163389768, -0.013022190966120001], [0.001857334229220002, -0.01639300090972, 0.99986390065302]]}