{"translation": [[3935.380967199977], [2461.9659589007497], [20.5892202]], "rotation": [[-0.8541060413364, 0.51999376687884, 0.010446413708919806], [-0.5200919930267601, -0.85402465944546, -0.012082005543540055], [0.002638928130119807, -0.015752411740939946, 0.9998724406479]]}