{"translation": [[3934.8790665999986], [2462.7548457998782], [20.5868988]], "rotation": [[-0.8540459746022793, 0.5201116824513198, 0.009464180659959999], [-0.5201932328481197, -0.8539732408652994, -0.011356233843859998], [0.002175646324360001, -0.014621946715539997, 0.99989072665598]]}