{"translation": [[3935.1190723999753], [2462.3780538998544], [20.5870752]], "rotation": [[-0.85410879659076, 0.52000590363822, 0.0095846880303], [-0.5200889538249, -0.854038082893, -0.0112372399073], [0.0023422580047800005, -0.01458271692146, 0.9998909231438]]}