{"translation": [[3943.3879114000592], [2449.186209799722], [20.6350667]], "rotation": [[-0.8575125908304999, 0.5144391913051, 0.004945407202899947], [-0.5144629434670999, -0.8574754755557199, -0.007979389444219807], [0.0001356547649000537, -0.009386655745779807, 0.99995593517478]]}