{"translation": [[3968.986005500017], [2409.5748955002055], [20.8642877]], "rotation": [[-0.8380896180993997, 0.5450152765009999, 0.023753366664399943], [-0.54543364393288, -0.8379723414835598, -0.01745213404659981], [0.010392983857160054, -0.027582336688879806, 0.9995655059118]]}