{"translation": [[3951.4883215000154], [2436.278162400238], [20.6749493]], "rotation": [[-0.8550444531353998, 0.5185179715123398, 0.006169556613579999], [-0.5185539010395399, -0.8550032053168198, -0.008446162623739999], [0.0008955036320200008, -0.010421092318939998, 0.99994529795742]]}