{"translation": [[3942.341164799989], [2450.8690224010497], [20.627679]], "rotation": [[-0.8569928062888201, 0.5153065067406799, 0.004757784470219999], [-0.51532845203652, -0.8569587147085201, -0.00764527553588], [0.00013756449998000029, -0.00900376738332, 0.9999594558036601]]}