{"translation": [[3946.0593924000277], [2444.9216592004523], [20.6668589]], "rotation": [[-0.8575503975143999, 0.5142527512339198, 0.012301682686239998], [-0.5143752101358398, -0.8574981983169598, -0.010718717700480001], [0.0050365411027199995, -0.01551952189264, 0.9998668799832]]}