{"translation": [[3967.9382540999213], [2411.140646599233], [20.8748722]], "rotation": [[-0.8389110618721001, 0.5438501750094801, 0.02134401695444], [-0.54415500479644, -0.8388924519976, -0.012455295334520002], [0.01113151708348, -0.022063335401560004, 0.99969460267446]]}