{"translation": [[3943.7683681999915], [2448.579999599606], [20.6399931]], "rotation": [[-0.8577053998749798, 0.51409816248624, 0.006664613225459753], [-0.5141381766986399, -0.8576736399601999, -0.00759955894511986], [0.0018091440438598601, -0.009944715352079754, 0.9999489135107801]]}