{"translation": [[3950.1978192000533], [2438.336516399868], [20.6601942]], "rotation": [[-0.8562659747046398, 0.5164682034510398, 0.00832822212496], [-0.5165166612529598, -0.8562608399396998, -0.00530061599632], [0.004393530220960001, -0.008840401908319999, 0.9999512709082999]]}