{"translation": [[3960.1159965000115], [2422.9423845000565], [20.7535224]], "rotation": [[-0.84608275972866, 0.5327200976783, 0.018788900066239754], [-0.5327874876712599, -0.84624735771906, 0.0016321946384001361], [0.01676956221919986, -0.008629519570239752, 0.9998221407590401]]}