{"translation": [[3951.9182960999315], [2435.6058367993683], [20.6787604]], "rotation": [[-0.8545190250284999, 0.5193591814295397, 0.007941322458279998], [-0.5194106314647398, -0.8544952088365798, -0.007093805231160001], [0.003101589745320001, -0.01018659982996, 0.99994330505208]]}