{"translation": [[3940.027923900052], [2454.596246400848], [20.6042631]], "rotation": [[-0.8555494818821199, 0.51763245628916, 0.009563790665159947], [-0.5177071572172399, -0.8555150552021799, -0.008545849158779808], [0.0037583589344400534, -0.012262641145019808, 0.9999177477967]]}