{"translation": [[3955.667851699982], [2429.757414199412], [20.6959223]], "rotation": [[-0.8498691925015202, 0.5269039310393201, 0.009725859382240002], [-0.52694473700452, -0.8498970557437001, -0.0020562173675599997], [0.007182550288640002, -0.0068725062340400005, 0.99995058859382]]}