{"translation": [[3965.8084131000214], [2414.3366592992097], [20.8752205]], "rotation": [[-0.84085114529508, 0.5408794596127598, 0.020462509930519998], [-0.54105470200804, -0.84097864811962, -0.0038308649553399996], [0.015136498229079998, -0.014292524630859999, 0.9997832815943]]}