{"translation": [[3959.6279875999317], [2423.68606440071], [20.7455493]], "rotation": [[-0.8465671199178401, 0.53197373402412, 0.018105051287639944], [-0.53204076119004, -0.8467176067609001, 0.0012875991256201921], [0.016014837058680058, -0.008542586705459808, 0.9998352610219]]}