{"translation": [[3969.489336300001], [2408.826221400872], [20.85659]], "rotation": [[-0.83786311837146, 0.54531914359722, 0.0247415629599], [-0.5457778378172999, -0.8377226188474, -0.0186301926695], [0.01056716891022, -0.029112951719540002, 0.9995202703847]]}