{"translation": [[3935.623903299973], [2461.5823288997635], [20.5901582]], "rotation": [[-0.8542845881344203, 0.51969438381542, 0.01073282363456], [-0.5198001714051801, -0.8541850249088203, -0.01324117239536], [0.002286455686240001, -0.01689065629184, 0.9998547283577599]]}