{"translation": [[3969.993287499994], [2408.077364599332], [20.8449201]], "rotation": [[-0.83770168440106, 0.54555483239832, 0.02502156991402], [-0.54602159117232, -0.8375642388214799, -0.018623478827279997], [0.010797040694979998, -0.02926323353328, 0.99951342519542]]}