{"translation": [[3956.637777200027], [2428.26281609945], [20.7084405]], "rotation": [[-0.8491704245324999, 0.5280059517371, 0.0109037487887], [-0.5280416095109001, -0.8492181269897799, -0.00046702740889999943], [0.0090130700977, -0.006154219663099999, 0.99994044329372]]}