{"translation": [[3966.893856699986], [2412.7059482997283], [20.8809599]], "rotation": [[-0.8399402791849603, 0.54227333379144, 0.020968625391120002], [-0.54253023237672, -0.8399870185085003, -0.00908185426254], [0.01268852825736, -0.01900433051442, 0.9997388842259]]}