{"translation": [[3948.068470500002], [2441.725448200479], [20.6608201]], "rotation": [[-0.85684567613794, 0.5154238133985, 0.01238961309564], [-0.5155431828581399, -0.85680633620114, -0.0098919920718], [0.005516932065000001, -0.01486329305364, 0.99987431508236]]}