{"translation": [[3944.8722816000227], [2446.812186299823], [20.6480603]], "rotation": [[-0.8576774949192197, 0.5141542535206801, 0.005891778946200001], [-0.51418103622468, -0.8576692340892198, -0.0046197020699999996], [0.0026779580790000004, -0.0069916555188, 0.999971972254]]}