{"translation": [[3971.5939727000077], [2405.6988900005817], [20.807026]], "rotation": [[-0.8382489945687398, 0.54461244775644, 0.02712570193826], [-0.54512871052836, -0.8381679364537998, -0.017581186402919998], [0.01316096176546, -0.02952441204132, 0.9994774125263]]}