{"translation": [[3932.2548944000155], [2466.8884739009663], [20.590093]], "rotation": [[-0.8530180122341201, 0.5217440105674799, 0.011985701033], [-0.5218724481685199, -0.8529144365364201, -0.013649562900900001], [0.0031011989434000025, -0.017898328462499998, 0.99983500259846]]}