{"translation": [[4004.9775610999786], [2364.73094329983], [20.6269419]], "rotation": [[0.8779752865463601, -0.47870550716559973, -0.000664393069079999], [0.47869499296891976, 0.8779449135686002, 0.007990008913439999], [-0.003241560628799999, -0.0073330720218, 0.9999678586542]]}