{"translation": [[4006.8777211999986], [2361.3651302000508], [20.604365100000003]], "rotation": [[0.8787962574058801, -0.47719557183944, 0.0012346663170799996], [0.47717022381283997, 0.8787711892199599, 0.00835312624424], [-0.005071064039119999, -0.00675155007964, 0.99996434980508]]}