{"translation": [[4004.303628100024], [2365.9225997002795], [20.635758600000003]], "rotation": [[0.8776455453827, -0.4793097981146, -0.0006389942075999998], [0.47929739679868005, 0.87761152473464, 0.008485946364], [-0.0035066086557599997, -0.007753921267679999, 0.9999637895439]]}