{"translation": [[3993.8320298001054], [2369.693768300116], [20.6700945]], "rotation": [[-0.8623592005785001, 0.5062513404322599, 0.0068206589951799994], [-0.5062872901919799, -0.8621792720895401, -0.017900123969540004], [-0.0031813312701399997, -0.018889546278380003, 0.9998165152694]]}