{"translation": [[3975.7677130000084], [2399.3445747001097], [20.7590102]], "rotation": [[-0.8483936301432401, 0.52910708287984, 0.01654996803276], [-0.52931879985364, -0.8483203703333201, -0.01319528945568], [0.007057954165440001, -0.01995500911308, 0.99977596634908]]}