{"translation": [[4013.3827562999795], [2349.8396269008517], [20.6036631]], "rotation": [[0.878579838051, -0.47757402871686, -0.004529988824980194], [0.47756737782057995, 0.87838560955596, 0.01918661274845995], [-0.005183950731059806, -0.01902034600978005, 0.9998056576662]]}