{"translation": [[4003.607947600016], [2367.141554599628], [20.6443907]], "rotation": [[0.87739694206406, -0.47975441410172, -0.00321191054678], [0.47976371735812, 0.87735818062988, 0.00833105959252], [-0.0011788664738200001, -0.00885060433708, 0.99996013774518]]}