{"translation": [[3979.3878764000256], [2393.620477599092], [20.7299913]], "rotation": [[-0.8589145639339603, 0.51179812646266, 0.018120929209099808], [-0.5120440082017, -0.8588561080470603, -0.013305555287660054], [0.008753513056339809, -0.02070704918829995, 0.9997472651185401]]}