{"translation": [[4010.458877100027], [2354.991692800075], [20.5880189]], "rotation": [[0.87960709383832, -0.47569930657667997, -0.001230061240320194], [0.47567535659748, 0.8795301326974401, 0.01263659966171995], [-0.004929346209119806, -0.01170035245692005, 0.99991939839512]]}