{"translation": [[3989.085569900053], [2377.476174400188], [20.6901338]], "rotation": [[-0.8642078062816799, 0.5030490286729599, 0.009294024016039997], [-0.5031333048985598, -0.8640114774840999, -0.01846295924872], [-0.0012576299423599988, -0.02063196824248, 0.9997863472935801]]}