{"translation": [[4005.2942719000275], [2364.1712452992797], [20.6257495]], "rotation": [[0.8781078680406, -0.47846162306448, -0.0010179483736401937], [0.4784516821106, 0.8780712069087601, 0.00865634791247995], [-0.003247899309599806, -0.00808824629620005, 0.9999620149878]]}