{"translation": [[4005.938629499986], [2363.0316259004176], [20.6201194]], "rotation": [[0.87836731056, -0.47798589353520005, -0.0005906097776000002], [0.4779683169608, 0.87832296433518, 0.009749553858600001], [-0.004141403169600001, -0.008845982146600002, 0.99995229755118]]}