{"translation": [[3992.2563151000068], [2372.2729500001296], [20.6778708]], "rotation": [[-0.8629524427105801, 0.5052088617481, 0.008764638729419807], [-0.5052808470135001, -0.8627463894246601, -0.018964821823100053], [-0.002019535141580193, -0.020794346266499945, 0.99978173448492]]}