{"translation": [[3988.046901100024], [2379.2037324002013], [20.71083]], "rotation": [[-0.8652031625043999, 0.5012019202585599, 0.014828777343919948], [-0.501418304096, -0.8649208304128, -0.022167800665599806], [0.0017151751732000526, -0.026615074638079807, 0.99964428469944]]}