{"translation": [[3990.686244199984], [2374.8443995993584], [20.6813826]], "rotation": [[-0.8633984851340201, 0.5044577609967, 0.0080941289407], [-0.5045206377236999, -0.8632380589980201, -0.0167054268171], [-0.0014400222162999996, -0.018507094436099998, 0.999827692055]]}