{"translation": [[3978.3669166999753], [2395.2566087003797], [20.737304100000003]], "rotation": [[-0.8559365426865801, 0.5167661164485, 0.018035596339499808], [-0.5170197288435001, -0.8558506136745802, -0.014498069403900056], [0.007943666104499807, -0.02173418782889995, 0.999732225763]]}