{"translation": [[4011.5746082999976], [2353.0140057001263], [20.5951257]], "rotation": [[0.87936959671022, -0.47613008790196, -0.0030388688955999502], [0.47610953398795997, 0.87922387341272, 0.016884164009199804], [-0.00536721300679995, -0.016294254907599805, 0.9998528343015001]]}