{"translation": [[3987.0052201999933], [2380.939197400585], [20.7041297]], "rotation": [[-0.8661951023411599, 0.49955625288264, 0.012232985484719999], [-0.49968965622072, -0.8661052236900999, -0.013116402254740001], [0.004042671645359999, -0.01747405928642, 0.9998391440939]]}