{"translation": [[3977.8348153000115], [2396.1040570000187], [20.7420055]], "rotation": [[-0.8543800088008001, 0.51932992205144, 0.018198285787919807], [-0.5195892082483999, -0.8542880112616001, -0.014798427999600057], [0.00786131130119981, -0.022099114495919947, 0.99972487661104]]}