{"translation": [[3982.430389099987], [2388.623712499626], [20.7098861]], "rotation": [[-0.8660374996401797, 0.49972838226983995, 0.01582866170705995], [-0.49990722075623995, -0.8660155562319998, -0.010477612370319805], [0.008471907296460053, -0.016986867844879804, 0.99981982031918]]}