{"translation": [[3985.9735814000014], [2382.6682249000296], [20.7027891]], "rotation": [[-0.8676551221900998, 0.49698855956747995, 0.013318053081539999], [-0.49711863974627996, -0.8676329552855198, -0.00930176628476], [0.00693230810406, -0.014691374961159999, 0.99986804461142]]}