{"translation": [[4008.827338800009], [2357.902137500234], [20.5916763]], "rotation": [[0.87957416018454, -0.4757618072171198, -3.613483713999898e-05], [0.47573497794903985, 0.8795237473496, 0.010686925715680001], [-0.005052649607179999, -0.00941713432664, 0.9999428925263]]}