{"translation": [[4011.748330499977], [2352.706831900403], [20.596094]], "rotation": [[0.87925885753996, -0.47633089239239984, -0.0035707757173199972], [0.4763164947946798, 0.879101914843, 0.01739046190824], [-0.005144538178799997, -0.016991537056199997, 0.9998423982838]]}