{"translation": [[4006.5623745999183], [2361.926274999976], [20.609249]], "rotation": [[0.8786103401223, -0.47753868057178, 0.0008131889598599995], [0.47751290455086, 0.87857829666486, 0.00903244709902], [-0.005027793345219999, -0.007547693088539999, 0.9999588759629999]]}