{"translation": [[3987.548409399984], [2380.0357764009386], [20.70928]], "rotation": [[-0.8656355711491999, 0.50043459466812, 0.01549110525756], [-0.50065839937716, -0.8654402565660998, -0.018815669025219996], [0.00399061597332, -0.024043267812859998, 0.99970295398646]]}