{"translation": [[3978.858820000023], [2394.4723809007555], [20.7334605]], "rotation": [[-0.8572901867151398, 0.5144775072320598, 0.01913281774249975], [-0.5147510597460998, -0.8572249998279398, -0.014010016903939862], [0.009193293900939863, -0.021859291746699754, 0.99971878778796]]}