{"translation": [[4009.3269186000107], [2357.008587900549], [20.5890362]], "rotation": [[0.879744141822, -0.47544733676312, -0.0002461141251599505], [0.47542351878407996, 0.8796946461996, 0.010478211023959808], [-0.004765332545559951, -0.009335153140439808, 0.99994507174896]]}