{"translation": [[3975.2706149999867], [2400.1180293001235], [20.761292]], "rotation": [[-0.8469362437968, 0.5314231410525598, 0.01698714661168], [-0.5316330877213598, -0.84689185374888, -0.01185610153404], [0.00808566855792, -0.01907229030724, 0.9997854118360799]]}