{"translation": [[4007.468549399986], [2360.3161257002503], [20.599663600000003]], "rotation": [[0.8790923977399, -0.47665001599044, 0.00114744283848], [0.47662621247292003, 0.87906814851376, 0.00816345421836], [-0.00489979106424, -0.00662952919668, 0.9999660201175]]}