{"translation": [[4011.396520500013], [2353.329592499882], [20.5943913]], "rotation": [[0.87938895943472, -0.47609548368284, -0.0028504437254800005], [0.47607434104396, 0.87925154267888, 0.01642933528796], [-0.005315676080120001, -0.01580479912076, 0.9998609662776]]}