{"translation": [[3994.387048200064], [2368.7855532001704], [20.6711774]], "rotation": [[-0.8622150156043603, 0.50650276050468, 0.0063229687814800005], [-0.50652616651572, -0.8620211105478602, -0.01872450523962], [-0.004033480874119999, -0.019347301174019997, 0.99980468739854]]}