{"translation": [[4012.667301199981], [2351.09089630004], [20.6005063]], "rotation": [[0.87901242572958, -0.47678211003411997, -0.0039958887920600004], [0.47676597450548, 0.87882252194028, 0.019109490702040002], [-0.0055993865437400005, -0.01870258357724, 0.99980941195086]]}