{"translation": [[4012.8206931999885], [2350.824488299899], [20.6013604]], "rotation": [[0.8789104142476402, -0.4769754173900998, -0.003303425056739998], [0.4769452317792598, 0.8787211457820401, 0.0192969295011], [-0.006301372437299998, -0.018535825060740002, 0.99980833956284]]}