{"translation": [[3997.6056104999734], [2363.525741400197], [20.665683]], "rotation": [[-0.8609531197294799, 0.5086743862395999, 0.0031806269566399996], [-0.508585278068, -0.8606452607864998, -0.0251151745085], [-0.01003805442136, -0.023240607605299998, 0.99967950445398]]}