{"translation": [[3992.766877099988], [2371.4389388002455], [20.6736727]], "rotation": [[-0.8628161505576999, 0.50544798461224, 0.008416808254819805], [-0.5055156316543999, -0.8626408109799999, -0.017464101389200053], [-0.0015665129513001918, -0.019323134727679946, 0.9998120636016601]]}