{"translation": [[4012.524210600008], [2351.341009099968], [20.6008842]], "rotation": [[0.87901672155966, -0.4767706268094398, -0.004402040156139998], [0.4767628412641598, 0.8788271909312001, 0.01897279645552], [-0.005177039262739998, -0.018776134515680002, 0.9998103095315]]}