{"translation": [[3987.090522099985], [2395.9763434007764], [20.698269]], "rotation": [[0.87552165258424, -0.48314392116612, -0.00581287713744], [0.48317879114364, 0.8754657452651, 0.00989883334688], [0.0003064137067200004, -0.011475301864639999, 0.9999341096087]]}