{"translation": [[3981.0280761999893], [2406.3594014011323], [20.738812]], "rotation": [[0.86719513927452, -0.4978875959578, -0.008974230914959807], [0.49795621949960006, 0.867159376671, 0.008615307596200052], [0.0034926337939598065, -0.011939926912399949, 0.99992261683452]]}