{"translation": [[3995.3825388000114], [2381.5125047992915], [20.6944066]], "rotation": [[0.8763819269599, -0.48147923393016, -0.011508563249279999], [0.48158002463688, 0.87635997974936, 0.008593450829959999], [0.00594807572064, -0.01307343950348, 0.9998968474595]]}