{"translation": [[4001.4526971000014], [2370.9163571996614], [20.6690283]], "rotation": [[0.8768106367055, -0.48075050101, -0.0090581347893], [0.4808249878, 0.8767617746749999, 0.009803480898], [0.0032287976643, -0.012951174048, 0.9999109170054999]]}