{"translation": [[3981.8541950000217], [2404.9706710996106], [20.7359497]], "rotation": [[0.86836617309176, -0.49583493396020006, -0.009375091315359949], [0.4959171190343601, 0.8682960467652601, 0.011321256768399807], [0.002526879725600051, -0.014480264874639808, 0.99989196256166]]}