{"translation": [[3960.7830175000126], [2437.5194551004097], [20.583588100000004]], "rotation": [[0.8290665537099, -0.55909819107464, -0.00760799606058], [0.5591486967088799, 0.8289591133902, 0.013399352807439998], [-0.00118483574954, -0.015362956224719998, 0.99988128082974]]}