{"translation": [[4001.072027700022], [2371.582834799774], [20.669855]], "rotation": [[0.8767771379416001, -0.48079031480987977, -0.010125957248759998], [0.4808795773249198, 0.876730008476, 0.009966734475559999], [0.004085821458840002, -0.013607970800839999, 0.99989905950704]]}