{"translation": [[3980.5996589999995], [2407.077994200401], [20.7396618]], "rotation": [[0.86654920943846, -0.49905592472302, -0.005971249308100001], [0.49907976149350003, 0.8665491205806, 0.0034666246481], [0.0034443413070200006, -0.00598413048914, 0.9999761630639]]}