{"translation": [[3983.488379599934], [2402.1956406002864], [20.7351964]], "rotation": [[0.87054175772172, -0.4919998893036599, -0.00965303431694], [0.4920893222701399, 0.87045560559558, 0.01245639171402], [0.0022739951741400006, -0.015593963960619999, 0.9998758209183]]}