{"translation": [[3998.480473899981], [2376.128073900938], [20.6750226]], "rotation": [[0.8768651015975, -0.4806162646816, -0.010751446324300001], [0.4807127132036, 0.876824897339, 0.0096633660304], [0.0047827647853000005, -0.0136418254684, 0.9998955074175]]}