{"translation": [[3983.87872410001], [2401.5259835002944], [20.7280117]], "rotation": [[0.8710973078135, -0.49103775086285995, -0.008448920055979806], [0.4911027442453799, 0.87105101871414, 0.009391170632340051], [0.0027480206013398064, -0.012329911546019949, 0.9999202076414]]}