{"translation": [[3965.7553842000198], [2430.3545445995405], [20.6448812]], "rotation": [[0.8332068981534, -0.5527469718670399, -0.01539579559007994], [0.55296114534624, 0.8329070524999801, 0.02235607654905981], [0.00046601224048005777, -0.027140514238139807, 0.99963151974942]]}