{"translation": [[3984.3003630000167], [2400.801605500281], [20.7203638]], "rotation": [[0.8719623290943, -0.48951949157083996, -0.00723561143542], [0.48956210891188, 0.8719461780702, 0.00622849303156], [0.00326009484074, -0.00897329259068, 0.99995442486054]]}