{"translation": [[3978.0842285000253], [2411.251549700275], [20.8005075]], "rotation": [[0.8625398735499, -0.50593563802562, -0.0073532195490399474], [0.50596355638846, 0.8625512379195, 0.002492929623279807], [0.005081266463120053, -0.005870712646159806, 0.99996985727484]]}