{"translation": [[3996.945527300006], [2378.8044699002057], [20.6833643]], "rotation": [[0.87641556542208, -0.48144368069088, -0.01037995539072], [0.48152780735232, 0.87639286609598, 0.00815594682182], [0.00517028989152, -0.01214623583302, 0.9999128647340599]]}