{"translation": [[3985.109363000025], [2399.421556999907], [20.7193121]], "rotation": [[0.8728203610715, -0.4880012066853399, -0.006282219766119807], [0.48804163762965996, 0.87274638138726, 0.01136399767964005], [-6.285934612019302e-05, -0.01298471321035995, 0.9999156930908]]}