{"translation": [[3992.6116874999716], [2386.3221017001197], [20.693848100000004]], "rotation": [[0.8769358941951, -0.48045980921926, -0.01190905367938], [0.48059000453954004, 0.8768456396261399, 0.013228309779260001], [0.00408673111802, -0.01732375155454, 0.9998415805926]]}