{"translation": [[3971.0121031000162], [2422.5256503000855], [20.7525485]], "rotation": [[0.84570326186988, -0.53323354945378, -0.021165527243419753], [0.53362488948398, 0.84540290538396, 0.023203660166379862], [0.005520428405379861, -0.030917863102579754, 0.99950668363308]]}