{"translation": [[3960.2597909999895], [2438.2630920000374], [20.5839174]], "rotation": [[0.82857544427166, -0.55981327739, -0.008475662813659808], [0.5598767045658399, 0.82845495849996, 0.014158625642000057], [-0.000904481486300191, -0.01647681563415994, 0.9998638389636599]]}