{"translation": [[3990.658449999988], [2389.7284102998674], [20.693037300000004]], "rotation": [[0.87736953320198, -0.47971515558972005, -0.00980250875506], [0.47981126014068004, 0.8772628454354799, 0.01382288491164], [0.00196832989486, -0.016831131946440002, 0.99985640903846]]}