{"translation": [[4000.336959099979], [2372.87638530042], [20.6751109]], "rotation": [[0.87705777484046, -0.48026203094766, -0.01086538806184], [0.48037242079086, 0.87697376827758, 0.01262388778872], [0.00346588678904, -0.01629131146968, 0.9998612807868801]]}