{"translation": [[3991.452326699975], [2388.3525459002703], [20.6888883]], "rotation": [[0.87701807914902, -0.4803988583694, -0.00749815779648], [0.4804573186398, 0.87691847160254, 0.0132195223894], [0.0002246295115199996, -0.0151963049498, 0.9998845042575201]]}