{"translation": [[3972.415098999976], [2420.3678681999445], [20.792806]], "rotation": [[0.84996001625678, -0.5264752113597, -0.01979482638144], [0.5268289134147, 0.8496435062539, 0.0236055260544], [0.004390822018559999, -0.030492239894399996, 0.99952535937212]]}