{"translation": [[3969.619687700004], [2424.636481700465], [20.7139385]], "rotation": [[0.8416892094884401, -0.5395132243671401, -0.022017937104580002], [0.53994015556142, 0.8413241127054, 0.02526657994814], [0.004892569230860001, -0.03315497523658, 0.9994382474694]]}