{"translation": [[3988.6707330999197], [2393.205030299723], [20.6924169]], "rotation": [[0.8768611696959001, -0.4806633169931198, -0.008789931369239999], [0.4807404441139198, 0.8767757833867801, 0.012363218638760002], [0.0017642532288400024, -0.01506650188764, 0.9998849373451201]]}