{"translation": [[3981.424459200003], [2405.69297260046], [20.7384378]], "rotation": [[0.86771085215196, -0.4969596585453, -0.01044002877818], [0.49705562392682, 0.8676514047231, 0.01080583074474], [0.0036882441717, -0.0145656113467, 0.9998871135470999]]}