{"translation": [[3994.1858381999773], [2383.5857675001025], [20.6992986]], "rotation": [[0.87640116914364, -0.48140113351251995, -0.013188753721520001], [0.48153729372008, 0.87636371955564, 0.01041487650988], [0.006544412013880001, -0.015478486645519998, 0.99985878359244]]}