{"translation": [[3975.0920425999793], [2416.1252154009417], [20.8319861]], "rotation": [[0.8567109503844801, -0.5156116183136801, -0.01382003630152], [0.51576614464568, 0.85664458288496, 0.01205526844168], [0.00562302238648, -0.01745578757368, 0.99983182440048]]}