{"translation": [[3997.3176649999805], [2378.1586287990212], [20.6807322]], "rotation": [[0.8764041335366399, -0.48146671844808003, -0.01027587484088], [0.48155183511832006, 0.87637532662734, 0.00860911319388], [0.004860521688720001, -0.01249342877852, 0.99991014074574]]}