{"translation": [[3990.2487351999735], [2390.445142599754], [20.6915162]], "rotation": [[0.8772246007275, -0.4799877258305999, -0.009423290901699998], [0.48007722568363986, 0.8771194278732, 0.013688758947479998], [0.0016949157349799987, -0.016532023275799997, 0.9998619002064599]]}