{"translation": [[3972.851767099928], [2419.6884142998606], [20.8044554]], "rotation": [[0.8513241119948, -0.52430558737952, -0.01873310072284], [0.52462842967328, 0.8510008287470999, 0.02371965390256], [0.0035055382787599993, -0.030021030051039996, 0.99954312014174]]}