{"translation": [[3987.878216399986], [2394.5884480001405], [20.6927489]], "rotation": [[0.87634060611292, -0.48160715711339996, -0.00903829498643995], [0.4816843560798, 0.8762779239995, 0.010825132878899805], [0.0027065969595600494, -0.013840108778699806, 0.9999005579175799]]}