{"translation": [[3962.2663310000207], [2435.4011912001297], [20.588733800000004]], "rotation": [[0.82999942775382, -0.55770538973234, -0.008102364359399941], [0.5577575770523399, 0.82983091621182, 0.016945083542199806], [-0.0027267719773999416, -0.018583564756199808, 0.999823592358]]}