{"translation": [[3969.1289684000076], [2425.373137000017], [20.6995197]], "rotation": [[0.840378608088, -0.5416437322787999, -0.019643522054], [0.5419754274388, 0.8401325198235, 0.020975957754299997], [0.0051416658899999974, -0.0282740523143, 0.9995869853355001]]}