{"translation": [[3996.5721897999756], [2379.452743000351], [20.6865021]], "rotation": [[0.8762945949772801, -0.4816573614203198, -0.010676678271839997], [0.48174692532527974, 0.8762692186471801, 0.00849581375776], [0.00526357378064, -0.012588292234559999, 0.99990691052046]]}