{"translation": [[3943.012772899994], [2449.535544300452], [20.5690439]], "rotation": [[-0.8473353832513602, 0.5310241668620798, 0.005986228884319999], [-0.5310570499892798, -0.8472599283892801, -0.01134794475392], [-0.0009541407155199983, -0.01279454578672, 0.99991769121392]]}