{"translation": [[3923.4369128000108], [2480.637477699667], [20.6036208]], "rotation": [[-0.8579000381588798, 0.51372390065524, 0.009775062920199999], [-0.51381535692476, -0.8576957177660198, -0.0187645441346], [-0.0012557658261999997, -0.021120677637399998, 0.9997761449751]]}