{"translation": [[3929.0032397999894], [2471.7048849007115], [20.564627800000004]], "rotation": [[-0.8568595659329001, 0.51540994355466, 0.01200728365752], [-0.51554871877542, -0.8566728132721001, -0.01791954480624], [0.0010504022433600003, -0.02154487414728, 0.99976733045276]]}