{"translation": [[3925.1535681000096], [2477.881692700088], [20.5927286]], "rotation": [[-0.8575328513800001, 0.5142991728359999, 0.011552041481999946], [-0.5144288410019998, -0.8573268826225001, -0.01879531728149981], [0.00023746059600005583, -0.02206030885049981, 0.9997566135535001]]}