{"translation": [[3933.1342451000237], [2465.1145583000034], [20.5384294]], "rotation": [[-0.8556980584779601, 0.5173593914844599, 0.01094685178954], [-0.51747409272686, -0.8555483437441801, -0.016041686265420005], [0.0010662447120600013, -0.01939155446462, 0.99981139757022]]}