{"translation": [[3925.5977925999905], [2477.165580799803], [20.588078]], "rotation": [[-0.8575578667363403, 0.5142758131415999, 0.010700736464099999], [-0.5143868610455999, -0.8573506376307203, -0.01885878908592], [-0.000524334800099998, -0.021676825405920003, 0.9997648924943799]]}