{"translation": [[3947.8635377999744], [2456.0911808004603], [20.531189]], "rotation": [[0.83489842278766, -0.5503826488748399, 0.004852628464499998], [0.5500762366013999, 0.83467298952316, 0.027149935997159997], [-0.018993212259659997, -0.019998122805, 0.99961959411406]]}