{"translation": [[3945.5003806999885], [2445.7368775000796], [20.5810539]], "rotation": [[-0.8438446889149602, 0.53649756740492, 0.009832672370880001], [-0.5365734895278801, -0.8438139062014602, -0.00819526212108], [0.0039002068180800003, -0.01219147874388, 0.99991807476454]]}