{"translation": [[3951.816019700025], [2450.336702699773], [20.5455304]], "rotation": [[0.8332251591195, -0.552919694669, 0.0039599059185], [0.55266487868244, 0.8330218097166, 0.02522363669308], [-0.017245332083420002, -0.018828468451799998, 0.9996739905420601]]}