{"translation": [[3957.245739099977], [2442.534139100462], [20.5793689]], "rotation": [[0.82720107254942, -0.5617918764727999, -0.01132631513614], [0.5619055600616, 0.8270059543488, 0.0179806943608], [-0.0007344775371399999, -0.021237968994400003, 0.99977417911838]]}