{"translation": [[3927.307054499979], [2474.4219854008406], [20.5764195]], "rotation": [[-0.8575198089260201, 0.51431552254198, 0.011796792554499946], [-0.51445062241202, -0.85731285167002, -0.018843439745299808], [0.000422068820300053, -0.02222749184949981, 0.99975284967996]]}