{"translation": [[3943.3509645999875], [2462.598511000164], [20.5300778]], "rotation": [[0.8321855461271601, -0.5544557645324198, -0.006782801773379997], [0.5544323015310199, 0.83183859663068, 0.02548247531862], [-0.008486709736019997, -0.024966752013779996, 0.99965225804748]]}