{"translation": [[3943.435860000027], [2448.88526429981], [20.5702186]], "rotation": [[-0.84674883143368, 0.5319509170326397, 0.006702268025159998], [-0.5319931250569598, -0.84667886728192, -0.01088543258208], [-0.00011584764755999876, -0.01278278602272, 0.9999182901484]]}