{"translation": [[3935.542030600016], [2461.280027399771], [20.5388286]], "rotation": [[-0.8553897089152201, 0.51788798856694, 0.01003574293136], [-0.51798518475274, -0.8552359121413001, -0.01622103254608], [0.0001822491841600004, -0.01907366819152, 0.9998180644449199]]}