{"translation": [[3946.3562057000236], [2458.281626000069], [20.526816]], "rotation": [[0.83407410892544, -0.55163022366256, 0.004946722150240001], [0.5513382901710401, 0.8338682317443, 0.02626508648188], [-0.01861353027536, -0.01917971111932, 0.9996427737731]]}