{"translation": [[3932.7141275000176], [2465.785547000356], [20.5411934]], "rotation": [[-0.8556794651178, 0.51736821027444, 0.011946877997319808], [-0.5175040162871599, -0.85551388620234, -0.016897442638860054], [0.0014785205845198072, -0.020641352632459947, 0.9997858513358999]]}