{"translation": [[3935.128059700015], [2461.941607600078], [20.5374754]], "rotation": [[-0.85548133324816, 0.5177331345685999, 0.01020765390588], [-0.5178318315378799, -0.8553656241412, -0.01414035507216], [0.0014103455657999992, -0.017382657024, 0.9998479155196]]}