{"translation": [[3929.8444101000205], [2470.361150799319], [20.5610239]], "rotation": [[-0.85650870156352, 0.5159806961245599, 0.01253662800952], [-0.51613224426424, -0.85629560994978, -0.01912423683316], [0.00086732104408, -0.02285062866764, 0.9997385141027]]}