{"translation": [[3946.8704231000156], [2457.5315474011004], [20.5264957]], "rotation": [[0.8343819120070002, -0.5511663274791598, 0.004743521255880003], [0.5508790983493199, 0.8341728200407001, 0.02622826582434], [-0.01841305359276, -0.019271283803820004, 0.99964472542534]]}