{"translation": [[3920.4651269000024], [2485.464812900871], [20.6296153]], "rotation": [[-0.8606850757696002, 0.5090383399545598, 0.010058919263519997], [-0.5091367012492799, -0.8604759329491402, -0.01900003441596], [-0.0010162880721599973, -0.021474410890919997, 0.9997688817107]]}