{"translation": [[3932.324628399976], [2466.4073537001386], [20.5432631]], "rotation": [[-0.85568045003016, 0.5173445704366397, 0.012863004681159997], [-0.5175007345902398, -0.85550418972288, -0.017477559576320002], [0.0019624342692400017, -0.021611821531519998, 0.9997645112767201]]}