{"translation": [[3926.0089314000215], [2476.5051916996017], [20.5863227]], "rotation": [[-0.8575631630698601, 0.5142527852736399, 0.0113724415088], [-0.5143784406538, -0.8573413054470601, -0.019507537675639997], [-0.00028174125135999907, -0.022578686275, 0.9997450292578399]]}