{"translation": [[3923.0273156000185], [2481.2983062993735], [20.608815]], "rotation": [[-0.8582540756725798, 0.5131242761683197, 0.010161557168959997], [-0.5132234101868798, -0.8580359463424798, -0.01938774059124], [-0.0012293386473599972, -0.021854758196359996, 0.9997604004209399]]}