{"translation": [[3942.217064400029], [2450.7802774002776], [20.5676159]], "rotation": [[-0.8488568866812198, 0.5285362668029998, 0.009539827752719998], [-0.5286176741345998, -0.8487870741639999, -0.011111482583000001], [0.0022244622112800013, -0.0144749827846, 0.99989275755878]]}