{"translation": [[3924.296050200006], [2479.2609274005517], [20.5981247]], "rotation": [[-0.8576458170109601, 0.51411736875912, 0.0112786169428], [-0.5142409469796, -0.8574543603656001, -0.018124343101199997], [0.00035285899112000047, -0.021344191329839998, 0.9997721245436]]}