{"translation": [[3934.328853599902], [2463.2167055997998], [20.5353154]], "rotation": [[-0.8556659694950799, 0.51743498071248, 0.00985316436336], [-0.5175257586379199, -0.8555709896289799, -0.01287114218946], [0.0017701014494400005, -0.01611266241474, 0.99986861580494]]}