{"translation": [[3931.50535890006], [2467.711942299269], [20.5479084]], "rotation": [[-0.8558703454770002, 0.5170354674481, 0.012653077995299947], [-0.5171884802451, -0.8556755668573203, -0.01830910846185981], [0.001360471901300054, -0.02221425109313981, 0.99975230739468]]}