{"translation": [[3927.7149020999786], [2473.7665304997936], [20.5721001]], "rotation": [[-0.8574962496705598, 0.51436585499556, 0.01131088964812], [-0.51449015604148, -0.8572983172199998, -0.018424490184359998], [0.0002198780547600001, -0.02161827275308, 0.9997662736536]]}