{"translation": [[3954.253099899972], [2446.7956825001165], [20.5671831]], "rotation": [[0.830094702663, -0.55754746786346, -0.009143352386779942], [0.5576053561538601, 0.82982935237262, 0.021436135959459812], [-0.0043642413260199416, -0.02289240519013981, 0.99972840870638]]}