{"translation": [[3930.2452719000285], [2469.7203027997166], [20.5586943]], "rotation": [[-0.85630736344426, 0.5163222671818598, 0.012209353840359944], [-0.5164662728458599, -0.85609423224738, -0.019113009111879808], [0.0005838850236400562, -0.022672329319879805, 0.99974277920312]]}