{"translation": [[3922.5848354999325], [2482.0146689005196], [20.6121339]], "rotation": [[-0.85862032667112, 0.5125067583620401, 0.0103851750332], [-0.51261073613804, -0.85839763451112, -0.0195864461916], [-0.0011235761004000002, -0.022140874229199997, 0.9997542294239999]]}