{"translation": [[3988.2358003000263], [2378.4497419008985], [20.6372769]], "rotation": [[-0.8619514900250401, 0.50683879957484, 0.012399147495359947], [-0.5069903110107601, -0.8616759211221001, -0.021797025407119808], [-0.00036353031423994736, -0.025074230215919806, 0.9996855259383001]]}