{"translation": [[3978.142035100027], [2394.7534068003297], [20.6665416]], "rotation": [[-0.8566890632989201, 0.5155812550404999, 0.01611515279441981], [-0.5157995704917, -0.8565712299803401, -0.015375660404500053], [0.005876374673419807, -0.021484350191699947, 0.99975191467758]]}