{"translation": [[3953.696142299974], [2433.288654799573], [20.6017039]], "rotation": [[-0.8477725502785799, 0.5301848532110199, 0.013636978942559944], [-0.53030275968078, -0.8477788939201799, -0.007083281314239806], [0.0078056930518400555, -0.013236737696159807, 0.99988192300224]]}