{"translation": [[3980.655285999994], [2390.7457545995712], [20.6538557]], "rotation": [[-0.8568591419163399, 0.5152509889357799, 0.017564419074319947], [-0.51549274168182, -0.85677512533154, -0.014258239839119806], [0.007702187356720053, -0.021271636764719805, 0.9997440641159601]]}