{"translation": [[3990.7180870000157], [2374.376002700068], [20.6161507]], "rotation": [[-0.8636880083385002, 0.5039643771823801, 0.00794237206984], [-0.50402041563314, -0.8634892706337002, -0.018704293626720003], [-0.00256814483952, -0.020157790212560003, 0.99979351275276]]}