{"translation": [[3991.7206385000027], [2372.725708499551], [20.6141796]], "rotation": [[-0.86422301398482, 0.5030497139456, 0.00769720058994], [-0.5030948668512001, -0.8639852460618, -0.020608956185600002], [-0.0037170614260599996, -0.0216831599712, 0.9997579827070201]]}