{"translation": [[3974.6116535000037], [2400.4100818000734], [20.6990273]], "rotation": [[-0.8572238139379399, 0.5146976295438599, 0.015932468715659998], [-0.5149042724502599, -0.8571321510149199, -0.014079293335619997], [0.00640965130974, -0.020272800257819995, 0.99977393942798]]}