{"translation": [[3949.461644899973], [2439.745753900148], [20.5775181]], "rotation": [[-0.8449899247649999, 0.53465975347922, 0.011446425709459997], [-0.5347603425627799, -0.8449555223745999, -0.009032543179940001], [0.004842383103459999, -0.01375350223394, 0.9998936906015601]]}