{"translation": [[3958.1936110000242], [2426.3731108997017], [20.6493952]], "rotation": [[-0.84942621909778, 0.52735376323346, 0.01931838598297981], [-0.52750289746526, -0.84954703389186, -0.0032594020347400544], [0.014693018724379808, -0.012959125718059945, 0.9998080697169199]]}