{"translation": [[3982.679562599922], [2387.496357499622], [20.6424668]], "rotation": [[-0.8578369170729001, 0.51371500131218, 0.014587042599339947], [-0.51388182727142, -0.8577793215601001, -0.011839078524339807], [0.006430550921540054, -0.017652014246139807, 0.99982351163276]]}