{"translation": [[3951.763233500009], [2436.2382717002183], [20.5851206]], "rotation": [[-0.8467621561777, 0.53190035917052, 0.008697882538839808], [-0.53195021181908, -0.8467613018088, -0.004905536249240055], [0.004755774597639808, -0.008780663672439945, 0.99995014003094]]}