{"translation": [[3965.172354199982], [2415.4768593003973], [20.7880958]], "rotation": [[-0.8529378521201999, 0.52166126190458, 0.019140817850460002], [-0.5217392938529399, -0.8531042225657999, 0.001057040017220001], [0.01688053108462, -0.009084927731339999, 0.99981623898636]]}