{"translation": [[3962.2109681], [2420.128739199601], [20.7095224]], "rotation": [[-0.8514105697180199, 0.5242675126983, 0.015607133243539998], [-0.5241786635827, -0.8515536034169998, 0.009651676332899999], [0.018350371211459996, 3.6613089099999524e-05, 0.99983161708998]]}