{"translation": [[3948.9923686999828], [2440.458383000456], [20.5798477]], "rotation": [[-0.8445499912405, 0.5353171827444401, 0.013070878789419944], [-0.5354502104306, -0.844499481106, -0.010663971072199808], [0.005329743295700055, -0.016005061316919807, 0.9998577058013399]]}