{"translation": [[3987.237867399992], [2380.0926807001233], [20.643185100000004]], "rotation": [[-0.8614347153744397, 0.5076378546582401, 0.015295369927479999], [-0.50785538185748, -0.8612364016872397, -0.018832955488159997], [0.0036126087017599997, -0.02399119863628, 0.99970564239276]]}