{"translation": [[3981.669299200061], [2389.125046099536], [20.6482889]], "rotation": [[-0.8574035178536997, 0.5143439224359599, 0.01759968287422], [-0.5145790976638, -0.8573394061715998, -0.0133306668066], [0.0082323527373, -0.02048618761972, 0.9997562425476599]]}