{"translation": [[3976.1286854000064], [2397.9682562006637], [20.6895797]], "rotation": [[-0.8570617734853002, 0.51497667038278, 0.01561756456266], [-0.5151997444421801, -0.8568661112777801, -0.01869367878606], [0.0037553545925400004, -0.02406780549426, 0.99970327498348]]}