{"translation": [[3964.216882799985], [2416.9836419997737], [20.770082]], "rotation": [[-0.8524255793530402, 0.52253018053632, 0.018240900519840002], [-0.52254625719936, -0.8526002647434402, 0.004252763135680001], [0.01777439478672, -0.00590655026464, 0.9998245763849599]]}