{"translation": [[3968.1873210999765], [2410.6910309009254], [20.801735]], "rotation": [[-0.8545923317241799, 0.51879069829662, 0.02298793777392], [-0.5191561200694199, -0.8545595416454599, -0.014324808412319999], [0.01221298148112, -0.02417619702288, 0.99963311001472]]}