{"translation": [[3954.205958799983], [2432.5058751003817], [20.6052755]], "rotation": [[-0.8479447268980006, 0.52988308869736, 0.014612070373520001], [-0.53002496683816, -0.8479404717172806, -0.008387557128560003], [0.007945742020880001, -0.014856947833360001, 0.9998580580632801]]}