{"translation": [[3991.2393768000184], [2373.5175467003137], [20.6160418]], "rotation": [[-0.8639532386499401, 0.5035009028869598, 0.008444361345659996], [-0.5035633505821598, -0.8637208026197201, -0.02024826250392], [-0.0029014473954599974, -0.021745826633519996, 0.99975932132878]]}