{"translation": [[3970.6443966000224], [2406.774781299755], [20.758167800000003]], "rotation": [[-0.8559352280271999, 0.5164744235717599, 0.025081080818879997], [-0.5169558570912799, -0.8557932574150598, -0.01935323689536], [0.01146876793056, -0.02953092879552, 0.9994980698371]]}