{"translation": [[3976.611699400062], [2397.1975045995787], [20.6872831]], "rotation": [[-0.8568986393313999, 0.51520601945988, 0.01694836608164], [-0.5154628042107601, -0.8567020901070599, -0.01895768958762], [0.00475258621292, -0.02498107346826, 0.9996766271411001]]}