{"translation": [[3988.7131994999945], [2377.6645922996104], [20.625498800000003]], "rotation": [[-0.8623237280089, 0.5062645130893398, 0.009709207847079997], [-0.5063556921584599, -0.86210920077906, -0.019284105921559998], [-0.0013924616085199985, -0.02154545216236, 0.999766900118]]}