{"translation": [[3958.6756799999857], [2425.6282740999013], [20.6516708]], "rotation": [[-0.84960290539826, 0.52708419984666, 0.018893346777719807], [-0.52719684445158, -0.8497422604957, -0.0011777330751600555], [0.015433712474759807, -0.010961118871079945, 0.9998208111325999]]}