{"translation": [[3972.163793099986], [2404.3664060002193], [20.7232571]], "rotation": [[-0.8567519080004202, 0.51481869744986, 0.03062127000752], [-0.5154244684389401, -0.8567747819309802, -0.01656428875976], [0.01770792916408, -0.02997444050704, 0.9993937973046]]}