{"translation": [[3987.719952400017], [2379.3031427003443], [20.6449883]], "rotation": [[-0.8617941571200399, 0.5070087025667399, 0.01590125728378], [-0.50725213263978, -0.86151139036154, -0.02220905088726], [0.00243893296526, -0.027205579032779998, 0.99962688441446]]}