{"translation": [[3971.6446635000175], [2405.190809200518], [20.7346237]], "rotation": [[-0.85626168772432, 0.51560913454724, 0.031038721345959808], [-0.5162402900068399, -0.8562695915145, -0.017280316495880053], [0.017667620807559806, -0.030819908111319943, 0.99936879505382]]}