{"translation": [[3973.143395500025], [2402.7787399999797], [20.6987942]], "rotation": [[-0.8568886212637599, 0.51507347655288, 0.02100041621076], [-0.51532237550136, -0.8569535059983999, -0.008564510421119999], [0.01358502988332, -0.018160817240639997, 0.9997427827468]]}