{"translation": [[3948.097086200025], [2441.812605000101], [20.5794205]], "rotation": [[-0.8434669944022802, 0.5370319249459801, 0.012663348093779999], [-0.53715549525438, -0.8434228792066601, -0.01010149422922], [0.005255731552379999, -0.015322462480179998, 0.99986879111462]]}