{"translation": [[3989.1932723000064], [2376.877378700301], [20.6194528]], "rotation": [[-0.8627197023123999, 0.5056070064148, 0.0087569442696], [-0.50568047489224, -0.8625334106211999, -0.01799407125168], [-0.0015447722923199996, -0.019952051316, 0.99979974463456]]}