{"translation": [[3959.1993585000164], [2424.8190299002454], [20.6547496]], "rotation": [[-0.8499089378161799, 0.5265796776848001, 0.01920604353094], [-0.5266652557928001, -0.8500726140832, 0.0007005608624000006], [0.01669543049594, -0.0095197423384, 0.99981530150798]]}