{"translation": [[3979.1532524999348], [2393.141719199717], [20.6616046]], "rotation": [[-0.8566187016267404, 0.51568858373424, 0.016418588985439807], [-0.5159067688593599, -0.8565247103829003, -0.014335682375280056], [0.006670180147039809, -0.02075067589847995, 0.9997624308463999]]}