{"translation": [[3959.683596500021], [2424.0690765995532], [20.6609065]], "rotation": [[-0.8500887416303398, 0.52625551561152, 0.020114831827979997], [-0.52635186666072, -0.8502668462981198, 0.0005877071523199993], [0.01741225527582, -0.01008787516648, 0.9997975035867801]]}