{"translation": [[3953.227178399975], [2434.0057827997953], [20.599534100000003]], "rotation": [[-0.8475678683602599, 0.5305447178245, 0.012284824785199808], [-0.5306394926572999, -0.8475745079621799, -0.0062520630971200555], [0.0070953057639998075, -0.011817861443119944, 0.99990499287792]]}