{"translation": [[3969.6535353999934], [2408.354276600294], [20.7812787]], "rotation": [[-0.8553533643727999, 0.51745138045344, 0.02479914330528], [-0.51792398015328, -0.8552086006479999, -0.01932114700704], [0.011210683477439996, -0.029370475078079997, 0.99950572577216]]}