{"translation": [[3961.6881610000273], [2420.946616901085], [20.6936894]], "rotation": [[-0.8511373979066601, 0.5247220744559399, 0.015227734261320002], [-0.52462408390938, -0.85127335097986, 0.01016178733564], [0.01829507841804, 0.0006602410665199994, 0.99983241305144]]}