{"translation": [[4014.2079464999842], [2343.0235695997253], [20.6245863]], "rotation": [[0.87643067640876, -0.48152680147123983, -0.0010901187945999988], [0.48143582356339987, 0.87621629327966, 0.021553064511739998], [-0.009423199241239997, -0.0194145889705, 0.99976711138766]]}