{"translation": [[3986.298858700029], [2391.105458099395], [20.659373]], "rotation": [[0.8316355152134, -0.5552742472098201, -0.007271742228460001], [0.5553176241508601, 0.8315067260903, 0.014795228495780001], [-0.002168906847620001, -0.01634236409966, 0.99986410225446]]}