{"translation": [[3995.2551637999713], [2376.140781599097], [20.6477345]], "rotation": [[0.8731822454502, -0.48731569219852006, -0.00872788283204], [0.48739349323036, 0.8730631071131, 0.01443562675442], [0.0005852848533199999, -0.01685884634734, 0.9998577082436599]]}