{"translation": [[4008.5220094000106], [2353.0262233996764], [20.605958800000003]], "rotation": [[0.87726445950574, -0.4800064794912, -0.0009232068981], [0.47992192723439997, 0.87707039920412, 0.02055390919488], [-0.009056291963700001, -0.01847428131312, 0.99978831985262]]}