{"translation": [[3998.0447204000666], [2371.339681999758], [20.6435533]], "rotation": [[0.8741661024587, -0.48552149306396003, -0.01012400401312], [0.48562533003236, 0.87402827393592, 0.015575800241440002], [0.0012862796259199994, -0.018532309492960003, 0.9998274345987801]]}