{"translation": [[3994.121529099997], [2378.0898462003097], [20.653684]], "rotation": [[0.8729527005207001, -0.48771016126325994, -0.00961225267792], [0.48780394206393995, 0.8728200874349401, 0.01524543338424], [0.0009544149304800001, -0.01799743683856, 0.9998375774982]]}