{"translation": [[3985.563263399992], [2392.1389752002433], [20.6603272]], "rotation": [[0.81852298975422, -0.5744380458350401, -0.006407456984799939], [0.57446874290896, 0.8184181905007799, 0.01331681820359981], [-0.0024057074615999397, -0.01458100557879981, 0.999890797464]]}