{"translation": [[4001.326249099977], [2365.628804200329], [20.6411644]], "rotation": [[0.8784527607287, -0.4778139896338, -0.003811454545799999], [0.47780402721475995, 0.8782966919927, 0.017269079446679998], [-0.004903820233319999, -0.0169911988338, 0.9998436136190401]]}