{"translation": [[4000.0734345000237], [2367.8246723003685], [20.6466742]], "rotation": [[0.8777865207503001, -0.47899337630763983, -0.007493439612979998], [0.47904590463139984, 0.8775891593030001, 0.0187688810462], [-0.0024140090532999976, -0.020064772444520002, 0.99979576786326]]}