{"translation": [[3994.8842695999774], [2376.77718009986], [20.6498347]], "rotation": [[0.87300287176236, -0.48761916338204, -0.009671539868479951], [0.48771401893712, 0.8728704506198001, 0.015238551587559808], [0.0010113916307600513, -0.018020244861919808, 0.9998371106654]]}