{"translation": [[4012.875381299993], [2345.3686157995835], [20.6221954]], "rotation": [[0.8765064853708401, -0.4813897399635598, -0.0005243003654801914], [0.48130573781627983, 0.8763321157263001, 0.019666855047059947], [-0.009007961932839804, -0.017490474554220047, 0.9998064512111]]}