{"translation": [[3991.173473700066], [2383.143334299326], [20.662754]], "rotation": [[0.8723076764045401, -0.48866769413218, -0.016829315136119998], [0.48893322167742, 0.87209001609414, 0.020083128733719997], [0.0048627025974799995, -0.02574707810868, 0.99965666213724]]}