{"translation": [[3996.856203000003], [2373.392110299319], [20.6464005]], "rotation": [[0.8734348829931801, -0.48685351566896, -0.009228353633260002], [0.48694052907463997, 0.87325172102892, 0.017898489553119998], [-0.0006552667521400003, -0.02012682450232, 0.9997972202231]]}