{"translation": [[4004.2379272999824], [2360.5263705989346], [20.6189318]], "rotation": [[0.87779056735992, -0.47904254271408003, -0.0014064816042800004], [0.47900062326448006, 0.87766640334534, 0.01612772252808], [-0.006491443037880001, -0.014830468358480002, 0.9998689506094199]]}