{"translation": [[3982.495466499997], [2396.044190299697], [20.690858]], "rotation": [[0.7775042682959001, -0.6288079010559998, -0.0093675848842], [0.6288768997150399, 0.7774404150575001, 0.010013058462279999], [0.0009864490937200017, -0.013676253307, 0.99990598909104]]}