{"translation": [[4012.4552183999913], [2346.111340400763], [20.6250102]], "rotation": [[0.8765037873902001, -0.48139392820758, -0.0009944824582600008], [0.48129892088778004, 0.87628579962972, 0.021783905206139997], [-0.00961518916834, -0.01957231868346, 0.99976220795948]]}