{"translation": [[3985.1747092999285], [2392.6712651997805], [20.6644847]], "rotation": [[0.81193943959422, -0.58370365013044, -0.00666073046497981], [0.5837307117155599, 0.8118015063778801, 0.015386373685960061], [-0.00357389227202019, -0.01638087664195994, 0.9998594371971]]}