{"translation": [[3987.7229100000113], [2388.9526414005086], [20.6524787]], "rotation": [[0.8541633510078199, -0.51994495537746, -0.00788702356378], [0.5200031693387399, 0.85402482375628, 0.01543684702794], [-0.00129059708282, -0.01728686628714, 0.9998497380131]]}