{"translation": [[4013.3313654999947], [2344.5651252996176], [20.6208733]], "rotation": [[0.87651622336758, -0.48137231282882004, -0.0001297209267199506], [0.48129052456562, 0.87636226600886, 0.018671365888719805], [-0.00887419568391995, -0.016428188659519807, 0.99982566644528]]}