{"translation": [[3997.754309399985], [2362.787831400521], [20.5967965]], "rotation": [[-0.8634021184582599, 0.5045119572578399, 0.0022029757439800002], [-0.50439563202072, -0.8630909061145999, -0.02568112911576], [-0.01105506746626, -0.023284307550480002, 0.9996677580947]]}