{"translation": [[3983.278363700025], [2395.097353200428], [20.677813600000004]], "rotation": [[0.78674066625678, -0.6172616946072601, -0.005206310773819811], [0.61728298936874, 0.78669949504542, 0.008099183360940065], [-0.0009035138581801887, -0.009585724056939936, 0.9999536477022]]}