{"translation": [[3987.360424000013], [2389.525157299824], [20.651359600000003]], "rotation": [[0.84897458530142, -0.5283902340317199, -0.0067757138413], [0.5284251716922799, 0.84881838691352, 0.016558386439], [-0.0029979393155, -0.0176381070238, 0.99983994195894]]}