{"translation": [[4006.7963480000035], [2356.050396499224], [20.6079421]], "rotation": [[0.8774757803744001, -0.47961962921287976, -0.0011230839474401424], [0.4795445672919198, 0.8772918549852001, 0.019899857731239753], [-0.008559090177039754, -0.018000211960359853, 0.99980134743704]]}