{"translation": [[3984.4105645000236], [2393.665760400705], [20.6748872]], "rotation": [[0.8010541662192, -0.5984972116344, -0.010644921595199999], [0.5985916591224, 0.80094213260768, 0.01340633254144], [0.0005023136592, -0.01711115977856, 0.9998534672115199]]}