{"translation": [[4007.657096699986], [2354.5430370001122], [20.6056014]], "rotation": [[0.8773721523017401, -0.4798098590390598, -0.0007828566577999987], [0.4797251800540998, 0.8771842069621402, 0.020288568695560002], [-0.009047945495559997, -0.018176181297800003, 0.99979385931704]]}