{"translation": [[4005.5307172000175], [2358.2646166998893], [20.6111288]], "rotation": [[0.87767796769532, -0.47925068425545975, -0.0004039203321399977], [0.47918843574705977, 0.8775497430183, 0.016878627309979997], [-0.007734633620739997, -0.015007553240179997, 0.9998574642339799]]}