{"translation": [[3997.269524900068], [2363.5828450992703], [20.5990567]], "rotation": [[-0.8635123923532998, 0.5043265917393598, 0.0009835592278199983], [-0.5041752717067198, -0.8632020956601998, -0.02625581327664], [-0.012392494649939998, -0.02316810730128, 0.9996547728428601]]}