{"translation": [[3979.7294539000723], [2399.1642477996647], [20.7184484]], "rotation": [[0.7429415638334, -0.66916220587136, -0.01611734042307974], [0.6693304243298799, 0.7429090992820401, 0.009102031075039884], [0.005882983539039885, -0.017550103608919742, 0.9998286775062001]]}