{"translation": [[3988.7417100999737], [2387.299583500251], [20.6569809]], "rotation": [[0.86528276971734, -0.5011674157757399, -0.010813633785579948], [0.50128406358242, 0.8650827146511, 0.018605624644739808], [3.0154243260052845e-05, -0.021519828874579806, 0.9997684212005999]]}