{"translation": [[3999.678782699979], [2368.5121590998024], [20.6466799]], "rotation": [[0.87712123460982, -0.4801900692768401, -0.008708317723880001], [0.4802670054331601, 0.87692074704758, 0.018804374997560002], [-0.00139316974612, -0.020676034307560005, 0.9997852572824001]]}