{"translation": [[4000.8990163999842], [2366.3837927998975], [20.6444694]], "rotation": [[0.8782297259962202, -0.4782276934902798, -0.0032900407083999985], [0.4782040516662798, 0.8780615671662202, 0.018132072461], [-0.005782400785999999, -0.0174974358334, 0.9998301873740001]]}