{"translation": [[4002.158766900073], [2364.170454000123], [20.6328569]], "rotation": [[0.8782426413823201, -0.4782134510479998, -0.0013304453001599498], [0.47817655650719976, 0.8781326729100001, 0.015172395190399807], [-0.0060873356118399495, -0.013961232239999807, 0.99988400744832]]}