{"translation": [[4004.6801491000224], [2359.7529602004215], [20.6144836]], "rotation": [[0.87777313533678, -0.47907655004786, 4.35213301598061e-05], [0.47902362897165995, 0.8776775153547, 0.01478383448071995], [-0.007120785538639806, -0.01295600514712005, 0.99989071220892]]}