{"translation": [[3997.6231398999807], [2372.065364400856], [20.6457577]], "rotation": [[0.87384910166744, -0.48607833315736, -0.010752079671599806], [0.4861956874996, 0.87368844075224, 0.016800822218640054], [0.0012274522773598057, -0.019908998101199952, 0.99980104279024]]}