{"translation": [[4010.2553842000198], [2349.979918700643], [20.616274]], "rotation": [[0.8768956525330202, -0.4806742666778798, -0.002505423942339997], [0.4806003819218798, 0.8766417084188002, 0.02286047268004], [-0.008792081209339997, -0.021250356898039998, 0.9997355258607801]]}