{"translation": [[3943.2324694999843], [2407.2176208002493], [20.8730512]], "rotation": [[-0.4110371731856999, -0.91156303313078, -0.01006596436706], [0.91160352761234, -0.41106882831369984, 0.0012130887275800008], [-0.00524361077542, -0.00867754394606, 0.99994860106844]]}