{"translation": [[3954.3433029999724], [2411.6779634002596], [20.8492516]], "rotation": [[-0.2098876996742396, -0.97747335916312, -0.022198727725199843], [0.9775590434099999, -0.21021670111889967, 0.013676732937399875], [-0.01803518875911984, -0.018829989455159873, 0.9996600239115]]}