{"translation": [[3919.2260985000175], [2372.112891400233], [20.7008302]], "rotation": [[0.41262630039605974, 0.9107320422118401, 0.0175156735245], [-0.9109004608404001, 0.41254907068715974, 0.007983109668159998], [4.4397212660002294e-05, -0.0192490749876, 0.99981471842406]]}