{"translation": [[3938.2893412000267], [2404.875703699887], [20.8934809]], "rotation": [[-0.4174599334451995, -0.9085675197473999, -0.0152413268874], [0.9086769762193199, -0.4174994256651394, -0.0006437984040999984], [-0.005778310665239998, -0.014118202701820001, 0.9998836369703]]}