{"translation": [[3930.689259000006], [2401.1516959005967], [20.9178779]], "rotation": [[-0.42630994002194, -0.90446000543322, -0.014553024331620002], [0.90457233655542, -0.42630462650002, -0.003620810799619998], [-0.002929143923580001, -0.01470785177782, 0.99988754327708]]}