{"translation": [[3928.6092975001084], [2376.548894699663], [20.6960343]], "rotation": [[0.4138475586780601, 0.9101699832465999, 0.01791317025546], [-0.91034621358396, 0.4137625132821602, 0.008392611224600001], [0.00022690320469999706, -0.01978044758604, 0.99980432207286]]}