{"translation": [[3952.009780900029], [2411.000218300149], [20.8419762]], "rotation": [[-0.30569134676393994, -0.95199937545306, -0.0158158991239], [0.9520339548589001, -0.3058549447928399, 0.009179029095060002], [-0.01357579919694, -0.012251323046500001, 0.9998327874096601]]}