{"translation": [[3924.287628900027], [2374.4983106004074], [20.6988951]], "rotation": [[0.4132897371542399, 0.91040381618608, 0.018876537873439892], [-0.91059906228784, 0.4132208380834399, 0.007597747068079831], [-0.0008831584068801079, -0.02032903032183983, 0.99979295381624]]}