{"translation": [[3955.499975099927], [2411.908948900178], [20.8506447]], "rotation": [[-0.1539999035581, -0.98782801536336, -0.02190545754197987], [0.9879484856016, -0.15429190552640004, 0.012320916813600154], [-0.01555078147050013, -0.019744043580479848, 0.99968412308126]]}