{"translation": [[3941.1432804000215], [2406.2372605996206], [20.883745]], "rotation": [[-0.4129366336125001, -0.9106835535268, -0.011794051224900001], [0.9107347525835999, -0.41298687012372004, 0.002086441996879999], [-0.0067708747577000005, -0.00987968316888, 0.99992827099278]]}