{"translation": [[3957.791149400058], [2412.177074099891], [20.8457887]], "rotation": [[-0.025512638950120015, -0.9995634466428999, -0.014904064004139857], [0.9994927183468999, -0.02578951258450002, 0.01869001809729986], [-0.019066225635859857, -0.014419671990699857, 0.9997142352343801]]}