{"translation": [[3953.1830310000223], [2411.370329500176], [20.8426647]], "rotation": [[-0.2606995818672998, -0.9652506104894001, -0.018090184398399878], [0.9653034165633201, -0.2609136428358598, 0.010660807018600161], [-0.015010322878240119, -0.014683248446679842, 0.9997795219291999]]}