{"translation": [[3969.680069299997], [2408.157381299883], [20.7944615]], "rotation": [[0.5986797485374, -0.8008874787193199, -0.01271647134636], [0.8009343640294799, 0.5987483470655001, -0.00211304075014], [0.009306273668039999, -0.00892002551174, 0.99991690974566]]}