{"translation": [[3919.9260218000272], [2372.4433108000085], [20.7003428]], "rotation": [[0.41259821041355993, 0.91074164805158, 0.01767383866978], [-0.91091309513222, 0.4125159031628599, 0.008243789146819998], [0.00021722263358000052, -0.01950070376038, 0.99980981959886]]}