{"translation": [[3937.5908517999924], [2404.5386282997206], [20.8928946]], "rotation": [[-0.4187026639925, -0.90801456163866, -0.01407061310862], [0.90810925733514, -0.41873280516436007, -0.0008727910966600007], [-0.00509931792702, -0.01314309226286, 0.9999006231155]]}