{"translation": [[3963.328882400063], [2411.4420039998367], [20.842066]], "rotation": [[0.3174545890174999, -0.9481789359458002, -0.013388788233600001], [0.9482548545262002, 0.3173282731275199, 0.010745615191799998], [-0.005940125349600001, -0.0161072284098, 0.9998526251890201]]}