{"translation": [[3956.650008000026], [2412.0777662992477], [20.8462283]], "rotation": [[-0.09280795010880005, -0.9955211923858399, -0.01800606799608], [0.9955649205520799, -0.09306137173650009, 0.013785812601559998], [-0.015399738313840002, -0.01664677667388, 0.99974283337326]]}