{"translation": [[3960.0428973999806], [2412.1154599003494], [20.8469593]], "rotation": [[0.11674258333623977, -0.9930104769571202, -0.017359703469720003], [0.9930790045180802, 0.11648872290213985, 0.014982177293280002], [-0.012855249376920001, -0.018988615127520002, 0.99973705295854]]}