{"translation": [[3945.1957371999742], [2408.13426390104], [20.8703176]], "rotation": [[-0.4075356309740199, -0.9130981454121398, -0.012900382408199998], [0.9131699966371398, -0.40757814488601984, 0.0007393143773999997], [-0.0059329809618, -0.011478945462599999, 0.999916513287]]}