{"translation": [[3960.5795368999825], [2412.0576905999333], [20.8460403]], "rotation": [[0.15051408605084005, -0.98847505631072, -0.0162011551794], [0.9885072452145999, 0.150244814507, 0.0167280100152], [-0.014101082790719999, -0.01853276051604, 0.999728811339]]}