{"translation": [[3929.9260749000823], [2400.7735489998013], [20.9206665]], "rotation": [[-0.4261612926145002, -0.9045206673731001, -0.015130259311300003], [0.9046446429674202, -0.4261402696627602, -0.0047487152707], [-0.002152301617940001, -0.01571122660058, 0.9998742545727001]]}