{"translation": [[3954.8997408000287], [2411.7987668002024], [20.8512095]], "rotation": [[-0.18370842175890023, -0.9827186669126801, -0.022695233563340002], [0.9828162982482801, -0.18405097933512016, 0.014042685148839999], [-0.01797709160786, -0.019725486305959997, 0.99964380122022]]}