{"translation": [[3941.8656762000173], [2406.5764849008992], [20.8799118]], "rotation": [[-0.4122432436851595, -0.9110146416161801, -0.010394371579259999], [0.91105580374026, -0.4122801912920996, 0.0016057735007800012], [-0.005748275460819999, -0.00880788273594, 0.9999446877399]]}