{"translation": [[3920.6838645000244], [2372.8002607002854], [20.7002828]], "rotation": [[0.4127001777706798, 0.9106929528802202, 0.017802678193139833], [-0.9108669355429803, 0.4126240134810798, 0.007929422755660108], [-0.00012454350173983324, -0.019488344850259895, 0.9998100764207599]]}