{"translation": [[3970.5735946000204], [2407.49647820089], [20.7819562]], "rotation": [[0.62207358746406, -0.7828615595451601, -0.012334690570080001], [0.7828820729662801, 0.6221559319259, -0.00419171104316], [0.010955630194560003, -0.00704905667228, 0.9999151388732]]}