{"translation": [[3931.5126127999974], [2401.5581210004166], [20.9125202]], "rotation": [[-0.4259821831837197, -0.9046433170420601, -0.01262686443482], [0.9047231752594601, -0.42599644085043975, -0.0016726306749399985], [-0.003865866365619997, -0.01213632877246, 0.99991887900428]]}