{"translation": [[3969.244570399984], [2408.4637569999322], [20.8005051]], "rotation": [[0.5853992825712602, -0.8106444629062999, -0.012777936868919999], [0.8107042897525798, 0.5854553206863002, -0.0008142466135599982], [0.008140975865, -0.009882468322199998, 0.9999180273102]]}