{"translation": [[3971.9075049000094], [2406.4540061000735], [20.7653252]], "rotation": [[0.6477239333863, -0.76178772853686, -0.01153638891012], [0.76181511734826, 0.64778867018582, -0.0027370188323600003], [0.009558169180920001, -0.007015763898760001, 0.99992970775148]]}