{"translation": [[3918.4670327000204], [2371.755815600045], [20.7006155]], "rotation": [[0.41243199750679993, 0.91082722037132, 0.017133955563159834], [-0.9109883559875601, 0.41235668085629995, 0.00788247245038011], [0.00011427015412016767, -0.01885981833165989, 0.99982213127126]]}