{"translation": [[3932.2681664000265], [2401.930128200911], [20.9061527]], "rotation": [[-0.42565766242164016, -0.9048298761369601, -0.00992793102768], [0.9048768048388801, -0.42567327242770014, -0.0005893634650599999], [-0.0036927806726400002, -0.00923442118858, 0.9999505431971001]]}