{"translation": [[3958.9218623000197], [2412.184012499638], [20.846677300000003]], "rotation": [[0.045534318537599705, -0.9988394831982401, -0.01569381054992], [0.9988451060804802, 0.04528222290199968, 0.01606105207136], [-0.015331762598560002, -0.01640701492768, 0.99974784166424]]}