{"translation": [[3948.9888801000197], [2409.831525299698], [20.8540165]], "rotation": [[-0.3772348238149801, -0.92605380560062, -0.01086759218528], [0.9260744064462201, -0.37730456355066, 0.00522759681352], [-0.00894142900088, -0.00809216755712, 0.99992728118832]]}