{"translation": [[3968.7682364999782], [2408.7882014997303], [20.8052865]], "rotation": [[0.56924900383022, -0.8220807290680602, -0.011782307518960002], [0.8221448710778602, 0.5692771756930999, 0.0011333287487200012], [0.005775710857840001, -0.01033191021112, 0.99992994394188]]}