{"translation": [[3978.0891992999823], [2388.290890700184], [20.6661845]], "rotation": [[-0.6252343331249998, 0.7798792340778399, 0.029505701741879997], [-0.78018215247252, -0.6255496154432397, 0.0019144492618399997], [0.019950316901359996, -0.021822841400519998, 0.999562778667]]}