{"translation": [[3933.6177285999293], [2378.937719900161], [20.6916877]], "rotation": [[0.41475779502846, 0.9097324979564599, 0.019045759339339996], [-0.90993082192846, 0.4146351103978799, 0.010178990670019998], [0.0013631183036600016, -0.02155213929898, 0.99976679640558]]}