{"translation": [[3984.0162112999824], [2381.301158200018], [20.670143600000003]], "rotation": [[-0.852978676858, 0.5217816118016, 0.013101469091199944], [-0.5219074877055999, -0.85295208030088, -0.009254461824159808], [0.006346115619200054, -0.014731611335839806, 0.9998713449571199]]}