{"translation": [[3956.39741580002], [2389.7438682001084], [20.6530366]], "rotation": [[0.3816508949355, 0.92407495120802, 0.020688055402139888], [-0.9243057506853001, 0.38152642292604, 0.009817562531979834], [0.0011791253158998875, -0.022868970984299835, 0.9997377755162999]]}