{"translation": [[3947.3692373000085], [2385.520653799176], [20.6603808]], "rotation": [[0.4183249133871999, 0.90809531580744, 0.01916077177367989], [-0.90829366748424, 0.41829087889342, 0.0059434979333398315], [-0.0026175130192801054, -0.019889921272859833, 0.99979874957278]]}