{"translation": [[3939.2112846000236], [2381.6154154995456], [20.676271300000003]], "rotation": [[0.4169926820495601, 0.90868310584006, 0.020299650666059998], [-0.9089097698636599, 0.41689613513558, 0.00897787769418], [-0.0003047994264600007, -0.02219426057262, 0.99975363058998]]}