{"translation": [[3952.3660426000133], [2387.898288900964], [20.659576]], "rotation": [[0.4154015609104601, 0.9093268184498399, 0.02379455458362], [-0.9096323669668799, 0.41534954680496006, 0.007321974670159999], [-0.003224987778660003, -0.024685858193119997, 0.99969005587046]]}