{"translation": [[3952.9836377999745], [2388.1910950997844], [20.6585544]], "rotation": [[0.41354951301197995, 0.9101899814453401, 0.023045183569979893], [-0.9104786460725401, 0.41348094797035995, 0.007888171067059833], [-0.002349011527620107, -0.024244295687859834, 0.9997033041423801]]}