{"translation": [[3966.12050359993], [2392.2352675991133], [20.6517066]], "rotation": [[0.011763829193239927, 0.9997710300774401, 0.01787367082908], [-0.99978213502948, 0.011451992772439912, 0.017450005608959998], [0.01724132149536, -0.018075055677719998, 0.99968796591004]]}