{"translation": [[3961.7797102999757], [2391.633684700355], [20.6482047]], "rotation": [[0.22579728949830025, 0.9740394111201799, 0.016208619925659997], [-0.97413451178294, 0.22560651564230016, 0.012789165372620002], [0.008800382301619997, -0.018677135277340003, 0.99978683621276]]}