{"translation": [[3979.541352399974], [2387.039510999806], [20.6640407]], "rotation": [[-0.6965841865193801, 0.7169794324620401, 0.02665647134162], [-0.7171864655880401, -0.6968767011837601, 0.00245760105796], [0.020338328724620002, -0.01740573618196, 0.9996416321106201]]}