{"translation": [[3969.414331900014], [2392.034134699963], [20.6572333]], "rotation": [[-0.16328564504583987, 0.9863902202288402, 0.01928873270056], [-0.98633374933404, -0.16364961653921983, 0.019090876293720006], [0.02198764873624, -0.015907861889880005, 0.9996316737723799]]}