{"translation": [[3960.187779000029], [2391.1820705002174], [20.6491342]], "rotation": [[0.2876737374995, 0.9575612877845, 0.01788977638039984], [-0.9577097380884999, 0.28750137537950005, 0.01161291939160012], [0.00597674935960016, -0.020473945951599883, 0.999772522104]]}