{"translation": [[3941.2525481000193], [2382.5932182995602], [20.6711264]], "rotation": [[0.4177226080786399, 0.90833758733624, 0.02074928180196], [-0.90857279072264, 0.41765774571511993, 0.00757455957108], [-0.001785839184360002, -0.02201629910772, 0.9997560168875199]]}