{"translation": [[3953.5924867999856], [2388.4787879996], [20.6575207]], "rotation": [[0.4109600693184, 0.9113747457585601, 0.02253597620208], [-0.9116526270408001, 0.4108649071331001, 0.008915811588700001], [-0.001133595813600001, -0.024209024767580002, 0.99970627589726]]}