{"translation": [[3943.333304000029], [2383.591325200163], [20.6657205]], "rotation": [[0.41796006229500005, 0.9082367249457999, 0.02038294208839983], [-0.9084641618395999, 0.41789155877628015, 0.0077161066490801095], [-0.0015098084397998316, -0.02174219649607989, 0.99976247048028]]}