{"translation": [[3968.3119522000197], [2392.1639449996874], [20.6562287]], "rotation": [[-0.10477838180337995, 0.9942724498074198, 0.021068074999800002], [-0.9942932845644199, -0.10516088507937993, 0.017947982333399996], [0.0200607203346, -0.019067284906199994, 0.999616929715]]}