{"translation": [[3954.6988773000194], [2388.9901367006823], [20.6543948]], "rotation": [[0.40298437214749994, 0.9149421449222, 0.02200881605739989], [-0.9152064028634, 0.40289050695288, 0.008740725760719834], [-0.0008698832798001085, -0.023664986248719835, 0.99971956652438]]}