{"translation": [[3959.1139978999854], [2390.819116400555], [20.648698]], "rotation": [[0.32149990674672, 0.9467365106144399, 0.01810234795412], [-0.9468982730971598, 0.32134397761968003, 0.01102787384244], [0.004623411886680002, -0.020686543100839998, 0.9997753202423999]]}