{"translation": [[3943.987316999992], [2383.9040467990562], [20.6641803]], "rotation": [[0.4180520533784601, 0.90819491319814, 0.0203583660421], [-0.9084220085189, 0.41798073827846005, 0.007844719586859998], [-0.0013848701631399996, -0.021773489107899998, 0.9997619703207601]]}