{"translation": [[3942.6228501999867], [2383.2508859997615], [20.6667406]], "rotation": [[0.4178730421068, 0.9082840518668, 0.0200553844404], [-0.9085044593268, 0.41780322158328, 0.007754486453840001], [-0.0013359281203999991, -0.02146079684616, 0.99976879802352]]}