{"translation": [[3973.348572099989], [2390.992659199983], [20.6747218]], "rotation": [[-0.36880228391400005, 0.9290789521449602, 0.02823793007272], [-0.9292529232128001, -0.3692425380768001, 0.012213004324800002], [0.0217734864924, -0.02173599446528, 0.9995266189058399]]}