{"translation": [[3969.9888762999326], [2391.933445800096], [20.6589878]], "rotation": [[-0.19347988346056022, 0.9809489992550802, 0.01745392668528], [-0.9809006366873201, -0.19377155016946024, 0.01692841700448], [0.01998798745968, -0.01384525970592, 0.9997043508717399]]}