{"translation": [[3941.91081520007], [2382.909352200106], [20.6686202]], "rotation": [[0.41776151357468017, 0.9083348064902198, 0.02007932400866], [-0.9085554179519798, 0.41769619253358015, 0.007544892943539999], [-0.001533768031059998, -0.021395144724939995, 0.99976992119726]]}