{"translation": [[3929.3534914000775], [2376.903694299981], [20.695842000000003]], "rotation": [[0.41390803741495996, 0.9101417336596801, 0.017949486884879726], [-0.9103185231451202, 0.41381474302255994, 0.00880725524111994], [0.0005880878896800598, -0.019985143906079725, 0.99980010411256]]}