{"translation": [[3950.556623600016], [2387.0408449005336], [20.663011800000003]], "rotation": [[0.4174789685416799, 0.9083915974062801, 0.0231507280194], [-0.9086818371337201, 0.4174233661303798, 0.007415651467899999], [-0.0029273382873999977, -0.024132525459900002, 0.99970448227206]]}