{"translation": [[3980.4450028000283], [2386.1225102003664], [20.6585469]], "rotation": [[-0.7387102384169999, 0.6735429615329399, 0.025435960981419998], [-0.67375186758914, -0.7389574526197199, 0.00047917745994000005], [0.01911884049198, -0.01678355326886, 0.9996763387537201]]}