{"translation": [[3958.557037700026], [2390.6140122003853], [20.6494819]], "rotation": [[0.33669474017120016, 0.9414202727155199, 0.01909102890696], [-0.9416093726006398, 0.33656158275886017, 0.00990130061892], [0.0028959791296799993, -0.02131000806084, 0.9997687216763]]}