{"translation": [[3949.955249099992], [2386.7529309010133], [20.664600600000004]], "rotation": [[0.41785149694075996, 0.90821892472582, 0.02320676339134], [-0.9085069640998601, 0.41782114351356003, 0.00637423016198], [-0.00390708065978, -0.02374698713474, 0.99971036572796]]}