{"translation": [[3977.0857793000177], [2389.031121400185], [20.6691026]], "rotation": [[-0.5727909429033999, 0.8191476689041798, 0.030123274183859995], [-0.8193980732473797, -0.5731918323849798, 0.0061400472533399975], [0.022296023797739997, -0.021165990424259994, 0.99952733234558]]}