{"translation": [[3980.866521799995], [2385.6586784003302], [20.6612554]], "rotation": [[-0.757317324916, 0.6524907561578, 0.0269435476626], [-0.6527534244586, -0.75756913073992, -0.00128499436584], [0.019573157374199998, -0.01856064335016, 0.9996361307800801]]}