{"translation": [[3936.4283396999817], [2380.2825004998595], [20.6848793]], "rotation": [[0.4157014253378998, 0.9092846619549599, 0.01984333289387983], [-0.9095009168896799, 0.4155865143589398, 0.009795949185040105], [0.0006606842775601727, -0.022119719190319888, 0.9997551107803999]]}