{"translation": [[3935.0251756000216], [2379.611731599085], [20.6873869]], "rotation": [[0.4151301708710001, 0.9095726408955999, 0.018565035996799997], [-0.9097609789951998, 0.4150114160355801, 0.010029659744539997], [0.0014180003715999982, -0.02105335866554, 0.99977734791558]]}