{"translation": [[3981.712279099913], [2384.6493857000023], [20.6659227]], "rotation": [[-0.7915219931304, 0.61054590342356, 0.026959655636680003], [-0.61081748586508, -0.7917678989495399, -0.00240458081024], [0.019877680468360002, -0.01837070657648, 0.9996336303855]]}