{"translation": [[3945.3412580000004], [2384.5522662997246], [20.6620459]], "rotation": [[0.41817191046470004, 0.9081490368697399, 0.019940110298919893], [-0.90836632387426, 0.41811158342534005, 0.007304336210359831], [-0.0017037656330801069, -0.02116739258563983, 0.9997744939158]]}