{"translation": [[3949.295323600003], [2386.4376552002504], [20.6658832]], "rotation": [[0.4182224924535801, 0.9080501083664598, 0.02312809330725989], [-0.9083348835375398, 0.41820018651902, 0.00602532499261983], [-0.004200875291260106, -0.02352798096061983, 0.9997143525726]]}