{"translation": [[3982.5145634000073], [2383.584487600252], [20.6602484]], "rotation": [[-0.8194829004864999, 0.57264663017982, 0.02287605427623994], [-0.5728058586241799, -0.8196907331320998, -0.0005014123598398096], [0.01846416099824006, -0.013514437917839808, 0.9997381830676401]]}