{"translation": [[3984.4047159000183], [2380.692288200371], [20.6677664]], "rotation": [[-0.8577686724826001, 0.51381568819904, 0.01504382698152], [-0.5139592452701599, -0.8577787503519401, -0.00784112926266], [0.00887538004992, -0.014457789157860002, 0.9998560896247]]}