{"translation": [[3932.8828073000186], [2378.5872642993927], [20.6927133]], "rotation": [[0.4144908411518, 0.90985289679166, 0.019109016694419834], [-0.91005204734042, 0.41436072646700006, 0.01051500045994011], [0.0016490757146601694, -0.02174857013661989, 0.99976211184924]]}