{"translation": [[3951.2002359000035], [2387.347526599653], [20.6620706]], "rotation": [[0.4168254052862199, 0.9086899212676801, 0.02322010394706], [-0.90898298755392, 0.41675925897152, 0.00784940302544], [-0.00254451927186, -0.02437851055424, 0.99969956168174]]}