{"translation": [[3991.410393600003], [2368.541888500564], [20.6192733]], "rotation": [[-0.8745323122199201, 0.48489065781452007, 0.00860480791868], [-0.4849668585741201, -0.87438075207954, -0.01628509652962], [-0.0003726122177200005, -0.01841489202878, 0.99983036205638]]}