{"translation": [[4026.3810565000167], [2328.0065939007327], [20.6356608]], "rotation": [[0.9267235249397401, -0.3756793288795798, -0.006967625810039998], [0.37573757284373976, 0.9264405608809401, 0.02300350261468], [-0.0021868494085199976, -0.02393588585444, 0.99971110379384]]}