{"translation": [[4020.8239174999762], [2340.500483099371], [20.5743654]], "rotation": [[0.9120102751487, -0.4101097533593, -0.0068727329223], [0.41015687219122, 0.91173928104476, 0.0224234205009], [-0.00292992364446, -0.02326928860578, 0.9997249400271]]}