{"translation": [[4027.441335999989], [2325.5052671004087], [20.6461051]], "rotation": [[0.9272549914292401, -0.37436882701104, -0.006795067911640001], [0.37442564837084, 0.92699801534172, 0.021911735404320003], [-0.0019040555721600008, -0.02286201366308, 0.99973681683852]]}