{"translation": [[4021.9891019000206], [2338.0020818999037], [20.5848771]], "rotation": [[0.91605039806166, -0.40103172570763995, -0.0050220800580998036], [0.40104190609179996, 0.91580107135896, 0.02176661093236004], [-0.004129875350860196, -0.021953377170199958, 0.99975046554366]]}