{"translation": [[3993.7601194001036], [2364.4750736998394], [20.6016747]], "rotation": [[-0.8713280614961999, 0.49062054638428004, 0.00886748979036], [-0.49069513744884, -0.8710900903376999, -0.02049586037318], [-0.002331307284680001, -0.02220985533414, 0.99975061255206]]}