{"translation": [[3994.1715738999774], [2363.76687949989], [20.5976034]], "rotation": [[-0.8705121967744799, 0.49209192766244, 0.00735858275404], [-0.49213717905604, -0.8703034283840999, -0.01931419857098], [-0.0031001615195600006, -0.02043467653622, 0.9997863836863801]]}