{"translation": [[4022.740380299976], [2336.353021999821], [20.593781]], "rotation": [[0.9187143477675, -0.3948882691795, -0.005214905192999999], [0.3949001561763, 0.91844070615942, 0.02281510604684], [-0.0042198369266, -0.023019932154840002, 0.99972610032792]]}