{"translation": [[3986.9591116000083], [2376.414892000146], [20.650116600000004]], "rotation": [[-0.8743091287509, 0.48493653309100004, 0.02049667920289995], [-0.48519410536412, -0.8743487154992401, -0.010050444105799809], [0.01304741754434005, -0.018732062900119806, 0.9997394034027001]]}