{"translation": [[3993.378807800007], [2365.1291769994423], [20.6075594]], "rotation": [[-0.8719178780001602, 0.48956923295964005, 0.009025578208279806], [-0.48964471760972006, -0.8716526205576002, -0.02168041630476005], [-0.002746896354360194, -0.023322865895079953, 0.9997242112343999]]}