{"translation": [[4025.2884495999315], [2330.560732400976], [20.6215947]], "rotation": [[0.92521305493688, -0.37941071529892, -0.005319770660039962], [0.37943129158052, 0.9249497699183, 0.022356339683939803], [-0.0035617149032399612, -0.022702864816739804, 0.99973591216542]]}