{"translation": [[4028.531346799922], [2322.928889299743], [20.6520883]], "rotation": [[0.92626686502462, -0.37680621969239997, -0.00683804363886], [0.376866023526, 0.9260463611349999, 0.020251631946], [-0.0012985959281399998, -0.0213354420132, 0.99977153016862]]}