{"translation": [[4031.8430796000175], [2315.351925599389], [20.6761425]], "rotation": [[0.9164754158317401, -0.4000085403958, -0.008123147398699803], [0.4000906145462, 0.9163142100831201, 0.01719809001212004], [0.0005639727682998042, -0.01901162166787996, 0.9998191037326201]]}