{"translation": [[3997.4234239999787], [2358.292926600203], [20.5781102]], "rotation": [[-0.8604737364211998, 0.50948087457528, 0.0037702573664400003], [-0.50944507903656, -0.8602627589741598, -0.02034021715092], [-0.00711953959428, -0.01942296141996, 0.9997860074680001]]}