{"translation": [[4030.340801400016], [2318.724289700389], [20.6700753]], "rotation": [[0.9214293433448599, -0.38844670895186, -0.008782291836759961], [0.38854597454734, 0.9211941063694999, 0.020819538968119805], [2.914596040039935e-06, -0.022596058157479802, 0.9997446764933999]]}