{"translation": [[4006.7279567000223], [2367.512951900251], [20.5520094]], "rotation": [[0.8775638265514201, -0.47944270870156, -0.00405242808794], [0.47945128886036004, 0.8774663759165999, 0.013387438896280001], [-0.0028626405007400003, -0.013691273971880002, 0.99990217236918]]}