{"translation": [[4029.9852665999206], [2319.53669529967], [20.6659749]], "rotation": [[0.922543834931, -0.38578895524176, -0.008930138504679962], [0.38589229734659997, 0.9222976426134001, 0.0213116396519998], [1.4450076800040339e-05, -0.023106993520679804, 0.99973299766316]]}