{"translation": [[4024.5631546999793], [2332.233949800022], [20.615735]], "rotation": [[0.9236813746389599, -0.3831246277632, -0.00531421687376], [0.38314455488576005, 0.92342136142176, 0.022209063391199997], [-0.0036015775799999998, -0.02255021145424, 0.99973922430456]]}