{"translation": [[4006.3253390999744], [2368.2244432000443], [20.5577323]], "rotation": [[0.87687052953814, -0.48070534171199997, -0.00452323223202], [0.48071568063048, 0.876748273964, 0.014996975047359999], [-0.0032433896234999996, -0.015324794097999998, 0.9998773080335]]}