{"translation": [[3987.676036400022], [2375.1308717997745], [20.6501]], "rotation": [[-0.8763432949419598, 0.48147796158794, 0.01419724661598], [-0.48164961652277993, -0.8762624977683598, -0.013335733853539998], [0.006019651967660001, -0.01852477797642, 0.9998102802068399]]}