{"translation": [[4007.574913699995], [2366.0144956996664], [20.5413618]], "rotation": [[0.8791675357478, -0.47650531088386006, -0.0026728706950200003], [0.4764960701459, 0.8790758121158, 0.0133125184803], [-0.0039938294643, -0.012977546464979998, 0.99990781206204]]}