{"translation": [[4008.426632500021], [2364.495814099908], [20.5312282]], "rotation": [[0.8808404533980401, -0.47340801209519995, -0.00222751170972], [0.47338774397028, 0.8807343975406, 0.014525044752959999], [-0.0049144260168, -0.013848723783, 0.9998920248094]]}