{"translation": [[4009.721558500023], [2362.157873400487], [20.5203303]], "rotation": [[0.88347847788694, -0.46846341765438004, -0.0027922449537], [0.4684489413921, 0.8833609911239, 0.0151307588071], [-0.00462164699262, -0.01467572393566, 0.9998816247422]]}