{"translation": [[3988.4060057000024], [2373.8378240000457], [20.642462]], "rotation": [[-0.8767980889650598, 0.48070529549809976, 0.01213745069303995], [-0.4808398272774597, -0.8767071446034599, -0.013320313710399805], [0.004237845328000052, -0.017515397045039804, 0.99983761257264]]}