{"translation": [[3986.2123601000058], [2377.662831400521], [20.6620507]], "rotation": [[-0.8708191604627998, 0.49143716118508, 0.012791255617239755], [-0.49159257268492, -0.8706790828272999, -0.01596205008325986], [0.003292733657239857, -0.020188144248259755, 0.99979077648734]]}