{"translation": [[4010.983517399989], [2359.855993299745], [20.5098828]], "rotation": [[0.88604427628982, -0.4635977426058, -0.0016302335953199995], [0.46356275485739995, 0.8859215147326399, 0.015894218524199998], [-0.00592426533732, -0.0148386968526, 0.99987234992182]]}