{"translation": [[4017.267029099923], [2347.8355664005503], [20.5339292]], "rotation": [[0.9015336196841399, -0.43270835057794005, -0.0007770253500000005], [0.43262643454590005, 0.90132495555294, 0.021158460551440002], [-0.00845509079656, -0.0194112251268, 0.99977583275004]]}