{"translation": [[3996.991903499991], [2359.005988799967], [20.5814922]], "rotation": [[-0.8623512269629802, 0.50629092665964, 0.0044280351855601925], [-0.5062699128908401, -0.8621390300017002, -0.02016970093771995], [-0.006394154751239807, -0.019635150025880052, 0.99978676508528]]}