{"translation": [[3994.97482220002], [2362.4036187008023], [20.5901134]], "rotation": [[-0.86887254086242, 0.49497408630016, 0.00783744843034], [-0.49503336276943993, -0.86870582817088, -0.017100227918720002], [-0.00165573299674, -0.01873771440208, 0.9998230626626999]]}