{"translation": [[4021.2257262999774], [2339.646164400503], [20.5786343]], "rotation": [[0.9134233344747, -0.40696116653465997, -0.00635722082252], [0.40699914576165996, 0.9131674313350201, 0.021838749166439998], [-0.0030823161934799997, -0.02253540655556, 0.99974129391468]]}