{"translation": [[4020.452183599933], [2341.2892467994243], [20.5688038]], "rotation": [[0.91064408553452, -0.41313505254602, -0.006840581854539762], [0.41317968129717997, 0.91036666631132, 0.022695805834939846], [-0.0031489943588601534, -0.023494190710339764, 0.9997190139668399]]}