{"translation": [[4026.0370958999847], [2328.8133795000613], [20.6304526]], "rotation": [[0.92641386379484, -0.37646060800104, -0.005895031149319999], [0.37649540136971993, 0.9261507343366, 0.022271456882159996], [-0.0029246395021600004, -0.022852038589319997, 0.9997345801622]]}