{"translation": [[4008.7359734000056], [2420.2215812997892], [20.644404]], "rotation": [[0.57816414666478, 0.8158974892042798, 0.0061162559022599995], [-0.81590074464612, 0.57808191547288, 0.011277226375559998], [0.00566536512654, -0.011510345736359999, 0.99991770439366]]}