{"translation": [[4005.8924324000254], [2368.985605499707], [20.5639071]], "rotation": [[0.87628755810446, -0.48176211097466, -0.00504048785466], [0.48178068935446, 0.87616594309838, 0.014853623097179998], [-0.0027396083141399998, -0.015444454772219998, 0.99987697412508]]}