{"translation": [[3993.9115805000183], [2390.560442900285], [20.5975904]], "rotation": [[0.9229205054871801, -0.38474183553926, -0.013836977676899998], [0.38494414774426, 0.92277114077918, 0.0176472739917], [0.005978719160099999, -0.021613494575700002, 0.999748524267]]}