{"translation": [[4003.449881299981], [2373.215048099868], [20.5942364]], "rotation": [[0.87326919242892, -0.48707338758391994, -0.012665844914039999], [0.48722935614732, 0.873113734695, 0.016731758707759996], [0.00290912841416, -0.02078250102156, 0.99977978805708]]}