{"translation": [[3994.9590353000094], [2407.79533599969], [20.6269171]], "rotation": [[0.8333674035660001, 0.5527186089917198, -0.0009461358250400015], [-0.5526087440592398, 0.8332335662993601, 0.018584541816519997], [0.011060374677679997, -0.01496490826964, 0.9998268448172]]}