{"translation": [[3992.711096400104], [2393.6225308002904], [20.6006743]], "rotation": [[0.95769481173006, -0.28733329171526006, -0.01613172086111997], [0.28758178558842, 0.95762143991646, 0.016059258387039803], [0.010833722520160028, -0.020019057276479804, 0.99974090035116]]}