{"translation": [[4004.3572268999997], [2416.934665299952], [20.6428637]], "rotation": [[0.5925631695119602, 0.8054655919676599, 0.00969760867841982], [-0.8055217637825798, 0.5925467702894002, 0.004794414571260092], [-0.0018845504753398227, -0.01065262853321991, 0.9999414832734]]}