{"translation": [[3993.0191193000064], [2404.0729470988736], [20.6239025]], "rotation": [[0.92786927703404, 0.37275239330904, -0.010689532303959803], [-0.37249765618115993, 0.9278137822582, 0.02017646350727996], [0.017438720080239806, -0.014739295183320037, 0.9997392881389999]]}