{"translation": [[3992.064699599927], [2400.543631900102], [20.6146746]], "rotation": [[0.98764560897516, 0.15632535783729998, -0.010887326678540001], [-0.15611384825846, 0.98757252360396, 0.018137731924699998], [0.0135874120825, -0.01621398885154, 0.99977621936316]]}