{"translation": [[3992.4256984000094], [2402.2824330991134], [20.6174404]], "rotation": [[0.9630416168641199, 0.26909594196035996, -0.01175678998652], [-0.26885814498484, 0.96300110971998, 0.018551670012539996], [0.01631398068012, -0.014705121740739997, 0.9997587776331]]}