{"translation": [[3999.4648620000225], [2413.0040342006832], [20.6307968]], "rotation": [[0.6561476564116402, 0.7546235045969, 0.0036929627346999165], [-0.7545983383206999, 0.6560634690801201, 0.01273149736381982], [0.007184668921099917, -0.01114044574417982, 0.99991213164252]]}