{"translation": [[4009.552723300003], [2420.816957799718], [20.645184]], "rotation": [[0.5747863645095599, 0.8182753410431999, 0.006786555327679908], [-0.81828574654432, 0.5746995340179, 0.01135070533973982], [0.005387772729599908, -0.012077572187299821, 0.9999125482491]]}