{"translation": [[4004.6765451999963], [2371.102762499824], [20.576100600000004]], "rotation": [[0.87452799104088, -0.4849423933312, -0.00562584552392], [0.4849744444496, 0.87445015002816, 0.011692110035200001], [-0.0007504788159200001, -0.0129534688976, 0.9999158186632799]]}