{"translation": [[4006.5069217000273], [2418.5660864003003], [20.6463958]], "rotation": [[0.58604344885238, 0.8102354773607602, 0.00846281776498], [-0.8102760261624401, 0.58597751248412, 0.009120762146360002], [0.0024309432216199998, -0.012202380985160001, 0.9999225932175]]}