{"translation": [[4000.4044520999887], [2378.434905299917], [20.5951304]], "rotation": [[0.8716864643467199, -0.48987533684752, -0.01359699893551995], [0.49002673374928, 0.8716267841055201, 0.011856036656719806], [0.006043528980320052, -0.016997639327919804, 0.99983726477624]]}