{"translation": [[3992.8456486000214], [2403.6028040992096], [20.6228508]], "rotation": [[0.93794708843744, 0.34664968434335974, -0.009447702312160002], [-0.3464196495465598, 0.9378678864815201, 0.019931316106079996], [0.015769880860959998, -0.01542165031152, 0.99975671219192]]}