{"translation": [[3997.1262403000146], [2410.6518080001697], [20.629895]], "rotation": [[0.74020501143132, 0.6723721132081399, 0.003508819201619999], [-0.67231806329454, 0.74005380087294, 0.01757335991506], [0.009219121435819998, -0.01536693173166, 0.9998394197206201]]}