{"translation": [[4002.666125699994], [2374.5648680999875], [20.595452]], "rotation": [[0.87256140483804, -0.4883096926635, -0.013793142208539999], [0.48849259180053994, 0.87238913780934, 0.017668954084499998], [0.0034050663867, -0.02215509497446, 0.99974874709254]]}