{"translation": [[3996.8139976999955], [2384.726109900512], [20.6188113]], "rotation": [[0.88514320687422, -0.4650222529552, -0.0166078420359], [0.4652785984632, 0.88497168334272, 0.0184650575152], [0.0061108078631, -0.0240714933768, 0.9996915630675]]}