{"translation": [[3994.6475995999062], [2407.302889599465], [20.6289619]], "rotation": [[0.8472812732138999, 0.5311426394610801, -0.0014039382195399994], [-0.5310152492801201, 0.8471304491574, 0.019820131371560003], [0.01171663467806, -0.01604771391604, 0.99980257620654]]}