{"translation": [[3997.0875251999823], [2384.227629099041], [20.613109100000003]], "rotation": [[0.88293800060294, -0.46927422918898, -0.01421938358456], [0.46945262538753996, 0.88284357763974, 0.014193516159520001], [0.005892840332320001, -0.01920732160696, 0.99979815624944]]}