{"translation": [[3992.4890092000132], [2394.3600123003125], [20.5985452]], "rotation": [[0.967834829835, -0.2510510405138, -0.0164048354866], [0.2513028267898, 0.96778169682702, 0.01566773591014], [0.0119428982186, -0.01928636196986, 0.99974266860798]]}