{"translation": [[4002.2950941000017], [2375.200215401128], [20.5937515]], "rotation": [[0.8723336604342201, -0.4887181735695599, -0.013731620674339948], [0.48889481746355984, 0.8721894227932001, 0.01635524270867981], [0.003983470946660053, -0.020980546456679808, 0.9997719483339801]]}