{"translation": [[3991.9989298000582], [2400.103504098952], [20.6099878]], "rotation": [[0.99191998390748, 0.12604595425475998, -0.014393116821200012], [-0.12579756801624, 0.99190977540012, 0.0170284531385998], [0.016423041040599988, -0.015080243734799801, 0.9997514040686001]]}