{"translation": [[3992.8378517000237], [2393.237021099776], [20.5988705]], "rotation": [[0.95230525698278, -0.30475644658954, -0.0154339448945], [0.30497569831454, 0.95224701048278, 0.0146783968865], [0.0102235918565, -0.018685292604499998, 0.999773143275]]}