{"translation": [[3995.087867699971], [2388.045768099837], [20.605377800000003]], "rotation": [[0.90548775863516, -0.42409091728136, -0.015453025891439761], [0.42433554975064, 0.9052883609387, 0.019806763973579847], [0.005589574900559848, -0.02449205097041976, 0.9996843982155]]}