{"translation": [[4007.995384300011], [2419.6785406004637], [20.6438962]], "rotation": [[0.5808778338988001, 0.8139700474180799, 0.00580600692576], [-0.81397344176208, 0.58080418318688, 0.01066501874336], [0.005308852626239999, -0.01092100842464, 0.99992627111192]]}