{"translation": [[3991.897611200053], [2398.883439700119], [20.6055625]], "rotation": [[0.99893954456342, 0.04124912459676, -0.0204522873338998], [-0.04094486774724, 0.99904762296028, 0.015078623587799996], [0.0210547890596998, -0.014225217191400005, 0.9996771174047]]}