{"translation": [[3998.456236099999], [2412.0534859001637], [20.6286329]], "rotation": [[0.6896207662114802, 0.7241606334383798, 0.00381275673397992], [-0.7241355623493798, 0.6895259319519602, 0.013477307624619815], [0.00713074166797992, -0.012055183863619815, 0.99990190771548]]}