{"translation": [[3995.94791789999], [2409.2065267004073], [20.6284509]], "rotation": [[0.79002909601788, 0.6130678631980601, 0.00134789342978], [-0.6129823858190601, 0.7898780978295601, 0.01857900692614], [0.010325520737780002, -0.015504190935140001, 0.9998264867866801]]}