{"translation": [[3991.9048641999834], [2398.46865299996], [20.6076493]], "rotation": [[0.999860656167, 0.010724901844299998, -0.012792370621099999], [-0.010518878976339999, 0.9998156153822, 0.01606513133062], [0.01296230885138, -0.015928331363299998, 0.9997891111799599]]}