{"translation": [[3993.1056612000684], [2392.4997382005677], [20.5987]], "rotation": [[0.9423878724554999, -0.33419359210192, -0.01482345489106], [0.33441440441408, 0.9422836225632001, 0.01638824965424], [0.00849105042194, -0.02040126477376, 0.99975581540334]]}