{"translation": [[4016.0962827000185], [2450.7030376996845], [20.5269194]], "rotation": [[-0.41894239625679996, -0.90788569786852, -0.015189118712839832], [0.9080120749350801, -0.41890382806119997, -0.0057910028377601095], [-0.001105212003639831, -0.016218000726559892, 0.99986786874456]]}