{"translation": [[3965.7310613999725], [2426.3952075000852], [20.6725416]], "rotation": [[-0.43247918530097995, -0.90152891217692, -0.014406211709739998], [0.9016205556890801, -0.4322974891606799, -0.014121563255959998], [0.00650322886274, -0.019096216876039997, 0.99979650056334]]}