{"translation": [[4027.7248734000023], [2456.323934599757], [20.5094493]], "rotation": [[-0.420827549892, -0.90696740380168, -0.01772869912623983], [0.90713856049552, -0.42078825543850007, -0.006072991566860109], [-0.001952022946639832, -0.01863806872225989, 0.99982439058134]]}