{"translation": [[3966.6481383999926], [2426.852092099376], [20.669830800000003]], "rotation": [[-0.4318676286563997, -0.9018461963365199, -0.012794419146239999], [0.9019180767697199, -0.43172337476241973, -0.012594370897239998], [0.0058345354526399985, -0.01697861995684, 0.99983882933702]]}