{"translation": [[3997.0015926000196], [2441.4981998000294], [20.5484127]], "rotation": [[-0.41566531481369984, -0.9093602757975999, -0.0169221652898], [0.90951327816896, -0.4156494409160999, -0.004611281279719999], [-0.0028403716542799995, -0.017307682745, 0.99984617637936]]}