{"translation": [[4008.407331000024], [2446.986739899963], [20.5419251]], "rotation": [[-0.41714692260388, -0.9086900968177399, -0.01645181280685989], [0.9088352231803399, -0.41712911782499995, -0.004663197140619832], [-0.0026251297124601078, -0.01689722599117983, 0.99985378552988]]}