{"translation": [[3955.546020700014], [2421.3187274998054], [20.6790398]], "rotation": [[-0.4325866621392399, -0.9014540348526, -0.0157855263162], [0.9015895828938, -0.4324766058996199, -0.009999471871379999], [0.002187192377400002, -0.018557706439379998, 0.99982539860438]]}