{"translation": [[3991.343147700012], [2438.7973279003054], [20.5604303]], "rotation": [[-0.4168611753345596, -0.9088062011275597, -0.01725524739819983], [0.9089592587325996, -0.41687340578025966, -0.003053487645440108], [-0.004418227581559832, -0.016957199491999888, 0.99984645452054]]}