{"translation": [[4036.600978499977], [2460.5772142000496], [20.510552800000003]], "rotation": [[-0.41778841967225955, -0.90836169704788, -0.018208085538439833], [0.90854131064956, -0.4177534680039995, -0.005864936219080104], [-0.0022790098418798282, -0.018993103221159893, 0.9998170173095]]}