{"translation": [[4028.7416070000036], [2456.8141414001584], [20.5081227]], "rotation": [[-0.4206676534375202, -0.9070499128788001, -0.01728717050668], [0.9072128162956001, -0.4206285682106402, -0.0060148923078], [-0.0018156724846799992, -0.018213416127400003, 0.99983247335088]]}