{"translation": [[3971.9911339000682], [2429.494714700617], [20.6445211]], "rotation": [[-0.4278838885757198, -0.9037718220393199, -0.010571263104319894], [0.90383339295488, -0.4278457661197198, -0.005751366348519831], [0.0006750522665198945, -0.01201557834367983, 0.99992758246556]]}