{"translation": [[4030.699948899972], [2457.7561724996194], [20.5076073]], "rotation": [[-0.4198788035624401, -0.90740984051132, -0.0175862995588], [0.9075779558348, -0.41984240929780015, -0.005891664026199999], [-0.00203731972868, -0.01843472173624, 0.9998279903942]]}