{"translation": [[4009.403219000029], [2447.466888400726], [20.5404431]], "rotation": [[-0.41746268048746016, -0.9085464204539001, -0.016389615312599894], [0.9086926605899001, -0.4174276511129802, -0.005666734352519832], [-0.0016929854514001075, -0.017258770772519832, 0.99984962302552]]}