{"translation": [[3993.2245987000642], [2439.6946992008016], [20.55904]], "rotation": [[-0.4162108746368405, -0.9090860490736001, -0.01819540610564], [0.9092598826956402, -0.4162089496560405, -0.004072534355200002], [-0.0038708066224000023, -0.018239385831640004, 0.99982615571996]]}