{"translation": [[3968.418909800006], [2427.7311543002725], [20.6641986]], "rotation": [[-0.4304222052537001, -0.90255041725816, -0.011806923655820001], [0.9026178716643201, -0.4303198623522001, -0.010282399361840002], [0.00419962989634, -0.01508291389568, 0.99987742689366]]}