{"translation": [[3963.9807685000706], [2425.5242764009163], [20.6719704]], "rotation": [[-0.4333011842412803, -0.9011144552642403, -0.015580828089840001], [0.9012283385546402, -0.43310894955010026, -0.01428494202768], [0.00612417146856, -0.020231566833120003, 0.9997765641471801]]}