{"translation": [[4011.972364599991], [2422.5417215991765], [20.643437]], "rotation": [[0.5650282686419001, 0.8250350416980597, 0.007760505023119999], [-0.8250684670955398, 0.5649755006985402, 0.00804350957064], [0.0022516821599199996, -0.01094775830376, 0.9999375363062]]}