{"translation": [[3997.983504600008], [2441.967248500325], [20.550335600000004]], "rotation": [[-0.41539462873098, -0.9094629777662, -0.018009794910379892], [0.9096393919834, -0.41535269495076, -0.00618656359179983], [-0.001853966598380108, -0.01895228454939983, 0.99981867041622]]}