{"translation": [[3975.6068960999255], [2431.255483300425], [20.6326018]], "rotation": [[-0.4245705411485199, -0.9053028421452199, -0.012911772835500001], [0.90539181816622, -0.4244886221285199, -0.008669461389900001], [0.002367587724900001, -0.0153710106015, 0.9998790559709999]]}