{"translation": [[3986.6943236999796], [2436.57082930021], [20.5781888]], "rotation": [[-0.4173534395295403, -0.9086240576233202, -0.01476868989334], [0.9087432919947602, -0.4173192836456403, -0.005470881076920002], [-0.0011922866930199998, -0.01570424125404, 0.9998759699240599]]}