{"translation": [[4002.766450400057], [2444.2635733000934], [20.5407691]], "rotation": [[-0.4158660951089004, -0.9093208953793801, -0.013812823117860001], [0.9094249833941401, -0.4158380992369003, -0.004976818348620003], [-0.001218373756620001, -0.014631417181860003, 0.99989221278524]]}