{"translation": [[4025.7756482000113], [2455.381281999871], [20.5088117]], "rotation": [[-0.4209309131619996, -0.9069418869025998, -0.01653704868919989], [0.9070924435048398, -0.4208729088995996, -0.00701336925687983], [-0.000599278079120108, -0.017952776761999828, 0.99983865631424]]}