{"translation": [[4011.3232159999898], [2448.394576099701], [20.5362599]], "rotation": [[-0.4177623197653, -0.90842750301186, -0.015298048440120001], [0.9085556395110601, -0.4177231623420199, -0.00582442169844], [-0.0010992848074799985, -0.01633235277324, 0.99986601393272]]}