{"translation": [[3953.170309900015], [2420.1365922996774], [20.6841265]], "rotation": [[-0.4322073893165004, -0.9016032464771403, -0.017561636584020004], [0.9017734637032203, -0.4320990759755603, -0.009749934112860001], [0.0012022056084600042, -0.020050610873220003, 0.9997982435035]]}