{"translation": [[3985.7256094000186], [2436.1069092992693], [20.5817276]], "rotation": [[-0.4171698202505999, -0.9087354917300599, -0.01299559291618], [0.9088282483694199, -0.41713563041729984, -0.005368342526540001], [-0.000542522708139999, -0.01405027422638, 0.99990114283614]]}