{"translation": [[3998.8910104000242], [2442.403118000366], [20.5524162]], "rotation": [[-0.41556585813987945, -0.90937352264572, -0.01856832610271989], [0.90956074824352, -0.41552436251235947, -0.0062224022029198295], [-0.0020571042829201046, -0.019474838777279832, 0.99980823109852]]}