{"translation": [[4020.964891400072], [2453.057474399917], [20.5132555]], "rotation": [[-0.42029941914180013, -0.9072559176920202, -0.01534115525506], [0.9073851736983801, -0.4202557832202002, -0.00612177892846], [-0.0008931876118599994, -0.01649331493966, 0.99986357709564]]}