{"translation": [[4017.100135900022], [2451.1883100997657], [20.5241343]], "rotation": [[-0.41930889724295994, -0.90772533656984, -0.014655407774439999], [0.90784316964184, -0.4192704070957799, -0.005755345589479999], [-0.0009203056675600001, -0.01571807931548, 0.99987603982782]]}