{"translation": [[3980.1551538999774], [2433.4449524004012], [20.6155022]], "rotation": [[-0.41937111119399995, -0.9076862855657197, -0.015284130976039829], [0.9078142125501998, -0.4192897524898599, -0.00834179294122011], [0.0011632521854001675, -0.01737345715509989, 0.9998483934299]]}