{"translation": [[3961.430603099987], [2424.251532299444], [20.6706639]], "rotation": [[-0.43373924037258027, -0.9009461962107401, -0.012898395468059726], [0.90102468265734, -0.4336087979337002, -0.011750629545219937], [0.004993827639340064, -0.016718480369579725, 0.99984776546988]]}