{"translation": [[4012.246086200059], [2448.8416294008493], [20.533853]], "rotation": [[-0.41800892248612, -0.90832627125528, -0.01456263085783983], [0.9084416413327199, -0.41798231587682, -0.004971162065460108], [-0.00157148424615983, -0.015307289343539893, 0.99988160166206]]}