{"translation": [[3982.009605099971], [2434.3312959996983], [20.6010638]], "rotation": [[-0.41760078646650023, -0.9085659009247801, -0.01085998676796], [0.90863038571454, -0.4175593157701002, -0.0059491556406800015], [0.000870512552279999, -0.012352083764840002, 0.99992333118776]]}