{"translation": [[4022.901919999975], [2453.9931234996766], [20.5118903]], "rotation": [[-0.42061597356900016, -0.9070955538010002, -0.016129426979599897], [0.9072387988204003, -0.4205594969573202, -0.006911641169319832], [-0.0005138629690001079, -0.017540386061679833, 0.99984602356268]]}