{"translation": [[4006.4945203000098], [2446.05951299984], [20.5434511]], "rotation": [[-0.4167288118619201, -0.90885056683672, -0.018107019720719892], [0.90902958617368, -0.41667966634312015, -0.0065868620287198336], [-0.0015583528168801077, -0.01920475074167983, 0.9998143573189601]]}