{"translation": [[3994.2064805000555], [2440.163565199822], [20.5544813]], "rotation": [[-0.4159101018163597, -0.90925425488608, -0.01660524639039989], [0.9093985448224, -0.41591069521409973, -0.0035815234956998307], [-0.003649782326080107, -0.01659037694593983, 0.9998557088435001]]}