{"translation": [[4034.632059100026], [2459.636887400411], [20.5077617]], "rotation": [[-0.41852221356240005, -0.90803381403904, -0.01771904825072], [0.9082046230360001, -0.41848312106320007, -0.006037833193599998], [-0.0019325644192000006, -0.01861948697872, 0.99982477461104]]}