{"translation": [[4015.1696382000227], [2450.254545399919], [20.528155]], "rotation": [[-0.4188283166044199, -0.90792824881576, -0.01578682738788], [0.9080650341386399, -0.4187821742560799, -0.00628267487684], [-0.0009070233833199997, -0.016966827374759998, 0.9998556416235]]}