{"translation": [[4031.6421041000285], [2458.2085153004155], [20.5067765]], "rotation": [[-0.4194935994477599, -0.90758966058796, -0.017498782273239893], [0.9077554183176401, -0.4194631895004999, -0.005550903726979829], [-0.002302151641640108, -0.01821318234277983, 0.9998314758479]]}