{"translation": [[3932.9946392999846], [2410.198731900193], [20.7429264]], "rotation": [[-0.42556240593810024, -0.9048240713860598, -0.01378005666018], [0.9049289461399799, -0.4255181577651602, -0.006144210589460002], [-0.00030423541666000243, -0.015084718298220001, 0.9998861728731]]}