{"translation": [[3931.8911897999933], [2391.1043705996126], [20.8931169]], "rotation": [[0.40862272885598017, 0.9124644188764198, 0.020882206268579832], [-0.9126892131610199, 0.40863672722926014, 0.0037871008279801097], [-0.005077640558819834, -0.02060646106637989, 0.99977477028428]]}