{"translation": [[3944.098837299971], [2415.6344904005527], [20.7014379]], "rotation": [[-0.42829522697799993, -0.9034726083072, -0.0173328461878], [0.9036376573248, -0.42824710158848, -0.0065868973507199995], [-0.0014716599242000014, -0.01848374936928, 0.99982807783352]]}