{"translation": [[3921.644583699992], [2404.642852200195], [20.7940988]], "rotation": [[-0.4266317356080397, -0.9042386412603199, -0.01837580974464], [0.9044170904358398, -0.4266265439508997, -0.00439853210898], [-0.003862286842079999, -0.01849595114706, 0.9998214753195]]}