{"translation": [[3922.8424152000225], [2405.233926200308], [20.7879587]], "rotation": [[-0.4265066676306004, -0.9043269849697401, -0.016871041568420002], [0.9044778979368201, -0.4264998454440404, -0.00418082552474], [-0.003414664237540003, -0.01704263517818, 0.9998489329093999]]}