{"translation": [[3931.670976500027], [2409.555833700113], [20.7531373]], "rotation": [[-0.42553731222010027, -0.9047925308170601, -0.01638199675318], [0.90494017763762, -0.42548890052980026, -0.0065090827369400014], [-0.0010809889705400014, -0.01759458548938, 0.99984461893494]]}