{"translation": [[3939.8099001999944], [2413.5252782003954], [20.7155924]], "rotation": [[-0.4271357505888398, -0.9040226727618201, -0.017259359037059892], [0.90418628344534, -0.4270875698436998, -0.006572692979819829], [-0.0014293953610201061, -0.018413109359339833, 0.9998294425611001]]}