{"translation": [[3904.4417075000238], [2378.152366599068], [20.9388259]], "rotation": [[0.4188284000343, 0.90790327047868, 0.01715772065284], [-0.9080473068628401, 0.41886450788069995, 0.0016053468090799997], [-0.005729260251319999, -0.01625238731236, 0.99985150671216]]}