{"translation": [[3949.2705674999743], [2418.19773740042], [20.6875135]], "rotation": [[-0.43156077661722003, -0.9019129994303401, -0.017557526164459894], [0.9020836281508602, -0.43149343000457996, -0.00765355241681983], [-0.0006731185847401056, -0.019141329655579832, 0.9998165613822]]}