{"translation": [[3917.48192619998], [2384.3518455000594], [20.930666]], "rotation": [[0.4119110255378998, 0.9109734121258202, 0.021370299272559727], [-0.9112120376413402, 0.4119126691625399, 0.004529425120079941], [-0.004676510309519943, -0.021338594945359723, 0.999761368824]]}