{"translation": [[3926.1342352000065], [2388.409168000333], [20.9097883]], "rotation": [[0.4093647841682999, 0.9121225816106999, 0.021282932762999997], [-0.9123573415073398, 0.40937426727829995, 0.004109052790119999], [-0.004964726459879998, -0.021099740117, 0.99976504864664]]}