{"translation": [[3930.363152100006], [2408.9213736997917], [20.7597827]], "rotation": [[-0.42590540211329997, -0.9046179356057199, -0.01645971111843983], [0.90476495571644, -0.42587818010633993, -0.005300346854320107], [-0.002215043359719832, -0.01714961660775989, 0.9998504809356]]}