{"translation": [[3928.402823099983], [2407.9651947999373], [20.7677478]], "rotation": [[-0.42609374474088013, -0.9045006611438, -0.017961684439239997], [0.9046749453926, -0.42606719384650005, -0.005471465289700002], [-0.002703940894759999, -0.0185808434671, 0.99982370493662]]}