{"translation": [[3920.861167599971], [2385.9403282003477], [20.916158300000003]], "rotation": [[0.4107535668311001, 0.91150269453814, 0.021076121090519723], [-0.9117346741537001, 0.41075543110550006, 0.004440434507399943], [-0.004609661197799944, -0.021039756711479722, 0.99976801289356]]}