{"translation": [[3918.183189500065], [2384.6818110002205], [20.9275868]], "rotation": [[0.41168038293115994, 0.9110598131110601, 0.022121882773940005], [-0.9113160176060602, 0.4116797874930799, 0.004792397954420002], [-0.00474097226894, -0.022132960885580002, 0.99974379481308]]}