{"translation": [[3929.6889025000273], [2408.5922608999535], [20.7618733]], "rotation": [[-0.4258559083182596, -0.90463939362226, -0.016561753316739893], [0.90478851166274, -0.4258261847753997, -0.005457869450379831], [-0.002115024656740104, -0.01730915025537983, 0.9998479484331]]}