{"translation": [[3929.0696180000086], [2408.290327999741], [20.7637872]], "rotation": [[-0.42598208254881986, -0.9045676061803398, -0.01723003416473983], [0.9047285089065398, -0.4259538199380999, -0.005461806426420108], [-0.0023986245845398326, -0.017915133459179892, 0.99983663396172]]}