{"translation": [[3912.748618200014], [2382.1169742997736], [20.9353254]], "rotation": [[0.4140372103906398, 0.9100327318096402, 0.020337559631239892], [-0.9102471049435601, 0.4140467384926998, 0.00393791444097983], [-0.004837069209560107, -0.020142647873619832, 0.9997854152259]]}