{"translation": [[3947.0542232000153], [2417.096884800121], [20.6906649]], "rotation": [[-0.43039680110400014, -0.9024932044408002, -0.0162636520632], [0.9026383778472001, -0.43035752556072004, -0.0060212851016], [-0.0015650168152000002, -0.0172717392024, 0.99984960755928]]}