{"translation": [[3920.167791999993], [2385.614610599354], [20.9207889]], "rotation": [[0.41096848455397994, 0.9113834977724, 0.02202056980838], [-0.9116375184904, 0.41096695130875993, 0.0048042289155999975], [-0.004671229731620001, -0.0220491660376, 0.99974597465478]]}