{"translation": [[3935.680245900061], [2411.504519900307], [20.7311249]], "rotation": [[-0.42610699563449994, -0.90453808857552, -0.01560922536114], [0.90467275328856, -0.4260415563633999, -0.007468268799520001], [0.00010515477341999872, -0.01730352269656, 0.9998502773125401]]}