{"translation": [[3934.4086829000735], [2392.282436599955], [20.8887687]], "rotation": [[0.40987358161310017, 0.9118667587117999, 0.0224208272991], [-0.9121308536902, 0.4098680202129201, 0.005054087268840001], [-0.0045809264049000015, -0.02252226472116, 0.99973584647118]]}