{"translation": [[3906.5088070000056], [2379.140617299825], [20.9412988]], "rotation": [[0.41770300759919987, 0.90838633590308, 0.018932514115239833], [-0.9085618425026801, 0.41774654577941983, 0.0017831833093601077], [-0.006289172782039831, -0.017946201245839892, 0.99981917373078]]}