{"translation": [[3930.0083755999804], [2390.2249667998403], [20.9013007]], "rotation": [[0.4088937794851, 0.9122925345553801, 0.022983838302239996], [-0.91257175993842, 0.4088788554403, 0.005559934184640002], [-0.004325319812159998, -0.023247823548960003, 0.99972037607104]]}