{"translation": [[3921.499281299999], [2386.2396817002445], [20.9143455]], "rotation": [[0.41060370896240006, 0.9115783475817602, 0.020724811208479896], [-0.9118021549473602, 0.41060774239408004, 0.004256702072639833], [-0.004629450601280111, -0.020644745076959833, 0.99977615629232]]}