{"translation": [[3937.7030082999845], [2412.493586599827], [20.72191]], "rotation": [[-0.4267024412296001, -0.9042448422745201, -0.01631114685964], [0.904390983897, -0.4266588633354601, -0.006238928885519998], [-0.001317777585400001, -0.0174138223188, 0.9998474994862999]]}