{"translation": [[3922.217324300029], [2404.925851999782], [20.7915747]], "rotation": [[-0.4264798095212201, -0.9043189399873601, -0.01794682455112], [0.90448912695376, -0.42647495346504016, -0.004288933489240002], [-0.0037753084319200013, -0.018061852291160002, 0.99982974376718]]}