{"translation": [[3947.769184099976], [2417.451846599579], [20.6892265]], "rotation": [[-0.4309141322579999, -0.9022316439004, -0.01705552906819983], [0.9023917969276, -0.43086534410362, -0.006627201601960106], [-0.001369366565799831, -0.018246525918039894, 0.99983258053838]]}