{"translation": [[3927.1329428000026], [2407.343734100461], [20.7734709]], "rotation": [[-0.4262299041082599, -0.9044264438308001, -0.0184653076465], [0.904610098744, -0.42620549236067995, -0.00543494005912], [-0.0029545113432999995, -0.01902043697312, 0.99981472976342]]}