{"translation": [[3909.999012199987], [2380.8065748997033], [20.9392014]], "rotation": [[0.4156377452425202, 0.9093109337100999, 0.019969416517699998], [-0.9095071512001, 0.41568327575702013, 0.0020107738985000023], [-0.0064725324773, -0.0189980822995, 0.9997985692895]]}