{"translation": [[3922.189064999984], [2386.562785300426], [20.913971]], "rotation": [[0.41039961304799977, 0.9116686287816, 0.0207961533752], [-0.9118921606750401, 0.41041142844599987, 0.0038933006272799994], [-0.004985579117279999, -0.020561658149200003, 0.99977615605656]]}