{"translation": [[3932.305339000013], [2409.8635780997574], [20.7481986]], "rotation": [[-0.4256495159592998, -0.9047664938895399, -0.01483322531082], [0.9048880420555399, -0.4255969041053197, -0.006697017069059999], [-0.0002537384161799992, -0.016272990738059996, 0.99986755392102]]}