{"translation": [[3911.375847099989], [2381.464604199864], [20.9351287]], "rotation": [[0.4148302428780001, 0.9096969475494799, 0.01916744085764], [-0.90988476542812, 0.4148490004419001, 0.003174594213260001], [-0.00506367570916, -0.018757079350540003, 0.99981124777686]]}