{"translation": [[3924.6915978000034], [2406.1451567998156], [20.7804433]], "rotation": [[-0.42636455556740016, -0.90438497536956, -0.01734769943052], [0.90454473710508, -0.4263563041582602, -0.004356727525940001], [-0.0034561431152400025, -0.01754932548658, 0.9998400253211]]}