{"translation": [[3903.7155313999974], [2377.804637200199], [20.9390989]], "rotation": [[0.4192094787923001, 0.90771587694528, 0.01775454467344], [-0.9078735491654399, 0.4192378573744001, 0.002271981070320001], [-0.005381063170719999, -0.017071318452239997, 0.99983979427934]]}