{"translation": [[3945.570188099984], [2416.362302299589], [20.6948188]], "rotation": [[-0.4292680700520002, -0.9030302037039198, -0.01628887462455989], [0.9031749150119198, -0.42923689489488015, -0.005541945461839832], [-0.001987242131440109, -0.01709068356583983, 0.99985196874288]]}