{"translation": [[3925.2833565999754], [2406.4360659001395], [20.777197]], "rotation": [[-0.42638901495795967, -0.90436693358968, -0.01769075075196], [0.90453291284356, -0.42638126741379967, -0.004396554351119997], [-0.0035669055655199993, -0.01787650796484, 0.9998338400254001]]}