{"translation": [[3940.4817698000115], [2413.8549310993403], [20.7140923]], "rotation": [[-0.42732459284345947, -0.9039102178326, -0.018437327406459997], [0.90409720229396, -0.42726604891955955, -0.007203946202999997], [-0.0013659239750999988, -0.019747560215959997, 0.99980406485814]]}