{"translation": [[3963.0811822999967], [2410.159089599736], [20.8247366]], "rotation": [[0.86884204947356, 0.49492281599684007, 0.012840315879160001], [-0.49507673647124006, 0.8687128108255799, 0.015396484236820001], [-0.0035344746575600005, -0.01973405502238, 0.99979901706398]]}