{"translation": [[3962.0434301000205], [2408.4997364999726], [20.825066]], "rotation": [[0.8076107085729402, 0.5894993253777597, 0.015984603004019996], [-0.5896934885452797, 0.8075199972448002, 0.013155317617439998], [-0.005152836241139999, -0.020050391354879998, 0.9997856920891001]]}