{"translation": [[3954.143269900058], [2401.8960969001055], [20.8374042]], "rotation": [[0.47487220433542, 0.87973020341574, 0.0238978368663], [-0.88003570211826, 0.47486541525878, 0.006320462548099998], [-0.005787953525099997, -0.024032362507699998, 0.9996944258702001]]}