{"translation": [[3962.5858937000157], [2409.3105545993894], [20.823864800000003]], "rotation": [[0.8393483173919601, 0.5433844728250998, 0.015091299873699997], [-0.5435636816632998, 0.8392711982410801, 0.012744031634019999], [-0.005740785305900001, -0.01889976344398, 0.9998049021498799]]}