{"translation": [[3944.709992500022], [2397.138535200618], [20.8574273]], "rotation": [[0.42098684400254005, 0.9068413545015, 0.020220162378960002], [-0.9070628106384601, 0.4209461376361401, 0.006436364754000003], [-0.0026748378276, -0.021050581950960004, 0.99977483377504]]}