{"translation": [[3964.901771200006], [2415.5029312996194], [20.79921]], "rotation": [[0.98306554930734, 0.18325426879354, -3.019079000018271e-06], [-0.18317607566650002, 0.9826465640605401, 0.029193436764039803], [0.005352788393959982, -0.028698508944199803, 0.99957378080504]]}