{"translation": [[3961.2207649999764], [2432.844434099272], [20.6154704]], "rotation": [[0.9020387666040001, -0.431649445731, -0.0021988130949999996], [0.43160257035404, 0.9018379790940001, 0.02018653001472], [-0.006730530639719999, -0.019158046100000003, 0.9997938133730401]]}