{"translation": [[3961.7913345000125], [2431.6570047000423], [20.6275032]], "rotation": [[0.91215060691952, -0.40981640654307977, -0.005637415520999997], [0.4098352107570798, 0.9118841101170201, 0.0224157748176], [-0.004045682802599998, -0.022756973988, 0.9997328406014999]]}