{"translation": [[3963.879459400021], [2426.329405300319], [20.6692639]], "rotation": [[0.9585832184604, -0.28463208716336, -0.01013882832072], [0.28478233433904004, 0.9583928381846399, 0.019549869470239997], [0.004152460848079999, -0.02162753580336, 0.9997574739948]]}