{"translation": [[3965.0463533999864], [2416.5774014005437], [20.7839137]], "rotation": [[0.99206549673904, 0.12571186410336, -0.0016053309600000127], [-0.1256093630304, 0.9916356422146401, 0.0296823293466398], [0.005323324424639987, -0.029245170199599803, 0.99955809346904]]}