{"translation": [[3963.682538699999], [2426.9389447998255], [20.6650826]], "rotation": [[0.95348014998582, -0.30127382859208, -0.010473114028780001], [0.30142339065952, 0.9533115829761201, 0.01846530975352], [0.00442102649938, -0.02076314779712, 0.99977464772294]]}