{"translation": [[3965.1357765999855], [2417.674724999815], [20.7717942]], "rotation": [[0.9976236028143001, 0.0688849108353598, -0.0014199474168200032], [-0.0688124405687198, 0.99718674198, 0.029722882452960002], [0.003463410809939997, -0.02955453903448, 0.99955716896214]]}