{"translation": [[3958.949577399995], [2437.0002057999372], [20.6093199]], "rotation": [[0.8734522500459, -0.48689299014944004, -0.00404961519852], [0.48688551889152004, 0.87329531845446, 0.01725672708536], [-0.0048656688804400005, -0.017044626112080002, 0.999842890662]]}