{"translation": [[3961.164311999979], [2407.3554819999263], [20.825463]], "rotation": [[0.75663559961112, 0.65352264652184, 0.02026559997544], [-0.65378298211976, 0.7566074581416801, 0.01062738115448], [-0.00838786920904, -0.02129035985368, 0.9997381478168]]}