{"translation": [[3962.8446376000065], [2429.249244700186], [20.6525077]], "rotation": [[0.9330194259455001, -0.35974938166639975, -0.0074258049704999975], [0.3598198985763998, 0.9326845517750001, 0.025083398815199998], [-0.0020978029664999974, -0.026075250685199995, 0.9996577817295]]}