{"translation": [[3958.5816553999903], [2437.627155099064], [20.6117274]], "rotation": [[0.8701736631189599, -0.49272027884252007, -0.004953093420080001], [0.4927247118882801, 0.87000195938936, 0.01785943083808], [-0.00449050238728, -0.017981317877120002, 0.99982823905376]]}