{"translation": [[3947.5862352999975], [2398.535136700608], [20.849111800000003]], "rotation": [[0.4285491147476401, 0.9032381833375798, 0.022505406905019995], [-0.9035167930320198, 0.42846398048844014, 0.00872210243802], [-0.0017646212245799996, -0.02407186164038, 0.99970867337244]]}