{"translation": [[3964.9500917000114], [2421.6443229001015], [20.7145385]], "rotation": [[0.99300686239374, -0.11784066487426, -0.00713794281088], [0.11800856628158, 0.9925119154635, 0.03152899181456], [0.0033690962801599996, -0.03215084357632, 0.9994773496902001]]}