{"translation": [[3942.349562200019], [2396.0137510998175], [20.8649393]], "rotation": [[0.4168336275106198, 0.90873289987602, 0.02131245399436], [-0.9089768513879801, 0.4168010367154198, 0.006160882117559999], [-0.003284456292359997, -0.021940590479560002, 0.9997538811260399]]}