{"translation": [[3952.050747799978], [2400.774833000265], [20.8361193]], "rotation": [[0.4471733426015, 0.8942348436427, 0.019493905993399722], [-0.89443739844686, 0.4471647159490999, 0.005042158090519935], [-0.004208113018519933, -0.019690797696199726, 0.99979726157784]]}