{"translation": [[3964.567678500025], [2413.9235950000584], [20.8110558]], "rotation": [[0.96201405213656, 0.27296659088712005, 0.004266674819039973], [-0.27298396248264, 0.9616712197131999, 0.0258499936603198], [0.0029530461940799725, -0.026032790945759804, 0.9996567277424]]}