{"translation": [[3947.0362746000174], [2398.2636954002082], [20.8507736]], "rotation": [[0.42685624182149995, 0.90402257718862, 0.02317094255766], [-0.90431550568938, 0.4267901422503, 0.007975241143539999], [-0.0026793311713399996, -0.024358124615459997, 0.99969970637724]]}