{"translation": [[3964.5193643000093], [2423.9750167997554], [20.6756671]], "rotation": [[0.9779797520818801, -0.2085570857346798, -0.007716474899599998], [0.2086695869696798, 0.9777986082538801, 0.0191541804074], [0.003550418133400002, -0.0203425943044, 0.9997867639470001]]}