{"translation": [[3950.961672300007], [2400.2203182000667], [20.8366137]], "rotation": [[0.4399157178541999, 0.8978447358249801, 0.018683185205740003], [-0.8980373214752602, 0.43986107524524, 0.007160558755780002], [-0.0017889370029800025, -0.019928239147660003, 0.9997998124694]]}