{"translation": [[3951.5304290999193], [2400.510130500421], [20.8361959]], "rotation": [[0.44323958168300004, 0.89620853060024, 0.01867800552832], [-0.89639968502048, 0.44319953376629995, 0.006457781414739999], [-0.0024905634586399987, -0.01960530349102, 0.99980469549926]]}