{"translation": [[3963.3196022000047], [2410.6155260996893], [20.8247569]], "rotation": [[0.88378779627308, 0.46774421659321996, 0.011596172823899999], [-0.46788304610222, 0.8836204248930799, 0.0173318231145], [-0.0021397548165, -0.0207433065339, 0.9997825446909999]]}