{"translation": [[3959.6383875000174], [2435.7986657004803], [20.6087662]], "rotation": [[0.88065579926684, -0.4737502181413997, -0.002465443317520192], [0.47372218500247976, 0.8805170842614001, 0.01664151808635995], [-0.005713058397399804, -0.015823384553200048, 0.9998584807094]]}