{"translation": [[3939.9491989000235], [2394.881368799135], [20.8709891]], "rotation": [[0.4139196349765999, 0.9100847610471801, 0.02040346504453989], [-0.9103053909343402, 0.4139062903373999, 0.005071089741019831], [-0.0038300015672201072, -0.02067240733393983, 0.99977896691084]]}