{"translation": [[3964.273265200027], [2412.9261971004307], [20.8192694]], "rotation": [[0.9433521867735001, 0.33175524609631996, 0.0050112935287599655], [-0.33177537209392, 0.94303810596888, 0.024581250050439804], [0.003429117554439966, -0.024851399752759802, 0.99968527502862]]}