{"translation": [[3961.4614881000016], [2407.7194965993986], [20.825629]], "rotation": [[0.77366498318136, 0.63330549665828, 0.01914847717624], [-0.63355097455324, 0.7736138758644601, 0.011608453577319997], [-0.007461830767280001, -0.02111258994596, 0.99974925839046]]}