{"translation": [[3965.14282790001], [2419.33978900034], [20.7460988]], "rotation": [[0.9998806170071001, -0.0141429422744198, -0.006223256214559996], [0.014327640607699801, 0.99942567015014, 0.03070909575992], [0.005785365045200002, -0.030794594194399998, 0.9995089907160001]]}