{"translation": [[3960.925244599988], [2433.41560699977], [20.6141282]], "rotation": [[0.8976528829115, -0.44068367004341996, -0.004149281004059954], [0.44067357182298, 0.8974435637755, 0.020046564142139806], [-0.005110447393859955, -0.019823334588059804, 0.99979043742044]]}