{"translation": [[3965.0985052000033], [2417.1014585001394], [20.7776975]], "rotation": [[0.99516287880236, 0.09823742442866001, -0.0005024870214999999], [-0.0981794413939, 0.99472712759516, 0.02964351965266], [0.00341194067434, -0.0294507964483, 0.9995604079767599]]}