{"translation": [[3958.2827121000155], [2404.593622099608], [20.8246536]], "rotation": [[0.6060043352910001, 0.7951204124851999, 0.0232873713606], [-0.79541809638396, 0.6060169677078, 0.00731527178728], [-0.008296020759279998, -0.0229562824902, 0.99970204818924]]}