{"translation": [[3964.3757629001047], [2424.587539100088], [20.672977600000003]], "rotation": [[0.9731238097257201, -0.2301723373135398, -0.0071236791345398], [0.23026900576545983, 0.9729363621387801, 0.019261903874780023], [0.002497329088539804, -0.02038457977777998, 0.9997890938895001]]}