{"translation": [[3965.1536988000153], [2418.796453299932], [20.7553477]], "rotation": [[0.9999065072554999, 0.012408189445739995, -0.0057457434876797995], [-0.012223453231380002, 0.9994402285370999, 0.03114187993104], [0.0061289415601598, -0.03106873555872, 0.9994984590623599]]}