{"translation": [[3965.077289399982], [2420.4888207996264], [20.7326447]], "rotation": [[0.9976948913597999, -0.06752576142694, -0.006721278945619994], [0.06771288414922, 0.9971509426727599, 0.0332409868748598], [0.004457506830860007, -0.0336194799473798, 0.9994247651893999]]}