{"translation": [[3950.431029999978], [2399.9507452007383], [20.8366447]], "rotation": [[0.4376166231949402, 0.89896655165788, 0.01872940225038], [-0.89915962353292, 0.4375647892834401, 0.00699907055868], [-0.0019033960318200014, -0.019903632354119998, 0.99980009126254]]}