{"translation": [[3941.728781200014], [2395.7186755994335], [20.8650579]], "rotation": [[0.41594389821510014, 0.9091553895407599, 0.020670931997119998], [-0.90938113911676, 0.4159345266295802, 0.004954755425960002], [-0.00409311364912, -0.02085865411804, 0.99977405598552]]}