{"translation": [[3959.957114299992], [2435.225589499809], [20.6102099]], "rotation": [[0.8844626830514402, -0.4666019375227998, -0.0028934255481999497], [0.4665788647947999, 0.8843122697074202, 0.017203205070279805], [-0.00546835790979995, -0.016565604059719807, 0.9998478273190201]]}