{"translation": [[3959.3121980000287], [2436.3742424007505], [20.6077643]], "rotation": [[0.8770533313415, -0.4803854638717, -0.0026939220559999994], [0.4803598985995, 0.8769132302683801, 0.01665987776008], [-0.0056408273108, -0.015905653406079998, 0.99985758548588]]}