{"translation": [[3965.116045499977], [2419.935419499874], [20.7384063]], "rotation": [[0.9990884710715, -0.04216788106554, -0.00664055236172], [0.042357403304699996, 0.9986027090739, 0.031598735046600004], [0.005298821992600001, -0.03185120841828, 0.99947857560716]]}