{"translation": [[3955.1869102999917], [2443.113596299663], [20.5988644]], "rotation": [[0.85155485464398, -0.5242439115726201, -0.0047557739569], [0.52425389183938, 0.85144067134878, 0.0143738204173], [-0.0034861293943, -0.0147333296021, 0.9998853813687599]]}