{"translation": [[3939.927619999973], [2449.038881899789], [20.5540749]], "rotation": [[-0.8594993310925001, 0.5110734807910999, 0.0080253980948], [-0.5111311295207, -0.8593124735209801, -0.01807349596264], [-0.0023405592075999996, -0.01963619243864, 0.99980445172448]]}