{"translation": [[3950.592641299998], [2450.1444349996746], [20.5979593]], "rotation": [[0.8426161526779999, -0.5385029655478399, 0.00354967562212], [0.53830947301616, 0.84245873703174, 0.02205022765244], [-0.01486456732988, -0.01666905440156, 0.9997505625419]]}