{"translation": [[3948.4537672000006], [2453.375717700459], [20.595081]], "rotation": [[0.8458775577919, -0.53337685098258, -0.0005255880807599443], [0.53324557998606, 0.84564667278326, 0.023039973853079806], [-0.011844527523479944, -0.019769264167559808, 0.9997344063974]]}