{"translation": [[3948.8679732001037], [2452.7473087003455], [20.5993871]], "rotation": [[0.8449331058094202, -0.5348712624604199, -0.0008875953193999975], [0.5347310843445798, 0.8446712516314201, 0.0243547252434], [-0.012276916026599999, -0.021052738539400002, 0.99970298566584]]}