{"translation": [[3947.8547628999804], [2435.2880755998194], [20.5882238]], "rotation": [[-0.90628713061434, 0.42236309478304, 0.015914999828980002], [-0.42260135082952, -0.9061549128082, -0.01707648751424], [0.00720897574754, -0.022201898883919997, 0.9997275160703]]}