{"translation": [[3957.502304100024], [2439.4156080000103], [20.6093141]], "rotation": [[0.8625114614172, -0.5059859656783198, -0.007225020489839999], [0.5060335625426399, 0.8623601012734401, 0.01628216183512], [-0.002007975324719999, -0.017699653957040002, 0.9998413325659999]]}