{"translation": [[3947.5917742999736], [2454.699980500154], [20.5897111]], "rotation": [[0.84749738797232, -0.53079859838236, 0.0010174558016400014], [0.5306395415543599, 0.8472873833336001, 0.022929825057719996], [-0.013033196076359999, -0.01889306469372, 0.99973655926128]]}