{"translation": [[3947.286450100015], [2436.4599387999624], [20.585493600000003]], "rotation": [[-0.8998519329684, 0.4359471421562398, 0.014712813669679999], [-0.43615105017399985, -0.899729251458, -0.016106347134], [0.006216033493200003, -0.020910337914319996, 0.99976203102576]]}