{"translation": [[3936.0817659000168], [2455.356289799325], [20.5190082]], "rotation": [[-0.8607485700483999, 0.5090015008794398, 0.005388884416279998], [-0.5090299726426398, -0.8606953689347199, -0.00957275657104], [-0.00023435914267999928, -0.01098284204624, 0.99993965930232]]}