{"translation": [[3937.189509299933], [2453.527366599068], [20.5445829]], "rotation": [[-0.8599306658074599, 0.5102626282260798, 0.012314060978139946], [-0.5104064788205598, -0.8595687376025999, -0.02504291330767981], [-0.0021936818268199444, -0.027820340845359805, 0.9996105323903001]]}