{"translation": [[3948.5768649000092], [2433.706154900603], [20.5814324]], "rotation": [[-0.91848641676018, 0.39529900008256, 0.01101864094622], [-0.39540681534544, -0.91844734745152, -0.01038884137024], [0.006013342909780001, -0.01389885536176, 0.9998853241883]]}