{"translation": [[3947.6519234000007], [2435.714983300306], [20.588903]], "rotation": [[-0.9039535931898601, 0.42728804216192, 0.01711208961392], [-0.42755702928448, -0.9038162914182601, -0.01763778056452], [0.007929772692320002, -0.023260129390119996, 0.99969799693944]]}