{"translation": [[3938.2275135000236], [2451.8296260992065], [20.5338152]], "rotation": [[-0.8599794588536398, 0.5102701923467, 0.007724232496099806], [-0.5103279812219, -0.8598552767096197, -0.014637530933180052], [-0.0008273736593001932, -0.016529867885179947, 0.99986303007998]]}