{"translation": [[3945.5619453000254], [2439.737966299057], [20.5881578]], "rotation": [[-0.8810684322732999, 0.47272507064176, 0.015794061775619806], [-0.47295807696111997, -0.8809006618431998, -0.018019671145440046], [0.005394649003259807, -0.02334649219247995, 0.99971287831486]]}