{"translation": [[3947.4181698000175], [2436.1934730000794], [20.5872986]], "rotation": [[-0.90138418604004, 0.43274634171661996, 0.015408837395140002], [-0.43297033262326, -0.90125088838794, -0.01684656079202], [0.006596939221420001, -0.02185679009594, 0.99973934660886]]}