{"translation": [[3954.3789316000184], [2444.366898300126], [20.6012234]], "rotation": [[0.8482164943995, -0.52962722946502, -0.0048783481736399455], [0.5296369554249, 0.8480962275756599, 0.014748087352519807], [-0.003673679346199945, -0.015093324402599808, 0.9998793405486]]}