{"translation": [[3946.7204971999745], [2456.036275600083], [20.5886786]], "rotation": [[0.8489638795614001, -0.52845018192376, -0.0008462861261199998], [0.52833043748284, 0.84873514496396, 0.02270643690616], [-0.011280948747920001, -0.01972406328644, 0.999741817415]]}