{"translation": [[3952.2922280000057], [2447.5713307000697], [20.5987825]], "rotation": [[0.84378203644718, -0.5366859699286, 0.00015872583571999947], [0.5365525170745999, 0.843578742662, 0.0220517996416], [-0.01196878995572, -0.018521747442399997, 0.9997568168851799]]}