{"translation": [[3945.9322433000198], [2439.0750739006326], [20.5888623]], "rotation": [[-0.8849303039285801, 0.46539044060185997, 0.01760572566436], [-0.46565847862905996, -0.8848054840453001, -0.01677209837668], [0.00777206926316, -0.02304039495092, 0.99970432384728]]}