{"translation": [[3947.159096700023], [2436.715234500356], [20.5834214]], "rotation": [[-0.8984016263454602, 0.43894502754612, 0.01420224678176], [-0.43913263352116, -0.8982934027806602, -0.015212361525120004], [0.00608039455008, -0.01990348107584, 0.9997834166630399]]}