{"translation": [[3947.1400063000037], [2455.3936790004373], [20.5895383]], "rotation": [[0.8483179050002401, -0.5294868336662, 0.0006628231205998624], [0.5293319627286, 0.8480987647834201, 0.023155403942379752], [-0.012822620412199753, -0.019292290480619863, 0.9997316579758201]]}