{"translation": [[3948.3522034999914], [2434.21237359941], [20.5817364]], "rotation": [[-0.9134461292785001, 0.4067754361661, 0.012249873190699999], [-0.40691358994694005, -0.9133822599393001, -0.01242270079258], [0.0061355666244199995, -0.0163321067339, 0.9998477969788401]]}