{"translation": [[3938.585401000106], [2451.2433941997588], [20.5329831]], "rotation": [[-0.8598436677510397, 0.5105187341043999, 0.006287490146319947], [-0.51055658768632, -0.8597543687540997, -0.012427371070239807], [-0.0009387086875999469, -0.013895715528799805, 0.9999030092555]]}