{"translation": [[3940.2414782000706], [2448.5308317998424], [20.558518600000003]], "rotation": [[-0.8594679106228801, 0.51109488446196, 0.0098412597958], [-0.51118901443804, -0.8592778790068201, -0.0180897452586], [-0.0007891992258000011, -0.0205783002814, 0.9997879328703]]}