{"translation": [[3944.104200700007], [2460.0791936004534], [20.5834107]], "rotation": [[0.8506208737038, -0.52576836785256, -0.0034280869098799994], [0.52573239243412, 0.8504391958326, 0.01893739504104], [-0.007041303835439999, -0.01791079984532, 0.99981479449356]]}