{"translation": [[3945.744258800056], [2439.41488429904], [20.5889171]], "rotation": [[-0.8829541134724197, 0.46914333910787975, 0.017222998164599997], [-0.4694088205978798, -0.8828030845979198, -0.0177241010086], [0.006889371522600001, -0.023734194369399997, 0.9996945656495]]}