{"translation": [[3938.912670400052], [2450.704922700301], [20.5363754]], "rotation": [[-0.8597034750117002, 0.51075453335194, 0.006310640764479947], [-0.51079191978086, -0.8596042719971402, -0.01312222237503981], [-0.0012775809171199468, -0.014504643874239808, 0.9998939859293999]]}