{"translation": [[3949.731295100006], [2451.442138100043], [20.5988182]], "rotation": [[0.8433633426711001, -0.5373428725036398, 0.0009495907556800031], [0.5371667774051598, 0.8431296737182401, 0.02417020170796], [-0.013788314081919998, -0.01987417339124, 0.9997074070007]]}