{"translation": [[3937.529613699997], [2452.967902000062], [20.5471908]], "rotation": [[-0.8598790708585002, 0.5103699167388198, 0.011418887194759997], [-0.5104906189702998, -0.8595347699658602, -0.02447787953068], [-0.002677842429399996, -0.0268772530406, 0.9996351546446001]]}