{"translation": [[3955.9745274999877], [2441.8717381004244], [20.6044095]], "rotation": [[0.85506770916694, -0.51846826188846, -0.00706162284402], [0.51851058087462, 0.85491465332924, 0.016361705252659998], [-0.00244594028874, -0.01765189202522, 0.99984120142934]]}