{"translation": [[3944.065925600007], [2442.3133530002087], [20.5812044]], "rotation": [[-0.86779118291298, 0.49677730311788, 0.01228150710744], [-0.49691163906732, -0.8677027843465799, -0.013067610536239999], [0.004165005322160001, -0.017442780530159997, 0.99983918814144]]}