{"translation": [[3958.2367328000255], [2438.2051761997864], [20.6116978]], "rotation": [[0.8675003995354801, -0.49740402841225995, -0.005681431542499755], [0.49742204005425994, 0.8673316355539801, 0.017525334840499854], [-0.003789487217900142, -0.01802930426469975, 0.9998302775775001]]}