{"translation": [[3944.524109500053], [2459.430116900243], [20.5846337]], "rotation": [[0.85043830659782, -0.52606757607698, -0.0027524225007799445], [0.5260178843243799, 0.85025775388934, 0.019155183644379806], [-0.007736653025379944, -0.017738125324779808, 0.99981273401052]]}