{"translation": [[3939.263434500026], [2450.126532900147], [20.5428162]], "rotation": [[-0.8596216054691997, 0.51088995362204, 0.006477214243719807], [-0.5109259432226, -0.8594875300260998, -0.015351543623500052], [-0.002275864316200193, -0.016505897055219945, 0.99986117825894]]}