{"translation": [[3941.1890699000214], [2446.985656700097], [20.5649046]], "rotation": [[-0.8597391565040999, 0.5106767455348398, 0.007601787329719806], [-0.5107313674025198, -0.8595994589783399, -0.015562239769240056], [-0.001412781587560192, -0.01726193863467995, 0.9998500035096]]}