{"translation": [[3939.583749099984], [2449.5996867008507], [20.548289800000003]], "rotation": [[-0.8595908152957199, 0.5109385020239801, 0.00674680793386], [-0.51097609495658, -0.859435328733, -0.016564664608059998], [-0.0026650798729399993, -0.017686290740139998, 0.99984003344172]]}