{"translation": [[3948.8888297000085], [2432.98014790006], [20.5807264]], "rotation": [[-0.9286643528484999, 0.37070106242617995, 0.01278236522924], [-0.37078174213018, -0.9287088648572199, -0.00457064964596], [0.01017675034876, -0.00898406652796, 0.99990785590872]]}