{"translation": [[3941.785042000003], [2446.0337167996913], [20.570035600000004]], "rotation": [[-0.86048813409268, 0.50936941549352, 0.010153747769279948], [-0.50946290375168, -0.86041381425898, -0.011651046148019806], [0.0028017378319200527, -0.015198543852179808, 0.99988057013734]]}