{"translation": [[3948.8127497999812], [2433.163429000415], [20.58178]], "rotation": [[-0.9257787781802, 0.37788221632013996, 0.011785311952380001], [-0.37796223748806, -0.9258051385311401, -0.00544073734694], [0.008854943356980002, -0.00949132123774, 0.9999157488551]]}