{"translation": [[3948.0310194001067], [2434.9129492007196], [20.5862543]], "rotation": [[-0.9084827749361801, 0.41765554740147987, 0.01493577020012], [-0.4178657343525199, -0.9083681864357802, -0.01598911431832], [0.006889235133880003, -0.02076697973768, 0.99976060685304]]}