{"translation": [[3946.5831315999967], [2437.8463300000876], [20.5857114]], "rotation": [[-0.8918507265200402, 0.45210697871262, 0.01418967322674], [-0.45229367932386005, -0.8917363363824402, -0.01537918896242], [0.005700409688819999, -0.02013384237554, 0.99978104287676]]}