{"translation": [[3923.359188499977], [2405.4664309993386], [20.8737753]], "rotation": [[-0.43445163904852047, -0.90059899207186, -0.01317320194386], [0.90068813257526, -0.43446016871380044, -0.002356710276420002], [-0.0036007788594600012, -0.01288882168338, 0.99991045233372]]}