{"translation": [[3949.3058165999246], [2423.1957915993407], [20.6672152]], "rotation": [[-0.9419251729340202, -0.33562563497856, 0.011500946183319838], [0.33551277285743997, -0.9419748855696802, -0.01069412113403977], [0.014422824528679769, -0.006214348119959839, 0.9998766743962999]]}