{"translation": [[3939.969932099979], [2413.8735437002033], [20.7811868]], "rotation": [[-0.45803717552769996, -0.8888760934569201, -0.01006144444115983], [0.8889291474719602, -0.45797235404649994, -0.008141870357280102], [0.002629250511480172, -0.012673190557439895, 0.99991623513304]]}