{"translation": [[3948.367473200022], [2421.1069644996896], [20.6917341]], "rotation": [[-0.8699053690980002, -0.49309319286659997, 0.011118354522800002], [0.49291211934139995, -0.8699385034696202, -0.01563677170104], [0.0173826714012, -0.00812214081896, 0.9998159198323799]]}