{"translation": [[3949.966925100016], [2426.0517349010333], [20.63901]], "rotation": [[-0.9932372728376401, -0.11505237658578, 0.015578536824220002], [0.11493259087298001, -0.9933379505296202, -0.008380687050420001], [0.016438969640580003, -0.00653352907522, 0.99984352439598]]}