{"translation": [[3949.5073370999307], [2431.1766883004457], [20.5936389]], "rotation": [[-0.9626248363983999, 0.27054704827783976, 0.01256993900792], [-0.2706263791954398, -0.9626712164824199, -0.0050770263052600005], [0.010727142307280002, -0.008289027728659998, 0.9999081060030199]]}