{"translation": [[3947.860849699995], [2420.281836799346], [20.7003115]], "rotation": [[-0.8326143747325, -0.55380169030072, 0.00756521621896], [0.5536664808052, -0.8326105906233601, -0.01460390706872], [0.0143865461164, -0.007970814823599999, 0.9998647375619]]}