{"translation": [[3933.9546980999876], [2410.754507199861], [20.8188882]], "rotation": [[-0.4412420880945003, -0.8973524803555002, -0.008002840264], [0.8973871586795001, -0.4412106886545003, -0.0054328087060000006], [0.001344205933999999, -0.009578829424, 0.9999532184759999]]}