{"translation": [[3943.410896400106], [2415.9108859999105], [20.7539664]], "rotation": [[-0.5528302304807199, -0.8332787555900399, -0.0050079233502], [0.8332498197999599, -0.55272931978778, -0.0135964851639], [0.0085616363682, -0.011689400660100002, 0.9998950226315]]}