{"translation": [[3948.1127417000243], [2420.675696599297], [20.6965554]], "rotation": [[-0.85106366770986, -0.52498702876862, 0.008902268156519807], [0.52483186731678, -0.85107003176706, -0.015208856833479946], [0.015560906220919808, -0.008271511475880055, 0.9998447080898399]]}