{"translation": [[3940.5018958], [2414.1617657998577], [20.7771509]], "rotation": [[-0.46593009995279966, -0.8847671232673198, -0.009807048264839895], [0.8848134622539598, -0.4658500954968997, -0.009419352294319826], [0.0037653186529198967, -0.013066168862959826, 0.9999075445261401]]}