{"translation": [[3919.337020099978], [2381.8963414998725], [20.853466]], "rotation": [[0.41765318421109987, 0.90837230310202, 0.020631387385859998], [-0.9085739849221001, 0.4177228242460399, 0.0010166058370199987], [-0.007694745681899997, -0.0191697293091, 0.9997866334351]]}