{"translation": [[3936.764694100013], [2412.1989109003916], [20.8020857]], "rotation": [[-0.44285749911328, -0.89652615826584, -0.010871148934399999], [0.89659181005416, -0.44281564100802007, -0.006126424285199999], [0.0006785851935999995, -0.0124601154012, 0.9999221394947]]}