{"translation": [[3944.7138156999717], [2416.868445299566], [20.7411387]], "rotation": [[-0.6186562432593996, -0.7856608514385199, -0.0012815151324399128], [0.7855896476676398, -0.6185764088470597, -0.014570345748579818], [0.010654634745879913, -0.01002077914633982, 0.9998930256555]]}