{"translation": [[3931.578175799921], [2409.5503119006753], [20.8381085]], "rotation": [[-0.4390557398211996, -0.8983916942928397, -0.011053077356319998], [0.8984593762745198, -0.4390121521499396, -0.006231293606439998], [0.0007457062457599997, -0.012666627856279998, 0.9999194969830999]]}