{"translation": [[3927.213180300023], [2407.3765150001273], [20.860446]], "rotation": [[-0.43631829559017976, -0.89968180380124, -0.01410946234172], [0.89978929378124, -0.4363045574410598, -0.00420000445204], [-0.002377354681719998, -0.014528081417960002, 0.99989163564912]]}