{"translation": [[3949.9169861000264], [2425.677520599216], [20.6436181]], "rotation": [[-0.9895243912348799, -0.14369930769728, 0.01384964329192], [0.14358633868672, -0.9895982437201799, -0.008837638978479999], [0.014975546552079999, -0.006756440445519999, 0.99986503264494]]}