{"translation": [[3917.5323265999905], [2381.027483800426], [20.8564444]], "rotation": [[0.4179213867109999, 0.9082542867154402, 0.020389628727920002], [-0.9084489751381601, 0.4179950068105399, 0.00071108029246], [-0.00787691989688, -0.018820114977940002, 0.9997918570179]]}