{"translation": [[3949.0489600999863], [2432.5750159006566], [20.5848958]], "rotation": [[-0.9357497520894603, 0.35238118678166, 0.01414528949336], [-0.35247548795926004, -0.9358090334881803, -0.004761489636880001], [0.01155942906824, -0.00944142987208, 0.9998886133027199]]}