{"translation": [[3949.768004500016], [2424.847976400517], [20.6508193]], "rotation": [[-0.97801413513762, -0.2081719592844, 0.0123685944343], [0.2080700103724, -0.97807226243412, -0.0090396645924], [0.0139791825303, -0.0062673854204, 0.9998826442875001]]}