{"translation": [[3949.83783959999], [2429.7868192000315], [20.6071754]], "rotation": [[-0.9844491292210601, 0.1748772082229798, 0.01667989736512], [-0.17499312042357978, -0.98455303024698, -0.005751817977520002], [0.015416378835280001, -0.008581238241919998, 0.99984433670492]]}