{"translation": [[3949.208081800025], [2432.13835479971], [20.586536]], "rotation": [[-0.9440389536997797, 0.32951384831358, 0.014531216814939966], [-0.32960708409621997, -0.9441075011230797, -0.004502780764739802], [0.012235301636460031, -0.009040392170859803, 0.99988427765814]]}