{"translation": [[3949.849118400016], [2425.266145299189], [20.6470802]], "rotation": [[-0.9843810390265798, -0.17555289677733998, 0.01322360863716], [0.17544417989466, -0.9844482322408199, -0.008985051845319999], [0.014595312034839998, -0.006524710618679999, 0.9998721943326]]}