{"translation": [[3949.8818898000172], [2429.499871400185], [20.6078356]], "rotation": [[-0.9880471289874, 0.15345550723207999, 0.014650077456359802], [-0.15355349588004, -0.9881234343714, -0.005809383096880015], [0.013584600559119801, -0.007989513695639983, 0.99987580544796]]}