{"translation": [[3913.946059699985], [2379.304389900528], [20.8618554]], "rotation": [[0.41885616909659995, 0.9078760573092599, 0.017907868817779893], [-0.90804082966142, 0.4188699082131, 0.0031574118911398283], [-0.004634530051860106, -0.01758357604821983, 0.99983465583966]]}