{"translation": [[3925.3243545999285], [2406.4411087995395], [20.8653975]], "rotation": [[-0.43543667823641985, -0.9001149762243, -0.01371742695187983], [0.9002131816589, -0.43544013533273984, -0.0028905170058001065], [-0.00337131917987983, -0.013607244310599894, 0.9999017337346799]]}