{"translation": [[3946.279915400024], [2418.289958300069], [20.7226074]], "rotation": [[-0.7184250555857801, -0.6955844244417001, 0.00525929151738], [0.6954290682561001, -0.7183932402050001, -0.0170139830853], [0.015612901639620001, -0.008565808197900001, 0.99984141953822]]}