{"translation": [[3944.303637199977], [2416.5485073002055], [20.7458912]], "rotation": [[-0.5961972983699996, -0.8028336961783998, -0.0025740108262], [0.8027730262763199, -0.5961053825519396, -0.014616053601199998], [0.010199879134759999, -0.01078039981832, 0.9998898666507]]}