{"translation": [[3947.5699971999857], [2419.8594359001145], [20.7041255]], "rotation": [[-0.81126927910794, -0.5846356116759401, 0.006592274368560001], [0.58451512590534, -0.8112607911364199, -0.01407466154032], [0.01357660152304, -0.0075650558431199985, 0.99987921561948]]}