{"translation": [[3949.9621232000063], [2428.879571400583], [20.6112708]], "rotation": [[-0.9943293220744399, 0.10554093463806, 0.013051403472059998], [-0.10562316006365999, -0.99438945597442, -0.00577811905482], [0.012368349729539999, -0.00712388358762, 0.99989813191598]]}