{"translation": [[3929.717430400022], [2408.62327090092], [20.8467842]], "rotation": [[-0.43745750188209986, -0.8991608358148, -0.01186498754499983], [0.89923857655768, -0.4374336026217599, -0.004677421568800106], [-0.0009843897247598299, -0.012715627347679895, 0.9999186685931]]}