{"translation": [[3942.476079099928], [2415.305721900426], [20.7617391]], "rotation": [[-0.5157214018328398, -0.8567327500179399, -0.0063662377282599015], [0.85672663380146, -0.5156273023196998, -0.012167919960819824], [0.007142049519139901, -0.011729381384019825, 0.9999057019275]]}