{"translation": [[3922.0485194000066], [2404.8204904999584], [20.8786589]], "rotation": [[-0.43390540451978, -0.9008441397316798, -0.014343711653219892], [0.9009493540408797, -0.43391714279236004, -0.002445581122079831], [-0.004020896196420107, -0.013984109724719827, 0.99989413292342]]}