{"translation": [[3913.0228973000194], [2378.856578900479], [20.8618386]], "rotation": [[0.4193178942707001, 0.9076700243439, 0.01754074792579983], [-0.9078281458208999, 0.4193309931550201, 0.003102131494440107], [-0.004539668009799832, -0.01722476333555989, 0.9998413368906801]]}