{"translation": [[3924.6554841999896], [2406.108249299228], [20.8691885]], "rotation": [[-0.43510276532563985, -0.9002775086189999, -0.01362975545484], [0.9003746410671599, -0.43510542066673985, -0.0029253687296999977], [-0.0032967381114000008, -0.013544723466659999, 0.9999028312636601]]}