{"translation": [[3949.2817059999797], [2431.918267299421], [20.5864331]], "rotation": [[-0.9484227037728, 0.3166910510412798, 0.01417374472096], [-0.3167752848655998, -0.94849163484904, -0.004096265535280001], [0.012146429408, -0.008374884081999998, 0.999891156854]]}