{"translation": [[3918.3977654000046], [2381.4441907005385], [20.8551277]], "rotation": [[0.4178247321653602, 0.9082938509762799, 0.02061101124044], [-0.9084945215784399, 0.4178957582676601, 0.0009379731710200002], [-0.007761299352280002, -0.019116898555659997, 0.99978713056166]]}