{"translation": [[3930.3585167999845], [2408.9434575997293], [20.8444988]], "rotation": [[-0.4378589915105998, -0.8989681655251198, -0.011636030327839999], [0.8990429001847999, -0.4378366031718598, -0.004541897362620001], [-0.0010116603648000003, -0.0124500030823, 0.9999219839307001]]}