{"translation": [[3950.0389672999736], [2427.8726867008954], [20.6221265]], "rotation": [[-0.9995268235343397, 0.026751292742639998, 0.015186418242739799], [-0.026842919719039997, -0.9996225409333197, -0.005862017765520003], [0.015023868456659798, -0.006266891408319997, 0.99986749594998]]}