{"translation": [[3948.798518399999], [2421.9474922008812], [20.6807762]], "rotation": [[-0.90238288416402, -0.43076834936411995, 0.01199427981804], [0.43062257428451994, -0.9024388549972, -0.012977469143440001], [0.01641438633684, -0.006545637853360001, 0.9998438490858199]]}