{"translation": [[3925.9405999999726], [2406.745599099435], [20.8631637]], "rotation": [[-0.43575066792196016, -0.8999626774124001, -0.013720999031200002], [0.9000621641848001, -0.43574889841018016, -0.0032755582370200004], [-0.003031031620400002, -0.013777080369020001, 0.9999004974922201]]}