{"translation": [[3949.1556554000126], [2422.792770500295], [20.6720205]], "rotation": [[-0.9302685666289999, -0.36672812655077996, 0.01053573557046], [0.36662203395582, -0.9303080322048999, -0.01074132306386], [0.013740623914259998, -0.006129681853060001, 0.99988680472454]]}