{"translation": [[3950.035282100027], [2427.165385999717], [20.6283087]], "rotation": [[-0.9995201620381201, -0.028397985098180003, 0.0123732475375], [0.02832295226582, -0.99957965929252, -0.0061977608423], [0.0125440498727, -0.0058443397295, 0.99990424067036]]}