{"translation": [[3932.1563857999863], [2409.8409668002278], [20.833034100000003]], "rotation": [[-0.4395123815433002, -0.8981810976236, -0.0099757869891], [0.8982346702228801, -0.43946199820176024, -0.006896617480400002], [0.00181043198734, -0.01199174694288, 0.9999264574647]]}