{"translation": [[3926.602966299979], [2407.0751834996045], [20.8610684]], "rotation": [[-0.4360300919122595, -0.8998252879430398, -0.013866610001899999], [0.8999271722987999, -0.4360270533473595, -0.0034008903369599974], [-0.002986009545459998, -0.0139618292148, 0.99989807034374]]}