{"translation": [[3936.2339268000214], [2411.9223565990105], [20.8053582]], "rotation": [[-0.4424814830878604, -0.89672362295184, -0.009856081880199999], [0.8967761700504, -0.4424330931714604, -0.006761662017840001], [0.0017026860071599993, -0.0118306079148, 0.99992856624344]]}