{"translation": [[3941.505087699974], [2414.723902700469], [20.7697991]], "rotation": [[-0.48674273718032013, -0.87350443579836, -0.008456730918359828], [0.8735258503484401, -0.4866443313968801, -0.011396988498080102], [0.005839899851160172, -0.012934574379519899, 0.9998992911068]]}