{"translation": [[3927.496971899993], [2385.8248704001307], [20.8408745]], "rotation": [[0.41737970548140013, 0.90850787920124, 0.02019207763992], [-0.9086975783623199, 0.4174548151599601, 0.0005417403059599993], [-0.00793710580796, -0.01857460183608, 0.9997959724638]]}