{"translation": [[3929.331296199991], [2386.709465599619], [20.8381842]], "rotation": [[0.41713310034648, 0.90861431622736, 0.0204934928974], [-0.90881599310336, 0.41719493521398, 0.0013634596982000004], [-0.0073109222402, -0.0191935585414, 0.9997890566115001]]}