{"translation": [[3946.9843399000238], [2395.2086054002866], [20.8111568]], "rotation": [[0.41396505771799985, 0.9100613298603601, 0.02052701977247983], [-0.9102817626037201, 0.4139658238231999, 0.004411466512440107], [-0.0044827802769598305, -0.020511564019319892, 0.99977956592536]]}