{"translation": [[3959.9602789001074], [2401.323796599172], [20.7892036]], "rotation": [[0.41928509434187977, 0.9075995436542201, 0.02152249448422], [-0.9078410922342202, 0.41929075506605984, 0.00446695793582], [-0.004969975970779998, -0.021411931740820005, 0.99975838509918]]}