{"translation": [[3993.506913900026], [2418.564892699942], [20.7148101]], "rotation": [[0.44743607185685985, 0.8941313998200201, 0.01816499339896], [-0.89431543157054, 0.44736429710149994, 0.00806598147728], [-0.0009143216564799998, -0.01985424534664, 0.999802466963]]}