{"translation": [[3950.7031237001065], [2396.9706413997337], [20.8028392]], "rotation": [[0.4122568326591002, 0.9108043171836797, 0.02190212895775983], [-0.9110590885359997, 0.4122378635993401, 0.0055843115346801055], [-0.003942670321599831, -0.022256305599399888, 0.9997445234508]]}