{"translation": [[3971.860943500069], [2407.258694600314], [20.777366600000004]], "rotation": [[0.4424670269991, 0.8966321984407799, 0.01654135208884], [-0.8967807677425399, 0.44244485520270005, 0.00517593491892], [-0.0026777260453200004, -0.01712414711564, 0.9998497854002399]]}