{"translation": [[3959.0031927999225], [2400.8646016996354], [20.7935237]], "rotation": [[0.4166331649314199, 0.9087778373328802, 0.023232241630499834], [-0.9090547847388802, 0.4166573016489199, 0.004022452198800108], [-0.006024369008699831, -0.022795265975999894, 0.9997220027935001]]}