{"translation": [[3986.8252437000046], [2415.065923199989], [20.7315016]], "rotation": [[0.45056827704974, 0.8924922880011801, 0.02111001123998], [-0.8927361292461802, 0.4505244670054199, 0.007056710202620002], [-0.0032125153199800017, -0.022025200992380003, 0.99975225441932]]}