{"translation": [[3931.1716886999784], [2387.596589700319], [20.8367232]], "rotation": [[0.4172252136925998, 0.9085409942060603, 0.021826360512580002], [-0.9087729791053003, 0.4172866608925998, 0.001876751296699999], [-0.0074027436967, -0.020618234512580005, 0.99976001510076]]}