{"translation": [[4002.052420300024], [2422.9444964006543], [20.7076035]], "rotation": [[0.43748813760926, 0.8989587515895401, 0.02184657046616], [-0.89921745314986, 0.43744964879549997, 0.006764389654479999], [-0.0034758669762399996, -0.022604157964719998, 0.9997384509871999]]}