{"translation": [[3962.679650200007], [2402.6418268000707], [20.7833616]], "rotation": [[0.4265317660866199, 0.90425879301194, 0.019663269445419893], [-0.9044633931454601, 0.42652450717147994, 0.004771962598339833], [-0.004071776577220107, -0.01982010160993983, 0.9997952711390999]]}