{"translation": [[3970.0208048999775], [2406.319437900558], [20.7765808]], "rotation": [[0.44007567700759986, 0.89779835975004, 0.017076566982879997], [-0.8979592676050799, 0.44002989335279985, 0.006553784415959997], [-0.0016302245033599982, -0.018218221597079996, 0.99983270540696]]}