{"translation": [[3991.6055310000665], [2417.57258919999], [20.7185808]], "rotation": [[0.44860887979837993, 0.8935124137719401, 0.01963855022626], [-0.8937264363874602, 0.44854340202251997, 0.00786807865298], [-0.0017785167188600001, -0.021081181061780002, 0.9997761853019]]}