{"translation": [[4016.427111600002], [2430.0948287006468], [20.6632302]], "rotation": [[0.42853420712078005, 0.9032605699685999, 0.02188156450638], [-0.9035132862642, 0.42852898942999995, 0.005164645224599999], [-0.004711864738379997, -0.0219835110078, 0.99974722984678]]}