{"translation": [[3937.676941099926], [2390.7403069995344], [20.8272864]], "rotation": [[0.41657017243100003, 0.9088663568872, 0.020766772921999833], [-0.909091545766, 0.4165734829090201, 0.0043722822308201095], [-0.0046770670071998345, -0.020700259749819892, 0.99977478678902]]}