{"translation": [[4010.7124785999185], [2427.2683480000123], [20.6803403]], "rotation": [[0.4290359487979998, 0.9030136355085602, 0.022239366852920002], [-0.9032752608612001, 0.4290280060382998, 0.005369717421], [-0.004692384099399996, -0.02239207079892, 0.99973825410686]]}