{"translation": [[3987.810374200053], [2415.5831219004467], [20.7299086]], "rotation": [[0.45025041944503996, 0.8926464307851599, 0.021373350869], [-0.8928972434418, 0.45019922236533993, 0.007421829872339999], [-0.002997194503159998, -0.022425889305299998, 0.9997440153721401]]}