{"translation": [[3990.6175292999833], [2417.0575603004545], [20.7196947]], "rotation": [[0.44906533907755986, 0.8932781240268202, 0.019859341989460003], [-0.8934982416997401, 0.4489800950909999, 0.008811660616179998], [-0.0010451835255799995, -0.02170129992574, 0.9997639527014]]}