{"translation": [[4013.5409252999816], [2428.6666393000633], [20.6718414]], "rotation": [[0.42874703000696, 0.90314274969864, 0.02256467342456], [-0.90340982640456, 0.42874906302640003, 0.004993302455279999], [-0.0051649177786399995, -0.02252601119832, 0.9997329155564]]}