{"translation": [[3970.9773190999986], [2406.806349700317], [20.7776242]], "rotation": [[0.44141202654904, 0.897142730823, 0.01703917110504], [-0.89730138803004, 0.4413811129150399, 0.0057377873189999986], [-0.002373153989999998, -0.01782200031996, 0.99983835915704]]}