{"translation": [[3932.128743499983], [2388.0596559001133], [20.8329165]], "rotation": [[0.41709438201484006, 0.9086201165425198, 0.021018147316559998], [-0.9088397386322398, 0.4171381716278001, 0.0024652513941199987], [-0.006527494561079999, -0.02013036998696, 0.9997760549342]]}