{"translation": [[3925.665804499993], [2384.9434927999973], [20.8410829]], "rotation": [[0.41733948837830015, 0.9085370325976597, 0.01970357265858], [-0.9087185685902198, 0.4174088701334002, 0.0006458852682600016], [-0.00763763551206, -0.018174555484979996, 0.99980565714694]]}