{"translation": [[3992.5183729000273], [2418.048536100425], [20.7161141]], "rotation": [[0.44811514055453994, 0.8937728263207201, 0.019050878033179897], [-0.8939741982263201, 0.4480533866275199, 0.0076338622192798295], [-0.0017128714987801035, -0.02045184288631983, 0.99978937191102]]}