{"translation": [[3946.0893454999896], [2394.782004999928], [20.8119831]], "rotation": [[0.41449471988414, 0.9098280077104202, 0.020176432926159893], [-0.9100384421532601, 0.41450646299453997, 0.0037935223072798323], [-0.00491180854712011, -0.019933725038639834, 0.99978923815484]]}