{"translation": [[3936.787835999974], [2390.3076885994524], [20.8270504]], "rotation": [[0.41722057962406, 0.9085680427693802, 0.02076543489654], [-0.9087842534190601, 0.4172575289518, 0.002727444607380001], [-0.006186466340820001, -0.020009244731940004, 0.9997806548431]]}