{"translation": [[3940.426718099974], [2392.0631507998332], [20.8212542]], "rotation": [[0.4171308639164599, 0.90860658403092, 0.02088086138828], [-0.9088268879950799, 0.41716264378005996, 0.0030180846424800005], [-0.005968464947719999, -0.020236023161519998, 0.9997774156421599]]}