{"translation": [[3973.7072697000694], [2408.2122857999057], [20.7782713]], "rotation": [[0.4445496158679798, 0.89560301211292, 0.016456979004339997], [-0.89575399972508, 0.44448678043867984, 0.007498160974359998], [-0.0005995333233399982, -0.018074709838359997, 0.99983645933166]]}