{"translation": [[3981.1655454000575], [2412.089785299264], [20.7476498]], "rotation": [[0.44949196940942004, 0.8930659498441998, 0.019751462846579998], [-0.8932792883589998, 0.4494538936460001, 0.0065766321558], [-0.0030040047505799986, -0.020599716759, 0.9997832903194199]]}