{"translation": [[3939.5337709001033], [2391.6315695000812], [20.8231444]], "rotation": [[0.41705936141870015, 0.9086469336995397, 0.020548486663179998], [-0.9088583299769397, 0.41709655582638017, 0.0026458499406600017], [-0.006166559595980001, -0.019779139738739994, 0.99978535655132]]}