{"translation": [[3997.314716199995], [2420.5328353000805], [20.7097754]], "rotation": [[0.44295732416477973, 0.8963516832642002, 0.01850629865022], [-0.8965415239002001, 0.44289587750299975, 0.007520094855799999], [-0.0014557139152199996, -0.0199227461302, 0.9998004626367799]]}