{"translation": [[3994.4212678999756], [2419.039028099738], [20.7146834]], "rotation": [[0.4468187038339799, 0.89442027391838, 0.0191167023169], [-0.89462379760438, 0.44674391123147994, 0.008256351554499998], [-0.001155622611500002, -0.020791348798099997, 0.9997831686734999]]}