{"translation": [[3988.71960750001], [2416.060433900915], [20.725426]], "rotation": [[0.44984742677423994, 0.8928596767066402, 0.020952124670320003], [-0.8931002716839201, 0.4498010977771999, 0.00713991297896], [-0.0030493499298400017, -0.021924218356720003, 0.9997549850636]]}