{"translation": [[4018.3187311000074], [2431.031629799865], [20.6575386]], "rotation": [[0.4279175697663601, 0.9035653870497199, 0.021356934839119997], [-0.90380923531768, 0.42789663181836, 0.005771697046520001], [-0.00392345440948, -0.021772405884879997, 0.99975525446796]]}