{"translation": [[4009.7158401000197], [2426.775601999834], [20.6813719]], "rotation": [[0.42936432422525994, 0.9028712348239001, 0.0216745970023], [-0.9031212639433002, 0.42934934008958003, 0.00557714286838], [-0.004270531711900002, -0.02196941593862, 0.99974952228668]]}