{"translation": [[3657.608981999976], [2334.347136799246], [20.6245484]], "rotation": [[-0.8769869632861002, 0.4804181378807, 0.00959720835], [-0.48049485087578003, -0.8765988464235401, -0.0264383840868], [-0.00428857723896, -0.027797529863279997, 0.9996043744413999]]}