{"translation": [[3677.9855804999825], [2299.604489199817], [20.5584034]], "rotation": [[-0.8595824365704, 0.5107657790571599, 0.015374131289479946], [-0.51095553789148, -0.8595071671511401, -0.013110230452439807], [0.006517918901160053, -0.019124821270279806, 0.9997958581359]]}