{"translation": [[3663.822298400104], [2323.5893106004223], [20.581593]], "rotation": [[-0.8731087696753, 0.48743484350724003, 0.00941722500898], [-0.48751675996812, -0.8728120044099601, -0.02295535080924], [-0.00296977136894, -0.02463356887788, 0.9996921365087]]}