{"translation": [[3647.747912099934], [2351.6243991004303], [20.7039169]], "rotation": [[-0.8758767664326605, 0.4824682553753399, 0.007992265169539998], [-0.4825210075585399, -0.8756085989350805, -0.021969581613780004], [-0.003601529141339998, -0.023099086706380004, 0.99972669321342]]}