{"translation": [[3681.4493121000123], [2294.258367200382], [20.5919848]], "rotation": [[-0.8233382302746003, 0.56736138347876, 0.01467035623352], [-0.56754384609896, -0.8231826800477203, -0.016256022616040002], [0.00285334367908, -0.021710275289840004, 0.9997602324441199]]}