{"translation": [[3669.815938399988], [2313.3390044998378], [20.5588757]], "rotation": [[-0.87311093774226, 0.4873528876863798, 0.012815362176419997], [-0.48752117419841984, -0.87278632756146, -0.02380990166278], [-0.0004187507133799973, -0.02703644896698, 0.9996343606700401]]}