{"translation": [[3684.9415982000064], [2289.988033199683], [20.6026168]], "rotation": [[-0.73411652159716, 0.6788388704420798, 0.015833882947959996], [-0.6790072793332398, -0.73406057979556, -0.010206417450080002], [0.004694516456480001, -0.018244021530759998, 0.99982254285084]]}