{"translation": [[3646.694823400001], [2353.45490579959], [20.7196557]], "rotation": [[-0.87577368843664, 0.48265768986912, 0.007889245597679806], [-0.48270315725928, -0.87547722408154, -0.023184718942020052], [-0.004283428278720193, -0.024112727566619953, 0.9997000693456599]]}