{"translation": [[3681.080680700019], [2294.780097099021], [20.5890449]], "rotation": [[-0.8302206056746597, 0.55728649641854, 0.012870726554519998], [-0.55743180583682, -0.8300737868976997, -0.015730191167639997], [0.0019174290063600002, -0.020234079722519997, 0.9997934314150001]]}