{"translation": [[3678.368586900062], [2298.985102799721], [20.5622672]], "rotation": [[-0.8581431262330602, 0.51316400921372, 0.015922077426059947], [-0.51336468552196, -0.8580694183939602, -0.013191317656919808], [0.006892935571980053, -0.019493866991639807, 0.9997862154677399]]}