{"translation": [[3655.5355249000713], [2337.9850032003596], [20.6534897]], "rotation": [[-0.8773268480636203, 0.47983858819989983, 0.007237992518759998], [-0.47987683890549987, -0.8770727457925003, -0.021481985103], [-0.003959639306759998, -0.022320068911800002, 0.9997430348648799]]}