{"translation": [[3649.30837709998], [2348.9076624000445], [20.685891100000003]], "rotation": [[-0.8761079183315201, 0.48200202298568, 0.010448058369359999], [-0.48210423915511996, -0.8757357149264201, -0.025742121146640002], [-0.003258016979759999, -0.02758992660696, 0.9996140161660599]]}