{"translation": [[3660.207203499973], [2329.8079897994176], [20.625859100000003]], "rotation": [[-0.8748301176181001, 0.48442607124496007, -0.0019685421402200007], [-0.4843639859848, -0.8747706725952001, -0.0129625534792], [-0.0080014211801, -0.010386539845279999, 0.9999140448356599]]}