{"translation": [[3687.8148023000103], [2287.3621891997755], [20.6156347]], "rotation": [[-0.6338322523191401, 0.77336174037822, 0.01296518078732], [-0.77343667409118, -0.6338721166835402, -0.001285430157480001], [0.007224165311719999, -0.01084249413588, 0.99991512227096]]}