{"translation": [[3679.9178149999934], [2296.5227730004117], [20.5726289]], "rotation": [[-0.8471002501617998, 0.5312917550803, 0.0122467591589], [-0.5314173090881, -0.8470269067142798, -0.011866291083339999], [0.004068873033699999, -0.01656007989734, 0.99985459343148]]}