{"translation": [[3664.838832999987], [2321.836976500228], [20.5687617]], "rotation": [[-0.8729665156038602, 0.48776226784899984, 0.0042007750288601915], [-0.4877542786836398, -0.8727984216733602, -0.01785756267499995], [-0.005043815405499805, -0.01763799823364005, 0.99983171632214]]}