{"translation": [[3651.387247900013], [2345.2707110000774], [20.6463086]], "rotation": [[-0.8768582370273998, 0.48074685838234, 0.0015058491401800005], [-0.48072588934106, -0.8767805313099398, -0.01259747969594], [-0.00473589942562, -0.011770103353540002, 0.9999195147267]]}