{"translation": [[3655.0368206999847], [2338.859667800367], [20.6542552]], "rotation": [[-0.8774119000213798, 0.4797005129428798, 0.005958118641879998], [-0.47971889340127977, -0.8772007574013598, -0.01970629731732], [-0.004226654618519998, -0.020148764787079998, 0.99978805885902]]}