{"translation": [[3659.6685910999076], [2330.74667720031], [20.6132154]], "rotation": [[-0.8752734563758602, 0.48362850184374, -0.0003555396372600002], [-0.48359833231914, -0.8752266114809802, -0.010550315963580002], [-0.00541361082834, -0.00906247169178, 0.99994428066412]]}