{"translation": [[3672.5724520000513], [2308.68051020056], [20.577193]], "rotation": [[-0.8722052983314, 0.48848699861622, 0.02526416220906], [-0.48909287191518, -0.8716734777649, -0.031199663069860002], [0.006781471150859999, -0.039569034823060005, 0.99919382658854]]}