{"translation": [[3647.200170899974], [2352.575993100181], [20.7127651]], "rotation": [[-0.87580364602746, 0.48260370787579976, 0.007851852376199998], [-0.4826516572877998, -0.87552674482938, -0.02236769186852], [-0.003920224298199998, -0.02337941544852, 0.9997189779019201]]}