{"translation": [[3658.1449634999735], [2333.412595900707], [20.6124654]], "rotation": [[-0.8769354016841, 0.48055612967046, 0.0070664435467199995], [-0.4806018133551, -0.8767540760809001, -0.018000394638000003], [-0.0024546665843999996, -0.01918133059728, 0.99981300809264]]}