{"translation": [[3680.314880300022], [2295.9102638000622], [20.5774308]], "rotation": [[-0.8420328317799398, 0.5393093296942401, 0.011243080947839807], [-0.53942288663984, -0.8419206566567198, -0.013885496334120055], [0.0019772034777598077, -0.017756816833319942, 0.99984038033278]]}