{"translation": [[3686.1386882999213], [2288.8077644994482], [20.6099983]], "rotation": [[-0.6944502433472198, 0.7193543059070799, 0.0163788463589], [-0.71950823495908, -0.6944553184237199, -0.0063035751182], [0.0068398728917, -0.016162233946599998, 0.9998459873075]]}