{"translation": [[3685.326160800003], [2289.5946842003614], [20.6051804]], "rotation": [[-0.7217532905808999, 0.6919423792156799, 0.01697867499384], [-0.69212623660992, -0.7217167055763999, -0.00930663765204], [0.00581413410504, -0.018468480000839997, 0.99981253799326]]}