{"translation": [[3650.890053400013], [2346.142223900184], [20.653577]], "rotation": [[-0.8767133307280801, 0.48100011443339996, 0.0035458356657599994], [-0.4809918708162, -0.8765812719565002, -0.0158758048426], [-0.004528050821759999, -0.015624048314199999, 0.99986768417942]]}