{"translation": [[3679.1462031999836], [2297.7276998003945], [20.567592]], "rotation": [[-0.8536814727202602, 0.52064029326738, 0.01271106691544], [-0.52078179189726, -0.8535814774401002, -0.01359888466128], [0.0037698042324800004, -0.01822880857896, 0.9998267345438]]}