{"translation": [[4022.0888964000624], [2432.892394799739], [20.6462057]], "rotation": [[0.42642806068470007, 0.9043021393853999, 0.019917486999], [-0.9045183755293199, 0.42638068814576013, 0.0067803854786000015], [-0.0023609140532400014, -0.020907080150679998, 0.9997786355327]]}