{"translation": [[3651.9282831000164], [2344.319557099603], [20.6519473]], "rotation": [[-0.8770439302176002, 0.48040606879840003, 0.0020031793712001937], [-0.480378333784, -0.8769299885699202, -0.015182581188159952], [-0.005537156023999806, -0.01427807418016005, 0.99988273137632]]}