{"translation": [[3661.7550632000202], [2327.134831899777], [20.6427934]], "rotation": [[-0.8736472009689594, 0.48646679000783993, 0.00950182791232], [-0.4865174494139199, -0.8731479887123994, -0.030216147843239994], [-0.006402650231040001, -0.031021063717719993, 0.9994982239019999]]}