{"translation": [[4020.204186799994], [2431.962980900891], [20.6508295]], "rotation": [[0.42720607682736, 0.90393391785856, 0.019962560870479894], [-0.90414922150712, 0.42717366666966006, 0.006075156420459831], [-0.0030359413206401085, -0.02064447679981983, 0.99978227062806]]}