{"translation": [[3675.9319772999734], [2302.9927377002314], [20.5454512]], "rotation": [[-0.8664444429949598, 0.49911696677855993, 0.01251025921136], [-0.49925223793824, -0.8663675921251999, -0.01243479505872], [0.00463206492016, -0.01701983220432, 0.9998444225504]]}