{"translation": [[3663.330179099925], [2324.4377617994323], [20.5930368]], "rotation": [[-0.87338983207584, 0.48691135768735994, 0.010373501865519807], [-0.48701243907007996, -0.8730424249587999, -0.02481706988884005], [-0.0030272061234401936, -0.02672699986731995, 0.9996381863036]]}