{"translation": [[3673.0179347000085], [2307.9243985004723], [20.5634469]], "rotation": [[-0.8719834190800798, 0.48905820162476, 0.021618440493520002], [-0.48948466460716, -0.8716799356941599, -0.02406693706976], [0.007074225062320001, -0.03156785974784, 0.99947657584992]]}