{"translation": [[3666.8708101999946], [2318.349754700437], [20.5722018]], "rotation": [[-0.8730204503221002, 0.48760208323216, 0.00891578730528], [-0.48765025706128, -0.8726011438299401, -0.027648871465440004], [-0.00570172111584, -0.028485816346080002, 0.9995779352512]]}