{"translation": [[3656.075904599973], [2337.037180500105], [20.6507716]], "rotation": [[-0.8772027532066001, 0.48004239721801983, 0.008648834616339997], [-0.48010580797305985, -0.8768939597557001, -0.02357057839522], [-0.003730766352819997, -0.024828529729459998, 0.99968476307454]]}