{"translation": [[3673.8579659999814], [2306.491735899821], [20.5279875]], "rotation": [[-0.8705940242034003, 0.49186278874228, 0.011716928864160002], [-0.49198153178015996, -0.8705292803955602, -0.011540740998280001], [0.004523467540280002, -0.01581181097184, 0.9998647533006]]}