{"translation": [[3646.147558400058], [2354.406303600408], [20.7262711]], "rotation": [[-0.8759086276925797, 0.48240311886096, 0.008449210065], [-0.48246128068704, -0.8756037426455198, -0.023436740246999998], [-0.003907796735399999, -0.0246048586422, 0.9996896168659]]}