{"translation": [[3678.773891800025], [2298.3264925004914], [20.563558800000003]], "rotation": [[-0.8560715026804199, 0.5166684314118999, 0.01397082115152], [-0.5168345396528999, -0.8559746265335398, -0.0137610654436], [0.004848760981519999, -0.0190010600424, 0.99980770612188]]}