{"translation": [[3684.5307971999864], [2290.4264168003574], [20.6004178]], "rotation": [[-0.747216283093, 0.66439861973776, 0.015568804154319812], [-0.66456571673288, -0.7471529386186601, -0.010722954126740071], [0.004507961351839812, -0.018358858691379928, 0.9998212993335]]}