{"translation": [[3662.2960878000013], [2326.203120299615], [20.6354562]], "rotation": [[-0.8733471815249001, 0.48695920721940006, 0.011637036030899757], [-0.48706421105724, -0.8727545585818002, -0.032679112074679856], [-0.005757118247820143, -0.03420819438459975, 0.99939814639766]]}