{"translation": [[3739.2827294999734], [2296.9565711002797], [20.567753600000003]], "rotation": [[0.4265910842974999, 0.9042811934887002, 0.0171893612736], [-0.9044327787121001, 0.4266054611106199, 0.00300559221528], [-0.004615173826799999, -0.016828781777280002, 0.99984773453212]]}