{"translation": [[3736.315374500002], [2295.482702598907], [20.5660297]], "rotation": [[0.42685763054648007, 0.90418506656876, 0.01555490137196], [-0.9042856528900399, 0.42692620206102005, -0.0012256778687799999], [-0.00774903477076, -0.01354288385282, 0.9998782639714999]]}