{"translation": [[3704.232863800018], [2282.0727936001495], [20.6195631]], "rotation": [[0.04220217631709977, 0.9988675608318601, 0.02197257373042], [-0.9990852692817801, 0.04234317898715978, -0.005991796825260002], [-0.006915401845259999, -0.02169960467042, 0.9997406185779]]}