{"translation": [[3697.1968757000286], [2282.7389517994598], [20.644744600000003]], "rotation": [[-0.2641960792617001, 0.9642386746742401, 0.02107726387647988], [-0.96446467302752, -0.2641973390522401, -0.002775176928359841], [0.002892623717760121, -0.02106146688931984, 0.9997739981354999]]}