{"translation": [[3749.558621199976], [2316.0013644006103], [20.4993654]], "rotation": [[-0.43464232707999984, -0.90034251637672, -0.02166802367304], [0.9005475884485601, -0.4347570760692999, 0.0006544389463799989], [-0.01000954469208, -0.01922863893486, 0.99976500662734]]}