{"translation": [[3724.70070200006], [2289.728131099604], [20.5665829]], "rotation": [[0.4239793426295002, 0.905572303071, 0.0134323284044], [-0.9056343749429999, 0.4240501783755002, -0.0028163168201999983], [-0.008246360244400001, -0.010970716909800001, 0.9999058160300001]]}