{"translation": [[3744.283054700005], [2299.428020800464], [20.5492654]], "rotation": [[0.4255286968607599, 0.90483369419394, 0.014189306427379832], [-0.90493790245278, 0.4255349266687599, 0.0027278758571401066], [-0.00356977168813983, -0.014001230434379893, 0.99989560569116]]}