{"translation": [[3717.7110125999316], [2286.3378639006987], [20.5675319]], "rotation": [[0.41475664256190004, 0.90980799140534, 0.015040552128879999], [-0.9098966330849, 0.41483008214030004, -0.0019980117315999994], [-0.0080570797516, -0.01285666072888, 0.9998848882324399]]}