{"translation": [[3703.631044799986], [2282.0413900995627], [20.622962]], "rotation": [[0.015581774903519974, 0.99965635523052, 0.021077562279559998], [-0.99986048347172, 0.015704712973499957, -0.005679743847959999], [-0.006008808210839998, -0.02098612269364, 0.9997617100339801]]}