{"translation": [[3723.0705622999812], [2288.931181500666], [20.5644789]], "rotation": [[0.4224960238853601, 0.9062690921907999, 0.013173302869239999], [-0.90633395746424, 0.4225569661829601, -0.0021122110093999983], [-0.007480702910199999, -0.01104700990324, 0.99991099737456]]}