{"translation": [[3742.244895400072], [2298.425761600025], [20.5553049]], "rotation": [[0.42608239116908, 0.9045355926774599, 0.016407921077179997], [-0.90467873540766, 0.4260738065719599, 0.004190395471739999], [-0.0032006242572199996, -0.016629350337539997, 0.99985660008188]]}