{"translation": [[3699.7954027000233], [2282.231989500113], [20.6354488]], "rotation": [[-0.1571931204861, 0.9873617741952201, 0.02018027208294], [-0.9875679785176201, -0.15716165940612004, -0.0031455151411400005], [6.580194326000037e-05, -0.02042384187534, 0.99979140943902]]}