{"translation": [[3726.3751755999983], [2290.553335700184], [20.5677799]], "rotation": [[0.4252570724527197, 0.9049724172253202, 0.01347096131248], [-0.9050324933433203, 0.4253313340865398, -0.0030923501998800017], [-0.00852811409952, -0.010876612448120002, 0.99990448073382]]}