{"translation": [[3695.2125152000226], [2283.325420799665], [20.6555524]], "rotation": [[-0.3375743336000402, 0.9409920341181801, 0.024032997061619998], [-0.94127763276258, -0.33762823994682023, -0.0019009417127800014], [0.00632544721798, -0.02326343148918, 0.99970935850278]]}