{"translation": [[3691.876620099996], [2284.7350139003247], [20.6508003]], "rotation": [[-0.47489288397498053, 0.8798645984428001, 0.017742580293440002], [-0.8800134826228, -0.47494661711080055, -0.0013203358966000023], [0.007265063693440003, -0.0162407294134, 0.9998417162391801]]}