{"translation": [[3730.713698300009], [2292.7040307996795], [20.5679555]], "rotation": [[0.42688691940150014, 0.9041927287741998, 0.0142453064569], [-0.9042649204701998, 0.42696325619448006, -0.00268197046364], [-0.008507239928899998, -0.011736634543639999, 0.99989493360702]]}