{"translation": [[3690.4737159999786], [2285.5181288998574], [20.643144]], "rotation": [[-0.5308099120563997, 0.8473328128863199, 0.016366697542839998], [-0.84745727734792, -0.5308618176455197, -0.001349427028840001], [0.007545041573959999, -0.014586366559640001, 0.99986514603312]]}