{"translation": [[3707.820596800011], [2282.5771626001224], [20.5959312]], "rotation": [[0.19115942625259996, 0.9813104944371799, 0.022086049713459843], [-0.9814774618999399, 0.19138518196139986, -0.008585466556819875], [-0.012651951111979844, -0.020035767043059875, 0.99971920866524]]}