{"translation": [[3746.351123999979], [2300.442868400365], [20.5504096]], "rotation": [[0.42453198477269993, 0.90531675853632, 0.013195742641640001], [-0.90540255275056, 0.42455178724949993, 0.0014015786749199998], [-0.0043334032057200005, -0.012542474369240001, 0.9999119500977599]]}