{"translation": [[3735.396825200005], [2295.024033099413], [20.5678184]], "rotation": [[0.4268013854910202, 0.90419763048868, 0.01634898342666], [-0.9042971790150799, 0.4268956033742002, -0.002612035917239998], [-0.00934110624054, -0.013669518093959998, 0.9998629346191801]]}