{"translation": [[3694.2373858999927], [2283.6718105003238], [20.6569224]], "rotation": [[-0.3770558815738596, 0.9259350462813, 0.021755977044919887], [-0.9261786227344199, -0.37706644058369965, -0.0037720651095598332], [0.004710759907400108, -0.021572198623799832, 0.9997561947883999]]}