{"translation": [[3710.939003599924], [2283.439953500405], [20.5804697]], "rotation": [[0.29900252777436, 0.9540179426757799, 0.021144684710099997], [-0.9541395117788999, 0.2992343827767, -0.0087418837991], [-0.014667129955779998, -0.017561136714539998, 0.9997382065910999]]}