{"translation": [[3714.199164700054], [2284.7123797992244], [20.567703100000003]], "rotation": [[0.3819409468163, 0.92401423800938, 0.017853852080959888], [-0.92409220768298, 0.38210687964701995, -0.006919766625760165], [-0.01321604244016011, -0.013855664058559833, 0.9998166615852799]]}