{"translation": [[3752.647834000003], [2317.55672240071], [20.5090874]], "rotation": [[-0.4340953254937603, -0.9006255458676802, -0.020856745930719896], [0.9007938533099202, -0.43423878054466025, 0.0026915904033201687], [-0.011480921537120107, -0.01761922104907983, 0.9997788513017399]]}