{"translation": [[3720.681974200066], [2287.7720579998568], [20.5623895]], "rotation": [[0.42042497694422, 0.9072394654232001, 0.01262456115004], [-0.907306804544, 0.4204683012975, -0.0008708829829999999], [-0.00609832712804, -0.0110882093974, 0.99991992780272]]}