{"translation": [[3734.409529800061], [2294.535803800449], [20.5706542]], "rotation": [[0.42680862305839995, 0.9042012760311999, 0.01595568450679989], [-0.90430852258808, 0.42687827873174, -0.0010785485935001686], [-0.007786361094560107, -0.013968525908419831, 0.9998721182703]]}