{"translation": [[3732.5419462000136], [2293.610152300447], [20.570794600000003]], "rotation": [[0.4270479731964, 0.90408342534772, 0.016227253966439724], [-0.9041906950786801, 0.4271263697259, -0.001544788115860062], [-0.008327706340359939, -0.014012831574059723, 0.99986713611846]]}