{"translation": [[3731.6584214000613], [2293.1721605006605], [20.5693951]], "rotation": [[0.4270571715115, 0.9041044281279, 0.0147428695323], [-0.9041894284977001, 0.42712763684798005, -0.001859068575939999], [-0.0079778791371, -0.01253641824806, 0.99988958973548]]}