{"translation": [[3696.6761502000154], [2282.87822929956], [20.647933]], "rotation": [[-0.28449773761139996, 0.9584242257589, 0.021999256165099998], [-0.95866378295414, -0.2845379960369999, -0.0013440834690199976], [0.00497142287702, -0.021472279496299998, 0.9997570835727599]]}