{"translation": [[3700.3054235000163], [2282.168477400206], [20.633806]], "rotation": [[-0.13417949745441982, 0.99075929343728, 0.01979818114928], [-0.9909562834724799, -0.1341271867251398, -0.003952855936879999], [-0.001260855093920002, -0.02014952335192, 0.99979618271328]]}