{"translation": [[3696.198781599989], [2283.0176870990545], [20.648912600000003]], "rotation": [[-0.3020436146716803, 0.9530227997672, 0.022743610952479884], [-0.9532718593768, -0.3021137187780002, -0.00037004000919984084], [0.00651849948752012, -0.02179261189479984, 0.99974126215032]]}