{"translation": [[3697.722608599928], [2282.6108529996127], [20.6426972]], "rotation": [[-0.24308397864169984, 0.9697927100664601, 0.02030650297451972], [-0.97000324440138, -0.2430731449442598, -0.003037645540439964], [0.0019900783652399643, -0.020435776021079717, 0.9997891871086]]}