{"translation": [[3707.18339760002], [2282.4480621004477], [20.6007186]], "rotation": [[0.16650765036492, 0.9857969597665599, 0.021900251730840002], [-0.9859778903468399, 0.16670573389788002, -0.00754072664528], [-0.01108452335744, -0.02033757424452, 0.9997317222318001]]}