{"translation": [[3739.436172100017], [2310.9190759006888], [20.497978]], "rotation": [[-0.43263019499956035, -0.9014047815647602, -0.0173338428034], [0.9015372308362003, -0.4327012787866603, 0.0003907793672599993], [-0.007852626970760002, -0.015458042065700001, 0.99984968129094]]}