{"translation": [[3710.621341900085], [2296.3567349007353], [20.5822002]], "rotation": [[-0.44101258584257996, -0.89745310209674, -0.0092618923918], [0.89748710478326, -0.44103953012721997, 0.0009917647705999996], [-0.0049749232658, -0.0078750483514, 0.9999566159342]]}