{"translation": [[3656.5169417000143], [2265.405186199583], [20.7965737]], "rotation": [[-0.5445320943888002, -0.8385392502106401, -0.01835566667088], [0.83864806367496, -0.5446661720505602, 0.002897032647440001], [-0.012426984227679998, -0.01381641632616, 0.9998273234544]]}