{"translation": [[3721.377460299991], [2301.845894300379], [20.5395798]], "rotation": [[-0.43656286042617976, -0.8994566552261, -0.01977004721967983], [0.8996417089884999, -0.43662772089849977, -0.0011354752636001057], [-0.007610837394319831, -0.018281663635999895, 0.9998039087563201]]}