{"translation": [[3675.0753906000173], [2277.355245999992], [20.7196093]], "rotation": [[-0.4898004535474001, -0.8717066132761001, -0.014939451881100001], [0.8718098093365402, -0.4898438790370001, -0.0008495082472200002], [-0.00657747644478, -0.013440449783700001, 0.9998880392924401]]}