{"translation": [[3685.7392847000156], [2283.2969805998728], [20.70501]], "rotation": [[-0.46041830392114014, -0.8876147396752201, -0.012461428135520002], [0.8877021273679802, -0.46036684409874007, -0.006894184390080001], [0.00038255228128000057, -0.01423624330128, 0.99989858638076]]}