{"translation": [[3700.008888899989], [2290.8473442997783], [20.6564887]], "rotation": [[-0.4466849203525003, -0.8946437033722002, -0.0092279148624], [0.8946885273286002, -0.4466341326359202, -0.007093595717520001], [0.002224738819200001, -0.011424712254480001, 0.99993226094758]]}