{"translation": [[3714.5161357999896], [2298.3507914002985], [20.5637589]], "rotation": [[-0.4389869733982802, -0.8983587626966799, -0.0155578352848], [0.89848509903568, -0.43899180745828015, -0.0032856295670000016], [-0.0038780876090000003, -0.0154208312648, 0.999873571211]]}