{"translation": [[3686.7354948000284], [2283.833750899881], [20.7054348]], "rotation": [[-0.45899052257572004, -0.88834885377774, -0.012797778862499897], [0.8884405585242601, -0.45892776787108003, -0.0076450521434998295], [0.0009182162810998972, -0.014879074062299831, 0.9998888788342001]]}