{"translation": [[3663.3615510999807], [2270.0119712995365], [20.7565413]], "rotation": [[-0.5379549499192403, -0.8428875259096802, -0.0120578894322], [0.8429154389070002, -0.5380309613050003, 0.004068134546], [-0.00991649554632, -0.00797530766324, 0.9999190255214]]}