{"translation": [[3650.5324526000186], [2261.3716812003404], [20.829098]], "rotation": [[-0.5413632645969997, -0.8407010771956798, -0.012143450824759998], [0.8407701314360398, -0.5413909764737996, -0.0011599689139199995], [-0.00559916787872, -0.010837815503159999, 0.99992559276764]]}