{"translation": [[3694.3059629001073], [2287.8572065001354], [20.6808718]], "rotation": [[-0.45064894966449986, -0.8926810202757, -0.0059933097670999995], [0.89269846488162, -0.45062101034243984, -0.0054731522877], [0.0021850676026599998, -0.007816689676620001, 0.9999670618763]]}