{"translation": [[3674.1412071000086], [2276.8055122001097], [20.7175255]], "rotation": [[-0.49398297310756034, -0.8693388184747401, -0.015183820586299902], [0.8694426019607002, -0.4940334317595604, -0.00048746757525982686], [-0.007077542685260102, -0.01344226252429983, 0.99988460031404]]}