{"translation": [[3713.5014114999794], [2297.8308012001216], [20.5657245]], "rotation": [[-0.43943970153202006, -0.8981733401831999, -0.013320425029319998], [0.8982656843735999, -0.43944432711514003, -0.0027345318828000016], [-0.0033975013813199997, -0.0131669423916, 0.99990754003288]]}