{"translation": [[3729.372455100005], [2305.8747957004234], [20.516195]], "rotation": [[-0.43385533055946046, -0.9008502429628003, -0.015429868395979832], [0.9009503904164802, -0.43392060645520036, 0.000995101750639893], [-0.007591778002899833, -0.013469817109599894, 0.9998804573087]]}