{"translation": [[3669.227845599933], [2273.8085865993053], [20.726643]], "rotation": [[-0.5162697542573798, -0.8563014498667199, -0.0145981614193], [0.85637702654328, -0.5163473588436798, 0.0018793435848000004], [-0.009147008776699998, -0.0115312826508, 0.9998916749989399]]}