{"translation": [[3681.895106000069], [2281.2031623004004], [20.7164016]], "rotation": [[-0.4667740151134796, -0.8842963730011799, -0.011923183600179828], [0.88437523234678, -0.4667557748022596, -0.004440032991420103], [-0.0016389087175798268, -0.012617059021179898, 0.9999190586302199]]}