{"translation": [[3702.9071622000192], [2292.360014599748], [20.6403072]], "rotation": [[-0.44488191693618007, -0.89553198024696, -0.010130534688219998], [0.89558907349304, -0.44484570292512005, -0.005708539389839999], [0.0006056550082200003, -0.011612421670159998, 0.9999323901387]]}