{"translation": [[3715.4574643999804], [2298.8343809004873], [20.5585443]], "rotation": [[-0.43880542423369984, -0.8984522141825401, -0.01528619533602], [0.8985659579362201, -0.4388363942539599, -0.0014448515456599977], [-0.005410006979940001, -0.014369662080820002, 0.9998821153799]]}