{"translation": [[3736.4538285000017], [2309.4290610989556], [20.5006022]], "rotation": [[-0.43220438022450036, -0.9016374899648, -0.015788841533299895], [0.9017416135472, -0.4322740622771203, 0.0011289799436801683], [-0.007843036674700108, -0.013749505023679831, 0.99987471109838]]}