{"translation": [[3728.409235899977], [2305.3902361998335], [20.5168122]], "rotation": [[-0.4339706346744998, -0.9007867940356, -0.015893007085], [0.9008944805156001, -0.43403730276999974, 0.000838165358200001], [-0.007653166642999998, -0.0139541834482, 0.9998733468795]]}