{"translation": [[3734.4380129000638], [2308.42106819991], [20.5061956]], "rotation": [[-0.43264642330498027, -0.9014095259908002, -0.016667321056139724], [0.9015261578444, -0.4327230120010003, 0.0011146014492000623], [-0.008217046942859938, -0.014543798235599724, 0.99986046929502]]}