{"translation": [[3742.5066864999826], [2312.454831100069], [20.4941276]], "rotation": [[-0.43331085949065995, -0.9010988440624, -0.01620281910092], [0.9012179638340801, -0.4333660428803999, -0.00011665893643999798], [-0.006916630694599998, -0.0146528214334, 0.9998687189027]]}