{"translation": [[3706.747453900054], [2294.3540759999305], [20.6178163]], "rotation": [[-0.44278307370467973, -0.8965563434328399, -0.011397093895199998], [0.8966270123361599, -0.4427716748509197, -0.0036422186866], [-0.0017808559885999992, -0.0118316549208, 0.9999284176854]]}