{"translation": [[3653.498979999975], [2263.359252599068], [20.8119349]], "rotation": [[-0.5426584885991205, -0.8398488926298001, -0.013250293951759905], [0.8399373982746, -0.5426780264936004, -0.0023863214981998263], [-0.005186494095760096, -0.012424375199399824, 0.99990936348152]]}