{"translation": [[3689.5704859999823], [2285.3505624001846], [20.7037777]], "rotation": [[-0.45495965511444003, -0.89044044325756, -0.01127892781612], [0.89051087848868, -0.45490371743610003, -0.0072572826525400015], [0.0013313507128400008, -0.013345780961020001, 0.9999100547630999]]}