{"translation": [[3712.5679522000137], [2297.3539014998823], [20.5685961]], "rotation": [[-0.4399059298485001, -0.8979925379082799, -0.00961618942396], [0.8980347255083599, -0.4399248828234401, -0.0001600364723200005], [-0.004086688037480001, -0.00870607211056, 0.9999537505799]]}