{"translation": [[3667.2726970000076], [2272.566149400547], [20.7369392]], "rotation": [[-0.5248895441432202, -0.85102826558378, -0.01554500821664], [0.85112254190678, -0.5249659158669001, 0.0009977371913599993], [-0.00900970372064, -0.01270700589536, 0.99987867125132]]}