{"translation": [[3705.7463188000256], [2293.835903200321], [20.6222355]], "rotation": [[-0.44338930849031966, -0.8962653368042002, -0.01069544020256], [0.8963278666538002, -0.4433773041219997, -0.003598184339599999], [-0.001517187437439998, -0.011182017436400002, 0.99993632828768]]}