{"translation": [[3662.4205323000206], [2269.389469199814], [20.7630364]], "rotation": [[-0.5404840997178004, -0.8412621373352999, -0.012449799510900002], [0.8412702382030198, -0.5405800703707604, 0.006133278409899998], [-0.011889808057860001, -0.007158706326019998, 0.9999036880573999]]}