{"translation": [[3716.480631100014], [2299.3570842007175], [20.5533962]], "rotation": [[-0.43843660916303984, -0.898656820398, -0.013747725492800001], [0.8987380803327999, -0.4384851910252199, 0.0005841754849800016], [-0.006553149150000001, -0.01209948153602, 0.99990532490118]]}