{"translation": [[3740.4859453000245], [2311.4433507006615], [20.4978622]], "rotation": [[-0.43292814980547956, -0.9012732308549798, -0.016726885423099826], [0.9013979938619798, -0.4329914908294795, 0.0001837850766998935], [-0.007408239556699828, -0.014998015188099892, 0.999860078975]]}