{"translation": [[3698.103765100008], [2289.851669399999], [20.6663538]], "rotation": [[-0.4480667453082, -0.8939299853245201, -0.011204604153639896], [0.8939960634698, -0.44799134180465994, -0.00865830395201983], [0.002720352373799895, -0.013896368753299831, 0.9998997402891]]}