{"translation": [[3711.557683400053], [2296.836403700523], [20.5704382]], "rotation": [[-0.4403129163827997, -0.8978110906679199, -0.007724553118359893], [0.8978314945256799, -0.4403363165619998, 0.0015567059107601698], [-0.0047990295875601045, -0.00624990953443983, 0.99996895348976]]}