{"translation": [[3655.461224699975], [2238.6557000996545], [20.6620989]], "rotation": [[0.5104945100295, 0.85961576908384, 0.021355399436619998], [-0.85984256686648, 0.510549034316, 0.0032267754726400012], [-0.008129191052139998, -0.020009533175119998, 0.99976674020486]]}