{"translation": [[3654.3646401999868], [2237.979723700322], [20.6658619]], "rotation": [[0.50959140366092, 0.8601529473346401, 0.0212962795085999], [-0.86037780645836, 0.50964720878588, 0.0031266183851998263], [-0.008164219698000099, -0.019916143706999824, 0.9997683195358]]}