{"translation": [[3665.6096266999957], [2244.8835964994505], [20.6127084]], "rotation": [[0.5005901256163803, 0.8653341468004797, 0.0246239930405599], [-0.8656067881979198, 0.5007236415271803, 0.0008506221855598285], [-0.0115937430477601, -0.021740508584359823, 0.9996964216245601]]}