{"translation": [[3675.1107800001046], [2250.2430908000097], [20.5809382]], "rotation": [[0.4230106993253401, 0.9058223909811999, 0.023405933768099997], [-0.9061179148944, 0.42296661409692016, 0.00704706720008], [-0.0035165389063000017, -0.024189519337919997, 0.99970120593942]]}