{"translation": [[3674.6215285999933], [2250.0039598001167], [20.5836287]], "rotation": [[0.4330985369939002, 0.9010539741194398, 0.022965959981779825], [-0.9013408243586397, 0.4330463935033202, 0.0074553177482401065], [-0.003227683195179831, -0.023929043896559893, 0.99970844896958]]}