{"translation": [[3658.7184421999846], [2240.6655860003084], [20.6505728]], "rotation": [[0.5113525713134, 0.85904466561996, 0.0236816454238799], [-0.85931014191612, 0.5114501801339, 0.002191640483459826], [-0.010229264889960097, -0.021470578888379825, 0.99971714819134]]}