{"translation": [[3676.0460937001044], [2250.6830787006766], [20.5760573]], "rotation": [[0.4015385500315799, 0.9155430694001001, 0.02340273737574], [-0.9158368107549002, 0.40149216284699996, 0.0068546658553], [-0.003120273950740004, -0.024185500845300002, 0.99970261850358]]}