{"translation": [[3668.7296812999994], [2246.736370000057], [20.6018792]], "rotation": [[0.49104798666149985, 0.87082711716134, 0.02306748664588], [-0.8710781293069401, 0.4911411853902199, 0.001825038605239998], [-0.009740100965079997, -0.02098976272516, 0.99973224432728]]}