{"translation": [[3678.358314800018], [2251.642090599984], [20.5596589]], "rotation": [[0.33304863012059993, 0.94259813710726, 0.02423407598262], [-0.94290553088454, 0.33301279951613993, 0.005618160192139997], [-0.0027745890059799987, -0.024721565859059998, 0.9996905250147]]}