{"translation": [[3633.4279279001057], [2225.375675600022], [20.7602293]], "rotation": [[0.49673471335261987, 0.86756571898588, 0.0241715527321], [-0.8678363266658801, 0.4968478376881199, 0.001500830780599996], [-0.0107075132519, -0.0217224679646, 0.9997066987355]]}