{"translation": [[3661.932174400019], [2242.6474919002503], [20.6349729]], "rotation": [[0.50891549473904, 0.86044821630796, 0.0251766754265999], [-0.8607397840298, 0.50904285511814, 0.0015409625540398278], [-0.011490087963960099, -0.022454786342999827, 0.99968182960134]]}