{"translation": [[3667.1989897000603], [2245.8322935001925], [20.608926]], "rotation": [[0.4959963453935998, 0.8679905267717601, 0.02408534875408], [-0.8682537041784802, 0.4961195183686399, 0.0009807649186399994], [-0.01109791739344, -0.02139864841432, 0.9997094248304]]}