{"translation": [[3641.0591223000083], [2229.9487239997834], [20.7231366]], "rotation": [[0.49998557688350004, 0.8656771396848799, 0.024850080612659996], [-0.8659816945794399, 0.5000642401046, 0.003387357486479999], [-0.009494278949579998, -0.02321334453336, 0.99968545018494]]}