{"translation": [[3676.4935673999717], [2250.8846391001716], [20.5724337]], "rotation": [[0.3899269258978403, 0.9205515396542397, 0.023277146896839997], [-0.9208418431382398, 0.3898746375586203, 0.006930885898919999], [-0.00269493102284, -0.024137110303079995, 0.9997050251142201]]}