{"translation": [[3669.752455900016], [2247.3309709010646], [20.5992305]], "rotation": [[0.48695938379264003, 0.8731177677577601, 0.02315020383424], [-0.87337081822816, 0.48705250757112006, 0.0018106656102799996], [-0.009694440640640001, -0.02110043289092, 0.9997303584255199]]}