{"translation": [[3674.1677330000093], [2249.7756230998784], [20.5858325]], "rotation": [[0.44167845484550006, 0.8968925330309201, 0.022448764160439998], [-0.89716790394052, 0.44162526832518, 0.0075428649251600005], [-0.003148802617639999, -0.023471831323640002, 0.99971953976432]]}