{"translation": [[3677.9105388000025], [2251.4719655001536], [20.5610537]], "rotation": [[0.34760571417791997, 0.93734615273528, 0.023503752986479998], [-0.9376375795143199, 0.34756081818062, 0.00610050221152], [-0.0024507008400799987, -0.024158571917119998, 0.99970513525454]]}