{"translation": [[3661.377674599935], [2242.30651059933], [20.6388892]], "rotation": [[0.50941969877912, 0.8601599265990001, 0.024827626734360002], [-0.8604426225858002, 0.5095452139475001, 0.001451921663100002], [-0.011401912722360004, -0.022102387021500004, 0.99969069258262]]}