{"translation": [[3665.105099599925], [2244.5807929998264], [20.616617]], "rotation": [[0.50187572908796, 0.8645933180362799, 0.02447557256776], [-0.86486452403736, 0.5020041984894, 0.0010229749681200002], [-0.011402381643079997, -0.02168146266216, 0.9996999048782]]}