{"translation": [[3676.9782310000155], [2251.0945480000228], [20.5689388]], "rotation": [[0.3762374136013398, 0.9262339627919401, 0.02315398990689989], [-0.9265199434539001, 0.3761860024005398, 0.006703615121939833], [-0.002501091771940111, -0.023974783508099836, 0.9997094349460399]]}