{"translation": [[3632.101717500016], [2224.5871710004285], [20.7671664]], "rotation": [[0.4958763972924001, 0.8680581212774399, 0.024116460401080002], [-0.8683336674855999, 0.49597603273110014, 0.0020793882269999984], [-0.010156155227400002, -0.02197225588492, 0.99970699328766]]}