{"translation": [[3662.9954597000033], [2243.2982669994235], [20.6285509]], "rotation": [[0.5070099704199, 0.8615566462373, 0.0257109257028], [-0.86185415863362, 0.50715522983814, 0.000999284868800002], [-0.012178490140160002, -0.022665715268879998, 0.9996689200632]]}