{"translation": [[3644.6440452000243], [2232.104337999597], [20.701527]], "rotation": [[0.4997877068295, 0.8658651746507798, 0.022130231061959896], [-0.8661112158176999, 0.49983863310006005, 0.003564041701719825], [-0.007975564849400098, -0.020948505565799826, 0.999748743675]]}