{"translation": [[3666.6563341], [2245.5105782998726], [20.6097901]], "rotation": [[0.49746286707596, 0.8671497804222401, 0.02412611587928], [-0.8674175117687202, 0.4975793356310999, 0.0013342699702600016], [-0.010847646321760001, -0.02159116284622, 0.9997080325391]]}