{"translation": [[3644.077555799973], [2231.763918099925], [20.704623]], "rotation": [[0.49975792526646, 0.86587506496248, 0.02241574226328], [-0.86612725979112, 0.49981079101016, 0.0035805753677199993], [-0.008103300051120001, -0.02120430497468, 0.99974232381086]]}