{"translation": [[3648.515675999981], [2260.0233404003084], [20.8455113]], "rotation": [[-0.5403222873151997, -0.8413636888814399, -0.01261488965568], [0.8414435715537599, -0.5403406987334597, -0.0021935732991599996], [-0.004970744417279999, -0.01179995359236, 0.9999180230419]]}