{"translation": [[3636.7085703000193], [2227.337126799859], [20.7448299]], "rotation": [[0.49852525550965987, 0.8665545322555601, 0.023574698524500004], [-0.8668214962438001, 0.4986125935535598, 0.0024350300984399987], [-0.00964455456894, -0.0216489803286, 0.99971911264726]]}