{"translation": [[3664.052903499978], [2243.9434931995347], [20.623862]], "rotation": [[0.50485366857342, 0.86283593962674, 0.025235521108880003], [-0.86312415746354, 0.50499051912414, 0.00108688996104], [-0.011805890057519999, -0.02233011006184, 0.9996809426467199]]}