{"translation": [[3632.792897599982], [2224.9977549007162], [20.763886300000003]], "rotation": [[0.49628201392206006, 0.86782065478264, 0.024320668734279998], [-0.8680968007775199, 0.4963920258119, 0.0017094803785600021], [-0.010589063928759999, -0.02196107866112, 0.9997027472012]]}