{"translation": [[3636.0404864000157], [2226.936439499259], [20.7478115]], "rotation": [[0.4982480233510398, 0.8667086416216001, 0.02376959440912], [-0.8669747266491201, 0.49834837022989986, 0.0019186200423399972], [-0.0101826534664, -0.021563587123300004, 0.9997156221915]]}