{"translation": [[3634.7411605999805], [2226.160130300559], [20.7524075]], "rotation": [[0.49745166204341984, 0.8671722581904602, 0.02353983951672], [-0.8674316269896603, 0.49755338636533986, 0.0017336962590399994], [-0.010208913638879998, -0.02128163126984, 0.99972139631792]]}