{"translation": [[3653.2613392000203], [2237.3027581004426], [20.6712396]], "rotation": [[0.50848724523804, 0.86078503677532, 0.0221334405358], [-0.8610304982354, 0.5085409826631, 0.0035492747692999985], [-0.00820059965732, -0.020862327449259997, 0.9997487251718999]]}