{"translation": [[3630.1238542000065], [2223.41269259993], [20.7778602]], "rotation": [[0.49465971979724, 0.8687633815613999, 0.023705582091839823], [-0.8690287447358399, 0.49475779021964006, 0.0019431914034001019], [-0.010040347960199826, -0.0215620506441599, 0.99971709467644]]}