{"translation": [[3669.263374399976], [2247.0474747996777], [20.6000774]], "rotation": [[0.48916646270335995, 0.8718863218662402, 0.0230302596248], [-0.8721357446624002, 0.48926093160205997, 0.0017213492987600016], [-0.00976698510224, -0.0209275393634, 0.99973328647566]]}