{"translation": [[3664.5582695999765], [2244.2508266000077], [20.6207054]], "rotation": [[0.5033638950756802, 0.8637180123031998, 0.024818113342159998], [-0.8639967523539998, 0.5034962455751002, 0.001047386408500002], [-0.011591179775840003, -0.021969986790099996, 0.99969143449542]]}