{"translation": [[3635.4190509999753], [2226.564809299074], [20.7503902]], "rotation": [[0.4979693161550002, 0.8668714625438998, 0.023672616017699825], [-0.8671332812590198, 0.4980732270736602, 0.0017024002491001014], [-0.010314933595859829, -0.021375056974019896, 0.9997183148591]]}