{"translation": [[3645.4383271000115], [2257.9750842005014], [20.8639612]], "rotation": [[-0.5372330249146003, -0.84337115344254, -0.010273410095219825], [0.8434272261267001, -0.5372368415941003, -0.002618918577900097], [-0.0033105350330998253, -0.010071844284779904, 0.9999437975716601]]}