{"translation": [[3675.5599860000075], [2250.457322099246], [20.5773632]], "rotation": [[0.41300656279502, 0.9104318077049799, 0.02322885340346], [-0.9107221927814199, 0.41296132368942007, 0.006936118595739997], [-0.0032777563666600007, -0.024019693686939996, 0.99970611214844]]}