{"translation": [[3645.2558674999746], [2232.4721324993297], [20.6984667]], "rotation": [[0.49960716442763997, 0.8659709033191202, 0.0220705025573599], [-0.8662174863509601, 0.49965280451453997, 0.003791108495579827], [-0.0077445992983201, -0.02101191967593983, 0.9997492287713401]]}