{"translation": [[3639.8305662000203], [2229.210853700526], [20.7293807]], "rotation": [[0.4997272098014399, 0.8658340931439199, 0.02457784755008], [-0.86613116031712, 0.4998061954474199, 0.0032575714233799968], [-0.00946364455528, -0.02291553607282, 0.99969261158502]]}