{"translation": [[3712.2677842000267], [2230.6379268001765], [20.3162435]], "rotation": [[-0.8081335193040402, 0.58895872944784, 0.006924860486199999], [-0.5889675821374001, -0.8079116814896402, -0.019900396903840004], [-0.00612583682384, -0.020160694752200004, 0.99977798561756]]}