{"translation": [[3717.7170230000047], [2223.4623530004174], [20.3314696]], "rotation": [[-0.8033920734184001, 0.59544774730128, 0.0018231737662401898], [-0.59541628172304, -0.8033092451604001, -0.013186184115119936], [-0.00638711107311981, -0.011679221987760063, 0.99991139637176]]}