{"translation": [[3688.680248400022], [2252.977743799798], [20.4810273]], "rotation": [[-0.15272485483193998, 0.98801195284364, 0.02252830297866], [-0.9881769250647601, -0.1529817408755999, 0.01014772950788], [0.01347249667126, -0.02071213853532, 0.9996947029755]]}