{"translation": [[3708.1856611000258], [2236.1351785007864], [20.3240453]], "rotation": [[-0.8096987853616202, 0.5867659173875399, 0.00969201337228], [-0.58684589782306, -0.8095808701549801, -0.013820521507560002], [-0.0002629431430799991, -0.016878175222840002, 0.9998575188924]]}