{"translation": [[3716.0243842999334], [2225.6723549999297], [20.3404302]], "rotation": [[-0.8041018038780998, 0.5944674448100399, 0.005386741838079936], [-0.5944494145563598, -0.8039031350573598, -0.019233145227359808], [-0.007103059918719935, -0.01866754945775981, 0.9998005146863]]}