{"translation": [[3694.375322500011], [2251.179214700125], [20.4512104]], "rotation": [[-0.47043120454721976, 0.8821032267986401, 0.024262515533179894], [-0.88240299669016, -0.4704761133550798, -0.004179569800559828], [0.0077281188394201, -0.023375513746639827, 0.9996968848587]]}