{"translation": [[3693.55160529993], [2251.5731620993465], [20.4649786]], "rotation": [[-0.4233650991966804, 0.90558400688112, 0.02606921229324], [-0.9059248373041199, -0.42342422599700047, -0.0034811723318400045], [0.007885841994240004, -0.025090553729159998, 0.99965407897468]]}