{"translation": [[3708.66527820006], [2235.4918664004654], [20.3227627]], "rotation": [[-0.809742838945, 0.5867085167710601, 0.00948454978958], [-0.58678513960306, -0.80963147916402, -0.01343031749486], [-0.00020069236558000088, -0.01644049376686, 0.99986482581902]]}