{"translation": [[3701.5706716999994], [2244.9398892000318], [20.3860375]], "rotation": [[-0.7905910781758799, 0.61224629750808, 0.01096778590976], [-0.6123421610915201, -0.7905109997341799, -0.011380293367859999], [0.001702612663440001, -0.01571319556994, 0.9998750904989401]]}