{"translation": [[3691.3947481000214], [2252.386651500128], [20.4721628]], "rotation": [[-0.30379105194003997, 0.9524040388051, 0.02524971735397972], [-0.9526442083839801, -0.3040274493756999, 0.006027176532860045], [0.013416914368899954, -0.022222994672899725, 0.9996630056763]]}