{"translation": [[3683.033098099986], [2252.906106200069], [20.5193807]], "rotation": [[0.13965576857405992, 0.9898370281941, 0.0268110508401], [-0.9901916194149001, 0.13949152464427994, 0.007910746029219998], [0.0040904366241, -0.02765286021578, 0.9996092174487801]]}