{"translation": [[3705.7342817001045], [2239.4268153002486], [20.3349458]], "rotation": [[-0.81005759185668, 0.58628894385634, 0.00848442830377981], [-0.58634875694746, -0.80993707508602, -0.014038623965740064], [-0.0013588370001801913, -0.01634692780005994, 0.9998654567063]]}