{"translation": [[3697.1225977999857], [2249.449933900498], [20.4252832]], "rotation": [[-0.6193017044490604, 0.7849104730845401, 0.019518151918099823], [-0.7851336344731, -0.6192700603723604, -0.008353352074540087], [0.005530373509539823, -0.020497602640899913, 0.99977460622694]]}