{"translation": [[3714.9194115999853], [2227.1195678003132], [20.3306383]], "rotation": [[-0.8049555266445598, 0.5933336799409199, 0.001291959964799937], [-0.5932867835069999, -0.8048603037699998, -0.014512364505999808], [-0.007570827478079937, -0.01244831134743981, 0.9998938554224001]]}