{"translation": [[3716.6018656999804], [2224.919847300276], [20.3388042]], "rotation": [[-0.8039343874925199, 0.5946978604211799, 0.004899472520219999], [-0.59468106225818, -0.8037652474344399, -0.01777387456302], [-0.00663205940778, -0.017202652003980003, 0.99983002783308]]}