{"translation": [[3709.6687142999726], [2234.136595699936], [20.3207868]], "rotation": [[-0.80922454976308, 0.58745851232432, 0.00690790699512], [-0.5874955871064801, -0.8091229237205799, -0.01298554133058], [-0.00203912034192, -0.01456658679762, 0.99989182240534]]}