{"translation": [[3707.669404199987], [2236.8293700003996], [20.3252965]], "rotation": [[-0.8097082259961002, 0.5867653995891798, 0.008889113617539747], [-0.5868320800329397, -0.8095919252370001, -0.013750860809419873], [-0.0008719748670201269, -0.01635060163225975, 0.99986593975926]]}