{"translation": [[3703.9510391000076], [2241.818408999592], [20.362502300000003]], "rotation": [[-0.81060548943322, 0.58554859103712, 0.0071608405984999995], [-0.58558226481288, -0.81045902907152, -0.01578806388], [-0.0034411103224999996, -0.016991155314, 0.99984971839526]]}