{"translation": [[3721.1478562000557], [2219.009165200405], [20.3481385]], "rotation": [[-0.80242414047954, 0.59671717520032, 0.00662402659844], [-0.59674063931264, -0.8022827107728, -0.015582924561680003], [-0.00398425653892, -0.01645694279336, 0.9998566370811001]]}