{"translation": [[3695.1584095999715], [2250.756552799605], [20.4458034]], "rotation": [[-0.5139601585069001, 0.85743371734202, 0.02554512468404], [-0.8577824664042201, -0.5139692202961802, -0.006712561449160001], [0.007373829369560001, -0.025362147321560002, 0.99965113322828]]}