{"translation": [[3722.8739659999846], [2216.7723917998374], [20.3452263]], "rotation": [[-0.8020214424567399, 0.5972558438093399, 0.00687183396702], [-0.5972827750777799, -0.8018767155447398, -0.015721923439739997], [-0.0038796471312599994, -0.016713746344019998, 0.99985278868156]]}