{"translation": [[3705.2908765000175], [2240.0202672993764], [20.3459875]], "rotation": [[-0.8101627942381799, 0.58612676706738, 0.0095872077729], [-0.58619872880262, -0.8099688666245799, -0.0179371183679], [-0.0027480858669000005, -0.0201519922661, 0.99979315123724]]}