{"translation": [[3713.3175356999855], [2229.2392368], [20.3072383]], "rotation": [[-0.8068649521482606, 0.5907305965937202, -0.0025340382046198104], [-0.5906867248105201, -0.8068456048144806, -0.00945902900971994], [-0.00763231512817981, -0.006135335786520063, 0.99995205156222]]}