{"translation": [[3690.9650509000057], [2252.5093654002994], [20.47107]], "rotation": [[-0.2798854282448401, 0.9598040776562001, 0.02098185754976], [-0.9599553697702402, -0.2800744598904401, 0.006629007148600001], [0.012239031047800003, -0.018286284505760003, 0.99975787964396]]}