{"translation": [[3693.9478010999737], [2251.390808400698], [20.4581961]], "rotation": [[-0.4462935657298005, 0.8945581220062202, 0.024248752667859898], [-0.8948530212917403, -0.4463480361026605, -0.0034181024380198297], [0.00776568981398011, -0.023224545031859833, 0.9997001123375]]}