{"translation": [[3684.918017400021], [2253.114733099006], [20.4998563]], "rotation": [[0.04430704514053996, 0.9987596612254801, 0.022713828376999718], [-0.9989915902554001, 0.04412939594309995, 0.008263905413399997], [0.0072513095205200065, -0.02305707358835972, 0.9997078522424]]}