{"translation": [[3741.823216699995], [2205.491639100015], [20.3455943]], "rotation": [[0.86375569281036, -0.50390906905484, 0.0013211332520399995], [0.50382757823676, 0.8636577192243, 0.01590935441158], [-0.009157875128359999, -0.01307617199322, 0.9998725654011]]}