{"translation": [[3710.198198799975], [2233.4227574998513], [20.3177544]], "rotation": [[-0.80923929034804, 0.5874313908697399, 0.0074688223496200004], [-0.58747598961962, -0.8091301139082, -0.01341908111006], [-0.00183953985974, -0.01524700423798, 0.9998820655117999]]}