{"translation": [[3697.515643600025], [2249.142517000437], [20.4216559]], "rotation": [[-0.6398165572071398, 0.76832427732396, 0.017675258838539914], [-0.7685119182303599, -0.6397810344791198, -0.00833644043027982], [0.004903206939060083, -0.01891744104707982, 0.99980902624798]]}