{"translation": [[3721.705244600016], [2218.285739599727], [20.3476704]], "rotation": [[-0.8022268622339401, 0.596978286739, 0.00699394745416], [-0.59700510851884, -0.8020721631747402, -0.0162810963164], [-0.0041098103644, -0.01723655583416, 0.9998429929721601]]}