{"translation": [[3703.5480685000657], [2242.3582879006863], [20.3671741]], "rotation": [[-0.80994061300114, 0.58647608660884, 0.00649403968322], [-0.5865027448374799, -0.8098157935248399, -0.014597265094840002], [-0.00330197115806, -0.01563168852452, 0.99987236551086]]}