{"translation": [[3698.6240583001054], [2248.18892110046], [20.4145195]], "rotation": [[-0.6938233179360997, 0.7199278462919, 0.017689614896], [-0.7201167985557401, -0.6938046005280998, -0.00817285625432], [0.006389270654319999, -0.01840910848, 0.99981012293616]]}