{"translation": [[3720.5465771000017], [2219.7883877996355], [20.3475144]], "rotation": [[-0.8024956419411602, 0.5966268319592599, 0.006123488473819937], [-0.59664397766198, -0.8023631766157001, -0.015153407737459811], [-0.004127668170139937, -0.015814083363379812, 0.9998664296531]]}