{"translation": [[3696.3554463000037], [2250.003272499889], [20.4347894]], "rotation": [[-0.5787607677939398, 0.81518627704656, 0.02252718267868], [-0.8154748458436799, -0.5787296598335998, -0.008539508400959997], [0.006075857198439999, -0.02331268158048, 0.9997097593139]]}