{"translation": [[3718.040797900001], [2244.056016598828], [20.4207011]], "rotation": [[0.8612633468790201, -0.5081587912469799, -0.0003094407598201927], [0.5081478726660199, 0.86124051290252, 0.0071080231951799475], [-0.003345501483179807, -0.006279121527180053, 0.99997468980654]]}