{"translation": [[3727.362837499997], [2228.8775161998346], [20.4042533]], "rotation": [[0.8602912101807, -0.5097823667881, -0.0045796286152001925], [0.50977863873334, 0.8601277918559, 0.017490625195119947], [-0.004977346432879806, -0.017381627957600055, 0.99983653915676]]}