{"translation": [[3717.1446653999737], [2245.5063877003267], [20.434209]], "rotation": [[0.8611874587047, -0.5082619112194798, -0.005099447646639807], [0.5082851043925999, 0.86110931927886, 0.01170498630948005], [-0.0015580164900001932, -0.012672160645399944, 0.9999184911468]]}