{"translation": [[3738.5634522999753], [2210.807367700152], [20.3544145]], "rotation": [[0.8590521712767801, -0.5118859420096997, 0.0014741190611200013], [0.5118106628958998, 0.8589687916052601, 0.0149158988248], [-0.00890146056688, -0.0120590656576, 0.99988766516748]]}