{"translation": [[3734.1203449000604], [2217.9524942999706], [20.3740906]], "rotation": [[0.8596746172103601, -0.5108414578986198, 0.0007531400198600548], [0.5107752113968598, 0.8595851071532601, 0.014904254181979807], [-0.008261098617619946, -0.012428123842339807, 0.99988864179726]]}