{"translation": [[3716.542377899983], [2246.4877195004374], [20.4408934]], "rotation": [[0.8607936363613999, -0.50891202610922, -0.00654479940486], [0.50895234531182, 0.8606856298785199, 0.01370130710466], [-0.0013397460353400006, -0.01512498913014, 0.99988471323388]]}