{"translation": [[3720.4136217000196], [2240.1871858006343], [20.408307500000003]], "rotation": [[0.8616112601335799, -0.50756834500128, -0.0006510070114800002], [0.50754938762208, 0.86156645551616, 0.00984246433472], [-0.0044348373046800005, -0.00881079635392, 0.99995134986158]]}