{"translation": [[3719.823831100017], [2241.1528687998652], [20.4135519]], "rotation": [[0.86149737360998, -0.507759904662, -0.0014585655811200002], [0.5077380125244, 0.8614252005412599, 0.012194565549], [-0.00493546691712, -0.011246155289399998, 0.99992457972728]]}