{"translation": [[3719.5394939000253], [2241.6186175001785], [20.4183457]], "rotation": [[0.86143960728902, -0.5078527904765401, -0.002705816593899948], [0.50783634523854, 0.8613358391105199, 0.014240573882699809], [-0.004901499057499948, -0.013641506329499807, 0.9998949367775]]}