{"translation": [[3727.0583053000155], [2229.365335700102], [20.39989]], "rotation": [[0.8603611854714199, -0.5096497468156, -0.0059807177064799995], [0.5096759521004, 0.8602176678155, 0.0159997097114], [-0.0030095288735200003, -0.0168137571974, 0.99985410951192]]}