{"translation": [[3732.230723100016], [2221.0039071002975], [20.3800102]], "rotation": [[0.85993486125926, -0.51040329337016, 0.0007321495314798077], [0.51033835039448, 0.859846649598, 0.014782788694359946], [-0.008174719731159807, -0.012338591566120053, 0.9998904605675]]}