{"translation": [[3726.2017942999955], [2230.7575097000226], [20.3969907]], "rotation": [[0.86055635728014, -0.50933984392318, -0.003961819872379947], [0.50934595660258, 0.8604676313166201, 0.012734545113019805], [-0.0030771930380199468, -0.012976730672379807, 0.99991106372252]]}