{"translation": [[3715.9356250999263], [2247.463740900159], [20.436725]], "rotation": [[0.8604023515932002, -0.5095535108691998, -0.007939503159399999], [0.5096144574479198, 0.8603257395536601, 0.011521693046800001], [0.0009596403535600019, -0.013959377187920001, 0.9999021026555001]]}