{"translation": [[3718.9450522999978], [2242.584305400029], [20.4219282]], "rotation": [[0.86144191747206, -0.5078451515640799, -0.0033391335606199994], [0.5078423371964799, 0.86135144774988, 0.01303337961992], [-0.0037427704839799996, -0.01292325293248, 0.99990948651318]]}