{"translation": [[3740.7021088000038], [2207.3236752999946], [20.3513253]], "rotation": [[0.86152372747232, -0.5077172784168801, -0.00020129148551999935], [0.50764761025048, 0.86139880561214, 0.01691182496262], [-0.008413033239119998, -0.01467212368902, 0.99985696460382]]}