{"translation": [[3730.251599100011], [2224.20037379954], [20.3947042]], "rotation": [[0.85989577074086, -0.5104686334690799, -0.0010090622437999995], [0.5104176542322, 0.8597783275032, 0.0159695425098], [-0.0072843812709199995, -0.01424718512844, 0.9998719695479]]}