{"translation": [[3740.3823857000098], [2207.8497299002483], [20.3503301]], "rotation": [[0.8610422897535199, -0.50853296610188, 0.0006359452753200009], [0.5084552382318801, 0.86093125518014, 0.016451484938580004], [-0.00891362739468, -0.013842074618580003, 0.99986446292662]]}