{"translation": [[3718.352800199995], [2243.5512805003673], [20.4193542]], "rotation": [[0.86130156624566, -0.5080940597429, 0.0001667709791400001], [0.5080725381381399, 0.86126801378966, 0.0089271376107], [-0.0046794602733, -0.007604225800859999, 0.9999601384047601]]}