{"translation": [[3723.033291900065], [2235.903380400501], [20.4163551]], "rotation": [[0.86124290864604, -0.50814588115786, -0.006957650195819999], [0.50819027791458, 0.8611078660935, 0.01535830411694], [-0.0018129718826599998, -0.016763040730980002, 0.9998578466919]]}