{"translation": [[3723.894436599978], [2234.519991900772], [20.4093967]], "rotation": [[0.8610248610936, -0.50856019557464, -0.0016535331991200004], [0.50851972425672, 0.8609048805470401, 0.01582702827464], [-0.00662546125384, -0.014468319156720002, 0.9998733774936001]]}