{"translation": [[3730.548071300029], [2223.72199419979], [20.3916491]], "rotation": [[0.85992857139606, -0.5104143572553799, -0.0002168442417199998], [0.51035945440738, 0.85982968406238, 0.015038375147719999], [-0.00748935316628, -0.01304259704428, 0.99988689373368]]}