{"translation": [[3728.5242453999817], [2226.9921840000898], [20.4003652]], "rotation": [[0.86005066894284, -0.51020231875414, -0.0025403857394201926], [0.5101729794296199, 0.8599210200302, 0.016105376518059943], [-0.006032468956459806, -0.01514747605322005, 0.999867072815]]}