{"translation": [[3732.783330700011], [2220.108618799597], [20.3800142]], "rotation": [[0.860033154044, -0.5102381197885999, 0.0001983940013998084], [0.5101884912333998, 0.8599547975976801, 0.013618142479199949], [-0.0071191051805998065, -0.011610835723200054, 0.99990724911768]]}