{"translation": [[3738.742631900008], [2210.517161999829], [20.3557253]], "rotation": [[0.85907492239448, -0.51184849564224, 0.0011811736955999997], [0.5117729148777599, 0.85898350672112, 0.0153563904672], [-0.008874754083599999, -0.012587797243200001, 0.9998813860156]]}