{"translation": [[3723.3128989000106], [2235.4546837992966], [20.4162615]], "rotation": [[0.86117194047032, -0.5082836031525201, -0.00553902003184], [0.50830020940148, 0.86101818265272, 0.01669129438624], [-0.0037147138561600002, -0.017189559394240002, 0.9998453480230399]]}