{"translation": [[3722.160568500054], [2237.3365779006854], [20.406441]], "rotation": [[0.8612890364789999, -0.50811026229012, -0.0022723967518401933], [0.508090168348, 0.8611932317468399, 0.013805984813879946], [-0.005057989682999807, -0.013045525824800053, 0.9999021107093999]]}