{"translation": [[3718.637974500016], [2243.086618900299], [20.421105800000003]], "rotation": [[0.86133270545798, -0.50804010409948, -0.00111570898612], [0.5080227310641199, 0.86128030629638, 0.010447984871320001], [-0.00434705671748, -0.009565996670920002, 0.9999447958833599]]}