{"translation": [[3721.5785834000562], [2238.2842591004446], [20.4101885]], "rotation": [[0.86154415507004, -0.50767343472436, -0.0030542921855599998], [0.50766198621404, 0.8614393010422999, 0.01419910264238], [-0.00457742053996, -0.013783701890419999, 0.9998945228199]]}