{"translation": [[3732.4960596999736], [2220.5726597001776], [20.3820219]], "rotation": [[0.8600349991022, -0.51023504162914, -3.763133137999917e-05], [0.51018236644966, 0.8599451471588401, 0.01443245107894], [-0.007331581427779999, -0.012431611883860001, 0.9998958460454]]}