{"translation": [[3720.1303288000054], [2240.6493153003976], [20.4088478]], "rotation": [[0.8615713457456, -0.50763462883568, -0.0013774595486399472], [0.50761978715888, 0.86151779562392, 0.010451655609359806], [-0.004118916449759947, -0.009704072705039805, 0.99994443120568]]}