{"translation": [[3737.437959300005], [2212.613326800056], [20.3579123]], "rotation": [[0.8591911504323, -0.5116526184167799, 0.0014769147139400002], [0.51159453135086, 0.8591307349052401, 0.012862038369619999], [-0.00784975806718, -0.010295368200339999, 0.9999161898387]]}