{"translation": [[3740.2161423999933], [2208.1241402998567], [20.3516155]], "rotation": [[0.8606340499915, -0.50922297375456, 0.0010079281594199997], [0.50913549826464, 0.86051973211244, 0.01693682356576], [-0.00949196109498, -0.014063235269440002, 0.9998560536947]]}