{"translation": [[3736.1310483000125], [2214.717950299382], [20.3621063]], "rotation": [[0.8591760526712601, -0.5116776285196201, 0.0015850855587000003], [0.5116207144611, 0.8591194308719, 0.012571616408099999], [-0.00779439272838, -0.00999026913234, 0.999919717759]]}