{"translation": [[3716.2264926999924], [2246.995412800461], [20.4404785]], "rotation": [[0.86069604492504, -0.5090625789650001, -0.007591000280799948], [0.5091191717342001, 0.86060152318622, 0.012755454101479808], [3.950243200005277e-05, -0.014843292564519809, 0.99988983148982]]}