{"translation": [[3738.9039452999714], [2210.2536632996053], [20.3555211]], "rotation": [[0.85904670005318, -0.5118970508850599, 0.0004176123657199998], [0.51182873974086, 0.85894483516246, 0.01565596687284], [-0.008372949312680001, -0.01323546065004, 0.99987735062828]]}