{"translation": [[3736.5876287000137], [2213.9824799001217], [20.358947]], "rotation": [[0.8592591033229999, -0.5115388414355799, 0.001336866810939999], [0.51148237173794, 0.8591978071598001, 0.01284101701778], [-0.0077173124504199995, -0.01034997678566, 0.99991665705564]]}