{"translation": [[3725.925878399983], [2231.214207900688], [20.3980752]], "rotation": [[0.8606593420274801, -0.5091746629227, -0.0025810824149399996], [0.5091546013328999, 0.8605515005990001, 0.0145845510123], [-0.00520492943406, -0.013866500072100002, 0.9998903084274801]]}