{"translation": [[3738.0264560001087], [2211.665056400001], [20.353476800000003]], "rotation": [[0.8590584581499799, -0.51187646058944, 0.0010262273396000527], [0.5118184168105601, 0.8589880506918199, 0.013469801358199807], [-0.007776391300399947, -0.011046104721799805, 0.9999087514907999]]}