{"translation": [[3737.644386300002], [2212.2802371997386], [20.3560164]], "rotation": [[0.85919162680056, -0.51165162559528, 0.0015377129857600523], [0.51159173488856, 0.8591301568236, 0.013010477723679808], [-0.007977927627679947, -0.010391812286239808, 0.9999141777720001]]}