{"translation": [[3691.63858530001], [2272.2416805000976], [20.6432522]], "rotation": [[0.34471515167542, -0.93866686224078, -0.008717911046640001], [0.93867203945022, 0.34476786818102, -0.00547133069424], [0.008141412428640001, -0.00629720860776, 0.99994702988144]]}