{"translation": [[3712.6287709000753], [2252.8190560992807], [20.4474005]], "rotation": [[0.85797089025094, -0.5136783929185801, -0.004523148678959947], [0.51369650359074, 0.85791129049094, 0.010203851707519807], [-0.0013610378524799467, -0.011078133398959807, 0.99993770932784]]}