{"translation": [[3714.1305612000288], [2250.3913287995383], [20.4421831]], "rotation": [[0.8592459732975001, -0.5115277353477798, -0.005976458151539946], [0.5115626356552199, 0.8591848244574001, 0.010251435362059805], [-0.00010901169753994595, -0.011865837326939806, 0.9999295925280599]]}