{"translation": [[3686.4353744000546], [2273.6405090996996], [20.689301800000003]], "rotation": [[0.20903169323803994, -0.97785110379164, -0.010630584430840001], [0.97790859092396, 0.20901082516829994, 0.00304992630238], [-0.0007604662944400006, -0.011033270902420001, 0.9999388424435001]]}