{"translation": [[3674.5548240999924], [2273.1999215995893], [20.7228893]], "rotation": [[-0.26863176566708014, -0.9631369725483598, -0.014280915006959998], [0.9631935005397598, -0.26873854237780015, 0.006137938585719998], [-0.00974950978356, -0.012106439711919997, 0.9998791832802799]]}