{"translation": [[3696.193367799977], [2270.27978060022], [20.6027376]], "rotation": [[0.48220475486860004, -0.87601440757938, -0.00879471849954], [0.87603040879926, 0.48224543474476, -0.0031746659173799993], [0.0070222659547800005, -0.00617360170674, 0.9999562862565999]]}