{"translation": [[3682.2157517001033], [2274.1485450994223], [20.705991600000004]], "rotation": [[0.06755617356800026, -0.9976379139862399, -0.01243903369632], [0.99771334412128, 0.06752510970680026, 0.0029010497756400003], [-0.0020542503369599995, -0.012606573866520001, 0.9999184238469601]]}