{"translation": [[3712.319222900027], [2253.3151377001777], [20.450296100000003]], "rotation": [[0.85725729940926, -0.5148686051941601, -0.00450050068582], [0.51488656725128, 0.8571992008925999, 0.01006803703976], [-0.0013258903408600003, -0.01094814555352, 0.9999391882155]]}