{"translation": [[3685.3858268000185], [2273.8190949996933], [20.6947273]], "rotation": [[0.1775466538239, -0.9840407539452999, -0.01187153838079987], [0.9841119587649799, 0.17754456765366, 0.0012378388971998455], [0.000889642914640127, -0.011902697347519845, 0.9999287646264]]}