{"translation": [[3697.1635561999865], [2269.754330500029], [20.591181]], "rotation": [[0.5138552692711, -0.85784800273944, -0.00704666708238], [0.85786423119744, 0.51387503725232, -0.00122310916136], [0.004670348278379999, -0.00541658194336, 0.99997442391878]]}