{"translation": [[3711.7456761000212], [2254.223449598998], [20.455835500000003]], "rotation": [[0.85587933247166, -0.5171460914375, -0.005519986707059808], [0.51717553681094, 0.8558280923279601, 0.009366023415900053], [-0.00011944306290019233, -0.010870988052059946, 0.99994090192606]]}