{"translation": [[3675.0948846000247], [2273.3539131004363], [20.7247257]], "rotation": [[-0.24712377651081996, -0.9688708441139, -0.014801399069859842], [0.9689450867969001, -0.24722176182809996, 0.005174374608699876], [-0.00867252907485984, -0.013063032054699877, 0.99987706465772]]}