{"translation": [[3710.250964000006], [2256.561622700654], [20.469437600000003]], "rotation": [[0.84898614797408, -0.52838170802784, -0.005940337198399808], [0.52841447618016, 0.84891423696832, 0.011079533851200054], [-0.000811386280000193, -0.012545330951999945, 0.9999209750384]]}