{"translation": [[3713.531513999973], [2251.3593754004687], [20.447507100000003]], "rotation": [[0.85896152430654, -0.51200142365574, -0.00629512268236], [0.51204011507174, 0.85889459360982, 0.01072307105748], [-8.338111164000019e-05, -0.01243406088452, 0.99992269059672]]}