{"translation": [[3706.609319499985], [2261.6466135997325], [20.4979844]], "rotation": [[0.79048102510982, -0.61247081121404, -0.0043893689314199996], [0.61248378812396, 0.79043569412888, 0.00866227120524], [-0.0018358742125799998, -0.00953577830724, 0.9999528481387]]}