{"translation": [[3698.9909522000235], [2268.621294300072], [20.5802798]], "rotation": [[0.5710191705970802, -0.8208876809911398, -0.008973463618099822], [0.8209243813718599, 0.5710364144586202, 0.000757940053300093], [0.0045019908424998225, -0.007799333361499906, 0.9999594504167]]}