{"translation": [[3692.66575689998], [2271.8718354003504], [20.6367681]], "rotation": [[0.37394671892143994, -0.9274022421108002, -0.009434426064480002], [0.9274235930644802, 0.37399372644069995, -0.0037745548218600005], [0.007028946910800002, -0.0073382262567000004, 0.9999483708407]]}