{"translation": [[3677.3198145999922], [2273.851671599783], [20.7175711]], "rotation": [[-0.14800861784530017, -0.9888837396172001, -0.014223597705700001], [0.9889572541386402, -0.14809870918560009, 0.00549854387048], [-0.00754391791798, -0.0132526985492, 0.99988372087694]]}