{"translation": [[3703.5843967000255], [2264.9425558000803], [20.5343191]], "rotation": [[0.7082947431280001, -0.7059167979815999, -0.0003216593435999232], [0.7059114696695998, 0.7082874672582201, 0.004234736796079815], [-0.002761544175599923, -0.003226504956079815, 0.9999909817302199]]}