{"translation": [[3696.6607352999854], [2270.0309415003285], [20.5975211]], "rotation": [[0.49740630155532006, -0.8674757635204, -0.00853397871656], [0.8674901824108001, 0.4974448427843, -0.0030772908078999994], [0.00691465898744, -0.0058724783983, 0.99995884989998]]}