{"translation": [[3676.7871366000036], [2273.753455900587], [20.7171096]], "rotation": [[-0.17258405252753972, -0.9848844329124399, -0.014745342044539846], [0.9849590755543599, -0.1726859635425998, 0.005933293593319871], [-0.008389921833339847, -0.01349956653027987, 0.9998736774803]]}