{"translation": [[3705.9731210999307], [2262.4141693003476], [20.5050296]], "rotation": [[0.7748660489794401, -0.6321212135853198, -0.0023116387260799995], [0.6321142032221199, 0.7748252882859201, 0.00879618727468], [-0.0037691408891199997, -0.00827708651212, 0.99995864084952]]}