{"translation": [[3702.822160999989], [2265.653779900633], [20.5501922]], "rotation": [[0.6855942357239599, -0.72798069957188, -0.00215906023756], [0.72797720881924, 0.68557220064446, 0.00632120974298], [-0.00312152687348, -0.00590553161894, 0.99997769013486]]}