{"translation": [[3689.5662972999853], [2272.889879799448], [20.6631403]], "rotation": [[0.2870920585832599, -0.9578570456601602, -0.00938301290729988], [0.9578882753364001, 0.2871281870239599, -0.0027326072601601605], [0.005311574633340119, -0.00820336812359984, 0.9999522448232601]]}