{"translation": [[3711.152842100011], [2255.1602949993685], [20.4567216]], "rotation": [[0.8538817544747, -0.52044387088502, -0.00491127353864], [0.5204664329537, 0.85382828231646, 0.00958908009752], [-0.0007971938323999995, -0.0107440935812, 0.9999419627822]]}