{"translation": [[3683.7869189999765], [2274.033485500142], [20.7019657]], "rotation": [[0.12571312448443972, -0.9919898586564402, -0.01234273471843985], [0.9920645722531602, 0.12567771637589975, 0.0036067343111801306], [-0.0020266370440401504, -0.012698203613619868, 0.9999173207663]]}