{"translation": [[3709.9661857999745], [2256.9954802999273], [20.4716104]], "rotation": [[0.8472659123826201, -0.53113702734076, -0.00582328587542], [0.53116864175524, 0.8472027106234801, 0.01036435601716], [-0.0005713901115799998, -0.01187451251116, 0.9999293322311]]}