{"translation": [[3702.026708099933], [2266.3453320004046], [20.5576793]], "rotation": [[0.66174113406044, -0.74971872358646, -0.004529221572939817], [0.74973183735154, 0.661721127623, 0.005227635316220082], [-0.000922174414940182, -0.006855042917779918, 0.9999760787046]]}