{"translation": [[3685.8889576999936], [2273.7367730000988], [20.6922052]], "rotation": [[0.19275152082094027, -0.9811819177598997, -0.011351415033959998], [0.9812475782424597, 0.19273834479974028, 0.0022538361853999996], [-2.3570653799999917e-05, -0.011572979099959997, 0.99993303055544]]}