{"translation": [[3690.0655415999936], [2272.7513419007882], [20.6606479]], "rotation": [[0.30038946288998014, -0.95376903340804, -0.009534400972680001], [0.9538111585128399, 0.30040675007846007, -0.0004021274480399996], [0.003247735581720001, -0.00897322249716, 0.99995446571248]]}