{"translation": [[3706.9391328999773], [2261.238940000534], [20.4948064]], "rotation": [[0.79800226730636, -0.60264170835604, -0.003916546735520001], [0.60265007003552, 0.797954901191, 0.00899196102164], [-0.0022937032939600002, -0.00953591246528, 0.999951901491]]}