{"translation": [[3715.0227663000114], [2248.9497605003417], [20.4376004]], "rotation": [[0.85967109504396, -0.5108273648135201, -0.00458201872948], [0.51084731982388, 0.85962182981756, 0.00923627175928], [-0.0007793373600799996, -0.01028086790732, 0.99994684677836]]}