{"translation": [[3712.032960099983], [2253.7704654010013], [20.4544744]], "rotation": [[0.8566418754863201, -0.5158912821134398, -0.0045702232267199995], [0.5159106692270399, 0.8565907040482401, 0.00941019953296], [-0.000939829079519999, -0.010418997883359999, 0.99994527910592]]}