{"translation": [[3645.4750316999853], [2257.1761422008276], [20.8949435]], "rotation": [[-0.5159537149793997, -0.8565749256512999, -0.0084344263711], [0.8566030253145399, -0.5159757429593997, 0.0005181727012200004], [-0.0047958132487799995, -0.006957602061099999, 0.99996429533676]]}