{"translation": [[3655.7343331999728], [2263.530082299374], [20.8307876]], "rotation": [[-0.5032283013876997, -0.8640372742180998, -0.0141750608532], [0.8641149156481399, -0.5032931960244996, 0.0011992909264800008], [-0.008170443246479999, -0.0116453641452, 0.99989880955804]]}