{"translation": [[3637.889622399991], [2241.2738429997116], [20.8894564]], "rotation": [[0.54555480157596, 0.8378437816511601, 0.019692011228119824], [-0.8380705773789201, 0.54547892061206, 0.0095117707707401], [-0.0027721993955598257, -0.021692487176779907, 0.99976084686326]]}