{"translation": [[3669.251092499995], [2271.084382799454], [20.7430219]], "rotation": [[-0.4154023395976002, -0.9095681244852, -0.011257813641200001], [0.90961620706104, -0.41544592638480016, 0.0017473675327199993], [-0.006266362532720001, -0.0095144291412, 0.9999351020638401]]}