{"translation": [[3643.837551400007], [2256.150508600287], [20.9100239]], "rotation": [[-0.5166716501632396, -0.8561256270143399, -0.00997313462118], [0.8561692052587798, -0.5166956550000396, -0.00019697772825999927], [-0.0049844369208599994, -0.008640463122979999, 0.99995024765756]]}