{"translation": [[3654.894823300012], [2263.018026500009], [20.8307929]], "rotation": [[-0.50454595875354, -0.86329002413628, -0.012796060609779999], [0.8633495284230799, -0.50460396803172, 0.0015673717810799999], [-0.00781003918002, -0.010256661710120001, 0.9999168986371799]]}