{"translation": [[3627.8803548999713], [2234.1079589994624], [20.916574800000003]], "rotation": [[0.5882126675343601, 0.80846682010444, 0.01967660646976], [-0.80868399330176, 0.5882027972286, 0.0068977248174799995], [-0.00599725182644, -0.019969487233119997, 0.9997826026206]]}