{"translation": [[3625.538649599999], [2232.328716000542], [20.920428]], "rotation": [[0.59751044741606, 0.8016470302881199, 0.018527900532099913], [-0.8018455908562, 0.5974831281949999, 0.007585445576599821], [-0.004989257696380091, -0.01938889863715982, 0.9997995688671]]}