{"translation": [[3665.4487486999715], [2269.1454247999936], [20.7605891]], "rotation": [[-0.45489875994151985, -0.8905149955417199, -0.00706871760696], [0.8905274076070798, -0.45492348544161987, 0.0023161477870399997], [-0.00527829081144, -0.00524127420464, 0.9999723339608599]]}