{"translation": [[3666.7441459000693], [2269.829653800465], [20.7520208]], "rotation": [[-0.4444308063667598, -0.89577561145106, -0.008196713339579893], [0.89579862317158, -0.4444570546833998, 0.0016208305482601697], [-0.005094988124940104, -0.006622257715019829, 0.9999650927885999]]}