{"translation": [[3661.28299029998], [2256.036000300199], [20.8222212]], "rotation": [[0.5109975503225401, 0.85928504459352, 0.022596606985719997], [-0.8595526685712799, 0.5110210155542401, 0.005159705818080002], [-0.007113681279480001, -0.022059572753119996, 0.99973134927774]]}