{"translation": [[3654.40654070006], [2251.8107225997373], [20.8396935]], "rotation": [[0.5099326538890999, 0.8599331081798001, 0.021994811183500003], [-0.86020751048332, 0.50986382238524, 0.009052916695399999], [-0.0034294563502600007, -0.023536479108679998, 0.9997170964827]]}