{"translation": [[3634.781055199972], [2239.1318015996367], [20.8990415]], "rotation": [[0.5584900810573401, 0.8293296038743598, 0.017357973527099998], [-0.8295077193553999, 0.5584263591940402, 0.008775342888360002], [-0.002415499363140002, -0.0192995142582, 0.99981082917654]]}