{"translation": [[3644.183900400065], [2245.4141667997465], [20.8614068]], "rotation": [[0.5243384483935201, 0.85123851010312, 0.021500533840200002], [-0.8514993786031201, 0.52429083234552, 0.008247052013800002], [-0.0042523260098, -0.0226319364138, 0.999734821452]]}