{"translation": [[3638.7019891000236], [2241.8215540004894], [20.8850305]], "rotation": [[0.5423739320770999, 0.83991522350164, 0.019313603364579903], [-0.84013042843132, 0.54231883014936, 0.008439777271639824], [-0.003385434763940095, -0.020803459971319823, 0.9997778527871]]}