{"translation": [[3671.65592629998], [2272.1621629009023], [20.7343736]], "rotation": [[-0.36524988540617986, -0.9308259906822199, -0.012465516765019998], [0.9308667081018199, -0.36532869219555986, 0.00469161242638], [-0.008921086561419999, -0.00989012385878, 0.9999112958946199]]}