{"translation": [[3648.151920799981], [2247.930087200366], [20.8485455]], "rotation": [[0.5156983636170199, 0.85656710239778, 0.01865550005784], [-0.8567629889454199, 0.51566126736662, 0.00711821208816], [-0.0035226929822399985, -0.01965419191656, 0.99980063181964]]}