{"translation": [[3660.036049599934], [2266.1172668002546], [20.8148859]], "rotation": [[-0.4891161074592403, -0.8721115892568, -0.01366759005795983], [0.8721430409180401, -0.4892200063816403, 0.005504111539199899], [-0.011486658010399829, -0.009227943951959899, 0.99989144497676]]}