{"translation": [[3670.467228099995], [2271.648032700643], [20.737852]], "rotation": [[-0.39329042701498007, -0.9193491840857801, -0.01094493303368], [0.9193863011934202, -0.39334352516938, 0.0031263729699200007], [-0.007179346501119999, -0.00883304878712, 0.99993521501964]]}