{"translation": [[3654.109242699982], [2262.5377655997872], [20.8329564]], "rotation": [[-0.5056257510924996, -0.8626758705595198, -0.011536015387639998], [0.8627226800443198, -0.5056748790940796, 0.00162217734024], [-0.007232885578759998, -0.009132167133359998, 0.99993214214558]]}