{"translation": [[3663.5678033999866], [2257.441202099435], [20.8173632]], "rotation": [[0.5112317675982002, 0.8590706462284399, 0.02529114933668], [-0.85940497930676, 0.5112641071544602, 0.005659675796860003], [-0.008068394441720004, -0.024628746943939996, 0.9996641064839]]}