{"translation": [[3662.767265099974], [2267.6814724002033], [20.7862209]], "rotation": [[-0.47245293106432007, -0.8813234905268801, -0.0075418867032001026], [0.8813072589051201, -0.47249940617992003, 0.006447761904599828], [-0.009246102458399897, -0.003600455242200171, 0.99995077193976]]}