{"translation": [[3641.8495172000257], [2243.905074500479], [20.8758269]], "rotation": [[0.5314052123964601, 0.84682287431076, 0.022350313890079826], [-0.84710799851428, 0.5313408210291002, 0.009218867208240101], [-0.004068886832159828, -0.023832083491279906, 0.9997076952624]]}