{"translation": [[3653.5977123000193], [2251.311966699548], [20.8409395]], "rotation": [[0.5101179280991002, 0.8598618063788197, 0.020432822692239998], [-0.8600979480414996, 0.5100630881093402, 0.008203219959679998], [-0.0033683953184000005, -0.0217588366844, 0.9997575741158]]}