{"translation": [[3655.15057920001], [2252.2696062996984], [20.8369941]], "rotation": [[0.5097485337060602, 0.8600309302395197, 0.022431476981679823], [-0.8603168410875197, 0.5096732439495802, 0.009383873270720097], [-0.003362301209679827, -0.024081593961279898, 0.99970434215648]]}