{"translation": [[3649.7225155999768], [2248.912119399756], [20.8462042]], "rotation": [[0.5128877164070003, 0.8582342136433398, 0.019499162707379995], [-0.8584498908216198, 0.5128354599359601, 0.007972981580940001], [-0.0031571763713400033, -0.020828298512819997, 0.9997780824838]]}