{"translation": [[3659.024507400056], [2254.6511083003134], [20.8186172]], "rotation": [[0.51021175696748, 0.8598619448109801, 0.0179311118749799], [-0.8600353951328201, 0.51020963654918, 0.005037037489379827], [-0.004817470905780099, -0.01799134496957983, 0.99982653671766]]}