{"translation": [[3676.4530196000123], [2265.6753671001643], [20.7834622]], "rotation": [[0.56735679588342, 0.8230282526407999, 0.027033213180619825], [-0.8234496165915999, 0.56727809751024, 0.011239311423200093], [-0.006085079702379823, -0.028637188080399903, 0.99957134977782]]}