{"translation": [[3687.6481659000274], [2292.336504300125], [20.6017104]], "rotation": [[0.97340657332366, -0.22905058219313998, -0.0039334735666199765], [0.22908342649422, 0.9733079993051, 0.013867970128739802], [0.0006520145573400231, -0.014400266900579802, 0.9998960981942]]}