{"translation": [[3683.8964063000167], [2272.552853299305], [20.7264717]], "rotation": [[0.7795993856667, 0.62609744066544, 0.01506045092522], [-0.62627647306352, 0.77943328750476, 0.016172636052959998], [-0.0016129714824600011, -0.02204018289328, 0.9997557845235]]}