{"translation": [[3680.606380800018], [2268.995634599589], [20.752564000000003]], "rotation": [[0.66015945793782, 0.7508110128251599, 0.02173177241098], [-0.75109722830404, 0.66010911781848, 0.01043374414684], [-0.006511570137380001, -0.023210609716039998, 0.9997093912803]]}