{"translation": [[3687.950581300014], [2280.678920900449], [20.6796933]], "rotation": [[0.96347901260208, 0.26774268291271996, 0.00469575447672], [-0.26778093142632, 0.96323836449816, 0.02156914521272], [0.0012518497751199998, -0.022038852226320002, 0.99975633125208]]}