{"translation": [[3688.5410189999966], [2284.4846529997885], [20.6559008]], "rotation": [[0.99697710786104, 0.0776948917157198, 0.00038762731679999746], [-0.0776800462257998, 0.9966611516636, 0.025146754086], [0.0015674412307199975, -0.025100849069039997, 0.9996836952304]]}