{"translation": [[3680.202366399986], [2268.634645299986], [20.7546909]], "rotation": [[0.6488947004828001, 0.7605731921188, 0.0215429914698], [-0.76085426522696, 0.6488388425696001, 0.01043823868872], [-0.006038885426280001, -0.0231643944708, 0.99971343029016]]}