{"translation": [[3685.368648700067], [2274.6730596004054], [20.7103704]], "rotation": [[0.83806718820924, 0.5454049003376, 0.013300041160959807], [-0.54556649631104, 0.8378517342505399, 0.019017830777300057], [-0.0007710447759998089, -0.02319427671453994, 0.99973067924894]]}