{"translation": [[3685.6489678000216], [2275.130338500254], [20.708388]], "rotation": [[0.84975431930694, 0.52701478711596, 0.0131526760041], [-0.5271776699273999, 0.84954145463564, 0.019052639334040004], [-0.0011327201184600007, -0.023123859902600002, 0.9997319660869399]]}