{"translation": [[3677.925394700025], [2266.7597609004006], [20.7705494]], "rotation": [[0.594817979667, 0.8034906321863, 0.0243791194449], [-0.8038171644996601, 0.5948269252575, 0.00767212202438], [-0.008336877819379997, -0.0241598714709, 0.9996733451741401]]}