{"translation": [[3688.4288834999898], [2288.266560900025], [20.6141424]], "rotation": [[0.9951364089220399, -0.09850648394188001, -1.4201569720000053e-05], [0.09849073939268001, 0.9949747553826199, 0.018022495548580004], [-0.0017612024754800001, -0.01793624022262, 0.9998375815354199]]}