{"translation": [[3688.0613256000215], [2281.135516700335], [20.6782288]], "rotation": [[0.96942953058456, 0.24534237199984, 0.00367498315772], [-0.24536303316831998, 0.9691816854767, 0.021996414667639998], [0.00183492619996, -0.02222567896108, 0.9997512951923]]}