{"translation": [[3685.1020693000173], [2274.2545474004], [20.7138141]], "rotation": [[0.82724522337072, 0.5616675499726399, 0.01395969037951994], [-0.56184008285504, 0.8270333896702401, 0.018747342950559808], [-0.0010153547172800604, -0.02335176391615981, 0.99972679474352]]}