{"translation": [[3671.2210044999956], [2262.191097700037], [20.8034567]], "rotation": [[0.5210324274601403, 0.8531503462167399, 0.0256830475236199], [-0.8535038362604198, 0.5210409601254002, 0.006887815805859829], [-0.007505575833340102, -0.025509356481219825, 0.9996464069891]]}