{"translation": [[3687.0690119001083], [2294.4784217998385], [20.5972797]], "rotation": [[0.96535462961912, -0.26090576154608003, -0.00431484215596], [0.26094143808208003, 0.9652218341168, 0.016011621257359995], [-1.2744677960000068e-05, -0.016582813865359997, 0.99986249559768]]}