{"translation": [[3685.8310680000577], [2298.496970999986], [20.572560100000004]], "rotation": [[0.9565219005927601, -0.2916599665951398, -0.0005611967852999981], [0.29162199937769984, 0.95636257737966, 0.01808942859086], [-0.004739254694859998, -0.017466591926100002, 0.99983621539806]]}