{"translation": [[3688.020361199975], [2290.753032599576], [20.6054068]], "rotation": [[0.9814672539120001, -0.191623734642, -0.001541115172], [0.191624358482, 0.981345637104, 0.015519246018000001], [-0.001461489132, -0.015526946978, 0.999878381592]]}