{"translation": [[3676.9429551999783], [2266.0304764006287], [20.778691]], "rotation": [[0.57590782532652, 0.8170924394406, 0.026269217034319996], [-0.8174933497028, 0.575827165095, 0.011298174528599998], [-0.005894874577319997, -0.0279816183412, 0.9995910561025201]]}