{"translation": [[3681.411251900019], [2269.7558645997196], [20.7460848]], "rotation": [[0.6854595778081201, 0.7278010313813, 0.021232629409179818], [-0.7280855951635, 0.685386530271, 0.011690546538700077], [-0.006044166338179818, -0.02347256874049992, 0.99970621012812]]}