{"translation": [[3687.3796506000217], [2278.7856537997723], [20.6867322]], "rotation": [[0.93321399784364, 0.35919890767308, 0.009369602202719766], [-0.35931257284512, 0.9330540887452401, 0.01745144654771984], [-0.0024738056494798388, -0.019652549902079767, 0.99980380955404]]}