{"translation": [[3688.4815992000513], [2287.7674003001302], [20.6213275]], "rotation": [[0.9970672897311, -0.07652984758818, -4.745923104000009e-05], [0.07651522494546, 0.99686426730614, 0.02017555453928], [-0.0014967216823199999, -0.020120016837759998, 0.99979645166]]}