{"translation": [[3681.030190300022], [2269.3896117005497], [20.7489919]], "rotation": [[0.6731308417535602, 0.7392095860519398, 0.021543582512619817], [-0.7394954852903798, 0.6730730628335602, 0.010915471289060081], [-0.006431585629059819, -0.023278921092619916, 0.99970832076156]]}