{"translation": [[3684.1994364000275], [2272.955335800536], [20.7261284]], "rotation": [[0.79150833311084, 0.6109813375002999, 0.0147076850305], [-0.6111573825445, 0.79132036319052, 0.017282611919420002], [-0.0010791357503000011, -0.02266804225658, 0.99974246447132]]}