{"translation": [[3674.27331389999], [2264.166009699926], [20.7934296]], "rotation": [[0.5393461060887799, 0.8416873256777001, 0.025849682270119904], [-0.8420374703801, 0.53938533558726, 0.0060283218121998244], [-0.008868977157880098, -0.025017753326599824, 0.99964766455448]]}