{"translation": [[3687.1951154000126], [2278.2990967994556], [20.6862777]], "rotation": [[0.9238794245417401, 0.3825671774933398, 0.009442198243479997], [-0.38267566546377985, 0.9237385151297401, 0.01632428272476], [-0.002476987029240001, -0.018694968558519997, 0.99982216552044]]}