{"translation": [[3688.565621900023], [2286.374601200223], [20.6382735]], "rotation": [[0.9999088972983, -0.0133829963645998, -0.001758551728599996], [0.0134230637760398, 0.9995925704664, 0.025189569116279797], [0.0014207233162800035, -0.0252108794313998, 0.99968114570406]]}