{"translation": [[3684.482175300014], [2302.4354934003204], [20.5441805]], "rotation": [[0.9473191035708, -0.32026812784768, 0.003852267903839802], [0.32019443692224003, 0.9472598943036, 0.013198972634719969], [-0.007876309231519801, -0.011270164129440033, 0.99990546910656]]}