{"translation": [[3686.1530390000553], [2276.021261700429], [20.698381]], "rotation": [[0.87239690772984, 0.4886057836928798, 0.013712799270279998], [-0.4887828220895198, 0.8722484798290401, 0.016551725736280002], [-0.003873700061320002, -0.02114225476412, 0.99976897308464]]}