{"translation": [[3686.916714000108], [2295.0078289005905], [20.597828]], "rotation": [[0.96376625527862, -0.26671563354197997, -0.004168165213619973], [0.26674709110098, 0.96359950040374, 0.017944073965019798], [-0.000769523302619973, -0.0184057389310198, 0.99983030390012]]}