{"translation": [[3688.5033052000217], [2283.9921054001898], [20.6590572]], "rotation": [[0.99473501393862, 0.10247948163096002, 0.00045688162185998963], [-0.10245921447536002, 0.99442765902, 0.024814134005519805], [0.00208860366245999, -0.0247302996747198, 0.9996919775923799]]}