{"translation": [[3682.8840631999774], [2271.3123137997463], [20.734282800000003]], "rotation": [[0.7399420018163201, 0.6724473077721601, 0.01733432338128], [-0.67265464018176, 0.73985665168864, 0.012161272622160001], [-0.004647100069920001, -0.020658649031760002, 0.99977578721632]]}