{"translation": [[3675.3953528000275], [2264.92607120052], [20.7946479]], "rotation": [[0.5523265087358, 0.8331356117204801, 0.028642300722240003], [-0.8335786063721601, 0.5523411218540601, 0.008117467010820003], [-0.009057367507680002, -0.028359103567740004, 0.9995567643915001]]}