{"translation": [[3686.6064585000277], [2276.9310412006453], [20.6919442]], "rotation": [[0.8945158327062, 0.44690595475441997, 0.01079294212466], [-0.44703045692734, 0.89436651891276, 0.016501374997219997], [-0.0022782831254199998, -0.019585515119739997, 0.9998055896094]]}