{"translation": [[3683.5591793999774], [2272.121434399858], [20.7273857]], "rotation": [[0.7663029084582, 0.64229686778942, 0.01531584291526], [-0.64247392858522, 0.7661773730089201, 0.014123494584460002], [-0.00266317565666, -0.02066290489994, 0.99978295236828]]}