{"translation": [[3648.740692500025], [2332.9163223002106], [20.5592831]], "rotation": [[-0.88422271540708, 0.46696232392804005, 0.0098231672288], [-0.46706516857696, -0.88405594809252, -0.017185050439399996], [0.0006594580021999997, -0.0197834700736, 0.9998040705254001]]}