{"translation": [[3663.429845799983], [2339.5591318998486], [20.6979437]], "rotation": [[0.84657051963212, -0.53226951105238, -0.0027410643200199997], [0.5322541988435799, 0.8464765032377399, 0.01352729883362], [-0.00487992243022, -0.012910755377420001, 0.99990474483662]]}