{"translation": [[3653.3357900999836], [2324.7741390997544], [20.5349336]], "rotation": [[-0.8780791416908993, 0.4783591972066, 0.012232509487399948], [-0.4784988350779599, -0.8779753059840992, -0.014084098012719804], [0.004002582858280047, -0.018220193073999805, 0.99982598681336]]}