{"translation": [[3660.960402900004], [2311.2227251995355], [20.4656707]], "rotation": [[-0.88447374620994, 0.46627110062862004, 0.01725056468968], [-0.46652716317298, -0.88435705427874, -0.01628298373752], [0.007663372972079999, -0.02244972730792, 0.9997186016463601]]}