{"translation": [[3644.5351642000023], [2340.7165451999754], [20.595131100000003]], "rotation": [[-0.8943466206724999, 0.44723700571409997, 0.011094789246299759], [-0.4473730510245, -0.8941337378190799, -0.01954798346393985], [0.0011776440734998506, -0.02244618364805976, 0.99974735907742]]}