{"translation": [[3657.006233000022], [2318.3110499000177], [20.5035444]], "rotation": [[-0.8803658682512399, 0.47403707150097996, 0.01564787895798], [-0.47426533821882, -0.8802017227367399, -0.017815148183779998], [0.005328248989779999, -0.02310509431698, 0.99971884266966]]}