{"translation": [[3665.563772400026], [2336.3249065000564], [20.6844295]], "rotation": [[0.84174276462688, -0.5398787829, -7.845639815999995e-05], [0.5398309671816, 0.8416662616, 0.013432018948799999], [-0.00718562820984, -0.01134865788, 0.9999097832828799]]}