{"translation": [[3667.7306484999717], [2333.0857077008113], [20.67066]], "rotation": [[0.83996336105868, -0.5426431279828801, 5.237366836000068e-05], [0.54258561661612, 0.83987573592108, 0.01447797885024], [-0.00790036273536, -0.01213255468724, 0.99989518720476]]}