{"translation": [[3677.223826200003], [2318.150820299983], [20.5946917]], "rotation": [[0.8802503493924799, -0.4744451350914, 0.007820734469879999], [0.47422074550740007, 0.88017001917176, 0.0203825809284], [-0.01655399136012, -0.0142330201644, 0.99976166487928]]}