{"translation": [[3679.12298320001], [2314.6602022005245], [20.5534127]], "rotation": [[0.89580818491542, -0.4442104898585998, 0.014308956193859999], [0.4441065318917998, 0.8959188224510002, 0.009942916473399998], [-0.01723641084486, -0.002552245392200001, 0.99984818457542]]}