{"translation": [[3679.595374400029], [2313.7396042002365], [20.541451100000003]], "rotation": [[0.89993513545638, -0.43579153611174, 0.014229498225319999], [0.43574744724613995, 0.90004742719566, 0.0062274090831599994], [-0.01552107550548, 0.0005962036452399999, 0.99987936309528]]}