{"translation": [[3651.818236900028], [2327.45062790066], [20.5373343]], "rotation": [[-0.8793623299776401, 0.47592044862108, 0.014884314762599805], [-0.47610697930140006, -0.8792826505469001, -0.013567915694700049], [0.006630271648919806, -0.019017640760939952, 0.9997971638435]]}