{"translation": [[3662.926050900016], [2340.3334574997425], [20.6993719]], "rotation": [[0.84825859308272, -0.5295781485016801, -0.00208293398864], [0.5295652704100801, 0.8481933525783, 0.011342651293139999], [-0.00424008961784, -0.01072455091794, 0.99993350061158]]}