{"translation": [[3660.346875499992], [2312.3253647005185], [20.4657195]], "rotation": [[-0.88366136800426, 0.46781974669368, 0.016956939267859805], [-0.46806497537135994, -0.883553976629, -0.015742162733520047], [0.0076178748008198065, -0.021847687758239948, 0.9997322874455]]}