{"translation": [[3669.9313472000067], [2329.8369297003374], [20.650261]], "rotation": [[0.84134727006912, -0.54033368008184, 0.0132025872012], [0.5401318408821599, 0.84142639736088, 0.0161007847766], [-0.019808801196399998, -0.006415214290199999, 0.999783204726]]}