{"translation": [[3658.739915299986], [2315.216002599336], [20.4822214]], "rotation": [[-0.8824307524067997, 0.47008710785475993, 0.018272438714679755], [-0.47038138192299994, -0.8822750911500997, -0.018216005972299852], [0.007558209314599855, -0.024669381064819758, 0.99966709212374]]}