{"translation": [[3654.4539701999747], [2322.8218152998015], [20.5332613]], "rotation": [[-0.8776886081135401, 0.4789350636912, 0.01684518864916], [-0.47919399798415996, -0.8775161601290401, -0.0183942775902], [0.005972261671799999, -0.024216562910839998, 0.99968889668046]]}