{"translation": [[3680.0209433999844], [2312.894076200202], [20.5337701]], "rotation": [[0.9037796493807001, -0.4278061458466798, 0.01281535269104], [0.4277427295314798, 0.9038696056486202, 0.0074752694828399985], [-0.01478137414944, -0.001274322051560002, 0.99988993747608]]}