{"translation": [[3666.647128199984], [2334.7056593997404], [20.6742507]], "rotation": [[0.8400882118008002, -0.5424484826746399, 0.0012106633819200015], [0.5423912277662399, 0.8400281635171801, 0.01282443832426], [-0.00797358790472, -0.010117006478339999, 0.99991703060262]]}