{"translation": [[3664.4890551000135], [2337.9441409008577], [20.6912603]], "rotation": [[0.8439406201214401, -0.5364325403525199, -0.0020919997953199425], [0.5363996172606798, 0.8438301854258401, 0.015036152501679808], [-0.006300588448519943, -0.01381176782311981, 0.99988476219384]]}