{"translation": [[3657.3437332999893], [2317.714025599882], [20.498354100000004]], "rotation": [[-0.88084102642176, 0.4731219697443198, 0.01656717515647995], [-0.4733657344451198, -0.88070451406578, -0.016858936747719808], [0.006614453918720052, -0.022692378462519806, 0.9997206134350201]]}