{"translation": [[3660.3178919000784], [2344.4316055998206], [20.7223402]], "rotation": [[0.85689065400342, -0.51548853390146, -0.0031642100175799997], [0.51548417265814, 0.85680576479718, 0.01264843455134], [-0.0038090087772199993, -0.01246942555894, 0.9999149988366]]}