{"translation": [[3660.8489714000607], [2343.5827748999], [20.7181633]], "rotation": [[0.85507724491388, -0.51848779916516, -0.00364416432688], [0.51848977174544, 0.85499282662092, 0.01247379623236], [-0.00335177745892, -0.012555521253760001, 0.9999155586638]]}