{"translation": [[3671.018262800004], [2328.200759500265], [20.633667300000003]], "rotation": [[0.84410390055984, -0.53594287504012, 0.0159328504502], [0.535715399765, 0.8442369007935, 0.016525185314], [-0.02230765528612, -0.0054135006018400005, 0.9997364965598999]]}