{"translation": [[3646.0508316999767], [2337.8508197003976], [20.5815972]], "rotation": [[-0.8901366900878798, 0.45561084815572, 0.008695703268799999], [-0.45569361838927996, -0.8899561328126798, -0.0179330717842], [-0.00043170800179999965, -0.019925459772799997, 0.99980137512444]]}