{"translation": [[3641.540179500007], [2346.598202900961], [20.615344]], "rotation": [[-0.9043893557865796, 0.42660354909029996, 0.0094409518014], [-0.4267079967656999, -0.9041642318724997, -0.0201780535866], [-7.185791340000129e-05, -0.0222773484486, 0.99975182648492]]}