{"translation": [[3668.2955386000103], [2332.2440139008686], [20.6750717]], "rotation": [[0.84011628709784, -0.5424042739210401, -0.0014906552048800001], [0.54234714296312, 0.8399808583644001, 0.017080057497040002], [-0.00801217451704, -0.01515768704488, 0.9998530139864]]}