{"translation": [[3644.928645499982], [2339.966365300119], [20.5913173]], "rotation": [[-0.8932150933001798, 0.44949638042705975, 0.010955229578239998], [-0.4496288329019398, -0.8930000166000198, -0.019623937486079997], [0.0009621306457600022, -0.022454181841919996, 0.9997474101248]]}