{"translation": [[3667.3890130000073], [2292.2911215992644], [20.5171883]], "rotation": [[-0.9981971403035198, -0.0598302458424798, 0.00480336230064], [0.0597616083236798, -0.9981235698216998, -0.013347323492459998], [0.005592922092239998, -0.01303620175794, 0.99989938327782]]}