{"translation": [[3658.568955899973], [2276.257033900358], [20.6636222]], "rotation": [[-0.6797628536441802, -0.73341824906212, -0.00447573776255992], [0.7334300854358801, -0.6797349134825802, -0.006376100093039817], [0.00163403285855992, -0.007616877150959818, 0.99996965609824]]}