{"translation": [[3653.8597178999917], [2271.985238599591], [20.7065547]], "rotation": [[-0.6375699095492199, -0.77036260507508, -0.0067982547505], [0.77039252937508, -0.6375488293367199, -0.0051951920890000005], [-0.00033203732149999967, -0.008549622197, 0.9999633961875001]]}