{"translation": [[3649.1083016999764], [2268.017891800031], [20.7578949]], "rotation": [[-0.6219642336521994, -0.7830186322557199, -0.006526290033759999], [0.7830365630852799, -0.6219758178545994, -0.0003189693983599996], [-0.0038094347107599995, -0.00530871079136, 0.9999786526724399]]}