{"translation": [[3666.797633600014], [2288.585641200654], [20.5460358]], "rotation": [[-0.9642344493040998, -0.2650491038671198, 0.0011295897438600017], [0.26500426578575975, -0.9641342842279998, -0.014771517553679999], [0.0050042531014199984, -0.013943857239839999, 0.9998902571368601]]}