{"translation": [[3667.312203700014], [2291.4496574001387], [20.5170974]], "rotation": [[-0.9941834832624997, -0.1077000545935, 0.00041640645699999993], [0.1076912102111, -0.9941387340665797, -0.00954223303876], [0.0014416646798, -0.009441885863240001, 0.9999543851599201]]}