{"translation": [[3652.7183720999747], [2271.0115844001994], [20.7171221]], "rotation": [[-0.6318968882261802, -0.77502377585386, -0.006658503830739734], [0.77505180765314, -0.6318835271717202, -0.004215412872979905], [-0.0009403539962599054, -0.007824392201019733, 0.9999689468271]]}