{"translation": [[3663.783257299976], [2282.1362846996635], [20.6088557]], "rotation": [[-0.8133307824135397, -0.58178306712676, 0.0046632633843], [0.5817127596646, -0.8133204361440398, -0.01097170154076], [0.01017587658174, -0.006210941626199999, 0.99992893534966]]}