{"translation": [[3651.543653999979], [2270.028971400112], [20.728657]], "rotation": [[-0.6280819903529, -0.77812183896744, -0.00628629283122], [0.7781425696545601, -0.62808569568656, -0.0016126149098400003], [-0.0026935194502200003, -0.00590448620784, 0.9999789407767]]}