{"translation": [[3667.1585613000207], [2290.2141383998096], [20.5314258]], "rotation": [[-0.9841630443644999, -0.17714109704684, 0.0066692413178799995], [0.17705630735251998, -0.9841316194362398, -0.01167752467544], [0.00863197946036, -0.01031175508328, 0.9999095742383]]}