{"translation": [[3666.4377552000224], [2287.34673450049], [20.5590735]], "rotation": [[-0.9433072577425002, -0.3318496583608, 0.0068915227696], [0.33174057448239996, -0.9432755559145802, -0.013404782789720002], [0.0109489763152, -0.01035862951228, 0.99988640291192]]}