{"translation": [[3666.287122400012], [2286.9169429000467], [20.5581802]], "rotation": [[-0.9350499432004, -0.35444757212568007, 0.006976850594639803], [0.35435763262152004, -0.9350392267492, -0.011509420113839963], [0.010603114301039803, -0.008289581575440035, 0.99990942430384]]}