{"translation": [[3667.3365205000155], [2294.8814815990627], [20.50827]], "rotation": [[-0.9960770091645, 0.0882917291907198, 0.005906492834959998], [-0.08838089317663979, -0.9959401145065601, -0.017083042587919997], [0.004374222490480003, -0.01753804947176, 0.9998366281426999]]}