{"translation": [[3647.2422801000066], [2266.4980789003894], [20.7834839]], "rotation": [[-0.6177774117044804, -0.7863244192560401, -0.00670504498756], [0.7863378339984401, -0.6177960017556005, 0.0009441377712799996], [-0.00488474863996, -0.0046891635864800005, 0.99997707522488]]}