{"translation": [[3667.419001800008], [2293.147541599348], [20.5129958]], "rotation": [[-0.99990911954194, -0.0109045670055, 0.00793049390822], [0.01079160020778, -0.9998416637588999, -0.01415056300854], [0.008083543787299998, -0.0140636939289, 0.9998684257621999]]}