{"translation": [[3665.7792315999977], [2285.6654208004475], [20.5682855]], "rotation": [[-0.9082930729844798, -0.41830374847183993, 0.0050463953092], [0.41825787826983996, -0.9082917115109799, -0.008143254178099999], [0.007989953468000001, -0.0052857674755, 0.9999541095975]]}