{"translation": [[3660.3961808999884], [2278.085616200231], [20.6485376]], "rotation": [[-0.7071434207226601, -0.7070459123206199, -0.005837114451199999], [0.7070640459492998, -0.7070794662249, -0.009943584953999999], [0.0029032671631199986, -0.01115875560416, 0.9999335243934]]}