{"translation": [[3662.3735681999824], [2308.649332099594], [20.4644039]], "rotation": [[-0.8897469503448402, 0.4563740725196401, 0.00854445509892], [-0.45641153702772, -0.8897636758409002, -0.0030078980322599995], [0.00622981934676, -0.00657605614458, 0.9999589715759]]}