{"translation": [[3666.1101275000256], [2300.34330529999], [20.4838709]], "rotation": [[-0.9540538288498601, 0.29954667852590006, 0.00731109767906], [-0.29962730792006004, -0.9539271163443601, -0.0157132471363], [0.0022674024232999996, -0.01718188496906, 0.9998498095933399]]}