{"translation": [[3665.164414400002], [2284.3700556000695], [20.5804933]], "rotation": [[-0.8755621579353, -0.48295024961857996, 0.012248140955739999], [0.48282145645418, -0.87563534694388, -0.01209269795546], [0.01656507624446, -0.004674243225260001, 0.99985186387958]]}