{"translation": [[3667.2161383000202], [2290.612823699601], [20.5276077]], "rotation": [[-0.9879346949356201, -0.15482475215138, 0.0038008875004800005], [0.15477976061742002, -0.9878968763044201, -0.010153795896880001], [0.005326943564720001, -0.009442986241920002, 0.9999412251159601]]}