{"translation": [[3658.066583800013], [2275.776012700051], [20.6685969]], "rotation": [[-0.6740665466695202, -0.7386514322878001, -0.00533794917648], [0.7386703159614, -0.6740410223690402, -0.005916581802800001], [0.00077229509552, -0.0079311538836, 0.99996824967648]]}