{"translation": [[3667.269111700065], [2291.0471330005676], [20.5218264]], "rotation": [[-0.9914964422364998, -0.1301314811944, 0.0006266277695000133], [0.13012037747599997, -0.9914558927621199, -0.0091482296043198], [0.0018117465918999869, -0.0089889010196798, 0.99995795773038]]}