{"translation": [[3661.8448686000193], [2309.6176874004304], [20.4628923]], "rotation": [[-0.8870051724589001, 0.46150824178385996, 0.01522728834002], [-0.4617129416997, -0.8869012738586001, -0.015072936468300002], [0.0065488175749, -0.020400409612020002, 0.99977044178366]]}