{"translation": [[3645.28025120002], [2264.9227240001783], [20.8101234]], "rotation": [[-0.6137291972458596, -0.7894594525358798, -0.009508433276599998], [0.7894939360341997, -0.6137584609895996, 0.0002039254077999997], [-0.005996871422119999, -0.007381695069159998, 0.9999547730350999]]}