{"translation": [[3665.2191833999823], [2302.7699827998877], [20.4777036]], "rotation": [[-0.9324753981256001, 0.3610571251236, 0.011297172220400001], [-0.36119573707512, -0.9323751325742401, -0.014645595774], [0.00524530470584, -0.017737146171120002, 0.9998289255896]]}