{"translation": [[3663.479665599996], [2281.702423799783], [20.616351100000003]], "rotation": [[-0.8006181048577798, -0.59916039579648, 0.00421326682621981], [0.59907361624208, -0.8005920498489598, -0.012784888408319935], [0.01103330553281981, -0.007711754533280063, 0.99990939340782]]}