{"translation": [[3661.5484086999786], [2310.157210299745], [20.4637174]], "rotation": [[-0.8858924928074399, 0.46360351602756, 0.01632872029808], [-0.46384578408292, -0.8857486162766398, -0.017228851314839998], [0.00647578321056, -0.022836914327719997, 0.99971823011736]]}