{"translation": [[3646.5738805999863], [2265.9604894006625], [20.7919023]], "rotation": [[-0.6164353237844801, -0.7873660928559602, -0.00788653917324], [0.7873866551199601, -0.6164590392836, 0.0007604697484800004], [-0.00546049616724, -0.00574097517648, 0.99996861160088]]}