{"translation": [[3665.420812299999], [2302.2650845004246], [20.4827414]], "rotation": [[-0.9371288080483599, 0.3487982709459, 0.0113588367463], [-0.34894637405429996, -0.9370061862957799, -0.015984203469180003], [0.005068039210099998, -0.01894288550718, 0.99980772253142]]}