{"translation": [[3665.592462599918], [2285.247737599537], [20.5729889]], "rotation": [[-0.8983629352460998, -0.4391922542177, 0.007372114404399999], [0.43911240758966, -0.8983728981444998, -0.010323615676880001], [0.01115695910312, -0.006037166140400001, 0.99991953421004]]}