{"translation": [[3663.1606215999345], [2307.164587300271], [20.4667625]], "rotation": [[-0.8973509249951999, 0.44122466587672, 0.009077120992559955], [-0.44128179678216, -0.8973509869748999, -0.005644864672279804], [0.005654708855920045, -0.009070991700839805, 0.99994286906094]]}