{"translation": [[3667.080685599998], [2289.7851104000583], [20.5369044]], "rotation": [[-0.9797230902535201, -0.20026123455543998, 0.0062026696281600215], [0.20016411408696, -0.9796684889248801, -0.013577480670079802], [0.00879560162623998, -0.012060617061119801, 0.9998885832576001]]}