{"translation": [[3667.355768600013], [2291.8860916998237], [20.517108800000003]], "rotation": [[-0.99656729944986, -0.0827701420444598, 0.0016621651222600013], [0.08274718533093979, -0.9965105593810001, -0.01093845969658], [0.002561742914659999, -0.01076337152878, 0.9999387917807]]}