{"translation": [[3676.5665062000044], [2265.920690599829], [20.7503572]], "rotation": [[0.59210621969856, 0.8054910502303998, 0.024379044264479996], [-0.8058301497604798, 0.5920732887795002, 0.009323929034860002], [-0.006923838352, -0.0251661263283, 0.9996593052146999]]}