{"translation": [[3678.0609882000135], [2267.097720500082], [20.7387117]], "rotation": [[0.6317248624143001, 0.7748753075690598, 0.022179182980119998], [-0.7751182787394197, 0.6318019915895001, 0.004225828461560001], [-0.01073836123204, -0.019861051883079996, 0.99974508060236]]}