{"translation": [[3676.0285549000255], [2265.5136462002993], [20.7569187]], "rotation": [[0.5794321067931001, 0.81458514234848, 0.02663498429554], [-0.8149609908315201, 0.5794751731424, 0.00685930363424], [-0.009846824169460002, -0.025680975225760003, 0.99962169219854]]}