{"translation": [[3680.413356099976], [2269.28154649958], [20.7287334]], "rotation": [[0.71041638864902, 0.70340994793614, 0.02286834211996], [-0.70368778926354, 0.7104770971543, 0.006763937956679999], [-0.011489611317640001, -0.02089738643388, 0.99971560357628]]}