{"translation": [[3681.2627966], [2270.2113786004484], [20.7246047]], "rotation": [[0.7442731119734001, 0.6675054819787, 0.022224518219499813], [-0.6677841651983799, 0.74430924261966, 0.008247602971100072], [-0.011036593315339814, -0.02097965139961993, 0.9997189844123]]}