{"translation": [[3636.790286400006], [2241.148855299689], [20.8986217]], "rotation": [[0.5101267350724801, 0.85982676033924, 0.021648547554999897], [-0.86009130086276, 0.51006861283512, 0.008542108841999824], [-0.0036975109086000973, -0.022977285474799825, 0.9997291497035999]]}