{"translation": [[3668.9662442000117], [2260.8896164000034], [20.7821414]], "rotation": [[0.51116735204792, 0.85917442039608, 0.0229608093436], [-0.8594610624160801, 0.5111557014559199, 0.006817351887600003], [-0.005879253292400001, -0.023218730223600003, 0.9997131213079999]]}