{"translation": [[3662.693578300008], [2257.0349249998108], [20.809436]], "rotation": [[0.5058755302431002, 0.8622058990710999, 0.026286138686699996], [-0.8625810717962998, 0.5058596709322802, 0.007740380006860004], [-0.006623296672100001, -0.026589594034139998, 0.99962449222182]]}