{"translation": [[3682.0573825999745], [2271.1778742996976], [20.7170066]], "rotation": [[0.7778498556683, 0.6281539354466, 0.019292275892], [-0.6283853857454801, 0.77784378192014, 0.0095296588516], [-0.00902028312464, -0.01953562897048, 0.9997684700208]]}