{"translation": [[3679.0167470001034], [2267.9414830002934], [20.729783800000003]], "rotation": [[0.6617532168507, 0.74950354911254, 0.018086551051979996], [-0.74969210149062, 0.66174899004876, 0.007073938485139999], [-0.006666815118739998, -0.018240545792819998, 0.9998114002515]]}