{"translation": [[3679.503416499996], [2268.3924050992355], [20.7291945]], "rotation": [[0.6781690638936602, 0.7346545670820799, 0.0192198262094], [-0.7348720751503999, 0.6781569155324001, 0.008139100486600001], [-0.007054630977080001, -0.019643799480439997, 0.9997821529379]]}