{"translation": [[3629.4230563999736], [2236.5872767996043], [20.918114300000003]], "rotation": [[0.5127088872819799, 0.8583045704550001, 0.021043844247559902], [-0.8585536844322001, 0.5126607063288, 0.008034505284599827], [-0.0038922991344401, -0.022186632536999828, 0.99974626947782]]}