{"translation": [[3659.690675800026], [2255.206037200056], [20.810669600000004]], "rotation": [[0.5062878355309399, 0.8621643113516799, 0.01858056989102], [-0.8623529752767198, 0.50627494687664, 0.005738810563519999], [-0.004459078086379999, -0.01892850091208, 0.99981089634054]]}