{"translation": [[3628.533691099903], [2236.034977399744], [20.9233219]], "rotation": [[0.5130024432647601, 0.8581305431506598, 0.0209863339775399], [-0.8583791186126599, 0.51294990926198, 0.008224439875619827], [-0.003707294379540099, -0.022233389158379826, 0.99974593390278]]}