{"translation": [[3642.0250153000234], [2262.345053500496], [20.8439485]], "rotation": [[-0.6070605579941201, -0.7945568847756198, -0.01252020251818], [0.7946110647935799, -0.6071179049669201, 0.001012354133419999], [-0.008405612592020002, -0.009334131397219999, 0.99992110671996]]}