{"translation": [[3668.277750600013], [2260.4590327991173], [20.7852855]], "rotation": [[0.5102338279807199, 0.8597134693046, 0.023542832237280004], [-0.8599999354422001, 0.51027123760344, 0.004842373159600002], [-0.007850177890720001, -0.022717575457200004, 0.9997111015267199]]}