{"translation": [[3638.6596303000115], [2259.720465200022], [20.8731822]], "rotation": [[-0.60114535562852, -0.7990334856357598, -0.01302135252587991], [0.7990789677764397, -0.60122064029428, 0.002519983114960178], [-0.009842258184720091, -0.00889021317675982, 0.9999120431581999]]}