{"translation": [[3630.384898999997], [2237.184962200001], [20.9135935]], "rotation": [[0.5123075690795, 0.8585639351240799, 0.0202199275529399], [-0.8587931711424799, 0.51226705131872, 0.007528534245359824], [-0.0038942733641400967, -0.021221661883439824, 0.99976721073678]]}