{"translation": [[3681.6819989000214], [2270.7091915989295], [20.7206849]], "rotation": [[0.7619435527871, 0.64731024998198, 0.02077178345486], [-0.6475625588796999, 0.76196332155014, 0.008639056808979998], [-0.010235187189499999, -0.0200335027801, 0.9997469178318]]}