{"translation": [[3653.371363300015], [2251.3428672999144], [20.8375804]], "rotation": [[0.5082687520607002, 0.8609407700987998, 0.021067630499499997], [-0.8611932110366397, 0.5081992509966002, 0.00893048388648], [-0.003017935980020002, -0.022682386552799996, 0.99973816641734]]}