{"translation": [[3684.4318684000173], [2274.870336400345], [20.6973825]], "rotation": [[0.8802051405022, 0.47430309865182, 0.016597353889139806], [-0.47452943364726, 0.8801223346151, 0.014369537958220048], [-0.007792185139619807, -0.020524074351939953, 0.99975899306006]]}