{"translation": [[3677.5833757999935], [2266.708954900503], [20.741522600000003]], "rotation": [[0.6181577080034402, 0.7857393929436798, 0.022241365727439996], [-0.7860001814009598, 0.6181992637304001, 0.005780060141120002], [-0.00920797537912, -0.021054705746559998, 0.9997359214172]]}