{"translation": [[3643.1458100000164], [2245.057212599553], [20.8749876]], "rotation": [[0.5088542979836002, 0.8604584071271996, 0.02604856380019982], [-0.8608370831164797, 0.5087937978805601, 0.0093958610634001], [-0.005168597821639824, -0.027204695876519896, 0.9996165214904]]}