{"translation": [[3649.1760640000575], [2248.7635816996917], [20.8504908]], "rotation": [[0.508930287879, 0.86055785087282, 0.02074108548926], [-0.8607992823019, 0.50888448386844, 0.007824507487819998], [-0.0038213760157, -0.0218360397061, 0.9997542620454001]]}