{"translation": [[3646.6416329001077], [2247.2047329004854], [20.8524808]], "rotation": [[0.5087351895150001, 0.8606840688376, 0.020284020193199997], [-0.8609111526899998, 0.50871082978422, 0.006729020075539998], [-0.004527140379999999, -0.02088602849646, 0.99977161332678]]}