{"translation": [[3654.995889700018], [2252.3384066997096], [20.8341826]], "rotation": [[0.50787115193702, 0.8610929095073201, 0.02420604687912], [-0.86142788179508, 0.50776505983472, 0.01080217406412], [-0.002989310177519999, -0.02633787566772, 0.99964862844774]]}