{"translation": [[3670.917650400079], [2262.1030440991744], [20.7807171]], "rotation": [[0.5179572200222999, 0.85498429015566, 0.02687242032348], [-0.8553601062756601, 0.51800064688478, 0.00586204607884], [-0.008907972783480001, -0.02602188654116, 0.99962168313752]]}