{"translation": [[3667.629663800006], [2260.0584974009544], [20.7853025]], "rotation": [[0.508949556843, 0.86046269616098, 0.023963346289139903], [-0.8607579108825001, 0.5089925660208601, 0.004725616806979829], [-0.008130947250500101, -0.023031741497099828, 0.9997016687727001]]}