{"translation": [[3635.9289080000017], [2257.6078816996887], [20.8961249]], "rotation": [[-0.5984409860909004, -0.8010524620102201, -0.01354416191646], [0.8011068843603001, -0.5985176171808403, 0.00212762962978], [-0.0098107617027, -0.009577060335700001, 0.9999060100211]]}