{"translation": [[3637.7392583001056], [2241.734199200757], [20.8955076]], "rotation": [[0.50974427983366, 0.8600450878123199, 0.021983019202259826], [-0.86031790597224, 0.5096838168536, 0.008691635757280096], [-0.0037291911841798274, -0.023342896103439897, 0.9997205621351]]}