{"translation": [[3683.498183000018], [2273.2386882994324], [20.707819]], "rotation": [[0.8395824660102, 0.54298782503476, 0.01629511578728], [-0.54320162422024, 0.83947596510956, 0.014564533343240002], [-0.005770994627720002, -0.02107965965176, 0.9997611432782001]]}