{"translation": [[3685.513757299981], [2296.816026000306], [20.5907194]], "rotation": [[0.95795759723616, -0.28687694914264, 0.004342883364400001], [0.2867064769004, 0.9577387742772601, 0.023148197576140003], [-0.010800031882640001, -0.0209298590123, 0.99972261169326]]}