{"translation": [[3684.9882041999954], [2276.0257779005915], [20.6885295]], "rotation": [[0.9057717722236399, 0.42347058712349994, 0.01581699807358], [-0.42368118518958, 0.9057059013907, 0.01382361962694], [-0.0084716529163, -0.0192224083953, 0.9997793407330999]]}