{"translation": [[3682.6292339999927], [2303.6497982004657], [20.5495147]], "rotation": [[0.8951948171623799, -0.44565551429378, 0.0041703964231799995], [0.44553152480957997, 0.89510483682606, 0.01699946423518], [-0.01130884731662, -0.01335978903198, 0.99984680126268]]}