{"translation": [[3685.478037599998], [2277.2207674002275], [20.6810522]], "rotation": [[0.9286465412415, 0.37071710331915997, 0.01358057801188], [-0.37088999691908, 0.92857438243056, 0.013792310637560003], [-0.0074975314504399995, -0.017845082067880002, 0.9998126524863]]}