{"translation": [[3684.1011815000093], [2300.588965599425], [20.562482100000004]], "rotation": [[0.9230286417183, -0.38466379344167995, 0.007204419849059999], [0.38442134528208, 0.9228748690089199, 0.022852057851759998], [-0.015439136692859998, -0.018323571475039997, 0.9997128987003799]]}