{"translation": [[3646.0316191000165], [2337.08059220016], [20.5629793]], "rotation": [[-0.8922862171165599, 0.45142891519148004, 0.006070547571], [-0.4514511338794, -0.8920467599484999, -0.021072781227299997], [-0.00409765027452, -0.02154351221814, 0.9997595142303]]}