{"translation": [[3644.6968587000156], [2339.66472709924], [20.5795737]], "rotation": [[-0.8988935881018001, 0.43807096477147983, 0.009194681863439998], [-0.4381667284632798, -0.8986561540070801, -0.02067437942244], [-0.0007939887728399975, -0.02261286626904, 0.9997439811842801]]}