{"translation": [[3687.00025360001], [2284.379580600187], [20.641385600000003]], "rotation": [[0.9952214468886, 0.0976319558538, 0.001507292519], [-0.09764174177852, 0.99498903818214, 0.0215151852603], [0.0006008302863600001, -0.021559548476020002, 0.9997673853591]]}