{"translation": [[3686.998702700017], [2289.2949995007366], [20.6042062]], "rotation": [[0.997978948575, -0.06341280354696, 0.004103025421720006], [0.06334038224347999, 0.99786584089164, 0.015866941865039796], [-0.005100436113359993, -0.015574986780519797, 0.999865693659]]}