{"translation": [[3665.7913145999773], [2332.293554401025], [20.6754464]], "rotation": [[0.8713180644558001, -0.49071830087568, 0.0006092532135599997], [0.49067662370028, 0.8712589737921199, 0.012010120218559999], [-0.006424403309759999, -0.01016568833164, 0.99992769029468]]}