{"translation": [[3671.6200289999833], [2322.5292392000556], [20.6319643]], "rotation": [[0.8696352940452601, -0.4936939688856599, 0.0008467339083600006], [0.49362987033365996, 0.8695476202227801, 0.01471338841012], [-0.00800018667036, -0.01237730867588, 0.99989139372248]]}