{"translation": [[3670.0253911999753], [2325.193051999435], [20.6421984]], "rotation": [[0.8681593708197599, -0.49628139965656, 0.0020209457121999996], [0.49622698082839994, 0.86811232046886, 0.011823178874439998], [-0.00762203152556, -0.0092615557922, 0.99992806152366]]}