{"translation": [[3681.8035414000624], [2305.19291840028], [20.5491153]], "rotation": [[0.88503486544422, -0.46552164781919997, 0.0016980140255800002], [0.4654384226212, 0.884935107267, 0.0160290850272], [-0.00896451827058, -0.0133959781508, 0.99987008415222]]}