{"translation": [[3683.400479200005], [2302.11858129967], [20.5535461]], "rotation": [[0.9080565420366999, -0.41879656885320005, 0.006537447816300001], [0.41859459500112006, 0.9079399153086399, 0.0205830768492], [-0.01455573230766, -0.015954056961119997, 0.9997667721486999]]}