{"translation": [[3680.027515999973], [2308.320045400411], [20.547727]], "rotation": [[0.8730968963996399, -0.4875442791301, -0.0015404574294999997], [0.4875099996265, 0.8729880186522201, 0.01503020849782], [-0.0059830916549, -0.01387381673618, 0.99988585339142]]}