{"translation": [[3686.2512461000006], [2279.7202056003734], [20.6726707]], "rotation": [[0.96471502867292, 0.26320341674062003, 0.006990527322020001], [-0.26329130926022, 0.9645192812629401, 0.01949961801158], [-0.0016101317385800004, -0.02065211976098, 0.9997854256690201]]}