{"translation": [[3645.360697600001], [2338.368996099569], [20.5706415]], "rotation": [[-0.8957870852919401, 0.44442396744476, 0.00725932114816], [-0.44447637364924, -0.8955628956493, -0.02019197808028], [-0.0024726201678399997, -0.021314311432280002, 0.9997697666268]]}