{"translation": [[3687.081230200012], [2285.7626721998677], [20.6293807]], "rotation": [[0.9986766130847601, 0.051323445723599995, 0.00330549258272], [-0.05138389776671999, 0.9984369474631001, 0.02198537819946], [-0.0021719605100000003, -0.022126132136700002, 0.9997528278743001]]}