{"translation": [[3686.333148400008], [2293.732056800276], [20.595667]], "rotation": [[0.98001282325566, -0.19889679860715997, 0.00386405123574], [0.19881339014124, 0.9799094535726, 0.01583350369052], [-0.00693565344266, -0.01474881155868, 0.9998671758170999]]}