{"translation": [[3676.7039736000006], [2313.9483177000657], [20.5869605]], "rotation": [[0.870318529395, -0.49247122321500003, 0.004212793844999857], [0.49244026230684, 0.8703207732586999, 0.006658500488379755], [-0.006945601919879756, -0.0037204670008998573, 0.99996895788734]]}