{"translation": [[3674.7062121999916], [2317.321946900338], [20.6068592]], "rotation": [[0.8715314418886, -0.49033101796811995, 0.0029031593492398066], [0.49026944309652, 0.87149160999622, 0.011757405543659949], [-0.008295099860039807, -0.008823618171540051, 0.99992666484838]]}