{"translation": [[3664.22893089999], [2334.961160399951], [20.6896366]], "rotation": [[0.87335299414112, -0.48708745260016, 0.0006213350985600501], [0.48705227248144006, 0.8733039119160799, 0.010972065688319807], [-0.005886969380159949, -0.009279863915519805, 0.9999396120412]]}