{"translation": [[3686.858849500015], [2283.022538099438], [20.6505955]], "rotation": [[0.98973470148428, 0.14290973193442, 0.0014240649880199999], [-0.14290813644358, 0.98951550027788, 0.02088870475878], [0.00157606499898, -0.02087778644178, 0.99978079298716]]}