{"translation": [[3643.0582917000283], [2342.932487299666], [20.5951964]], "rotation": [[-0.9043800222944798, 0.42662154675548, 0.00952805456411976], [-0.42672704845411996, -0.9041981216033798, -0.018158626496819846], [0.0008683878454798493, -0.02048817811757976, 0.99978971811814]]}