{"translation": [[3675.7062021999736], [2315.6304655997083], [20.61743]], "rotation": [[0.87109419985022, -0.49111433627976, -0.0012704400659399994], [0.49106010082536, 0.8709531519088, 0.01733767282488], [-0.0074082855545399996, -0.01572660872808, 0.99984888412958]]}