{"translation": [[3686.628148200107], [2292.237142299302], [20.601237]], "rotation": [[0.9879732524682799, -0.15457843676918, 0.003789516222219801], [0.15450558023242003, 0.9878770014114799, 0.015068407625979984], [-0.0060728267096198, -0.014301682325380016, 0.9998792840487599]]}