{"translation": [[3670.573082100018], [2324.2814339008182], [20.6378033]], "rotation": [[0.86841136637742, -0.49584186179291995, 0.001601504566819807], [0.49577664326587995, 0.8683414976161201, 0.013732497806279949], [-0.008199799702619807, -0.011131468803080052, 0.9999044222825401]]}