{"translation": [[3681.393120100023], [2305.9367892993614], [20.5506627]], "rotation": [[0.8813227698789401, -0.47251387793309985, 0.000912129567000001], [0.4724431671164998, 0.8812211996946201, 0.01570581417628], [-0.008225002410599997, -0.013410962479720002, 0.99987624006332]]}