{"translation": [[3686.8516113000223], [2290.7601727005094], [20.6041026]], "rotation": [[0.99401120985422, -0.10915074376474002, 0.0052754687815800005], [0.10904742298634001, 0.9938913705796399, 0.016988342871060002], [-0.00709753304322, -0.016311327017460003, 0.99984177030942]]}