{"translation": [[3678.143908200029], [2311.5130716999993], [20.5485842]], "rotation": [[0.86999032058166, -0.49304988537252, 0.004319198027300051], [0.49304269380219995, 0.8700010206894, 0.0026700057437998065], [-0.005074152709979948, -0.00019333014963980686, 0.9999871077159]]}