{"translation": [[3666.845899000007], [2330.514464499429], [20.6865976]], "rotation": [[0.8699749885187, -0.4930900510892399, -0.0023938632087799993], [0.49303902298235996, 0.8697907456303601, 0.019405936166759997], [-0.007486713621579998, -0.018062947121639996, 0.9998088212627]]}