{"translation": [[3666.357672800019], [2298.978778099641], [20.4742613]], "rotation": [[-0.96305782587396, 0.26908608629849984, 0.010587067429099997], [-0.2692325172108998, -0.96293452568778, -0.01645401901002], [0.005767106074500001, -0.018696556524019997, 0.99980857129782]]}