{"translation": [[3666.1115652999724], [2285.9818075997755], [20.5614304]], "rotation": [[-0.9264665028164993, -0.37634590827865994, 0.0048795793991199985], [0.37628926641573995, -0.9264521391030593, -0.009646540528239999], [0.008151132038319998, -0.00710106229864, 0.9999415652765999]]}