{"translation": [[3656.6503449999727], [2318.4146365001798], [20.4838603]], "rotation": [[-0.8744254111516799, 0.48497265485896, 0.013493384831680002], [-0.48514988829256, -0.8742508223161599, -0.01776042228824], [0.00318328209248, -0.02207647501736, 0.99975121705952]]}