{"translation": [[3667.3834285999183], [2292.4872163999826], [20.501956600000003]], "rotation": [[-0.9998364841688999, -0.0173668984700798, 0.005052292224540001], [0.017294434530479803, -0.9997517936923199, -0.01404932141344], [0.005295031016259999, -0.01395964668024, 0.99988853924742]]}