{"translation": [[3667.356799000001], [2293.6337922997773], [20.497522]], "rotation": [[-0.9990781808776, 0.04252727293860001, 0.0058425266661999995], [-0.0426144311262, -0.99896810060298, -0.01570540700676], [0.0051685898685999996, -0.01593990608076, 0.9998595926763799]]}