{"translation": [[3667.3850388000137], [2292.8578895004466], [20.4994922]], "rotation": [[-0.9999718746858001, 0.0022314360100799996, 0.007174929769640001], [-0.00233281747268, -0.9998972277013201, -0.01415277628416], [0.007142610622560001, -0.01416911455396, 0.99987410173452]]}