{"translation": [[3667.2663136000047], [2290.5751009006053], [20.5168205]], "rotation": [[-0.9922973365482001, -0.1237952978521598, 0.004534704817720001], [0.1237430697179598, -0.9922596991486801, -0.01040122991984], [0.005787228599679999, -0.00975997524404, 0.9999356233594799]]}