{"translation": [[3658.9380768000265], [2314.4827303998172], [20.4647655]], "rotation": [[-0.8746061892360198, 0.4845086603356799, 0.01775546652306], [-0.48477567561167995, -0.8744820425161999, -0.016540448640959996], [0.007512846795060001, -0.023073798251039997, 0.99970553511982]]}