{"translation": [[3663.4369830000214], [2306.2277162000537], [20.4805577]], "rotation": [[-0.9054891191536997, 0.42402041032919996, 0.017214125858699955], [-0.42431949828671994, -0.9052607053128398, -0.021358796297199802], [0.006526705028460043, -0.026644444633279803, 0.9996236670503]]}