{"translation": [[3665.041040799988], [2302.647021200508], [20.4644374]], "rotation": [[-0.9319929313296998, 0.36227500002089996, 0.012086588531999766], [-0.36243951061158, -0.9318562211479399, -0.016783014046799837], [0.00518289592055984, -0.020022306877919765, 0.9997860995365999]]}