{"translation": [[3650.537252400012], [2328.9745924007148], [20.5234086]], "rotation": [[-0.8772446827213002, 0.47993096186639983, 0.010411188515299999], [-0.4800423590337598, -0.8770900641938002, -0.016513847635680003], [0.0012060421268200016, -0.019484493127200003, 0.9998094318548599]]}