{"translation": [[3665.757144399977], [2300.7803690992296], [20.47146]], "rotation": [[-0.9476658285666001, 0.3191293933933, 0.0092485022487], [-0.31924674166242, -0.9475144863222601, -0.017246545468699997], [0.0032592114610599998, -0.01929651950742, 0.9998084925819]]}