{"translation": [[3667.2042777001043], [2295.2195156002417], [20.4892767]], "rotation": [[-0.9926094149711999, 0.12115431968032, 0.006931086298959801], [-0.12125392648288, -0.9924854328784, -0.01643200137944001], [0.0048881946533598005, -0.017150981885839987, 0.99984096203456]]}