{"translation": [[3667.3514578000177], [2291.6945047993213], [20.5031777]], "rotation": [[-0.9981834440526601, -0.0602447917054198, 0.0008145812464200011], [0.060232762222379804, -0.9981278822683601, -0.01063162436518], [0.001453556087219999, -0.010563245426979999, 0.99994315089854]]}