{"translation": [[3654.9662185999914], [2321.304014299996], [20.506490300000003]], "rotation": [[-0.8740619765383197, 0.48565554092636, 0.01243171797255995], [-0.48581438696035995, -0.8738007722772998, -0.021372473830119806], [0.00048318376856005055, -0.024720371817879807, 0.99969428816102]]}