{"translation": [[3666.909717099974], [2296.8514277003706], [20.4784914]], "rotation": [[-0.9807938179008399, 0.19494374581154, 0.00638675925258], [-0.19502091617078, -0.9806791180344399, -0.01535179608666], [0.00327062389986, -0.01630249539618, 0.9998617562887601]]}