{"translation": [[3662.89623459999], [2307.311466800049], [20.4547209]], "rotation": [[-0.8985617408144998, 0.4387896713558, 0.0070816938755], [-0.43882724905419995, -0.8985570594583199, -0.0050581140826000005], [0.0041438586125, -0.0076526689474, 0.99996213182718]]}