{"translation": [[3662.610043999972], [2307.8755229003727], [20.4526816]], "rotation": [[-0.8949901117464399, 0.44603338619639976, 0.006854647767719999], [-0.4460557606777198, -0.8950027486882, -0.002099078129040001], [0.0051986694516, -0.004936209167399999, 0.9999743035078]]}