{"translation": [[3653.615576400014], [2323.6391574004665], [20.5131874]], "rotation": [[-0.8739665519466, 0.4858556192232598, 0.011265324020419805], [-0.4859825389557798, -0.87381515011524, -0.01637618474106005], [0.001887348986339808, -0.019786987283619946, 0.999802437015]]}