{"translation": [[3648.4506811000174], [2332.649530299939], [20.5383497]], "rotation": [[-0.8819071604262808, 0.47135584315259993, 0.007953746214359805], [-0.4714203854021999, -0.8817212473021008, -0.01817401617410005], [-0.0015534413996401916, -0.019777354791699956, 0.99980320215518]]}