{"translation": [[3651.9194357000524], [2326.571750799194], [20.5154685]], "rotation": [[-0.8751261922228198, 0.48380262343456, 0.009432134449759998], [-0.48389356295264, -0.8749976639353798, -0.01503009552428], [0.0009814965310399994, -0.01771738119212, 0.9998425531308001]]}