{"translation": [[3660.217203499982], [2312.2554430002347], [20.449366]], "rotation": [[-0.8765363871913002, 0.48109743920122006, 0.01513706219224], [-0.48127909360202004, -0.8764816401596203, -0.012259007111840001], [0.00736958068016, -0.01803061806424, 0.99981027504432]]}