{"translation": [[3667.323194800003], [2294.039123000577], [20.4954229]], "rotation": [[-0.9979643858722599, 0.06373410315221999, 0.0022056761738399933], [-0.06376316450873999, -0.9978091494568999, -0.0176345260099198], [0.0010769233180800064, -0.0177392714378398, 0.9998420667638]]}