{"translation": [[3667.0773670999333], [2296.0328821996227], [20.4850598]], "rotation": [[-0.987242037805, 0.1589901655345, 0.0086963755455], [-0.1591089653923, -0.98714255546692, -0.01530533222934], [0.0061511638011, -0.01649373596766, 0.99984504793708]]}