{"translation": [[3656.9696670999983], [2317.869400099851], [20.481892]], "rotation": [[-0.8743518721234602, 0.48506510263443997, 0.014855505073599999], [-0.48526859859699994, -0.8742030210126601, -0.016837499093560002], [0.004819443998560001, -0.021930808609400002, 0.99974787451544]]}