{"translation": [[3667.225353499991], [2290.2134465994313], [20.521083800000003]], "rotation": [[-0.9894326177398601, -0.1448396186095598, 0.006686798251660001], [0.1447623349992398, -0.9894067552836001, -0.010875311507480001], [0.00819113883346, -0.009792390711880001, 0.9999185038463]]}