{"translation": [[3660.5460198000073], [2311.6787058003247], [20.449799]], "rotation": [[-0.8777064776379597, 0.47893344335067994, 0.01593443720924], [-0.47912936427883995, -0.8776592382558597, -0.012211639170020001], [0.008136444842119998, -0.01835289311594, 0.99979846447134]]}