{"translation": [[3665.924977399991], [2300.3016486996785], [20.468339]], "rotation": [[-0.9517771906667403, 0.30666602570376, 0.00872567685938], [-0.30677501556487996, -0.9516276469584003, -0.01714411852296], [0.0030460766177400006, -0.018994200531280002, 0.9998149537611]]}