{"translation": [[3651.230207799992], [2327.768825300038], [20.518997]], "rotation": [[-0.87618915517428, 0.48185042422293994, 0.010623892438059999], [-0.48196438143674, -0.876050202525, -0.01570069207582], [0.0017416775428600005, -0.018877112637579997, 0.99982029444828]]}