{"translation": [[3649.842499500024], [2330.189016699791], [20.5304164]], "rotation": [[-0.8784344306844799, 0.47774119883688, 0.01079144213304], [-0.47786272022808, -0.8782368806716999, -0.018637578412859998], [0.0005735029466399991, -0.02152871679354, 0.99976806583678]]}