{"translation": [[3667.3761392000015], [2293.2615059996024], [20.4971384]], "rotation": [[-0.9997107901138, 0.02299654310912, 0.00701446570464], [-0.02309493487328, -0.9996310777573001, -0.01428425604234], [0.0066833904038400005, -0.01444212562314, 0.99987337062334]]}