{"translation": [[3663.85116000002], [2281.8689780998975], [20.616492]], "rotation": [[-0.7943443240281, -0.60746680867892, 0.0011194739958600005], [0.6073779837632399, -0.7942571721213599, -0.01573567137868], [0.01044804806078, -0.011819596756439999, 0.9998755599722999]]}