{"translation": [[3651.561988600006], [2271.4036885006353], [20.7031289]], "rotation": [[-0.6156890670402002, -0.7879799491482798, -0.0038084637924399997], [0.7879782325903598, -0.6156987883542602, 0.002288866853979999], [-0.00414844789732, -0.0015917562554599995, 0.9999901282971]]}