{"translation": [[3664.090633600019], [2282.2001071004197], [20.6117762]], "rotation": [[-0.8091927944564199, -0.58754071367414, 0.0017064377633200008], [0.5874567884583399, -0.8091201908127399, -0.014799299608039999], [0.01007590436492, -0.01097302829476, 0.99988902824268]]}