{"translation": [[3664.014479400066], [2250.6144129009917], [20.7083988]], "rotation": [[0.5032409744679602, 0.8638983123565999, 0.020694583186159996], [-0.8641181698578398, 0.5032730570223602, 0.0040070991662], [-0.006953300465800001, -0.019899101226159996, 0.9997778140167599]]}