{"translation": [[3629.2022946000216], [2229.4833027003333], [20.8704224]], "rotation": [[0.5113756739461401, 0.8591237985646, 0.0200300082708399], [-0.8593534182991599, 0.5113041673637402, 0.008929349736199826], [-0.0025700095226001, -0.021779108546839825, 0.99975950381744]]}