{"translation": [[3638.3460539000225], [2235.084862500429], [20.8190077]], "rotation": [[0.5072466399819002, 0.8615401737592998, 0.021196451154099998], [-0.8617906872246999, 0.5072068263151801, 0.007613216192860002], [-0.004191891638900002, -0.02212868380214, 0.9997463425057199]]}