{"translation": [[3662.1687752999715], [2249.492966598831], [20.7184139]], "rotation": [[0.5034921308622, 0.8637231050919801, 0.021864908646540004], [-0.8639703523199401, 0.5035226999238, 0.00448590163438], [-0.007134900981220005, -0.021149248960260002, 0.99975087019596]]}