{"translation": [[3656.7301142999786], [2275.49324900005], [20.6645891]], "rotation": [[-0.60071944954452, -0.79942767730628, -0.00718086691064], [0.79944987704552, -0.6007327040117199, -0.00038154543356000003], [-0.00400876350076, -0.00596994486584, 0.99997414445276]]}