{"translation": [[3659.9457976000267], [2278.0122376997024], [20.6462208]], "rotation": [[-0.6131835981851401, -0.78988252820206, -0.00957063507406], [0.78993828559774, -0.6131656038034001, -0.00505744557398], [-0.0018735958748599996, -0.01066135310138, 0.9999414108803]]}