{"translation": [[3662.7472663000226], [2280.5418777996674], [20.631731100000003]], "rotation": [[-0.7272815557929999, -0.68633483498946, -0.0024667757582201117], [0.68627787302706, -0.72716372946098, -0.01598886004805974], [0.009179961661419739, -0.013321296189659888, 0.99986912712398]]}