{"translation": [[3658.213556099974], [2276.643540499732], [20.652339399999995]], "rotation": [[-0.5997016637071996, -0.8002094391549599, -0.00481002055728], [0.8002184327195998, -0.5997089461228996, 9.022895760000009e-05], [-0.0029568135287999994, -0.00379495622928, 0.9999884277148601]]}