{"translation": [[3648.137222999998], [2268.6349800992757], [20.7419189]], "rotation": [[-0.6228661366479399, -0.7823250733690199, -0.0022260560703798197], [0.7823156726374199, -0.6228697376365199, 0.0038959224850199127], [-0.004434421420219819, 0.0006851600584200869, 0.9999899331795801]]}