{"translation": [[3636.5189680000185], [2233.9700110005215], [20.8271525]], "rotation": [[0.5082540500588002, 0.86098326347224, 0.01963539805688], [-0.8612007779535199, 0.5082057797278402, 0.007746853025360004], [-0.0033089104570400013, -0.02084739072968, 0.9997771938636001]]}