{"translation": [[3660.3273026000243], [2278.3204540004954], [20.6448564]], "rotation": [[-0.6206570753729801, -0.7840246115787, -0.00950319009485982], [0.7840822036749, -0.6206116101565, -0.007512297245700088], [-7.96386113982063e-06, -0.012113842019099914, 0.99992662469452]]}