{"translation": [[3662.4319784999825], [2280.206520200707], [20.6357599]], "rotation": [[-0.7087353626556999, -0.7054640423675, -0.0038435469611000006], [0.7054275926518601, -0.7086148736148999, -0.01539397984202], [0.00813630457502, -0.013621601098299999, 0.99987411834636]]}