{"translation": [[3654.023589000106], [2273.3665808001533], [20.6824399]], "rotation": [[-0.6098761095281001, -0.7924822555751398, -0.004775184955919912], [0.7924864275580199, -0.6098877702442601, 0.001402357763040179], [-0.004023671103840088, -0.0029290048663198204, 0.9999876154231999]]}