{"translation": [[3663.128174600017], [2250.0754402000457], [20.71314]], "rotation": [[0.5033552137363799, 0.86382739575178, 0.020873691056879997], [-0.8640488287939799, 0.50339415307206, 0.00372826254832], [-0.007287118044319997, -0.01991252948712, 0.99977516925468]]}