{"translation": [[3663.0294801000273], [2280.852631700225], [20.6302054]], "rotation": [[-0.7441827328908999, -0.6679738672507799, -0.0018054495511600002], [0.66790831027446, -0.7440656955626599, -0.01627933183308], [0.00953079452932, -0.013320669977639999, 0.9998658528668001]]}