{"translation": [[3655.1621321000275], [2274.2664844002575], [20.6749353]], "rotation": [[-0.6063758706189, -0.7951597307059, -0.005407917636], [0.79516783231746, -0.6063885971469, 0.0009628476267200005], [-0.004044917426720001, -0.003716354628, 0.99998491356156]]}