{"translation": [[3643.6417129000765], [2264.919544699602], [20.8037477]], "rotation": [[-0.6312376465747201, -0.77556917782776, -0.00558161122823982], [0.7755546236853601, -0.6312611237380001, 0.004908132646519914], [-0.007330051881839819, -0.001230645923319914, 0.99997237754072]]}