{"translation": [[3646.606499599933], [2240.099756400101], [20.7745385]], "rotation": [[0.50287925462576, 0.8641315760175201, 0.01972392787711983], [-0.86435462903072, 0.50279644950678, 0.0093147390759801], [-0.001867960007919828, -0.021732657922219904, 0.99976207283798]]}