{"translation": [[3645.1882736000116], [2266.2053763000295], [20.784582500000003]], "rotation": [[-0.6286355283850001, -0.7776880567738198, -0.0043256489522600005], [0.7776776108798997, -0.6286499233379401, 0.00410607588618], [-0.0059125648943, -0.0007827352118999994, 0.9999822142931]]}