{"translation": [[3664.7962906999746], [2283.2774890996516], [20.602042800000003]], "rotation": [[-0.85245681576514, -0.5227896742986, 0.002874796850280055], [0.52269931331772, -0.8523903128228001, -0.014700789779039807], [0.010135870330199945, -0.011029134585599808, 0.9998878048655]]}