{"translation": [[3652.978471499984], [2243.9362062998116], [20.7512658]], "rotation": [[0.50334669029622, 0.8639217449426599, 0.0167712674379], [-0.8640825980873399, 0.5032916829499801, 0.007661134288699999], [-0.0018222181198999984, -0.0183479674947, 0.9998300013462]]}