{"translation": [[3660.324563800008], [2248.375019900501], [20.7287919]], "rotation": [[0.5035279175014999, 0.8636690232078998, 0.023138761010099998], [-0.8639542999698999, 0.5035351639550001, 0.005937494291699999], [-0.006523149047099998, -0.022980527105699998, 0.9997146312174999]]}