{"translation": [[3652.175095500017], [2271.893440700136], [20.6976077]], "rotation": [[-0.6142393766070401, -0.78910960374376, -0.00400015616568], [0.78911009977048, -0.6142490388085001, 0.00182989276314], [-0.00390107808264, -0.00203257144218, 0.9999903250747]]}