{"translation": [[3637.4693196999724], [2234.5502955000848], [20.8247567]], "rotation": [[0.50777145071388, 0.8612503640299, 0.020394609839859825], [-0.8614838142605, 0.5077263971550001, 0.007714869357500097], [-0.003710447322859828, -0.0214870170192999, 0.9997622420698801]]}