{"translation": [[3659.111614000052], [2277.3453044993803], [20.647337]], "rotation": [[-0.6037049607166797, -0.7971806190570598, -0.006558555390459998], [0.7972050893803397, -0.6037032689092197, -0.002458092294420001], [-0.0019998787691399996, -0.006712477295779999, 0.9999754712631]]}