{"translation": [[3751.821597500064], [2301.5474922005087], [20.4777711]], "rotation": [[0.4676940013832599, 0.8837676232042401, 0.014732491161139828], [-0.8838760216390401, 0.4677165240586799, 0.002090106801680103], [-0.005043460263339828, -0.013999226793919899, 0.99988928644358]]}