{"translation": [[3756.873788799974], [2329.0297734998167], [20.3917441]], "rotation": [[-0.41460955700356006, -0.9097499403644399, -0.02130516597384], [0.9099753991221599, -0.4146549428906, -0.0024495257053200013], [-0.006605837020439999, -0.02040277409112, 0.9997700184134]]}