{"translation": [[3679.76911210001], [2260.148540700786], [20.6706138]], "rotation": [[0.5089673191212802, 0.8604554293772, 0.02384776575064], [-0.8607360040131999, 0.5090406128891003, 0.0033435961634000044], [-0.009262465729360002, -0.0222284118914, 0.99971001016782]]}