{"translation": [[3698.250078900077], [2271.4698049006984], [20.628022]], "rotation": [[0.4971611100913199, 0.86750298911806, 0.016410591100300003], [-0.8676468448279401, 0.4969689329314799, 0.014517070781900003], [0.004438050151900003, -0.021455921215300003, 0.9997599447438]]}