{"translation": [[3750.141383600014], [2325.8322790991515], [20.3743552]], "rotation": [[-0.41442245688769985, -0.90986240322078, -0.02010748103184], [0.91006178102562, -0.4144672398732998, -0.002082821487039999], [-0.006438812360640001, -0.019162218926240003, 0.99979565464316]]}