{"translation": [[3700.135814599984], [2272.586204700172], [20.6130902]], "rotation": [[0.491886044974, 0.87048409200348, 0.01747774664664], [-0.8706484942026, 0.49167959587166, 0.014909118273480002], [0.004384700869199999, -0.022550561718600003, 0.9997360884334999]]}