{"translation": [[3759.2524348999723], [2330.153221900575], [20.3977692]], "rotation": [[-0.4140466351660198, -0.9099941491363998, -0.02181689066954], [0.9102242325303999, -0.41411250853199977, -0.001618969565200001], [-0.007561395070459999, -0.0205285919032, 0.99976067246598]]}