{"translation": [[3705.8741106999805], [2275.8848681002855], [20.5576338]], "rotation": [[0.47502672773755994, 0.8797924082881599, 0.017745698242559997], [-0.8799709422886399, 0.4749102923626999, 0.01055170529442], [0.000855695763360002, -0.02062804099998, 0.9997868531355]]}