{"translation": [[3701.04606730002], [2273.119531000033], [20.6040413]], "rotation": [[0.4892247445063801, 0.87196734116438, 0.0182254768383], [-0.87214881327162, 0.4890180643303801, 0.014759505189500002], [0.003957217730499999, -0.023116042638300003, 0.9997249566927601]]}