{"translation": [[3715.666616500006], [2281.284567099996], [20.4980072]], "rotation": [[0.46042087659319997, 0.8875016434231601, 0.01879973918608], [-0.8876957154350801, 0.46038623911325993, 0.006388153664960001], [-0.00298564406384, -0.01962968747168, 0.9998028612143]]}