{"translation": [[3692.6522574999835], [2268.079919300042], [20.6451264]], "rotation": [[0.5073973001094001, 0.8615845304924599, 0.01483592132442], [-0.8617121044866598, 0.5073321293746801, 0.008147845898259998], [-0.0005066819798199987, -0.01691848774854, 0.9998567437657201]]}