{"translation": [[3717.647543900006], [2282.3581870999187], [20.4915282]], "rotation": [[0.46017653055499996, 0.8876600901979002, 0.017236202614699898], [-0.8878161913855, 0.46018161130662005, 0.00390597154425983], [-0.004464607985500104, -0.01710001666125983, 0.99984381615062]]}