{"translation": [[3686.159941699996], [2264.089596499689], [20.657027]], "rotation": [[0.51249232646462, 0.85851526582384, 0.01741263818384], [-0.8586757233406399, 0.5125015418339001, 0.00426826295432], [-0.005259635588960001, -0.01713926108792, 0.99983927807328]]}