{"translation": [[3755.3621443000156], [2328.3129065996036], [20.3882103]], "rotation": [[-0.41493849975539976, -0.9095912650849199, -0.021680876928359998], [0.9098297951031599, -0.4149689404572997, -0.0032879974034199996], [-0.006006153986519998, -0.02109022203766, 0.99975953543726]]}