{"translation": [[3671.412329500017], [2255.0954782003537], [20.684804]], "rotation": [[0.50168257382494, 0.86482833549546, 0.01966151089236], [-0.86502433710486, 0.50171817227822, 0.00343534365212], [-0.00689355515796, -0.01873113701468, 0.99980079186572]]}