{"translation": [[3691.690364099981], [2267.490244699642], [20.6477383]], "rotation": [[0.50851688316796, 0.86090500024068, 0.01591256859468], [-0.86105006343948, 0.50846854536278, 0.00725095703758], [-0.0018486561478799988, -0.01738875175762, 0.9998470952091799]]}