{"translation": [[3747.9925886000274], [2324.8125519007444], [20.3706376]], "rotation": [[-0.41423207872900003, -0.9099571801399801, -0.01973558609214], [0.91014999237102, -0.4142729754773, -0.0021613108643400002], [-0.00620922166914, -0.01885762947234, 0.99980289824846]]}