{"translation": [[3752.377942799998], [2326.8943359004334], [20.3780225]], "rotation": [[-0.4146841366022802, -0.90972754366332, -0.020807335655], [0.90994596768732, -0.4147165172097802, -0.0029373987117], [-0.0059569124842, -0.020151643156499997, 0.9997791888634999]]}