{"translation": [[3724.575653899985], [2286.1373092001304], [20.4793042]], "rotation": [[0.46845505760828, 0.8832976976788798, 0.018303757334559998], [-0.8834463627268798, 0.4685322928179, 7.7645782739999e-05], [-0.008507316969439998, -0.016206761533739997, 0.99983246918462]]}