{"translation": [[3682.4865550000104], [2261.8196055004373], [20.6557925]], "rotation": [[0.5124516959183001, 0.85849957550124, 0.01927917280202], [-0.8586803536729201, 0.5125058775445601, 0.002392486877160002], [-0.007826739799460001, -0.01778068169388, 0.9998112769331]]}