{"translation": [[3702.9541830000235], [2274.2253934005275], [20.5888831]], "rotation": [[0.4834162243479, 0.8751674097442199, 0.01976899365996], [-0.8753842451534999, 0.48320294011886, 0.014744360664279997], [0.0033513468594000007, -0.024433128247399995, 0.9996958491211999]]}