{"translation": [[3747.244173599989], [2324.457199100405], [20.3707433]], "rotation": [[-0.4142809002451402, -0.9099237080949598, -0.02025378138594], [0.9101269379517598, -0.4143234953517202, -0.0022433316208800014], [-0.006350356546260002, -0.019362881214479998, 0.9997923543455799]]}