{"translation": [[3758.3957923999988], [2329.749343400821], [20.3958924]], "rotation": [[-0.41430308938818017, -0.90988796052094, -0.02137409642036], [0.91011056175806, -0.4143614595220202, -0.0018299766798800035], [-0.007191528013640001, -0.02021095587212, 0.9997698731148]]}