{"translation": [[3711.72357620002], [2279.13241609931], [20.514629]], "rotation": [[0.46430747094895997, 0.885467374709, 0.019132193941960002], [-0.8856699747960401, 0.4642624768805599, 0.006999171278], [-0.0026848210113999994, -0.02019457797896, 0.99979246383096]]}