{"translation": [[3747.7798083000234], [2299.2999366000295], [20.4683465]], "rotation": [[0.47246430154240004, 0.8812009622438398, 0.016195473094079996], [-0.8813289358809598, 0.4724997259865601, 0.0018058697025599996], [-0.006061021955519998, -0.015126748724639998, 0.99986721392]]}