{"translation": [[3756.819150700001], [2304.2777853999287], [20.4955621]], "rotation": [[0.45942494267804, 0.88810920543842, 0.013808305393219998], [-0.8882127777035799, 0.45941274993644, 0.004230219245979999], [-0.00258681394478, -0.01420818237202, 0.9998957125268401]]}