{"translation": [[3704.94836759998], [2275.3604626003653], [20.5662719]], "rotation": [[0.47759867697175984, 0.8783809950486402, 0.01861019358631983], [-0.8785774984851201, 0.47746600015039986, 0.011305125880640102], [0.0010444728757601721, -0.0217498104108799, 0.9997628993052]]}