{"translation": [[3719.637365599978], [2283.4373949002475], [20.4910543]], "rotation": [[0.4603907653318402, 0.8875252573721597, 0.018420846378879998], [-0.8876973539244797, 0.46041769268160015, 0.003003823490559999], [-0.005815315151359999, -0.017735068270719998, 0.9998258095712]]}