{"translation": [[3721.6294446000247], [2284.5182050000876], [20.4882524]], "rotation": [[0.4623594434152801, 0.8864475195013599, 0.02084868685615983], [-0.8866573254533598, 0.4624231042668001, 0.0019461074180801025], [-0.007915793935839828, -0.019385440002079896, 0.9997807484515201]]}