{"translation": [[3753.839623800013], [2302.658705700189], [20.486618]], "rotation": [[0.46468884818220024, 0.8853536405837398, 0.014603410947419997], [-0.8854653947513397, 0.46469409937958017, 0.0032377199083400005], [-0.003919592330219999, -0.014435346808059999, 0.99988812252662]]}