{"translation": [[3676.9635456000105], [2258.4354317002], [20.668740300000003]], "rotation": [[0.5047999029985202, 0.8629844786154398, 0.02085112027576], [-0.8631532566370398, 0.5049391668987002, -0.0016777740596199972], [-0.011976439570639999, -0.01715077367818, 0.99978118397118]]}