{"translation": [[3743.0307302], [2322.45573149994], [20.3590544]], "rotation": [[-0.4145850855718599, -0.9097757317549199, -0.020668268164399997], [0.9099911186105999, -0.41461745163809993, -0.002895759196800001], [-0.005934934620079999, -0.02000848023456, 0.999782194904]]}