{"translation": [[3672.375837599917], [2255.674114599824], [20.682306]], "rotation": [[0.5016343896731001, 0.8648352074731398, 0.02056825921222], [-0.8650394579116598, 0.5016987179804602, 0.0022765985611400003], [-0.008350187305180001, -0.01893437508866, 0.9997858589886]]}