{"translation": [[3695.4801480000024], [2269.801496499218], [20.640660600000004]], "rotation": [[0.5034404557463, 0.86389491743982, 0.01527440581216], [-0.86402853803454, 0.50332912991526, 0.010700503740720001], [0.001556056928080001, -0.01858458877824, 0.9998260807544]]}