{"translation": [[3693.216912099917], [2306.4863801999018], [20.5036022]], "rotation": [[0.4194358871982, -0.9076938845149599, -0.01285926945288], [0.90777943260456, 0.41944071536142, 0.00244955171446], [0.003170258169679999, -0.01270081011594, 0.99991431577278]]}