{"translation": [[3720.9443673000205], [2311.641657900065], [20.3900002]], "rotation": [[-0.42270210148456, -0.90606761747744, -0.01908812257236], [0.90624780418576, -0.4227414960868, -0.00212022580308], [-0.00614827399116, -0.018194793423480002, 0.9998155570968]]}