{"translation": [[3717.6262946000206], [2310.0509752994403], [20.3921915]], "rotation": [[-0.4116451859049003, -0.9111920873679601, -0.01664319882628], [0.9113328608318, -0.4116620545161003, -0.0025582933482000006], [-0.004520278451400002, -0.01622060463572, 0.9998582194718401]]}