{"translation": [[3735.6560061000055], [2318.926579700783], [20.3467032]], "rotation": [[-0.4213139638309198, -0.9067349057361199, -0.01807104235735989], [0.9068689620584799, -0.4214096425357198, 0.0016753560772401685], [-0.00913441334444011, -0.01568221549143983, 0.9998353017543601]]}