{"translation": [[3734.9781548000174], [2318.5962934996933], [20.346534100000003]], "rotation": [[-0.4222472601060001, -0.9063247202061601, -0.016818771126880003], [0.9064408479437601, -0.4223300959495201, 0.0015483627374399999], [-0.00850639159632, -0.014591428696160001, 0.99985735558752]]}