{"translation": [[3689.1625142000266], [2308.939528300427], [20.5250243]], "rotation": [[0.63965441370398, -0.76856608672722, -0.0121817277253], [0.76865765376222, 0.63962692019598, 0.006542736536700001], [0.0027632354813, -0.0135486686223, 0.999904394483]]}