{"translation": [[3691.102394299989], [2307.585786900483], [20.5120917]], "rotation": [[0.53509309594614, -0.84475292538974, -0.00823533887222], [0.84479177382982, 0.5350839070662, 0.00346675024766], [0.00147804950194, -0.00881218096102, 0.9999600796191]]}