{"translation": [[3727.4090385001036], [2314.8480652002618], [20.3791229]], "rotation": [[-0.43063135054762025, -0.9023707321901, -0.016835998673799892], [0.9025043712829, -0.4306795983085002, -0.0008322540105998319], [-0.006499921530200107, -0.015552958502599832, 0.99985791814488]]}