{"translation": [[3707.9150607999763], [2306.101051999256], [20.4245711]], "rotation": [[-0.28425479639513973, -0.9586235746491999, -0.015488475067419998], [0.95874546319808, -0.2842586587817998, -0.0019979266645599987], [-0.002487474667899999, -0.0154174265248, 0.9998780502711]]}