{"translation": [[3689.5238777999766], [2308.6554003003985], [20.520311]], "rotation": [[0.6203559500255003, -0.7842298006328998, -0.0119223950525], [0.7843131967970998, 0.6203438052418202, 0.005138196713700001], [0.0033664572505000007, -0.0125384024037, 0.99991572416732]]}