{"translation": [[3722.084287100006], [2312.19903719984], [20.3915842]], "rotation": [[-0.4248835976646802, -0.9050260451349601, -0.020038297572119897], [0.9052236211004401, -0.4249300834973202, -0.002089794061839831], [-0.006623559769680111, -0.01902706138075983, 0.999797029079]]}