{"translation": [[3725.6148956000106], [2313.947431099601], [20.385096]], "rotation": [[-0.43053711221185953, -0.9024125651797199, -0.017004538025339827], [0.9025541653652398, -0.4305727695219995, -0.0016928739993201068], [-0.0057940218805798294, -0.01607636296803989, 0.9998539792607001]]}