{"translation": [[3693.6328513000044], [2306.307483099401], [20.5039682]], "rotation": [[0.39605766213317983, -0.9181252961775, -0.013572496990380002], [0.9182190942021001, 0.3960672705152598, 0.0020871416184999993], [0.00345936385062, -0.0132891548429, 0.99990571113308]]}