{"translation": [[3690.303029600007], [2308.0993582000956], [20.5164378]], "rotation": [[0.57861612394262, -0.81556290270876, -0.00777715741906], [0.81559990252956, 0.5785939993740001, 0.005072890522920001], [0.00036255486674000026, -0.009278305327320002, 0.99995688987038]]}