{"translation": [[3700.042457200063], [2304.923274300061], [20.4507526]], "rotation": [[0.05084476363628021, -0.9986828508053598, -0.006894767617839999], [0.9987061049410397, 0.050850742063020204, -0.0006944685420200002], [0.0010441583794399988, -0.006850535770179999, 0.9999759896603001]]}