{"translation": [[3706.400647600007], [2305.678096000105], [20.4317275]], "rotation": [[-0.2365924735056003, -0.9714565715852801, -0.01720935309176], [0.9715957778041602, -0.23664451585426027, 0.0010239629343199996], [-0.005067234274480001, -0.01647827268664, 0.9998513837915001]]}