{"translation": [[3692.3240587000037], [2306.905867599882], [20.5028568]], "rotation": [[0.46889364799910005, -0.8831713080749001, -0.012132412038499896], [0.88324701389834, 0.4689024349662, 0.0022862381346198286], [0.0036697776863801037, -0.011787919172299828, 0.99992378594294]]}