{"translation": [[3705.9259841999738], [2305.5617955997586], [20.4312743]], "rotation": [[-0.21978335841155994, -0.97542418112128, -0.015587387692639874], [0.9755368672782401, -0.21983138604466002, 0.0014165794953801564], [-0.004808362731520125, -0.014894730624939843, 0.99987750582254]]}