{"translation": [[3700.541809700022], [2304.9090245990083], [20.4482377]], "rotation": [[0.024408801330799923, -0.99967446147356, -0.007424491385319858], [0.99969853893044, 0.02442767444813998, -0.0024620235008598608], [0.0026425849326798573, -0.00736215844185986, 0.9999694072151]]}