{"translation": [[3724.4224564000033], [2313.351497599855], [20.3861841]], "rotation": [[-0.42917116759985985, -0.9030553144379799, -0.01741335245492], [0.90320655006922, -0.42920051319585983, -0.0022055072522800005], [-0.005482124629720001, -0.01667439400708, 0.99984594358124]]}