{"translation": [[3697.230244199978], [2305.2404907997698], [20.4766811]], "rotation": [[0.20063984751997999, -0.9796416553496601, -0.006774386693399999], [0.9796627166343401, 0.20064974980622008, -0.0008081851841999993], [0.0021510109062, -0.0064744598574, 0.9999767269902]]}