{"translation": [[3736.970883000002], [2319.561947098933], [20.347241]], "rotation": [[-0.4194030334464003, -0.9075815442896001, -0.019918023502399892], [0.9077614836483202, -0.41948656731136025, 1.7405060800166836e-05], [-0.008371140898240108, -0.018073515519679832, 0.9998016163328]]}