{"translation": [[3726.823921300005], [2314.5546265998855], [20.3802465]], "rotation": [[-0.43082611363559975, -0.9022823432537199, -0.01660429375616], [0.9024119196976399, -0.4308740199635397, -0.0007588320162799991], [-0.006469675894879998, -0.01531083573764, 0.9998618512719]]}