{"translation": [[3713.9481380999787], [2308.393629799597], [20.4018791]], "rotation": [[-0.3848552394497001, -0.9228621241051201, -0.01455111854165989], [0.9229618879716001, -0.38489089563856016, -0.000377215542879835], [-0.005252476608900112, -0.013575302274799835, 0.9998940557087]]}