{"translation": [[3739.643395599909], [2320.84467170015], [20.3518925]], "rotation": [[-0.4166048563521598, -0.9088608078276799, -0.02030634231559983], [0.9090566121163999, -0.41667121509369975, -0.0010470700829001093], [-0.00750942813231983, -0.018895829781259893, 0.9997932566759]]}