{"translation": [[3697.7082801000215], [2305.1553613003343], [20.4730072]], "rotation": [[0.17508226841976016, -0.9845277444764399, -0.007158550127479872], [0.9845501406534799, 0.17509673525646008, -0.001441888295460153], [0.0026730175844401284, -0.006795502834779846, 0.99997333770246]]}