{"translation": [[3731.792088199989], [2317.033044599928], [20.3575914]], "rotation": [[-0.4264405741573004, -0.9043684997929401, -0.016313717273879893], [0.9044801844192202, -0.42651416619826044, 0.0011602181463601672], [-0.008007295548360108, -0.014260669529879831, 0.9998662493206001]]}