{"translation": [[3698.637247100007], [2305.026399999857], [20.4664067]], "rotation": [[0.12574556947643967, -0.9920316427102402, -0.007826354481119851], [0.9920597683972803, 0.12575986920893967, -0.001360672703059868], [0.0023340716305598496, -0.00759311295137987, 0.99996844787454]]}