{"translation": [[3738.943068899971], [2320.508944599889], [20.351614399999995]], "rotation": [[-0.4171554686445599, -0.9086130384708799, -0.020083917302119995], [0.9088055877099199, -0.41721783082905994, -0.0011780517696800014], [-0.007308978089319998, -0.018743809096879997, 0.99979760372654]]}