{"translation": [[3704.461382600013], [2305.252112300135], [20.4272639]], "rotation": [[-0.16251173822370024, -0.9866474442289399, -0.01080109860032], [0.98670623615954, -0.16251086716162022, -0.0009641438081600005], [-0.0008040263348800007, -0.01081419649856, 0.99994120161692]]}