{"translation": [[3694.0854814000195], [2306.125239400193], [20.5041364]], "rotation": [[0.37065603780982015, -0.92863981161012, -0.015563159637479835], [0.92876091725412, 0.37067526368054016, 0.0017370913613201132], [0.004155746198519836, -0.015098317715319887, 0.99987737777072]]}