{"translation": [[3724.992950199987], [2313.6362675996497], [20.385505]], "rotation": [[-0.4299612534515398, -0.9026866754781999, -0.01703520944856], [0.90282877235244, -0.42999705278753975, -0.0016894750303999995], [-0.005800022364399999, -0.016106285338559997, 0.9998534629257599]]}