{"translation": [[3698.1520562000223], [2305.0889149997383], [20.4703958]], "rotation": [[0.15126380208440005, -0.9884637336694401, -0.007670841167080001], [0.9884909203120001, 0.1512765733568, -0.0011096022423999988], [0.002257220564200001, -0.00741471352592, 0.99996996304056]]}