{"translation": [[3708.9144498999813], [2306.424371299334], [20.4217479]], "rotation": [[-0.30924211720266004, -0.9508910802541001, -0.0132505241751], [0.9509779551969001, -0.3092574678046801, -0.00092589824342], [-0.003217394481100001, -0.01288728253842, 0.99991177927302]]}