{"translation": [[3726.193385499995], [2314.2384527996182], [20.382453100000003]], "rotation": [[-0.43091134060185987, -0.9022351285013401, -0.016944537933], [0.9023715017343001, -0.4309577825726598, -0.0009951996711599978], [-0.006404476979159999, -0.0157191113862, 0.9998559357250401]]}