{"translation": [[3691.921851399995], [2307.1144855003804], [20.5032439]], "rotation": [[0.4909051712140401, -0.8711461637558798, -0.010787682898639999], [0.8712029153821598, 0.4909213240950001, 0.00127813739812], [0.004182458431720001, -0.010025705910159999, 0.9999409943845999]]}