{"translation": [[3701.004535200016], [2304.905634900555], [20.4480874]], "rotation": [[-0.00048123498809993226, -0.9999680749882399, -0.007977883143179858], [0.9999926079215998, -0.0004507518023999513, -0.0038223194955998587], [0.003818601483499858, -0.007979663431679858, 0.99996087086214]]}