{"translation": [[3730.5336363000097], [2316.409274600446], [20.3610997]], "rotation": [[-0.42787264167583994, -0.90372546976824, -0.014322812516639999], [0.90380739861576, -0.42793640651169995, 0.0015758629759200001], [-0.00755340146064, -0.01227079577208, 0.9998961814546999]]}