{"translation": [[3721.4902152000577], [2311.9073804002255], [20.3896415]], "rotation": [[-0.42371189440049983, -0.9055896294338999, -0.0193898644414], [0.9057773333490999, -0.42374724813401976, -0.0024505785769199998], [-0.0059971803606, -0.01860123668308, 0.99980899569048]]}