{"translation": [[3729.2851881000097], [2315.78548900038], [20.367777]], "rotation": [[-0.4293389100839401, -0.9030302128408, -0.014291603919119999], [0.90312254931888, -0.42938255157000005, -1.6378261159999928e-05], [-0.0061217773276, -0.012914102879400001, 0.9998978696691]]}