{"translation": [[3722.638862400083], [2312.4722343999892], [20.3900244]], "rotation": [[-0.42599646868090013, -0.90451190627942, -0.01962779507376], [0.9046983746042601, -0.4260496909081001, -0.0015944077072799993], [-0.006920254987920001, -0.018436446140640002, 0.99980608496284]]}