{"translation": [[3740.292531199986], [2321.1546988002956], [20.3534622]], "rotation": [[-0.4161904929658, -0.9090573179121199, -0.020008657117359892], [0.9092508247047199, -0.41624603700708007, -0.0015014983048398326], [-0.006963575446840108, -0.01881779673063983, 0.9997986793122801]]}