{"translation": [[3710.435669999977], [2306.9629299007356], [20.414952]], "rotation": [[-0.34030814892960004, -0.9402364035856802, -0.01207499189936], [0.9403132209872801, -0.34029567665472005, -0.003136107813839999], [-0.0011603851214399986, -0.01242151794104, 0.99992217666912]]}