{"translation": [[3669.81266950001], [2340.7922865999863], [20.5717143]], "rotation": [[0.8817973025804, -0.47161729268004, -0.0032651889029198062], [0.47162512460484, 0.88174311864598, 0.009941308783140049], [-0.001809434964680194, -0.010306164369059952, 0.9999452529654199]]}