{"translation": [[3682.057821400056], [2318.52089169994], [20.5198672]], "rotation": [[0.87984217835324, -0.47526557089626, -0.0006014696861400002], [0.47523028706586, 0.87975994599262, 0.013363948725779999], [-0.00582227622426, -0.01204400227902, 0.9999105175446199]]}