{"translation": [[3673.531149599934], [2334.116855399683], [20.5563267]], "rotation": [[0.880634144651, -0.47374416045657997, -0.00706817900594], [0.47379637796041996, 0.8805570387395, 0.011673868034059998], [0.0006935075750599999, -0.01362928452194, 0.99990687648366]]}