{"translation": [[3680.2235959000536], [2321.9202439002693], [20.5176461]], "rotation": [[0.88571017162814, -0.46423838506230003, 0.00047762677931980583], [0.4641925910221801, 0.8856363540443, 0.013171987803239953], [-0.006537945602999806, -0.011444852874600047, 0.9999131315374]]}