{"translation": [[3672.8559626999777], [2335.334204099141], [20.5594721]], "rotation": [[0.8803860572837601, -0.47423502464688, -0.00464237148396], [0.47425496818896, 0.8803052133607, 0.01204062149952], [-0.0016233800881200005, -0.01280206296576, 0.9999167324507]]}