{"translation": [[3647.273526099976], [2352.9385092006996], [20.6855937]], "rotation": [[-0.8802463240836997, 0.47441068755157995, 0.010058803895539998], [-0.47451283326265997, -0.8799481165451397, -0.02300335359358], [-0.0020618118281799996, -0.025021645516339997, 0.9996847834358]]}