{"translation": [[3675.54687630001], [2330.4622771004215], [20.5287391]], "rotation": [[0.88140198856188, -0.47227905811064, -0.0091123443806], [0.47233125005036, 0.88140854962892, 0.0047082753988], [0.005808078498800001, -0.0084539281694, 0.9999473972798]]}