{"translation": [[3684.7839313999866], [2313.921484299004], [20.5128733]], "rotation": [[0.84001725331766, -0.54255027658578, -0.0031943114061199433], [0.54253727429298, 0.83991450076318, 0.014033158070519811], [-0.004930745522679943, -0.01352112788867981, 0.99989642805848]]}