{"translation": [[3674.2086092000245], [2332.888874899596], [20.546737300000004]], "rotation": [[0.8809947781059, -0.47306727852278, -0.00745478584346], [0.4731151776031, 0.88097187230316, 0.007114199002219999], [0.0032019622903000002, -0.009794544241899999, 0.9999469057659]]}