{"translation": [[3649.5546422000043], [2348.8607724998146], [20.6575297]], "rotation": [[-0.8811237495058001, 0.47273445779150003, 0.0119537236829], [-0.47287638067834004, -0.8806675201354001, -0.02850383579438], [-0.00294748873862, -0.0307680430807, 0.9995222057511599]]}