{"translation": [[3682.3718588000047], [2317.9577017994598], [20.5151374]], "rotation": [[0.87755667894734, -0.47947265409125994, -0.00048269616072014456], [0.47944198373658, 0.8774882234371, 0.012238698168239756], [-0.005444561289359757, -0.010971576040079855, 0.9999249878174]]}