{"translation": [[3652.301494400017], [2343.934703900479], [20.6326128]], "rotation": [[-0.8820394876883403, 0.4711577653338, 0.004118489974], [-0.471133606103, -0.8818099459495202, -0.02108563560192], [-0.006302935378799999, -0.02053871938592, 0.99976919038518]]}