{"translation": [[3665.55811480002], [2348.478495099582], [20.6023729]], "rotation": [[0.8854592526335601, -0.46471069417446, -0.00242582268878], [0.46470302830001997, 0.8853800046583601, 0.01238324721246], [-0.0036068524528599997, -0.01209214797402, 0.9999203821175601]]}