{"translation": [[3673.856638700003], [2333.529001400806], [20.5508965]], "rotation": [[0.8807914034500801, -0.47344960672747977, -0.007210482171879999], [0.4735012972049198, 0.8807393964664801, 0.009729060586480001], [0.0017443362102800009, -0.011983445424079999, 0.99992667448056]]}