{"translation": [[3653.696521100006], [2341.440694300458], [20.6319619]], "rotation": [[-0.8816971524872999, 0.47179115720809994, 0.0048038607963], [-0.4717832803587, -0.8814718351348199, -0.02068289291906], [-0.005523538023100001, -0.02050243072806, 0.9997745450065201]]}