{"translation": [[3671.8251067000674], [2337.180195500143], [20.562269]], "rotation": [[0.88034145131174, -0.47431122236823997, -0.00527097549002], [0.47433665781152, 0.8802351684182, 0.013812062539759999], [-0.0019115185762599999, -0.01465954811552, 0.9998907158967]]}