{"translation": [[3685.7289722000132], [2312.562363400124], [20.523652]], "rotation": [[0.8094491501346199, -0.58716413232228, -0.00550826606847981], [0.5871745321273201, 0.80932423634992, 0.014843692363320062], [-0.004257710877920191, -0.015249527734919938, 0.99987465404054]]}