{"translation": [[3684.178672900016], [2314.8716778000817], [20.5100571]], "rotation": [[0.8541573533668401, -0.52001418341498, -0.00067601810614], [0.5199778724662599, 0.8540808116903, 0.012998904096619999], [-0.00618224058818, -0.011454623935459998, 0.9999152821551001]]}