{"translation": [[3666.5304429000244], [2346.7229395993054], [20.601599]], "rotation": [[0.8843925038403, -0.46672906709166, -0.0037266458672799998], [0.46672952236334003, 0.88427421977406, 0.01492206470664], [-0.00366918412728, -0.01493629781336, 0.9998817150575999]]}