{"translation": [[3654.137310900027], [2340.6541599994525], [20.6324183]], "rotation": [[-0.8814866059305599, 0.47217465839216, 0.005711465491359952], [-0.47218305610544, -0.8812460500516, -0.021183155455119805], [-0.004968942819039951, -0.021369523166319807, 0.9997592975852001]]}