{"translation": [[3667.8293444999726], [2344.372411300428], [20.5899554]], "rotation": [[0.8831845424631601, -0.4690171443204598, -0.0028224665987799987], [0.4690186816296198, 0.8831226825495602, 0.01076047724346], [-0.0025542644016599983, -0.010827276738619999, 0.9999381209871601]]}