{"translation": [[3687.35927429999], [2310.598693099804], [20.5213878]], "rotation": [[0.7342498932542201, -0.6788247526695599, -0.00860624665632], [0.6788782471755599, 0.7342121365026402, 0.007542028166640001], [0.0011990955916800013, -0.01138032689064, 0.99993452302342]]}