{"translation": [[3667.5156981999753], [2344.939140900038], [20.5900742]], "rotation": [[0.88343894602286, -0.46853796150788, -0.0027937972336999997], [0.46853857248220004, 0.8833744635596, 0.011007327239799998], [-0.00268938158038, -0.01103330334316, 0.9999355146423]]}