{"translation": [[3656.4549653999857], [2336.534583300352], [20.6199549]], "rotation": [[-0.8805588878771402, 0.47381066257406, 0.01091627155404], [-0.47392531475166, -0.8801471714212202, -0.027118567869080002], [-0.0032411403936399995, -0.02905299841428, 0.99957261778008]]}