{"translation": [[3681.4505729000084], [2319.6222714008763], [20.5143106]], "rotation": [[0.8833696192406401, -0.46867529509632, -0.0012556294202399996], [0.46866524641536, 0.88332538394624, 0.00944171129792], [-0.00331596762552, -0.008928990770559999, 0.9999546377110401]]}