{"translation": [[3679.9172470999765], [2322.4835887998343], [20.5206003]], "rotation": [[0.88535420240646, -0.46491583046845997, -0.0010978820934], [0.4648853068797, 0.88526351052486, 0.01379010019604], [-0.0054393209719599996, -0.012719512406999998, 0.99990430931676]]}