{"translation": [[3677.624013199995], [2326.6939867008477], [20.5189974]], "rotation": [[0.8822398947070401, -0.4707413969451998, -0.007436010455919805], [0.47079846746407983, 0.8821686427352001, 0.011281740272560048], [0.001249032782799807, -0.013454063779599951, 0.9999087098712001]]}