{"translation": [[3676.5890372000285], [2328.5731554003432], [20.5185324]], "rotation": [[0.8818112465324001, -0.47153984674448, -0.007687864858559806], [0.47158532314255996, 0.88180111818296, 0.005837449198080049], [0.004026578003519805, -0.008773012527359951, 0.9999534093760001]]}