{"translation": [[3677.948360999988], [2326.102980900556], [20.5185497]], "rotation": [[0.8824691141468399, -0.4703290161379, -0.006235291826219951], [0.47037033413922, 0.8823885906246, 0.011921560535539806], [-0.00010510547869995151, -0.013453305266699805, 0.9999094946693999]]}