{"translation": [[3653.256374400109], [2342.2265267996117], [20.6332905]], "rotation": [[-0.88193217576516, 0.47135146911212, 0.00486525392188], [-0.47134269054907996, -0.8816980396390601, -0.02109207700498], [-0.00565209658732, -0.02089498055218, 0.99976569936254]]}