{"translation": [[3681.767735500005], [2319.047092200257], [20.5172489]], "rotation": [[0.8816466162446001, -0.47190919847056, -0.0009756444301199999], [0.47188675678556, 0.88158031085852, 0.011791679075040001], [-0.00470449291488, -0.01085648763996, 0.99992999976108]]}