{"translation": [[3668.483687400061], [2343.187916500494], [20.5890637]], "rotation": [[0.8827497217679, -0.46982236315348, -0.00446033348196], [0.46983745495972007, 0.8826502248239, 0.01346719445244], [-0.00239027422356, -0.013983793845960001, 0.99989936499376]]}