{"translation": [[3650.941572299984], [2346.3743397993967], [20.6250955]], "rotation": [[-0.8816671394644802, 0.47186274200396, 0.00290261423908], [-0.47183664990603996, -0.8815100875879202, -0.01760564039816], [-0.00574876215908, -0.016891876061840002, 0.9998407954476]]}