{"translation": [[3645.880120799993], [2355.429354400374], [20.6976029]], "rotation": [[-0.8798556510807402, 0.47515739139272, 0.00892958033638], [-0.47523553048448003, -0.8795971523534402, -0.02145438978872], [-0.0023397788898199996, -0.023120416971519998, 0.9997299494312599]]}