{"translation": [[3686.6850907001062], [2311.3521105004475], [20.5281863]], "rotation": [[0.7679693011195, -0.64044773641944, -0.007059576703079931], [0.6404808947435999, 0.7678690566071, 0.012701320349999812], [-0.0027137016137999312, -0.014275748155919813, 0.99989441384216]]}