{"translation": [[3658.725392799999], [2332.5309450998902], [20.5728994]], "rotation": [[-0.8802172063839401, 0.47453587661076, 0.005805312924019999], [-0.47457138023268, -0.8801495296740001, -0.01091516055924], [-7.009234833999954e-05, -0.012362745457320001, 0.9999235758923001]]}