{"translation": [[3662.407144500001], [2326.0585240004584], [20.6034585]], "rotation": [[-0.8793323909604998, 0.47592308326472, 0.01649057726596], [-0.4762060607612, -0.8786849819193598, -0.033773722015280006], [-0.0015836720186000004, -0.0375512372668, 0.9992934487067]]}