{"translation": [[3684.095820699993], [2291.6602594004944], [20.6034908]], "rotation": [[-0.6924975101809797, 0.7212512744314798, 0.015611934147559998], [-0.7213963839806798, -0.6924883770995998, -0.00685855127784], [0.005864344503960001, -0.01601192296376, 0.99985460332038]]}