{"translation": [[3676.233480199997], [2301.9216922996566], [20.5456943]], "rotation": [[-0.8658255744690599, 0.50016291789366, 0.013538376198799999], [-0.5003333520425, -0.8656797346098599, -0.01628776774416], [0.003573359751839998, -0.0208760654404, 0.99977568534684]]}