{"translation": [[3692.5622833999805], [2285.856582400389], [20.646702]], "rotation": [[-0.45637570979232, 0.889568575278, 0.019713146713840002], [-0.8897406459812001, -0.4564660132725, 9.142264590000088e-05], [0.00907971169416, -0.0174978669275, 0.99980567283918]]}