{"translation": [[3683.6112444999744], [2292.116500299424], [20.6034532]], "rotation": [[-0.7061657325872999, 0.7078750909892, 0.0155881278515], [-0.70802729033584, -0.7061382464999999, -0.00814303507288], [0.00524312049938, -0.0167871509656, 0.9998453386728601]]}