{"translation": [[3689.720029100019], [2287.423835899681], [20.6288497]], "rotation": [[-0.5384062118612201, 0.8425143559254799, 0.0169815083372799], [-0.8426124160326799, -0.5385155631491401, 0.0023162760461201736], [0.011096301794080096, -0.013061732144919822, 0.9998531208360799]]}