{"translation": [[3684.5509473999846], [2291.24593059998], [20.6051804]], "rotation": [[-0.6795929921518802, 0.73341793875794, 0.01585958848718], [-0.73356469027526, -0.6795886984541202, -0.006486951177740002], [0.006020350512219999, -0.016042520446460002, 0.999853185683]]}