{"translation": [[3677.620308100013], [2299.6585579002276], [20.5533775]], "rotation": [[-0.8506036290255401, 0.52567230785792, 0.011931612853600001], [-0.5257938999584, -0.8505266920884001, -0.0120579080174], [0.003809645717919999, -0.01653006746956, 0.9998561113931]]}