{"translation": [[3689.193652200105], [2287.7527155000716], [20.6235693]], "rotation": [[-0.5526383632655997, 0.8332589742031997, 0.016429877321199902], [-0.8333475152684797, -0.5527439611590597, 0.002377327071400175], [0.011062447957360094, -0.012377996525479822, 0.9998621942114999]]}