{"translation": [[3674.8521309000207], [2304.293150499463], [20.5288766]], "rotation": [[-0.8734045420268999, 0.4868553220763, 0.0116635147544], [-0.4869829449317, -0.8733009796457799, -0.013879717545439998], [0.0034283459704, -0.01780254418544, 0.99983564440988]]}