{"translation": [[3672.7171073000063], [2308.024183199741], [20.5415275]], "rotation": [[-0.8760633704008197, 0.4818170720179398, 0.01911021368658], [-0.4821516807611398, -0.8758315572824398, -0.02118395927174], [0.006530535528980003, -0.027772513449059996, 0.99959293694238]]}