{"translation": [[3678.338254100003], [2298.5559959011152], [20.5615446]], "rotation": [[-0.8403140823389199, 0.54193963742894, 0.013192456556939753], [-0.54208009579426, -0.8402435939486799, -0.011842341892379864], [0.004667040850859863, -0.017102651876219753, 0.9998428466814]]}