{"translation": [[3673.7852455999237], [2306.158051999286], [20.5219838]], "rotation": [[-0.8750791699509, 0.48372988712852005, 0.01555361612466], [-0.48393764021604, -0.87497539568004, -0.01491608831308], [0.006393673283379999, -0.02057973777924, 0.9997677707067]]}