{"translation": [[3670.4375497999717], [2312.006886099465], [20.5274325]], "rotation": [[-0.87715508214676, 0.4801448458334, 0.0077277420809199505], [-0.48019893656491996, -0.8771201428388999, -0.008310563477059805], [0.0027878844970000496, -0.011000507397699807, 0.9999356061922999]]}