{"translation": [[3660.5769065999775], [2329.256327599287], [20.6022157]], "rotation": [[-0.8803456632553006, 0.4743274531950801, 0.0022243121232599994], [-0.4743013983101201, -0.8802241031044007, -0.015610224489240002], [-0.00544646491014, -0.014797388046840002, 0.99987567893454]]}