{"translation": [[3699.875636700075], [2283.405694000423], [20.6258702]], "rotation": [[-0.20271812476170026, 0.9790408077125602, 0.01960788816892], [-0.9792367850524001, -0.20269440899400026, -0.0032102826062], [0.0008314115386000003, -0.019851547740920003, 0.99980259291966]]}