{"translation": [[3663.740560300008], [2323.7356699993834], [20.5598276]], "rotation": [[-0.8786999641027599, 0.4771675925685, 0.01404663842082], [-0.47737364979582003, -0.8782698403249999, -0.027501499123259998], [-0.0007860847034999998, -0.0308710637295, 0.9995230659950001]]}