{"translation": [[3678.6852783000213], [2298.03447879944], [20.5653041]], "rotation": [[-0.8343152018285198, 0.5511706062209599, 0.01137624342028], [-0.55128056547316, -0.8342334486528398, -0.012025113096159999], [0.00286255269488, -0.016304234155639998, 0.9998629794946801]]}