{"translation": [[3665.4930556999752], [2320.6584087004885], [20.5452487]], "rotation": [[-0.8784796596514, 0.4777346837013, 0.006583926399899999], [-0.47775968180034, -0.8782315580004999, -0.02133788788062], [-0.00441163734438, -0.021890431745099997, 0.99975064215646]]}