{"translation": [[3703.114501999982], [2282.998675400391], [20.617366]], "rotation": [[-0.08369815941544012, 0.9962408399597601, 0.022333209557039865], [-0.9964892542410401, -0.08363342730640011, -0.0038185551679198546], [-0.0019363974237598652, -0.022574409797519852, 0.9997432902396001]]}