{"translation": [[3681.4304735999904], [2294.418219800107], [20.5959552]], "rotation": [[-0.7672902328758401, 0.64116169874912, 0.013306212439679933], [-0.64129502768672, -0.7671990834563202, -0.012080336234879812], [0.0024630665107200677, -0.01780233457727981, 0.99983849203648]]}