{"translation": [[3662.8446446000016], [2325.311711700633], [20.5834158]], "rotation": [[-0.8795175984650603, 0.47557106832708, 0.016756910475119804], [-0.47586177323387996, -0.8791157601972802, -0.026662596828120052], [0.0020513052280798066, -0.03142419871931995, 0.99950403292822]]}