{"translation": [[3692.011566100002], [2286.1352514997125], [20.6443803]], "rotation": [[-0.4731427354068801, 0.88077217788828, 0.019395216199319727], [-0.8809296233317201, -0.4732463455541801, 0.0008642728810800693], [0.009939944170679931, -0.016676896861079725, 0.99981152153894]]}