{"translation": [[3671.982922700001], [2309.315387699753], [20.5603407]], "rotation": [[-0.8765652119680801, 0.4806856887610398, 0.023969176907639996], [-0.4812178404429598, -0.8761780795420201, -0.027224743521320004], [0.007914724298360005, -0.03539866156668, 0.9993419293899]]}