{"translation": [[3669.663042099972], [2313.3646592991427], [20.5361879]], "rotation": [[-0.8774139475164999, 0.4794676247784, 0.0159859026267], [-0.4797253932312, -0.8771109726038799, -0.023235240884639997], [0.0028808649050999996, -0.02805576801936, 0.99960220812862]]}