{"translation": [[3674.1550261999946], [2305.512911199592], [20.5263482]], "rotation": [[-0.8748770663905602, 0.48411334045456006, 0.014972642956159951], [-0.4843086351385601, -0.8747714806804802, -0.014825325277279807], [0.0059205044878400505, -0.020221719345279807, 0.99977799018992]]}