{"translation": [[3661.0130146999727], [2328.486204900779], [20.6055245]], "rotation": [[-0.8800632936883201, 0.4748414009179198, 0.0037293818692799977], [-0.4748164242820798, -0.8798612690480202, -0.01982865879268], [-0.006134129669279998, -0.019221250007319998, 0.99979643726366]]}