{"translation": [[3697.361866499996], [2284.004826099612], [20.6407816]], "rotation": [[-0.2925558624240998, 0.9559344119812201, 0.02449848519216], [-0.95623666752474, -0.2925825507447398, -0.002568092708879999], [0.004712904388079999, -0.02417766343344, 0.999696568492]]}