{"translation": [[3686.0441555000143], [2289.9852497000247], [20.6128968]], "rotation": [[-0.6378297526482, 0.76996073896028, 0.01826691064343982], [-0.77014350265944, -0.6378447713922, -0.005748551746280086], [0.007225294192279819, -0.017734739791439913, 0.9998166202508401]]}