{"translation": [[3705.1694987000665], [2282.9391128001735], [20.6063331]], "rotation": [[-0.007067716762000131, 0.9996799327378401, 0.02428818911088], [-0.9999529754477601, -0.006904485239440095, -0.006797916774240001], [-0.0066280421083199995, -0.024335095244640004, 0.9996818854744]]}