{"translation": [[3738.6241031999816], [2310.36379509978], [20.4279335]], "rotation": [[-0.4269896850145801, -0.90404544088492, -0.019531106716859998], [0.90424488348972, -0.4269936140610001, -0.004178355719960002], [-0.00456223597126, -0.01944501964644, 0.99980051869758]]}