{"translation": [[3753.679741900065], [2317.81031680014], [20.4389304]], "rotation": [[-0.4299628574394404, -0.90257874553144, -0.021988305368680003], [0.90282355425032, -0.42999817156360043, -0.0033374506420400015], [-0.006442619724440005, -0.02128654036852, 0.9997526573304001]]}