{"translation": [[3710.0555021999753], [2283.4204737003893], [20.5726637]], "rotation": [[0.16948066477589985, 0.9852298062243602, 0.02446144439497985], [-0.9854340945706003, 0.16976376392759984, -0.009986933507399872], [-0.01399209035849985, -0.022412552513479875, 0.99965088847326]]}