{"translation": [[3722.5666319999727], [2288.1948504997417], [20.5340363]], "rotation": [[0.4376287621235, 0.8989918646370999, 0.0171694842059], [-0.8991285840730999, 0.437684309051, 0.0005763791920999992], [-0.006996654506899999, -0.015689812828100003, 0.9998524274235]]}