{"translation": [[3732.8211282999837], [2307.5113637996837], [20.4397875]], "rotation": [[-0.4264259384134802, -0.9043522627451601, -0.01754067502888], [0.9045081497021601, -0.42644773593076024, -0.002665896282040001], [-0.005069273629880001, -0.01700249241496, 0.99984259645772]]}