{"translation": [[3757.739724599931], [2319.8361769998446], [20.4475122]], "rotation": [[-0.4315966603840202, -0.9018011055137799, -0.02188910380022], [0.90203404874158, -0.4316604694467402, -0.0019641933578200023], [-0.007677348626020003, -0.020592455870980002, 0.9997584753762799]]}