{"translation": [[3751.6118793999776], [2303.0189630994573], [20.5103792]], "rotation": [[0.42245224142528004, 0.9062746333535999, 0.014158561816], [-0.9063816148464, 0.42244310215, 0.0037770270851999995], [-0.0025581636640000004, -0.014428673014800001, 0.9998926288392801]]}