{"translation": [[3746.931076399982], [2300.731882000342], [20.501494]], "rotation": [[0.42320890148486, 0.90591954362182, 0.014278849034519894], [-0.9060294740732201, 0.42319282982198003, 0.004277877539879832], [-0.0021672923941201093, -0.014747495030519833, 0.9998889009338799]]}