{"translation": [[3736.236220599909], [2295.374544300139], [20.520666]], "rotation": [[0.43887775722524003, 0.8983692812147002, 0.01785953849638], [-0.8985333909956201, 0.4388930490398, 0.0032636027096600018], [-0.0049065070501000015, -0.0174797141429, 0.9998351793102]]}