{"translation": [[3704.514540400007], [2282.940630500205], [20.6100179]], "rotation": [[-0.03123771230849992, 0.9992328478004001, 0.023620396231699863], [-0.99949813973624, -0.03110417258499998, -0.006000085254319856], [-0.005260789411819861, -0.023795971002799857, 0.99970299382334]]}