{"translation": [[3747.8906256000046], [2301.2018318995833], [20.5022449]], "rotation": [[0.42280656822719986, 0.9060936600140002, 0.015131414127600001], [-0.9062151400706402, 0.4228000189019999, 0.0037866173814799994], [-0.002966532962480001, -0.015313322529, 0.99987834352536]]}