{"translation": [[3727.1847262000083], [2290.6228519007564], [20.5326638]], "rotation": [[0.45130078091862, 0.8922143169759201, 0.016771472823940002], [-0.8923512274316802, 0.45133863228911997, 0.0016704715962400007], [-0.006079195560740001, -0.01571992866944, 0.99985795353174]]}