{"translation": [[3711.557071899995], [2283.7436386998743], [20.5637832]], "rotation": [[0.21998491443197976, 0.9751844639453802, 0.02493401030111988], [-0.97538807370858, 0.22027973086205976, -0.009734067980320157], [-0.014984967707680126, -0.022178992130879843, 0.99964170729408]]}