{"translation": [[3742.4261372999754], [2298.510297000408], [20.5055091]], "rotation": [[0.42794399418235995, 0.9036392836948202, 0.01732225329813983], [-0.9038049786576601, 0.42788133204155987, 0.007362330136380108], [-0.0007589792085798304, -0.018806602960739893, 0.99982285213916]]}