{"translation": [[3731.176387100015], [2292.738872299902], [20.527223]], "rotation": [[0.4468854374553599, 0.8944399329667201, 0.01644678558624], [-0.8945721828873601, 0.44692009999165994, 0.0017083577247800005], [-0.00582237458208, -0.015476278508140002, 0.99986328301886]]}