{"translation": [[3736.73558019998], [2309.434914099984], [20.430933300000003]], "rotation": [[-0.42692190718914, -0.9041114817921998, -0.0178851031651], [0.9042730585165999, -0.42694625160072, -0.0026262411953199994], [-0.005261564857300002, -0.017294218493319996, 0.99983659960758]]}