{"translation": [[3737.67832180002], [2309.8997087003663], [20.4293895]], "rotation": [[-0.42704130926452, -0.9040306983421599, -0.019084261962319892], [0.90421570062184, -0.42706559644578, -0.0029892305450598304], [-0.005447875605680107, -0.01853281428393983, 0.9998134103147]]}