{"translation": [[3715.1677312999964], [2284.84137330018], [20.5460699]], "rotation": [[0.32640751789952005, 0.9450048183672, 0.02058783772288], [-0.9451244610936, 0.32661798624000005, -0.0077638714392], [-0.01406125321088, -0.016923886077600002, 0.9997579022835199]]}