{"translation": [[3759.772087500023], [2320.852799899876], [20.4571738]], "rotation": [[-0.4324247678490606, -0.9013374114856603, -0.024488744752379898], [0.9016348030984203, -0.43248841445706065, -0.002908782386059832], [-0.007969303915060112, -0.023337734029379834, 0.99969587393724]]}