{"translation": [[3746.666233600001], [2314.3291095988825], [20.4206229]], "rotation": [[-0.4276481160393998, -0.9037042750263599, -0.020875076630679997], [0.9039345234255599, -0.42764194576241976, -0.0049840004838599995], [-0.004422994987719999, -0.021001099983059997, 0.9997696689390201]]}