{"translation": [[3651.072429699998], [2261.1351700993255], [20.8015951]], "rotation": [[-0.5180036169538597, -0.8552809318423799, -0.0129133085408], [0.8553740149202999, -0.5179903232072997, -0.004614406882799999], [-0.00274235478488, -0.01343598818784, 0.9999059724343999]]}