{"translation": [[3704.1828595999978], [2293.079303099774], [20.5858392]], "rotation": [[-0.4504385449764997, -0.89274863679026, -0.010253353080319896], [0.8928073894347399, -0.4504026728638597, -0.005704400502559829], [0.0004744586196798956, -0.01172375040255983, 0.9999311619168]]}