{"translation": [[3725.0611689999932], [2303.7025201004], [20.4625342]], "rotation": [[-0.42898772367658056, -0.9031320544749002, -0.017947907666720005], [0.9032677105989002, -0.42907589009450053, 0.0011940729564000009], [-0.008779419063280003, -0.015699522309600002, 0.99983821031792]]}