{"translation": [[3662.89406760002], [2268.7068811999634], [20.7449228]], "rotation": [[-0.52681342693602, -0.84990662510812, -0.011247723122300001], [0.84996322970188, -0.52684194121972, -0.0004965963501999994], [-0.0055037108263, -0.0098217641242, 0.9999366190532599]]}