{"translation": [[3717.390939100005], [2299.870780199766], [20.4870508]], "rotation": [[-0.4364505573985803, -0.8996062761679201, -0.014808334311960002], [0.8997053011960802, -0.43649764670458036, -5.792004903999899e-05], [-0.006411699110040002, -0.01334841692296, 0.99989034892184]]}