{"translation": [[3686.572399800003], [2283.400663400069], [20.6793792]], "rotation": [[-0.48654388545539995, -0.8735483201926199, -0.01371392096054], [0.8736527588786599, -0.4864396519626, -0.010344744429780003], [0.0023656380040199994, -0.017014379867140002, 0.99985244641596]]}