{"translation": [[3705.1473412999767], [2293.584547800012], [20.5779629]], "rotation": [[-0.44893585761578014, -0.89350270749852, -0.010462303968299894], [0.8935639386085199, -0.44890259757028006, -0.005467895290199828], [0.0001890236492998942, -0.01180347208619983, 0.9999303187295]]}