{"translation": [[3675.560960499977], [2276.7884465996176], [20.7008907]], "rotation": [[-0.5127733022000996, -0.8584083962860998, -0.014087847774899999], [0.8585235626980199, -0.5127203869040396, -0.0074161221204999996], [-0.0008570657511400006, -0.015897539449019997, 0.9998732588031001]]}