{"translation": [[3703.29309739999], [2292.6107179000974], [20.5931872]], "rotation": [[-0.45191380756385946, -0.8920042517881598, -0.01011002575852], [0.8920606335788798, -0.4518681331248995, -0.006550082783359999], [0.0012743028840400007, -0.01197882955328, 0.999927439262]]}