{"translation": [[3730.795515900012], [2306.5181672992185], [20.4476283]], "rotation": [[-0.42724621661219975, -0.9039483619069801, -0.01838153442413972], [0.9041162512539, -0.4272806849136397, -0.002207244045019937], [-0.005858841241499936, -0.017562081692299725, 0.9998286089366]]}