{"translation": [[3722.131917300052], [2302.2486412003636], [20.4771932]], "rotation": [[-0.43182873800393995, -0.9017204046180399, -0.02059652693544], [0.9019297113800399, -0.43187675759951993, -0.0022860372777200027], [-0.0068337951565599995, -0.019563796461719997, 0.9997852554955801]]}