{"translation": [[3680.1617400000105], [2279.610648099333], [20.6982442]], "rotation": [[-0.5028389063118605, -0.8642792368219201, -0.013213297495400001], [0.8643799179752001, -0.5027668784649004, -0.0085428007968], [0.0007401576649199992, -0.01571696035456, 0.999876207006]]}