{"translation": [[3649.319692399993], [2260.0345709007233], [20.8147378]], "rotation": [[-0.5163956309360199, -0.8562322566119, -0.014207903509959999], [0.8563457726472999, -0.5163748414164999, -0.005378685340600001], [-0.00273120009404, -0.0149444077898, 0.99988459595148]]}