{"translation": [[3681.040994399984], [2280.141049100086], [20.697354]], "rotation": [[-0.5007229545013, -0.86550624836556, -0.013253549651579826], [0.865607269209, -0.5006483953828, -0.0086855849514001], [0.0008820605031001731, -0.0158214390490799, 0.99987444414406]]}