{"translation": [[3676.435501000029], [2277.3308670995757], [20.7000709]], "rotation": [[-0.5111423780059201, -0.85938336618332, -0.01391026552036], [0.85949585854748, -0.5110822964039201, -0.00784548298696], [-0.00036701383003999964, -0.01596597604264, 0.99987246831416]]}