{"translation": [[3716.398829200014], [2299.3684730995446], [20.4958254]], "rotation": [[-0.4375845318869004, -0.8990365790279402, -0.01590361042637973], [0.8991601530930602, -0.43761678495124035, -0.0015768380683399384], [-0.005542052374379937, -0.014989893207339726, 0.9998722862195]]}