{"translation": [[3721.132669500017], [2301.7508864998817], [20.479639]], "rotation": [[-0.4328384654300995, -0.9012075345052998, -0.02181624665289972], [0.9014438361340599, -0.43288817810849956, -0.002634687176419936], [-0.007069594263579937, -0.020806514159899724, 0.99975852575676]]}