{"translation": [[3648.288367800007], [2236.0124014010653], [20.6522698]], "rotation": [[0.33805426503486, 0.94075930682678, 0.026291952208860003], [-0.94111029449766, 0.33808107135419996, 0.0035537335124200004], [-0.005545603906179999, -0.02594498121306, 0.9996479901651]]}