{"translation": [[3652.020349600003], [2261.732746200636], [20.7956434]], "rotation": [[-0.5189745329865001, -0.8546938093525999, -0.012806915284199999], [0.85478520729708, -0.51896239168986, -0.0045139904978], [-0.0027882271864400014, -0.013289807314919999, 0.9999077991576]]}