{"translation": [[3657.4607163000037], [2265.207458499819], [20.7804125]], "rotation": [[-0.5247177064603197, -0.8510680448161998, -0.018828957880759997], [0.8512414190193998, -0.5247680807459997, -0.002554605980800001], [-0.00770669241524, -0.017368435698399996, 0.9998194558696799]]}