{"translation": [[3723.0566867999732], [2302.7094769999385], [20.472020800000003]], "rotation": [[-0.43066891068729973, -0.90231031993122, -0.018990869562459996], [0.9024752697255, -0.43074190712633975, -0.00027240943121999844], [-0.007934362923699997, -0.0172561067055, 0.9998196200822]]}