{"translation": [[3653.8387547999737], [2262.8847047993913], [20.7877326]], "rotation": [[-0.5208634030245001, -0.8535169527428998, -0.0144922618], [0.8536348022020999, -0.5208443042161801, -0.005360421446400003], [-0.0029730020160000014, -0.015163147073600001, 0.9998806129843201]]}