{"translation": [[3685.6846693999832], [2282.885634000413], [20.6805161]], "rotation": [[-0.4887261602605798, -0.8723387334889399, -0.013103213556019826], [0.8724349694301399, -0.4886363317563598, -0.0095697067677401], [0.0019453190003801725, -0.016108669315059897, 0.9998683545802199]]}