{"translation": [[3719.2231138999923], [2300.7933975001797], [20.4785377]], "rotation": [[-0.43445823954504037, -0.90053590424012, -0.016767042864240002], [0.90066700496844, -0.4345095455688004, -0.0006414294242800015], [-0.0067078098632800025, -0.015380196518759999, 0.9998592175116]]}