{"translation": [[3694.0200791999814], [2287.609561299905], [20.6474046]], "rotation": [[-0.46878883675577976, -0.8832855806358401, -0.00660404416344], [0.88330452825216, -0.4687457344615198, -0.007109895821319998], [0.0031844509314400008, -0.009166421884679999, 0.9999529168826999]]}