{"translation": [[3647.7486021000077], [2235.8135115997866], [20.6559369]], "rotation": [[0.3307138695796401, 0.94334114491908, 0.027128292169159997], [-0.94371369452196, 0.3307458662043, 0.0034290261259800024], [-0.0057378310334800006, -0.02673536517834, 0.9996260788979]]}