{"translation": [[3711.6377200999996], [2296.943213700317], [20.5226263]], "rotation": [[-0.4417049926761, -0.8971077977584602, -0.00972263337132], [0.8971518815155802, -0.44172227210994, -0.00040837673235999926], [-0.00392834465924, -0.00890306011812, 0.9999526506972001]]}