{"translation": [[3664.6996216999833], [2269.867702599615], [20.7313063]], "rotation": [[-0.5270645786643999, -0.8497454799823199, -0.011646246277039826], [0.84982104502824, -0.5270557456749599, -0.004064266604880098], [-0.002684628435919826, -0.012039355694639903, 0.9999239204503999]]}