{"translation": [[3701.4414149000077], [2291.62992840074], [20.6066557]], "rotation": [[-0.4550531406835401, -0.89041211909796, -0.00964158165666], [0.8904612620228399, -0.45499653598120005, -0.007546910538280001], [0.00233297450754, -0.01201969989068, 0.9999250392143]]}