{"translation": [[3646.5443776000175], [2258.3008977994323], [20.8293167]], "rotation": [[-0.5148512585000004, -0.8571807823890001, -0.013011898683000001], [0.8572764902430001, -0.5148305821949803, -0.00514902869632], [-0.002285274819000001, -0.013805778603680001, 0.99990208420502]]}