{"translation": [[3706.1117320000194], [2294.088199700229], [20.5727675]], "rotation": [[-0.44769453531540004, -0.8941160897586599, -0.01123536589758], [0.89418630608874, -0.44767046982946, -0.00471304635614], [-0.0008157300673800006, -0.012156514190539999, 0.9999257741243]]}