{"translation": [[3707.0025807999773], [2294.5517167001963], [20.5677568]], "rotation": [[-0.44670704811432027, -0.8945998032110802, -0.011987992857879833], [0.8946795189465202, -0.44668219640562024, -0.004824988081420106], [-0.0010383909125198298, -0.012880769660979896, 0.99991650026406]]}