{"translation": [[3661.9518806000124], [2268.1016876995564], [20.754613600000003]], "rotation": [[-0.5267779950849001, -0.84990588392774, -0.01283581690748], [0.8499739876575401, -0.5268244188853801, 0.0002789312968400001], [-0.006999288264920002, -0.01076317621036, 0.99991757859948]]}