{"translation": [[3647.4202822999796], [2258.847976900637], [20.8252542]], "rotation": [[-0.5152058744649997, -0.8569487980525999, -0.014199468132199999], [0.8570609812102, -0.5151909690224197, -0.0049699484319800005], [-0.0030564466365999975, -0.01473035697502, 0.99988683095358]]}