{"translation": [[3728.9316614000127], [2305.60200720001], [20.4506412]], "rotation": [[-0.4272139719558796, -0.9039674746183799, -0.018187607872499997], [0.90412993359438, -0.42725326754337967, -0.0018629621442999992], [-0.0060866597307, -0.0172398457475, 0.9998328561635]]}