{"translation": [[3731.807396600023], [2307.0133463004604], [20.4429283]], "rotation": [[-0.42663873032484, -0.9042366939702801, -0.01831739167152], [0.9044073405019201, -0.42666032750484006, -0.0029084626253199995], [-0.005185364615319999, -0.01780724533152, 0.99982799221836]]}