{"translation": [[3659.0481117001036], [2241.051459901035], [20.6122569]], "rotation": [[0.48052601480156, 0.8766144665529402, 0.025333972993099904], [-0.8769057343789001, 0.48066165455195997, 0.0008312156859398255], [-0.011448413467060105, -0.02261492728749983, 0.99967869782396]]}