{"translation": [[3667.587227399985], [2246.154719499871], [20.579655]], "rotation": [[0.49226824354574006, 0.8701142354303, 0.023940875237679998], [-0.87040515288182, 0.49231860256110005, 0.004151532375760001], [-0.008174230384399999, -0.022881929242, 0.9997047560432]]}