{"translation": [[3664.911884000001], [2244.54045279976], [20.5889409]], "rotation": [[0.5009504480435001, 0.865119956545, 0.024822547406599824], [-0.8654142960634, 0.50105113026198, 0.002431149822880098], [-0.010334129922999825, -0.0226996719788799, 0.99968891695448]]}