{"translation": [[3669.6618915], [2247.3666644999757], [20.5725385]], "rotation": [[0.47779832875789996, 0.87816408481924, 0.02316621810552], [-0.87844522473596, 0.47781534857144004, 0.0051532802385599995], [-0.0065437501720800005, -0.02281248106224, 0.9997183453767]]}