{"translation": [[3650.5084041000227], [2236.8803626997396], [20.6401058]], "rotation": [[0.36806967376590005, 0.92951156396652, 0.023089245361639837], [-0.9297857171314, 0.36808033554456, 0.003941109791520113], [-0.0048353921561998334, -0.022918651366399888, 0.9997256395959]]}