{"translation": [[3673.388006700028], [2249.390471099876], [20.561437100000003]], "rotation": [[0.43471857835004, 0.9002924097367399, 0.02221189220181983], [-0.9005642066922198, 0.4346393785974, 0.008529580847260104], [-0.0019750467295398273, -0.023711201889219893, 0.999716898983]]}