{"translation": [[3678.212508900091], [2251.5026460001245], [20.5336207]], "rotation": [[0.31986980054731984, 0.9471337404484801, 0.024920036319480005], [-0.9474606959701202, 0.31972418840331984, 0.00973102020192], [0.0012490387939200018, -0.02672341419852, 0.9996420854716399]]}