{"translation": [[3660.1176270999713], [2241.667351500131], [20.6081126]], "rotation": [[0.48869835722942, 0.8720782144943999, 0.025564498717339828], [-0.8723712816095999, 0.4888434954030001, 0.0006512777808001021], [-0.011929074282339826, -0.022620012028799902, 0.99967296265742]]}