{"translation": [[3653.749450800009], [2238.288995999843], [20.6327103]], "rotation": [[0.41280459313387985, 0.91044949825416, 0.02596426091496], [-0.9107646579405599, 0.41292516110589983, 0.0007829351923799976], [-0.010008474535439996, -0.023970529194180003, 0.99966256517102]]}