{"translation": [[3695.540086599998], [2250.239654700272], [20.4088565]], "rotation": [[-0.5253585255214799, 0.8504109963789399, 0.028275987949019997], [-0.8508112548036599, -0.5254506840580199, -0.004664966844859999], [0.010890498433779998, -0.026508309150539998, 0.9995892689414999]]}