{"translation": [[3671.820496100001], [2248.5691344998777], [20.5664978]], "rotation": [[0.4570185104807599, 0.88917455695222, 0.022418686928379998], [-0.88944878033938, 0.45697825574315987, 0.00718680045758], [-0.0038545307832199994, -0.02322477592682, 0.99972283775516]]}