{"translation": [[3700.900874999992], [2245.6166867995635], [20.3645891]], "rotation": [[-0.7719527349926799, 0.6353468956608, 0.02057247619216], [-0.6356325968472, -0.7718856910220999, -0.0127910706531], [0.00775283353216, -0.022950639149099998, 0.99970653780158]]}