{"translation": [[3698.3317130000214], [2248.2225353000686], [20.3829898]], "rotation": [[-0.6656894780770001, 0.7458939508041, 0.02235971543969992], [-0.7461567100751401, -0.6657432107813, -0.006030361414979818], [0.010387816447020085, -0.02069819805689982, 0.9997318029865401]]}