{"translation": [[3690.512154900003], [2252.3444099007174], [20.4426567]], "rotation": [[-0.26529689142825996, 0.9639257752393198, 0.021551754191999842], [-0.9640852528805999, -0.2654986988653, 0.007062926522999876], [0.012530102059679842, -0.018903956786759876, 0.999742785382]]}