{"translation": [[3689.473094700079], [2252.5781772993505], [20.4477857]], "rotation": [[-0.20960989113833994, 0.9775665140785998, 0.020675407374559997], [-0.97771360247444, -0.20980345691073987, 0.0076609005094000005], [0.0118268108272, -0.01860882619556, 0.99975688952216]]}