{"translation": [[3677.6535844000173], [2251.296953700483], [20.5372594]], "rotation": [[0.3374331512123999, 0.94103252251156, 0.02442923507628], [-0.9413490519740401, 0.33729233695326, 0.009796391952740001], [0.000978927197480002, -0.026302063098660004, 0.9996535616127]]}