{"translation": [[3679.80633709993], [2252.0232242997736], [20.521935600000003]], "rotation": [[0.2611222536063801, 0.96495731602724, 0.02593363872689984], [-0.9653010295487601, 0.26094278157752004, 0.010138727578200125], [0.003016243394700158, -0.02768121547739988, 0.9996122511199]]}