{"translation": [[3689.970678500016], [2252.4718696000054], [20.4457283]], "rotation": [[-0.23644328618656008, 0.9714372317489601, 0.02010337512943984], [-0.97157854466224, -0.23661883758760016, 0.006820977525519876], [0.011382990454239841, -0.017919234200079875, 0.9997746388812]]}