{"translation": [[3670.72052610002], [2247.963577901013], [20.5701862]], "rotation": [[0.46856994231383997, 0.8831224587341601, 0.0231724504966], [-0.8834081656004001, 0.4685676637894399, 0.00586411325384], [-0.005679131379159997, -0.023218478698, 0.99971428404824]]}