{"translation": [[3691.0118971000193], [2252.212169099599], [20.4402524]], "rotation": [[-0.29122366471873984, 0.956340875499, 0.0245141246577], [-0.9565525863498, -0.2914718312855199, 0.007166342966120002], [0.013998642985500003, -0.02136204048788, 0.99967379741078]]}