{"translation": [[3694.5647539001075], [2250.786412199959], [20.4146841]], "rotation": [[-0.47538300703050007, 0.8793586695103599, 0.027188153765020002], [-0.87971182485028, -0.47550126285556016, -0.0023500962484400006], [0.010861425632540004, -0.02503493740268, 0.9996275713031]]}