{"translation": [[3654.256338600011], [2238.528558500111], [20.6297763]], "rotation": [[0.41996307813085987, 0.9071789187914401, 0.02564001703996], [-0.90748247886696, 0.42008962622549983, 0.0004946274772799977], [-0.010322389398439998, -0.02347559173392, 0.99967111835]]}