{"translation": [[3671.2700019999756], [2248.2689769007266], [20.5680451]], "rotation": [[0.46320745288160003, 0.8859639554347999, 0.022510764604], [-0.8862384702624798, 0.46318097559486004, 0.0066908095221999975], [-0.00449874199664, -0.023049138282519997, 0.9997242112450999]]}