{"translation": [[3701.3257713000057], [2245.1130032995716], [20.3588286]], "rotation": [[-0.7852330391265798, 0.6188766421852198, 0.020022639152459932], [-0.6191438842555798, -0.7851877924817798, -0.011879022697739812], [0.008369881121940065, -0.021724694448659806, 0.99972895464764]]}