{"translation": [[3679.2457971000113], [2251.85275979992], [20.5264987]], "rotation": [[0.28317416163318, 0.95872611825984, 0.02562477475614], [-0.9590648570277599, 0.28299828990512, 0.010323403401919999], [0.0026455489422599985, -0.027499141984719998, 0.9996183262942999]]}