{"translation": [[3661.189849300019], [2242.2982083000243], [20.6042173]], "rotation": [[0.49439365845579997, 0.8688669379691999, 0.0254003464392], [-0.86915951238576, 0.49453084984789997, 0.0010017925591800005], [-0.011690830789680001, -0.0225722321229, 0.99967685720294]]}