{"translation": [[3688.935144499992], [2252.6810939004645], [20.4504005]], "rotation": [[-0.18066066324978003, 0.9832615264096801, 0.023626170494920003], [-0.9834424168088801, -0.18093713025696012, 0.01012265483712], [0.01422807333612, -0.02140621410592, 0.99966961334382]]}