{"translation": [[3655.312614500057], [2239.0465709008276], [20.624733]], "rotation": [[0.43489013059644, 0.9001452149790399, 0.0246814995536], [-0.9004278257007998, 0.43500471216493997, 0.0008007846355399979], [-0.010015746283039997, -0.0225721621171, 0.99969504466574]]}