{"translation": [[3662.779192499991], [2243.2462820000947], [20.5983019]], "rotation": [[0.4990713228075, 0.8661608366436999, 0.026330660516599998], [-0.8664828026075, 0.49920397982958, 0.0017387216376399985], [-0.011638359162999996, -0.02368280878964, 0.99965177598108]]}