{"translation": [[3651.0352829999756], [2237.095595599152], [20.6385573]], "rotation": [[0.37543245069372, 0.9265539917292799, 0.023413685273039997], [-0.92682939177672, 0.37547191151622006, 0.002854379262459999], [-0.006146445015039999, -0.02277211787946, 0.99972178723494]]}