{"translation": [[3698.7603207000066], [2247.844958599657], [20.3808165]], "rotation": [[-0.6855025586669, 0.7277017061046, 0.02316737277959992], [-0.72798611416932, -0.6855602669773599, -0.006602733929599815], [0.011077806899760078, -0.021391714544319818, 0.9997097962847]]}