{"translation": [[3686.8197809000267], [2252.9050282007083], [20.4587419]], "rotation": [[-0.06722083753722019, 0.9974206787535002, 0.02517025194246], [-0.9976554554835001, -0.06751879682500017, 0.011180217365500001], [0.012850841682540002, -0.0243596943995, 0.9996206586627799]]}