{"translation": [[3654.7635750999325], [2238.774112300016], [20.6268162]], "rotation": [[0.42725195084316014, 0.90378787172614, 0.024965824839339998], [-0.9040748022211399, 0.42737401581468015, 0.0004915031955800026], [-0.010225530694339999, -0.022780968094419998, 0.9996881844034801]]}