{"translation": [[3697.420322299935], [2248.958780099638], [20.3883579]], "rotation": [[-0.62158262341648, 0.7830294989702, 0.022365073843639997], [-0.7832935935038001, -0.621624472884, -0.0058746587566], [0.00930264271364, -0.0211700019386, 0.99973261020848]]}