{"translation": [[3663.335461599985], [2243.5818372005597], [20.5962029]], "rotation": [[0.50000335335128, 0.8656164860101201, 0.026548491460400003], [-0.86594151623988, 0.5001428742104801, 0.001572393441599998], [-0.011916950260400003, -0.0237756412416, 0.9996462900617601]]}