{"translation": [[3691.5524296999793], [2252.052447900176], [20.4428925]], "rotation": [[-0.31885986727827986, 0.94733621204808, 0.02970801458524], [-0.94767305601372, -0.3191767006390799, 0.006487868898959999], [0.01562829785416, -0.02608476336156, 0.99953756380364]]}