{"translation": [[3707.3195120000164], [2236.376146499999], [20.2864233]], "rotation": [[-0.8537588297318801, 0.5204783901307001, 0.014081322439020001], [-0.5206480396547001, -0.8536541804614601, -0.0141540296097], [0.00465371232402, -0.0194155390713, 0.9998006700454201]]}