{"translation": [[3728.8032152000233], [2243.5583153003827], [20.2261588]], "rotation": [[0.86517068879934, -0.50144754637774, -0.0054815035825200005], [0.50144266718862, 0.8649300580575, 0.02124277796116], [-0.005911021277560001, -0.02112728862132, 0.9997593197964]]}