{"translation": [[3741.875435599999], [2222.2516729999334], [20.198795]], "rotation": [[0.8709460763495, -0.4912965245321, -0.008980383731400001], [0.4913777608471, 0.8707654886715801, 0.017758099211880003], [-0.0009046845714000004, -0.01987910776188, 0.99980198169708]]}