{"translation": [[3737.096388200007], [2230.164650199935], [20.2038855]], "rotation": [[0.85923603736902, -0.5115481580019801, -0.005647539352299947], [0.51156659070302, 0.8590843685385199, 0.016542416930299807], [-0.003610530770299947, -0.017102933262699807, 0.9998472151885399]]}