{"translation": [[3713.5259856000193], [2226.5500233005732], [20.2727889]], "rotation": [[-0.8402502220650606, 0.5421943773032001, 0.0021832747566599997], [-0.5421486887618401, -0.8401110644907606, -0.0169747973896], [-0.007369446497900001, -0.015446737305840003, 0.99985353405414]]}