{"translation": [[3703.6823852000525], [2241.954009699635], [20.3365755]], "rotation": [[-0.8323860231037001, 0.5539554275605999, 0.01634124288439975], [-0.55418274976604, -0.8322105586317001, -0.017527388601279868], [0.003889962031279867, -0.023645586598399753, 0.99971283599456]]}