{"translation": [[3734.924080799974], [2233.6554600996897], [20.2150868]], "rotation": [[0.8573751109551, -0.51463982027036, -0.007332436643619808], [0.51468620576452, 0.857210456619, 0.016980364179640054], [-0.0024533305450601937, -0.018332445664519945, 0.99982893666534]]}