{"translation": [[3702.5079213000135], [2243.5900993999094], [20.347624]], "rotation": [[-0.81367418774656, 0.58110942178112, 0.015689719053759998], [-0.5813027993465599, -0.81356673259296, -0.014008506737120001], [0.004624158153279999, -0.02051883784144, 0.9997787727574401]]}