{"translation": [[3709.8645914000226], [2232.2976689999923], [20.2752646]], "rotation": [[-0.8543291601240398, 0.51958137158122, 0.0125234812151], [-0.5197251125845, -0.8541958479104999, -0.0153366840965], [0.0027288504897799984, -0.01961134456954, 0.9998039550503001]]}