{"translation": [[3715.5181375999236], [2223.589902099222], [20.2727655]], "rotation": [[-0.8315642296394, 0.55542308785836, 0.0024036800167200013], [-0.55536170111304, -0.83138974188964, -0.01908219772844], [-0.00860029886508, -0.017202988321839998, 0.9998150289014001]]}