{"translation": [[3754.01525649993], [2199.6140050990507], [20.1534214]], "rotation": [[0.89742039428006, -0.4411149299358598, -0.007365673366259999], [0.4411684000410598, 0.8973796733946802, 0.008953390919580001], [0.0026603311200600007, -0.01128445795902, 0.99993278956438]]}