{"translation": [[3733.229330400005], [2236.3677474008873], [20.2203084]], "rotation": [[0.8575411448835, -0.5143867401544401, -0.00542801378608], [0.51440731012396, 0.8574208553013599, 0.01464899761816], [-0.0028811579972800004, -0.01535432816744, 0.9998779643199]]}