{"translation": [[3712.124182700005], [2228.7190882992], [20.2575673]], "rotation": [[-0.8470172491091399, 0.53154720212084, 0.004363350844099808], [-0.5315613852805999, -0.8469520450794399, -0.010696458613160056], [-0.001990123526660192, -0.011379475638199944, 0.9999332712392599]]}