{"translation": [[3740.112471600005], [2225.2195827001706], [20.1998457]], "rotation": [[0.8653425662444401, -0.5011423200565801, -0.00621404611198], [0.50117907350738, 0.86524002523782, 0.01338772860462], [-0.0013325160628199998, -0.01469932131818, 0.99989107124262]]}