{"translation": [[3751.922202900052], [2203.6697547994554], [20.1809052]], "rotation": [[0.896661923211, -0.4424793901705, -0.0144708680083], [0.4426881728633, 0.8964927363670201, 0.01811012330138], [0.0049596727234999995, -0.02264473964038, 0.99973127262702]]}