{"translation": [[3747.351353999984], [2212.429290300235], [20.1786044]], "rotation": [[0.8901333945834801, -0.45562007974521995, -0.00853642423382], [0.45569839328642, 0.89002436348006, 0.01398551087342], [0.0012255455583800004, -0.01633900520762, 0.99986575845558]]}