{"translation": [[3708.592391900078], [2234.3428571000695], [20.2797087]], "rotation": [[-0.8550986659105001, 0.5183093114166, 0.0127137711925], [-0.5184467310834, -0.8550181299757201, -0.012525780081], [0.004378276832500001, -0.017302191669, 0.99984071973878]]}