{"translation": [[3753.170303599909], [2201.2557407002896], [20.1676418]], "rotation": [[0.8970556149663801, -0.44182288903053984, -0.009152243858919999], [0.44190769631085985, 0.89698212333462, 0.011860166301560001], [0.002969306345720002, -0.014683675703960002, 0.99988778015]]}