{"translation": [[3711.650107400026], [2229.4653897006065], [20.2631091]], "rotation": [[-0.8489106062294799, 0.52846161515818, 0.008909265718379999], [-0.52853668179122, -0.8487844500509799, -0.014635723911779997], [-0.0001723727347799995, -0.017133292669619996, 0.99985319952054]]}