{"translation": [[3744.400815900066], [2217.8337769005448], [20.1903457]], "rotation": [[0.88036099686144, -0.47422286284128, -0.00878512942016], [0.47430406442944006, 0.88022511887214, 0.01547195826582], [0.00039573478751999975, -0.01778773131926, 0.99984170746734]]}