{"translation": [[3735.369605100015], [2232.940244199708], [20.2122842]], "rotation": [[0.85757340664134, -0.51430478729622, -0.00764427577278], [0.51435865105842, 0.85742351790662, 0.01612718156218], [-0.0017399049580199997, -0.017762141424020002, 0.9998407268457199]]}