{"translation": [[3707.753185299982], [2235.6874064002186], [20.2835075]], "rotation": [[-0.8543835654143398, 0.51944537137674, 0.01432219266386], [-0.5196167326435399, -0.8542921397941199, -0.01353835091538], [0.005202903446340001, -0.01900899639478, 0.99980577505878]]}