{"translation": [[3748.1800598999835], [2210.8687772993], [20.1803655]], "rotation": [[0.8922242750778999, -0.45149444020572, -0.00941299575023976], [0.45159052624476, 0.8920888772923, 0.015602008526879851], [0.0013530083707198508, -0.018171310558559757, 0.99983397263104]]}