{"translation": [[3702.0946591999964], [2244.1376579999924], [20.3533233]], "rotation": [[-0.80468700199066, 0.5934498056420601, 0.01721456681078], [-0.5936728586267801, -0.8045869911802, -0.013874251081939997], [0.00561694374094, -0.021384248796219998, 0.9997555520583]]}