{"translation": [[3706.1017595999874], [2238.294232400134], [20.2851761]], "rotation": [[-0.8507312097187402, 0.52544939583186, 0.01260587727846], [-0.52558076469186, -0.8506627101069202, -0.011720936269620001], [0.0045645928565400005, -0.01659677622462, 0.99985184476318]]}