{"translation": [[3737.957177400007], [2228.7643674006686], [20.2095464]], "rotation": [[0.8604081702684, -0.5095355896286801, -0.00844148487576], [0.5095974960846, 0.86018369253534, 0.019859564513679998], [-0.0028579274763999994, -0.0213890911476, 0.9997671423998999]]}