{"translation": [[3750.66161499999], [2206.110561900772], [20.1721048]], "rotation": [[0.89611067853302, -0.44369316697272, -0.01104751320596], [0.44381375831687997, 0.8960162393618201, 0.01357456798236], [0.00387580894316, -0.01706735330916, 0.99984683006384]]}