{"translation": [[3734.1056983000017], [2234.9663530001417], [20.2165086]], "rotation": [[0.8572645701303601, -0.5148341023931, -0.0065824169529], [0.5148664118619, 0.85709949545838, 0.01711891498618], [-0.0031716141479, -0.01806450461382, 0.99983179313598]]}