{"translation": [[3745.278728800011], [2216.2544293003157], [20.187827]], "rotation": [[0.8835730992398001, -0.46820681436113987, -0.008997943247619999], [0.46829326010513983, 0.8834132849462201, 0.01680464892726], [8.085167962000248e-05, -0.01906181185674, 0.9998183038935801]]}