{"translation": [[3754.857605999976], [2197.9746818002313], [20.1581149]], "rotation": [[0.898230987707, -0.4394157213958, -0.009741581970799999], [0.43952113602519993, 0.8980806844321201, 0.01649960958652], [0.001498538021799999, -0.01910209202152, 0.99981641536412]]}