{"translation": [[3733.6661907000816], [2235.669841900468], [20.2183817]], "rotation": [[0.85728274232446, -0.5148136399207799, -0.005762735900279945], [0.5148352662424198, 0.8571394307612601, 0.016019928884919807], [-0.0033078099454799453, -0.01670046825387981, 0.99985506587036]]}