{"translation": [[3729.9601161999744], [2241.667407299392], [20.2435056]], "rotation": [[0.8622693467535001, -0.5064124776316, -0.0061617251295], [0.50636977638, 0.8618525203396801, 0.02828203375192], [-0.0090118769641, -0.02750684211792, 0.9995809920571801]]}