{"translation": [[3706.887481099984], [2237.056898499839], [20.2856695]], "rotation": [[-0.8529162321896999, 0.52188503617708, 0.01303497155834], [-0.52203198127324, -0.8528188386628, -0.01351442013148], [0.004063495664380001, -0.01833134032204, 0.99982370944334]]}