{"translation": [[3736.2342337999726], [2231.555785400793], [20.205028]], "rotation": [[0.85825462476558, -0.5131990180750999, -0.0050775237951], [0.5132127428151, 0.85812764972508, 0.015153604686500002], [-0.0034196510551, -0.015611501194500001, 0.9998722853595]]}