{"translation": [[3744.672493299993], [2292.058737399988], [20.432034]], "rotation": [[0.53461130424672, 0.8449915147574399, 0.0134218036112], [-0.84509761744544, 0.53452653166272, 0.0095632316016], [0.0009065386320000011, -0.016455345592, 0.99986419068]]}