{"translation": [[3738.1824989001034], [2287.659540099092], [20.420117]], "rotation": [[0.56408408799024, 0.8256309509593601, 0.011947199882799908], [-0.8257108296332002, 0.56407822284294, 0.0041767729771398235], [-0.003290682839360094, -0.012220982938899824, 0.99991990628934]]}