{"translation": [[3720.827286200074], [2261.701767200604], [20.3266614]], "rotation": [[0.9923917661795, -0.12250158092899999, -0.012326633759799999], [0.122681070841, 0.99233213407862, 0.015042983395999998], [0.0103893256402, -0.016440777416, 0.99981086349912]]}