{"translation": [[3724.786633200012], [2276.6093309009448], [20.395121]], "rotation": [[0.7829197130412, 0.6221201771662399, 0.0017975942912800006], [-0.62202642258896, 0.7827443384561601, 0.019860853100960002], [0.01094878001288, -0.01666760472784, 0.9998011378220001]]}