{"translation": [[3751.6615621999954], [2296.5623474996537], [20.4310193]], "rotation": [[0.53072260000014, 0.84746263601322, 0.011860316610739902], [-0.8475411687997401, 0.5307132217035, 0.004184280039179825], [-0.002748406475220097, -0.012272798026539824, 0.999920909223]]}