{"translation": [[3724.684727200016], [2250.7383696995676], [20.242499]], "rotation": [[0.8952455025111801, -0.44557285015417997, -0.00057242759612], [0.4455679863971799, 0.89522802730526, 0.005995903587879999], [-0.0021591585941199997, -0.005622861135879999, 0.99998186056908]]}