{"translation": [[3722.211201100028], [2256.276106700301], [20.3003283]], "rotation": [[0.9470801643, -0.32093324285644, -0.006404002652919802], [0.32099699769124, 0.9469094079426199, 0.01798599005956003], [0.00029170796931980237, -0.019089840095239966, 0.99981772983638]]}