{"translation": [[3725.9380174999824], [2248.4475365998223], [20.2437088]], "rotation": [[0.8805899784471, -0.47385744442139993, -0.004519468761599951], [0.47382837353147994, 0.88031646306254, 0.023013272282199803], [-0.006926446995359951, -0.022406709509479806, 0.9997249440379999]]}