{"translation": [[3731.220061699976], [2282.6556515004486], [20.4082061]], "rotation": [[0.58839913429374, 0.80847814063878, 0.012226951777439907], [-0.8085702364512599, 0.5883457793651001, 0.007959905729919822], [-0.0007582649011200907, -0.01456995138415982, 0.9998935651040001]]}