{"translation": [[3722.418718300003], [2255.711428400129], [20.2972992]], "rotation": [[0.9414142915079601, -0.33720070869263996, -0.005901168198439966], [0.33725208090275993, 0.9412476910998001, 0.017715189493919804], [-0.00041911297183996584, -0.018667513739879803, 0.9998256589550001]]}