{"translation": [[3725.292795900081], [2249.5944215999916], [20.2401839]], "rotation": [[0.8871915707299, -0.46139330864874006, -0.002708282345879806], [0.46139774511606, 0.88714663282766, 0.009109110765160048], [-0.0018002391262801943, -0.009331121652039953, 0.999954843635]]}