{"translation": [[3722.8258086999995], [2254.6634656004608], [20.2895949]], "rotation": [[0.9310869296142, -0.3647005476238, -0.0084045679514], [0.36479006836051997, 0.93096697590774, 0.0151225820191], [0.0023091611196399985, -0.01714634142602, 0.9998503241703001]]}