{"translation": [[3723.0658339000656], [2254.0936794998124], [20.286688100000003]], "rotation": [[0.9252948451916, -0.37914704949904, -0.00877351967348], [0.37923811896464, 0.92519332627328, 0.01399172923616], [0.00281227940468, -0.01627372787744, 0.99986361914232]]}