{"translation": [[3725.595745300001], [2277.5949132004753], [20.3977116]], "rotation": [[0.7464368474343, 0.6654280118780999, 0.006133884108899999], [-0.66541328048982, 0.74625211726934, 0.0182475854609], [0.007565029681259999, -0.017702238144820002, 0.9998146833854]]}