{"translation": [[3723.0928885000176], [2274.0178094999865], [20.3764527]], "rotation": [[0.86925697786752, 0.49434752196864, -0.00358667722768], [-0.49424567264895997, 0.86918852788878, 0.01524953676744], [0.01065606859248, -0.01148306698184, 0.9998772861723]]}