{"translation": [[3720.650552899984], [2264.370344900526], [20.3311871]], "rotation": [[0.99996370332012, 0.00816391813006, -0.0024377210506600004], [-0.008133632045140001, 0.99989267184668, 0.012185598859219798], [0.002536941644859999, -0.0121653290366198, 0.9999227813678]]}