{"translation": [[3754.1357121000183], [2298.160451600328], [20.4399819]], "rotation": [[0.53098239372252, 0.84730962684574, 0.01114232682326], [-0.84737768092874, 0.5309793142254, 0.0034772639723800003], [-0.0029700263187399985, -0.011288124531379999, 0.9999318762778799]]}