{"translation": [[3750.8270388999954], [2296.0211286004633], [20.4285674]], "rotation": [[0.53064632413016, 0.8474937708298399, 0.01298931328356], [-0.84758572708856, 0.5306440742927, 0.0039034371136799995], [-0.0035845628348399996, -0.01308090173352, 0.9999080162227]]}