{"translation": [[3749.299283600005], [2295.0373992007226], [20.4271924]], "rotation": [[0.5302741278211802, 0.8477159924212199, 0.013673119132199998], [-0.8478207376267799, 0.5302598938203802, 0.0049447432546], [-0.003058568861400001, -0.0142144232798, 0.99989429207756]]}