{"translation": [[3733.000786700053], [2283.9655055999756], [20.4113425]], "rotation": [[0.5718936305958002, 0.8201968839599199, 0.01465424241444], [-0.8203245457013999, 0.5718503185071602, 0.007406276891920003], [-0.0023054279636000024, -0.0162568373322, 0.9998651910342]]}