{"translation": [[3741.724414299999], [2290.1054999995977], [20.4337556]], "rotation": [[0.54743797958744, 0.83673418173172, 0.01369484869352], [-0.8368456957982799, 0.54738307951704, 0.007811973747279999], [-0.0009597827264800005, -0.01573704647272, 0.99987570436544]]}