{"translation": [[3724.1039555000025], [2251.8763345992193], [20.2653794]], "rotation": [[0.90445476497598, -0.42654410111189994, -0.00466002980516], [0.4265680809377, 0.9043689369867001, 0.012510239994599999], [-0.0011217826311600001, -0.0133027661122, 0.99991088504172]]}