{"translation": [[3723.5643420999986], [2252.992901599966], [20.282088100000003]], "rotation": [[0.9142883958167, -0.40501326447308, -0.006400753452539959], [0.40506383809204, 0.9141755396318, 0.014365046396519804], [3.337734042004178e-05, -0.015726509106839804, 0.99987633024054]]}