{"translation": [[3753.2852057000273], [2297.610766400583], [20.4361731]], "rotation": [[0.5309917421851, 0.8473008861759, 0.0113568523656], [-0.8473726849684201, 0.5309840917484601, 0.003927742145600002], [-0.002702328538560001, -0.011709085125920001, 0.9999277947662]]}