{"translation": [[3721.2287150999764], [2269.2198519008234], [20.3540966]], "rotation": [[0.96803613579576, 0.25079367100292, -0.0029278302614800253], [-0.25071023748508, 0.96791269058046, 0.017011702929619798], [0.0071003116365199745, -0.0157339061033798, 0.99985100378166]]}