{"translation": [[3726.2578542000265], [2247.8811127999797], [20.2407707]], "rotation": [[0.87786169822652, -0.47888715327661996, -0.0050923693415400005], [0.47887136401897995, 0.87759124252412, 0.02271182021394], [-0.00640738023666, -0.022376426914139998, 0.99972908379964]]}