{"translation": [[3729.495151399984], [2281.309484999627], [20.4021516]], "rotation": [[0.6179348912211, 0.7861547700994602, 0.010823414130520001], [-0.7862284649920601, 0.6178559723847799, 0.009939660779560001], [0.0011268006942800005, -0.014651739488840002, 0.99989202259532]]}