{"translation": [[3721.5165016999817], [2258.440394300036], [20.3040369]], "rotation": [[0.9679507956479, -0.25103811161644, -0.007150301949220001], [0.25110215195956004, 0.96790664823756, 0.010219230910040001], [0.00435540849878, -0.01168716882596, 0.9999222172295]]}