{"translation": [[3743.8945519999834], [2291.550694999285], [20.4342503]], "rotation": [[0.5374787465256803, 0.8431573687410399, 0.01422229669708], [-0.8432771938114398, 0.5373933576569603, 0.009590552684560001], [0.00044337699187999794, -0.01714805647816, 0.99985286296728]]}