{"translation": [[3728.4255524000037], [2280.413295599632], [20.4005171]], "rotation": [[0.6446046254501601, 0.76445716979908, 0.00949341847644], [-0.7645096506863599, 0.6444984135947001, 0.012116166408180001], [0.0031437969094799995, -0.01506794690034, 0.9998815297431001]]}