{"translation": [[3720.75011600001], [2266.5169948004186], [20.3427077]], "rotation": [[0.9932412713308401, 0.1158958761095, -0.006318493317659799], [-0.11580127586965999, 0.99317782124174, 0.01370694850649999], [0.0078639661718998, -0.012882617405340012, 0.9998860916193401]]}