{"translation": [[3722.824207699974], [2273.5108170993626], [20.3718565]], "rotation": [[0.8833270714827199, 0.4687324254713999, -0.004815567264519999], [-0.4686234479214, 0.88327385860854, 0.0148103458374], [0.01119555423548, -0.0108256915374, 0.99987872462582]]}