{"translation": [[3720.7522914999863], [2262.265220399946], [20.3275589]], "rotation": [[0.99522720014294, -0.0964493421371198, -0.0148439915222], [0.0966800807791998, 0.9951916604015, 0.0157009755146], [0.013258267742120002, -0.01706115625916, 0.99976654038]]}