{"translation": [[3720.650478400057], [2264.926608099602], [20.3309797]], "rotation": [[0.99929517046398, 0.0371185826838, -0.0056011710271200036], [-0.037057721140200006, 0.99925686066776, 0.0106043256651998], [0.005990626112879997, -0.0103892847907998, 0.99992808499478]]}