{"translation": [[3734.2488747999887], [2284.861114900559], [20.4131596]], "rotation": [[0.56754045613212, 0.8232057719264, 0.015165968364279907], [-0.8233358458286001, 0.56752656338444, 0.005621716834399823], [-0.0039792591107200926, -0.015677238070599824, 0.99986918628332]]}