{"translation": [[3733.596030100016], [2284.3939322996885], [20.4128538]], "rotation": [[0.56918653500086, 0.8220646930359601, 0.015373131884719825], [-0.82220182353492, 0.56915738592816, 0.006635945004840095], [-0.0032945555245598255, -0.01641690756347991, 0.99985980569846]]}