{"translation": [[3746.9282497999957], [2293.5131454998627], [20.4304938]], "rotation": [[0.5301776266323, 0.8477562602460799, 0.014863199347459999], [-0.84788551616224, 0.5301228133854001, 0.0077370189699199985], [-0.0013202134499799992, -0.016704286690239996, 0.99985960205166]]}