{"translation": [[3720.654307299992], [2263.857522599399], [20.329278]], "rotation": [[0.9998331370742001, -0.01770060745426, -0.004515142355580001], [0.01776146253466, 0.99974681788358, 0.013814144561340001], [0.00426948045678, -0.01389203502306, 0.99989438587462]]}