{"translation": [[3721.2439613000024], [2259.529935299419], [20.3099631]], "rotation": [[0.9771647477334201, -0.21241938490519982, -0.0052015472474798], [0.2124690110019998, 0.9770888299760001, 0.01242308636480002], [0.0024434690714798027, -0.013244569735999977, 0.99990930129342]]}