{"translation": [[3723.815540999989], [2252.4594935001805], [20.2777811]], "rotation": [[0.9094764338046001, -0.41569102239547995, -0.007321523722759999], [0.41575492644771994, 0.9093632574831001, 0.01436389738214], [0.0006869820036399994, -0.01610758558426, 0.9998700284352601]]}