{"translation": [[3722.574986600026], [2273.0002465993166], [20.3678872]], "rotation": [[0.8965304107500002, 0.44295891581599983, -0.004542013022000002], [-0.44285744874399985, 0.8964741360115202, 0.0145400117488], [0.010512424797999999, -0.011024098548800002, 0.99988397236152]]}