{"translation": [[3720.870304399985], [2311.4345171004534], [20.4103007]], "rotation": [[-0.4169765612834001, -0.90872283692058, -0.01880366931654], [0.9089049513910199, -0.4169897409922001, -0.00340150359694], [-0.0047499113297400026, -0.018509093679739998, 0.99981740924156]]}