{"translation": [[3732.415497899987], [2317.0592500995845], [20.3826568]], "rotation": [[-0.4247388818259399, -0.90514855575294, -0.017410980357879892], [0.9053028326128199, -0.42475785674209987, -0.002777112656039832], [-0.004881749876840109, -0.01694175639851983, 0.9998445606326]]}