{"translation": [[3722.037791599927], [2311.996521799825], [20.4098607]], "rotation": [[-0.4191350407609601, -0.9077009549166399, -0.020118739294879832], [0.90790998569552, -0.4191483371728001, -0.0037548555817601068], [-0.005024450393439833, -0.019839796105279892, 0.9997905467568]]}