{"translation": [[3756.494751500024], [2328.6665511997417], [20.4134597]], "rotation": [[-0.4172538217165003, -0.9085281396266802, -0.021818230304260004], [0.9087761464169202, -0.4172601183666004, -0.004480706328040001], [-0.0050330279890599995, -0.021697477550840005, 0.99975191328974]]}