{"translation": [[3723.788224800024], [2312.8426004005596], [20.4104775]], "rotation": [[-0.42154706349618, -0.90660817196554, -0.01896465728524], [0.90679512292534, -0.42155435532609997, -0.00380696560508], [-0.004543208058439999, -0.01880187420452, 0.9998129068890801]]}