{"translation": [[3733.0209783000173], [2317.3570760004222], [20.3828846]], "rotation": [[-0.4245381573249999, -0.9052205875920198, -0.018519140964859997], [0.9053906914572998, -0.4245738753315399, -0.002153604837020001], [-0.0059132567161, -0.0176813458447, 0.9998261865914999]]}