{"translation": [[3754.336967399984], [2327.6313303001225], [20.4092866]], "rotation": [[-0.4179448678464005, -0.90820978463712, -0.02183447922816], [0.9084613758288, -0.41793653617864046, -0.005162393737120002], [-0.004436893171200005, -0.0219933801688, 0.9997482708908]]}