{"translation": [[3752.888013000018], [2326.9364082003012], [20.4033622]], "rotation": [[-0.4184145024624999, -0.9080095773875999, -0.021164892548199997], [0.9082450506276, -0.41841126456199995, -0.004794045591000001], [-0.004502589771800002, -0.021228806726999998, 0.9997645044995]]}