{"translation": [[3760.912757300015], [2330.780407300219], [20.4238877]], "rotation": [[-0.41532857985953997, -0.90940507084618, -0.02201580956532], [0.9096427017181801, -0.4153864225300199, -0.0020936075754799995], [-0.00724112991268, -0.02089605467748, 0.99975543057048]]}