{"translation": [[3713.9151089000516], [2308.171514400281], [20.426541]], "rotation": [[-0.3997974345265001, -0.91640248419672, -0.01919978453945989], [0.9165959003736, -0.3997921742561601, -0.0042785796232798325], [-0.0037550215167001105, -0.019309007829599833, 0.9998065123055]]}