{"translation": [[3747.8487732000067], [2324.5141722001135], [20.398069600000003]], "rotation": [[-0.4197640107191398, -0.9074074100498, -0.020246913577219722], [0.90761852720572, -0.4197798681521998, -0.0036662493660399396], [-0.0051724651384999374, -0.01991543366859972, 0.9997882881399001]]}