{"translation": [[3758.2394405999803], [2300.818670200184], [20.459492]], "rotation": [[0.5317132052415201, 0.8468677855635198, 0.009798873715999998], [-0.8469219664595198, 0.5317041943215202, 0.0037187697904], [-0.0020607958904000005, -0.010276200423999998, 0.999945074904]]}