{"translation": [[3734.2947346], [2317.978762200102], [20.3774443]], "rotation": [[-0.42352358652634026, -0.90569790946688, -0.01841472101032], [0.9058620426236801, -0.42357031635592024, -0.001476598658680002], [-0.006462576592880002, -0.01730657092748, 0.9998293442935801]]}