{"translation": [[3714.3960392000154], [2308.391119300388], [20.4247273]], "rotation": [[-0.4018574349265799, -0.91548536896596, -0.019935337499159832], [0.91569487505484, -0.40184712898791985, -0.004696509145120108], [-0.003711370400039833, -0.02014201104927989, 0.9997902405815]]}