{"translation": [[3720.2654030999984], [2311.1467519002035], [20.41009]], "rotation": [[-0.4160420362256998, -0.9091506345966397, -0.01882858686367989], [0.9093299075771196, -0.4160672538550598, -0.0027436179456398315], [-0.00533959329376011, -0.01826285481987983, 0.9998189620747999]]}