{"translation": [[3760.786454300105], [2302.474531999789], [20.4768116]], "rotation": [[0.5319566417022001, 0.8467101055866197, 0.01019886181594], [-0.8467701720969398, 0.5319387537749402, 0.004618031067820001], [-0.0015150352353800007, -0.01109268504554, 0.9999373265318999]]}