{"translation": [[3708.3194542999845], [2305.8142300006], [20.4354147]], "rotation": [[-0.33410822109762006, -0.9424209473906799, -0.014640334503879884], [0.94253462535332, -0.3340719879895201, -0.0049266351683198385], [-0.0002479621121201153, -0.015445052387679837, 0.99988068731286]]}