{"translation": [[3760.2023000000045], [2330.440443499945], [20.4225536]], "rotation": [[-0.41566958390290043, -0.9092541362842602, -0.021813301848180002], [0.9094935406759003, -0.4157074856965005, -0.0029821598133], [-0.006356410651500002, -0.021078649347180005, 0.99975761392636]]}