{"translation": [[3709.0743677000282], [2306.0961747001857], [20.4340885]], "rotation": [[-0.35173203058089997, -0.9359992975321799, -0.013770907258359999], [0.93610012220382, -0.3517085678913, -0.004169974856040001], [-0.0009402539263600003, -0.01435766344404, 0.9998964813436401]]}