{"translation": [[3707.958880399994], [2305.685519900173], [20.4369067]], "rotation": [[-0.3243401840991402, -0.94580441678774, -0.016037790888779886], [0.9459401630889799, -0.3243050141799402, -0.00481935810605984], [-0.0006429673266601186, -0.016733903972579837, 0.99985977168076]]}