{"translation": [[3745.0347786999773], [2323.1572326999158], [20.3941563]], "rotation": [[-0.42025377572676015, -0.9071376793649201, -0.022088174079319893], [0.90739581536452, -0.42024270971818023, -0.0053658139031798335], [-0.004414863156280108, -0.022297721325579833, 0.99974162691542]]}