{"translation": [[3740.8991564000025], [2321.166375200264], [20.3830194]], "rotation": [[-0.42090660857098017, -0.9068537074105802, -0.02130395416212], [0.9070874339743802, -0.4209244229594601, -0.0038594723050799987], [-0.005467378990920001, -0.02094902757612, 0.99976559552252]]}