{"translation": [[3711.781131899974], [2307.2149904994294], [20.4311022]], "rotation": [[-0.3885025659093798, -0.9212656400671202, -0.018317573715960003], [0.9214460898583201, -0.38846257409689977, -0.005838561432359999], [-0.0017368246695599974, -0.019146951363240003, 0.99981517177648]]}