{"translation": [[3757.961850999971], [2329.368783299811], [20.417545800000003]], "rotation": [[-0.4167233024281001, -0.9087853351516001, -0.0212287789596], [0.9090189523967201, -0.4167340717179401, -0.004124909746199999], [-0.005098100262959997, -0.02101631057628, 0.9997661346651999]]}