{"translation": [[3740.2486639000126], [2320.8531132992357], [20.3823468]], "rotation": [[-0.4209916686131996, -0.9068245820261198, -0.02086705707884], [0.9070487233197999, -0.42100914143793966, -0.0037627160783799997], [-0.005373096118599999, -0.0205115075389, 0.9997751786951]]}