{"translation": [[3743.645534600015], [2322.487036900595], [20.390036]], "rotation": [[-0.4204728282474004, -0.9070554114094803, -0.021287825921640004], [0.9072960586230002, -0.4204580624242604, -0.005382373335980002], [-0.0040685263746, -0.021577501438700006, 0.9997589002055001]]}