{"translation": [[3749.9549538000138], [2325.528361098841], [20.3990594]], "rotation": [[-0.41919978526739987, -0.9076630257931599, -0.02047130272812], [0.9078771657833999, -0.4192222021916999, -0.0033911103726999986], [-0.005504041831400001, -0.02000698349238, 0.99978468986574]]}