{"translation": [[3761.6843510000035], [2331.146106400527], [20.4260215]], "rotation": [[-0.4145773567869, -0.9097426147695199, -0.022231859286439892], [0.9099871069770399, -0.41462985660576, -0.002410935902079834], [-0.00702465875132011, -0.02123022253023983, 0.9997499346675001]]}