{"translation": [[3719.7083358999807], [2310.881323499605], [20.4095303]], "rotation": [[-0.41505368211593985, -0.9096109684925201, -0.01839482554388], [0.9097805455029201, -0.4150827593620199, -0.0023884204794799987], [-0.005462841119719998, -0.01772657682908, 0.99982794812208]]}