{"translation": [[3759.9128582000267], [2301.906557000242], [20.4708953]], "rotation": [[0.5318822536021403, 0.8467571442728999, 0.01018119971094], [-0.84681692472594, 0.5318649752140402, 0.004560048437700003], [-0.001553770398900002, -0.011047020723060002, 0.99993777263254]]}