{"translation": [[3712.1729777000146], [2307.3883894002065], [20.4301585]], "rotation": [[-0.3913759988101202, -0.9200381831989799, -0.01882911320094], [0.9202265732740198, -0.39135453865042025, -0.004964414489260002], [-0.002801408283060001, -0.01927000328974, 0.99981039156446]]}