{"translation": [[3729.8677570999716], [2315.8100089998916], [20.391442]], "rotation": [[-0.4252102096541799, -0.90497442965882, -0.01475411376598], [0.9050855445792201, -0.42522270363635983, -0.002435961923179998], [-0.00406930007038, -0.014389530237219998, 0.99988818486182]]}