{"translation": [[3725.0327787999995], [2313.4470744999126], [20.4066876]], "rotation": [[-0.42269299197506005, -0.9061003395955199, -0.017684243879099833], [0.9062631002111999, -0.42269865983380006, -0.0035999349312001083], [-0.004213204513979833, -0.017548245519359892, 0.9998371407275001]]}