{"translation": [[3724.409917299985], [2313.1431529996917], [20.4081154]], "rotation": [[-0.4219967800877198, -0.90642027908862, -0.0179186859553], [0.9065891050186199, -0.4219949220172198, -0.004069951715699999], [-0.0038725070682999983, -0.0179623913313, 0.9998311638455001]]}