{"translation": [[3751.4459717000136], [2326.2442835001275], [20.400694]], "rotation": [[-0.4188664575840404, -0.9078082347403201, -0.020859184031680002], [0.9080348454499202, -0.4188728680456204, -0.00427150720578], [-0.004859636770720002, -0.02073005698818, 0.99977329863758]]}