{"translation": [[3738.208320799982], [2319.8722900003195], [20.3788678]], "rotation": [[-0.42125962733433986, -0.9066728637581599, -0.022018449874], [0.906914770666, -0.4213054003803398, -0.0027433548331599993], [-0.00678916475816, -0.021124520645, 0.99975380064216]]}