{"translation": [[3753.5827623999794], [2327.270563500002], [20.405609]], "rotation": [[-0.4183436340958797, -0.90803539010492, -0.02145022566307989], [0.9082751583185199, -0.4183497261702598, -0.004418308083579828], [-0.0049617179946801065, -0.021331080185019828, 0.99976015440462]]}