{"translation": [[3709.4676200000104], [2306.2493480006233], [20.4314725]], "rotation": [[-0.35918663464930023, -0.9331689152978001, -0.013449496013700001], [0.9332654801561201, -0.35916171483304016, -0.004307908559400002], [-0.0008105368973399989, -0.014099292504120002, 0.9999002715231]]}