{"translation": [[3759.107862100005], [2301.3842854006216], [20.4664235]], "rotation": [[0.53169326331248, 0.8468801347846401, 0.009811019543439825], [-0.8469354675869601, 0.53167841570022, 0.004280311814020097], [-0.0015913957990398254, -0.010585113750819903, 0.9999427097687]]}