{"translation": [[3744.3664334000787], [2322.8351817000657], [20.3927835]], "rotation": [[-0.42043813204500047, -0.9070551975295202, -0.021974750187360004], [0.9073101559473602, -0.4204298949769004, -0.0052180658943800015], [-0.00450576584952, -0.022131785548940002, 0.99974490855734]]}