{"translation": [[3698.4049859999795], [2304.756960099563], [20.4755569]], "rotation": [[0.19876224928438002, -0.98003066995458, -0.0057875948296199995], [0.9800301411379799, 0.19879061986486002, -0.00482223593862], [0.00587645867898, -0.0047135386657799995, 0.99997162449148]]}