{"translation": [[3668.7990345999715], [2341.5657037002966], [20.6253235]], "rotation": [[0.87067027492728, -0.49183716045772, -0.005429504016159948], [0.49186704152012, 0.8706105163452, 0.010204991822959806], [-0.0002922109153599491, -0.011555777115759806, 0.99993318708192]]}