{"translation": [[3665.9553527000244], [2346.4347890997306], [20.6478409]], "rotation": [[0.86919833384614, -0.4944598645896, -0.0019263695989199996], [0.49443921472608, 0.8691101372855001, 0.01332082458156], [-0.0049123854546, -0.012530911240200001, 0.9999094182680001]]}