{"translation": [[3678.0198800999788], [2325.6064787991345], [20.560509]], "rotation": [[0.87419075313918, -0.48553126779242, -0.00706651164177995], [0.48558193810022005, 0.87412241725886, 0.010963645033579805], [0.0008538042704200502, -0.013015687360779805, 0.99991492783868]]}