{"translation": [[3701.6933385999873], [2304.4521963000298], [20.451609]], "rotation": [[-0.00043159802195980035, -0.9999737712064799, -0.007229463954999859], [0.9999928725374, -0.0004044726113997532, -0.003753105819599858], [0.003750083250479859, -0.007231032290359858, 0.9999668239734]]}