{"translation": [[3680.13904129999], [2321.911515499465], [20.5584109]], "rotation": [[0.8747536892287999, -0.48455131156128, -0.00400055769856], [0.48456411304704, 0.8746848551035, 0.011136400392779999], [-0.0018969303075200004, -0.01168013403246, 0.99992998560974]]}