{"translation": [[3671.1651472999947], [2337.4990582000464], [20.6064693]], "rotation": [[0.8712877977204401, -0.49073158420991986, -0.0063310457099999985], [0.4907723114195998, 0.8712064543447, 0.0119100204525], [-0.0003289754140799986, -0.01348415745006, 0.9999090304975]]}