{"translation": [[3665.397899899981], [2347.3771934006363], [20.6543907]], "rotation": [[0.8687609540243201, -0.49522243800407983, -0.003024643895760192], [0.4952113548928798, 0.8686537790603002, 0.014364293425959948], [-0.004486151865359805, -0.01397697527236005, 0.99989225349998]]}