{"translation": [[3697.3524396999856], [2304.994965000078], [20.48573]], "rotation": [[0.2584222242403802, -0.9660166023723599, -0.005452986046439841], [0.9660191816960398, 0.2584437507306201, -0.003691260618919878], [0.004975109162039841, -0.004313786110279878, 0.999978319532]]}