{"translation": [[3702.9940396000165], [2304.5189642002806], [20.4442551]], "rotation": [[-0.08603036417682008, -0.99624552811224, -0.009678883410140001], [0.9962909929285599, -0.08600902830708013, -0.0026002088536800005], [0.0017579752919399992, -0.00986668095272, 0.9999497778051]]}