{"translation": [[3704.598290200054], [2304.75566610042], [20.435392]], "rotation": [[-0.18511290837731997, -0.9826628594633999, -0.0103367434062], [0.9827157070146, -0.1851208677085, -0.00018975282589999993], [-0.0017270841977999997, -0.0101932060979, 0.99994655643518]]}