{"translation": [[3674.4332290000166], [2331.830288800411], [20.5796816]], "rotation": [[0.8724797888582999, -0.4885439663483801, -0.01018906913196], [0.4885788655597801, 0.8725190394178199, 0.0011064046440399998], [0.008349629542760001, -0.00594347941116, 0.99994747799148]]}