{"translation": [[3682.209300400107], [2318.329520999454], [20.5499052]], "rotation": [[0.8709367607768, -0.49138138322652, -0.0036739074563599487], [0.49138811995259996, 0.87086011778136, 0.011847931416479806], [-0.0026223933829999492, -0.012124113484799805, 0.9999230615036]]}