{"translation": [[3668.2966571999714], [2342.4272535005584], [20.6324279]], "rotation": [[0.8705912866926, -0.49197064369936, -0.005976783625919807], [0.49200639976608, 0.87050795649006, 0.01206751681814005], [-0.0007340256766401937, -0.01344649065641995, 0.9999093224451]]}