{"translation": [[3707.2077524000197], [2305.4394249999896], [20.4397611]], "rotation": [[-0.30154464446464013, -0.95326466782976, -0.01890609893823984], [0.9534455724006401, -0.30155683444930015, -0.0022707229679201184], [-0.003536662163839838, -0.01871065954471988, 0.9998186851923]]}