{"translation": [[3683.020536200027], [2316.9591465992853], [20.538047]], "rotation": [[0.8651982829950999, -0.50141158114872, -0.00428214186444], [0.50142985995432, 0.86516804166902, 0.00723426311564], [7.742866164000021e-05, -0.00840626591156, 0.99996466372208]]}