{"translation": [[3693.132015799987], [2306.5845347000286], [20.5147685]], "rotation": [[0.4623488693996599, -0.88660258500226, -0.013014397838399895], [0.8866643121426999, 0.4624095783596599, -0.0019428672657601708], [0.007740533334240102, -0.01064111967839983, 0.99991342160956]]}