{"translation": [[3674.8701749001048], [2331.070162399672], [20.5753737]], "rotation": [[0.8726514761507, -0.48821800270964, -0.011070837963419998], [0.48826501722796, 0.87269342168696, 0.00185611236804], [0.00875525981238, -0.00702524248356, 0.9999369937071]]}