{"translation": [[3670.7117454999825], [2338.28039740026], [20.6084003]], "rotation": [[0.8712184352796, -0.49085991259708, -0.005916861487359807], [0.49089539950556, 0.8711447235729599, 0.011340298289480051], [-0.00041205454768019397, -0.01278443687475995, 0.999918190854]]}