{"translation": [[3692.04345320008], [2307.168241799809], [20.5135008]], "rotation": [[0.5128386594904001, -0.85840513540944, -0.011711498016719998], [0.85843413119544, 0.51290907878102, -0.0038917412467399993], [0.009347624394719999, -0.00805771393774, 0.99992384468438]]}