{"translation": [[3675.33983349998], [2330.2493765000254], [20.5690088]], "rotation": [[0.8729374858187, -0.48766180432722, -0.01288831141096], [0.4877281963413, 0.87299215854414, 0.0024281130727200006], [0.010067296775599999, -0.0084055838436, 0.9999139941488]]}