{"translation": [[3688.8488756999723], [2309.445953000337], [20.5423775]], "rotation": [[0.6690353521583, -0.74307061841418, -0.01541907646966], [0.7431912225809401, 0.6690694353087, 0.00359050443822], [0.00764843436638, -0.01386149678214, 0.99987467232476]]}