{"translation": [[3672.1430162999895], [2335.8115928005427], [20.6044182]], "rotation": [[0.87149496561398, -0.49036268530846006, -0.006399195538260001], [0.49040438076154, 0.87142697187542, 0.010888707385020001], [0.00023701550825999977, -0.01262764727502, 0.9999202399893999]]}