{"translation": [[3705.328675800003], [2304.9077202994376], [20.4386277]], "rotation": [[-0.2239443212334602, -0.97450449451616, -0.01377297321998], [0.9746014482564799, -0.22393419117220015, -0.0022931896150400017], [-0.0008495174433400011, -0.01393670800592, 0.9999025184843]]}