{"translation": [[3661.8166030999855], [2353.342049400322], [20.6779618]], "rotation": [[0.8618187005911999, -0.5071946174199999, -0.0047058101204], [0.5072079858618399, 0.8617136421567, 0.013771538561619999], [-0.00292978952912, -0.0142553939461, 0.99989409442934]]}