{"translation": [[3679.2955412999727], [2323.3845645999536], [20.5644176]], "rotation": [[0.87499395911526, -0.48409942700633996, -0.005772957546459999], [0.48413204076253996, 0.87489590773638, 0.01316542808142], [-0.00132263895234, -0.01431454370918, 0.9998966668978799]]}