{"translation": [[3700.7939942000667], [2304.4710432998836], [20.4537626]], "rotation": [[0.05727981259021997, -0.9983464354074999, -0.004837647581079854], [0.9983502250324999, 0.057297999687500045, -0.0037084046449998628], [0.003979460081079854, -0.004617249894999863, 0.99998142227772]]}