{"translation": [[3685.1014897000277], [2313.71416029986], [20.5377549]], "rotation": [[0.8278140312576, -0.56090977884992, -0.01020433693696], [0.5609986416467201, 0.82773951015288, 0.011305142281239999], [0.00210536750336, -0.01508317479836, 0.99988402590072]]}