{"translation": [[3680.9688997999765], [2320.4645214993507], [20.5544029]], "rotation": [[0.87413982300758, -0.48566634722928, -0.0027905598508], [0.48567059455727996, 0.87409597092408, 0.0089624453166], [-0.0019135406164, -0.009189723208200001, 0.9999559427075]]}