{"translation": [[3681.3979757999186], [2319.7277644993737], [20.5521303]], "rotation": [[0.87348009321942, -0.48685572994567994, -0.0020014748489601934], [0.48684696591031995, 0.8734197069807199, 0.01086407684283995], [-0.0035411109030398062, -0.010463966780840049, 0.99993898110014]]}