{"translation": [[3692.5666368000093], [2306.8793629994616], [20.5142193]], "rotation": [[0.4883978274808799, -0.8725378784405201, -0.01204848785972], [0.8725859048334802, 0.48845553427157984, -0.002232261612620001], [0.00783288319372, -0.009423109491380002, 0.99992492265246]]}