{"translation": [[3667.3678050001035], [2344.0189159000292], [20.6361235]], "rotation": [[0.8703636820832601, -0.49240362187986003, -0.00239283515266], [0.49240250928234003, 0.8703153878014, 0.00953342516742], [-0.0026117719898599997, -0.00947578506318, 0.9999516929039001]]}