{"translation": [[3677.137420400104], [2327.137531400658], [20.5619043]], "rotation": [[0.8735652099847, -0.48660436080701985, -0.01000110106326], [0.4866896023223398, 0.87352368495094, 0.009465986278980001], [0.004130008499820001, -0.01313658816066, 0.9999051820461999]]}