{"translation": [[3669.5789771000273], [2308.223714400083], [20.558415300000004]], "rotation": [[-0.8673984390184999, 0.49695284081220004, 0.025652924400599807], [-0.4975316371566, -0.8670416123156799, -0.026483259368440048], [0.009081219625799806, -0.03573467513755994, 0.9993200511018201]]}