{"translation": [[3682.540739100019], [2286.5494341999292], [20.608455300000003]], "rotation": [[-0.8610700721197001, 0.5081473674253998, 0.018567641642999996], [-0.5082790608405199, -0.86118768343336, -0.002888539855200002], [0.014522418828359999, -0.011924777987519997, 0.9998234339311]]}