{"translation": [[3678.265427800012], [2293.684295799583], [20.565756]], "rotation": [[-0.8664999828058602, 0.49892100252079996, 0.015987285446279805], [-0.49901228973472, -0.8665924428388001, -0.002062271144040052], [0.012825550514999806, -0.009764809890599949, 0.9998700684291]]}