{"translation": [[3663.415500300005], [2318.9392360001802], [20.5654055]], "rotation": [[-0.8746854755101602, 0.48414488298704, 0.02299858304972], [-0.48443361333952, -0.8747822360833002, -0.008944121375240002], [0.01578850251436, -0.01896458061292, 0.9996954875619001]]}