{"translation": [[3685.952803699998], [2281.016858300194], [20.65946]], "rotation": [[-0.85284546854786, 0.5218367499039, 0.01846260077478], [-0.5219613086842201, -0.8529658354106, -0.0023516483045399996], [0.014520792481499997, -0.0116423564121, 0.9998267860530999]]}