{"translation": [[3677.9017498000176], [2294.30049420055], [20.5605867]], "rotation": [[-0.8666047364010006, 0.4986868471604601, 0.01754037041621995], [-0.49879348971750004, -0.8667184769889005, -0.002035077302299808], [0.014187696804500053, -0.010512630182219807, 0.99984408477846]]}