{"translation": [[3675.205056899984], [2298.81407780014], [20.5346992]], "rotation": [[-0.8661440527022799, 0.49945834284553997, 0.01832235333526], [-0.4996801175937399, -0.8661476745825999, -0.010385123864619998], [0.01068292802846, -0.018150329973979997, 0.9997781956786801]]}