{"translation": [[3675.9798464999767], [2297.524332200177], [20.5399445]], "rotation": [[-0.86644866197154, 0.49885822184156003, 0.02018710549334], [-0.49907788112284, -0.866524372677, -0.00755703006412], [0.013722729358940002, -0.016622714294920002, 0.9997676590635]]}