{"translation": [[3672.8507461000117], [2302.7623421000317], [20.5228931]], "rotation": [[-0.8639159463703198, 0.5031781990295999, 0.021479377564919997], [-0.5034356565743999, -0.8639899512303397, -0.0086214796634], [0.014219821684919998, -0.0182617152374, 0.99973211736398]]}