{"translation": [[3674.0537026000093], [2300.7485839994624], [20.531028600000003]], "rotation": [[-0.8656712726127401, 0.50022961198182, 0.019591599096099945], [-0.5004801090723, -0.8656803556946001, -0.010836506551499807], [0.011539318940180052, -0.019186056076739805, 0.9997493382863001]]}