{"translation": [[3682.1562468999764], [2287.1833776999265], [20.6064254]], "rotation": [[-0.86202015841412, 0.50650308840654, 0.01939631126382], [-0.50667565699854, -0.86212246833314, -0.00499771825506], [0.01419063286482, -0.014135770841940003, 0.99979938285598]]}