{"translation": [[3650.568730400002], [2341.3302089003846], [20.667425]], "rotation": [[-0.8747799665915198, 0.48418980026284, 0.01789145972652], [-0.48444732697724, -0.8746924123662397, -0.01496088566196], [0.00840561683172, -0.02175495430044, 0.99972799678128]]}