{"translation": [[3670.0104010999785], [2307.4871092000976], [20.5608995]], "rotation": [[-0.8668860126374799, 0.49784101874041997, 0.025744485669339998], [-0.49844624078182, -0.8664261982306, -0.029271240228339997], [0.007733274426139998, -0.03820707412946, 0.99923991907788]]}