{"translation": [[3661.5916418000124], [2322.1366207003593], [20.574414800000003]], "rotation": [[-0.8745145516512999, 0.4843507497396, 0.0250754314973], [-0.48470584670064, -0.8746149227687999, -0.010445388413520001], [0.016872113451019997, -0.0212888513448, 0.99963099022646]]}