{"translation": [[3662.9759746000054], [2319.7029983997345], [20.568869600000003]], "rotation": [[-0.8747057010810403, 0.48419947055068, 0.02098870474584], [-0.48446433854876003, -0.8747547520936002, -0.009906809218920001], [0.01356310005048, -0.018833823638040002, 0.9997306284012]]}