{"translation": [[3666.103514700022], [2314.193373099901], [20.549677600000003]], "rotation": [[-0.87237571690504, 0.48856877523236, 0.016164492259520002], [-0.48879568104868, -0.8722517905348001, -0.01599145009064], [0.0062865833497600014, -0.02185168542232, 0.999741457944]]}