{"translation": [[3684.6289290999994], [2283.1445630993694], [20.6399359]], "rotation": [[-0.856259605557, 0.5162534619081, 0.017382262673299807], [-0.5163264192289, -0.85639197049938, 0.0003373242516599463], [0.015060172442699806, -0.008686083656659946, 0.9998488601686201]]}