{"translation": [[3671.646868599986], [2304.7423496004194], [20.5184689]], "rotation": [[-0.8646989233319201, 0.50199383817112, 0.017264722765919806], [-0.50221598102168, -0.8646521310455201, -0.012486509015520054], [0.008659827965279806, -0.01946768962127995, 0.99977298245856]]}