{"translation": [[3666.5655622999766], [2313.385592300445], [20.5500778]], "rotation": [[-0.8716368427751199, 0.48989414819188, 0.01589914234796], [-0.49012681943251996, -0.8714625711860199, -0.01812547247074], [0.004975945438840001, -0.02359142739806, 0.99970929999486]]}