{"translation": [[3657.89023010002], [2328.570615099743], [20.5930799]], "rotation": [[-0.8773892445328, 0.47967358468296, 0.010079282892079806], [-0.47977389525288, -0.87728668862786, -0.013612552513860048], [0.0023128381045598063, -0.016779282149819948, 0.9998565429539]]}