{"translation": [[3650.123128600011], [2342.0930454004556], [20.6696352]], "rotation": [[-0.87429217264802, 0.4850670790747799, 0.01798343313462], [-0.48532895086517996, -0.8741987872456399, -0.015250181623020002], [0.00832373242902, -0.022060992391380003, 0.99972197541838]]}