{"translation": [[3666.921600600006], [2312.7686784006655], [20.5511112]], "rotation": [[-0.8712018179841998, 0.4906020378464, 0.0178029539014], [-0.49089501073756003, -0.8709761684817998, -0.02055516348592], [0.00542154402608, -0.026647078149800003, 0.9996302016591601]]}