{"translation": [[3657.448921800009], [2329.3474620990455], [20.5928481]], "rotation": [[-0.8775949190650599, 0.47926431426807997, 0.011520815049559999], [-0.47938769347256, -0.8775044479251999, -0.01316196431572], [0.00380150724292, -0.01707381113684, 0.9998470050483]]}