{"translation": [[3667.4542782999924], [2311.8584025995806], [20.5504871]], "rotation": [[-0.8704554028521998, 0.4917478307891999, 0.0221729719702], [-0.4921634370224399, -0.8702557076537998, -0.020744460988080003], [0.009095110232080001, -0.028969851873, 0.99953890704476]]}