{"translation": [[3644.4000584000605], [2351.787206799723], [20.711526]], "rotation": [[-0.87141618710608, 0.49037858411512003, 0.01275081750568], [-0.49054286147848003, -0.87118273560528, -0.02020525929832], [0.0012000659639199995, -0.023862013579280004, 0.99971454132464]]}