{"translation": [[3676.3756839000853], [2296.853385400027], [20.5421668]], "rotation": [[-0.8663324909444002, 0.4991227448916, 0.0185643366756], [-0.49931178547944, -0.8663924620808002, -0.00720947053992], [0.01248558952008, -0.0155151898476, 0.99980167480984]]}