{"translation": [[3656.5365878000157], [2330.964061700739], [20.6003662]], "rotation": [[-0.8784046478494602, 0.47759670365188, 0.01751476960718], [-0.47783947235852, -0.8783340661117601, -0.014100028967320002], [0.008649690726580003, -0.02075477828372, 0.99974717906214]]}