{"translation": [[3653.7997855999856], [2335.75438129995], [20.6473826]], "rotation": [[-0.8775419120786601, 0.47912140311768003, 0.019049064817259806], [-0.47942291936016, -0.8774203118098001, -0.01694857123032005], [0.008593613212619807, -0.024005639943839953, 0.9996748866815]]}