{"translation": [[3647.7564556999714], [2346.1171053005382], [20.683399100000003]], "rotation": [[-0.8724155911932999, 0.48843886398832004, 0.017839713298759805], [-0.48869425054640003, -0.8723278918647399, -0.014890317380320052], [0.008289071580999806, -0.02170871287279995, 0.9997299750636001]]}