{"translation": [[3672.0369916000054], [2304.0954101001844], [20.5221995]], "rotation": [[-0.8639645999985001, 0.5032173103624, 0.0183781730263], [-0.50345241709064, -0.8639455866762, -0.01157306046352], [0.01005397522102, -0.0192512481292, 0.99976412571126]]}