{"translation": [[3720.6798022000585], [2227.6832544999197], [20.363241]], "rotation": [[-0.8541140682277201, 0.5200110869343598, 0.008794676821359804], [-0.5200823505365598, -0.8539284561618, -0.017895777860520053], [-0.00179597756484019, -0.019858994692879946, 0.99980117761692]]}