{"translation": [[3744.0225358000025], [2201.6918820003048], [20.316284]], "rotation": [[0.8617021800956, -0.50741300276828, 0.0011924139519600531], [0.5073605931394, 0.86164264169726, 0.012538379463779807], [-0.007389570934199947, -0.010199365275299807, 0.9999206804559]]}