{"translation": [[3691.7401915999944], [2272.1095157004893], [20.6507813]], "rotation": [[-0.83616404500978, 0.5479392550827598, 0.024333399661299996], [-0.5483084551767599, -0.83618778726728, -0.0121521262194], [0.0136886661659, -0.023503381231799996, 0.9996300372935001]]}