{"translation": [[3725.1786140999757], [2220.4796208003536], [20.3421447]], "rotation": [[-0.8568147445377001, 0.5154565173683201, 0.01315087365124], [-0.5156199105304, -0.85663344793576, -0.01775153478332], [0.0021153344629999994, -0.021990630392599998, 0.9997559389763]]}