{"translation": [[3745.426330199989], [2199.3780040992424], [20.3169169]], "rotation": [[0.8609477352618201, -0.5086826736460598, -0.003305441886299998], [0.5086707611210598, 0.8608299017538201, 0.015030911012099999], [-0.004800541041299998, -0.0146222104221, 0.999881565867]]}