{"translation": [[3695.489859500027], [2266.572148299776], [20.5913054]], "rotation": [[-0.8329900196661, 0.55293653894104, 0.019716768919979998], [-0.55319200063704, -0.8329802329756799, -0.01106715136616], [0.010304246888019999, -0.02012598599016, 0.99974435090958]]}