{"translation": [[3698.8875544000766], [2261.5613099997863], [20.5452702]], "rotation": [[-0.83537630430804, 0.54916009058076, 0.02386601059571981], [-0.5496174689446799, -0.8351426436120999, -0.02138607032954006], [0.008187147199559808, -0.030982593284419945, 0.9994863928655]]}