{"translation": [[3742.2304248000146], [2204.6572083001956], [20.3300995]], "rotation": [[0.86262674438204, -0.5058408548996399, -0.00036672863375999953], [0.50578114340976, 0.8625133114822, 0.01600711060692], [-0.0077807420343599994, -0.01399364617488, 0.9998718107461999]]}