{"translation": [[3702.3290371000185], [2256.3966935994104], [20.4974634]], "rotation": [[-0.8426518751152801, 0.53813748526284, 0.018597356366919754], [-0.5384071906572401, -0.8425464117354601, -0.015272146691939863], [0.007450621278119863, -0.02288205346965975, 0.99971040800382]]}