{"translation": [[3710.9652642], [2242.9846636997536], [20.3971317]], "rotation": [[-0.8500835997318599, 0.52611764806702, 0.02362934775344], [-0.52663048120274, -0.8495653160828999, -0.02998936682192], [0.00429673725008, -0.03793739904944, 0.999270880143]]}