{"translation": [[3743.1513204000657], [2203.1335591999814], [20.3226958]], "rotation": [[0.8622153860461401, -0.5065418204528999, -2.7881948339998543e-05], [0.5064824147633399, 0.86211342244774, 0.0153622570713], [-0.007757588583899999, -0.01325969604066, 0.99988199317244]]}