{"translation": [[3692.792207100021], [2270.5426574004814], [20.6367043]], "rotation": [[-0.8343379864146, 0.5507255009683, 0.024109947843300002], [-0.55113510061374, -0.8342658432333, -0.015822334593820004], [0.01140034531382, -0.0264890162847, 0.99958409555406]]}