{"translation": [[3691.2014052000013], [2272.9148132996634], [20.6584812]], "rotation": [[-0.8374046484305998, 0.5460747161264, 0.0235727505672], [-0.5464127134583999, -0.8374417565800198, -0.011147478570459998], [0.0136534513168, -0.022215402650459997, 0.99965997174942]]}