{"translation": [[3717.2617656000075], [2233.1004010997713], [20.3166067]], "rotation": [[-0.8516835871041003, 0.5239598026396401, 0.010059533843319809], [-0.52405115560276, -0.8516037585614403, -0.011892277376360056], [0.0023356615181198076, -0.015400167778759946, 0.9998786823999]]}