{"translation": [[3706.911078699981], [2249.314371900633], [20.4503807]], "rotation": [[-0.8487756862101, 0.52848848309404, 0.01673045622272], [-0.5287394540426, -0.8485570362324, -0.019639155055999998], [0.003817678246399999, -0.02551528776128, 0.99966714232806]]}