{"translation": [[3713.8213220000034], [2238.5213911999017], [20.3355196]], "rotation": [[-0.8503057431489599, 0.52591323596404, 0.019885991582439998], [-0.52620725965436, -0.8502326506496999, -0.014505202862919998], [0.009279240832839998, -0.02279801002012, 0.9996970273215]]}