{"translation": [[3741.7490966999903], [2205.453971700743], [20.329066]], "rotation": [[0.86274670263776, -0.5056363585968799, 1.9161945359999662e-05], [0.5055711609653599, 0.8626360658939001, 0.01602558685938], [-0.008119649156879998, -0.01381633449714, 0.9998715818539]]}