{"translation": [[3720.133348000003], [2228.5498211001977], [20.3605543]], "rotation": [[-0.85368852136, 0.5207201201297599, 0.008154122596319945], [-0.52078117706704, -0.8535281219370399, -0.016635365888639807], [-0.0017025968212799449, -0.01844793423743981, 0.9998283727164]]}