{"translation": [[3713.2658947000746], [2239.3915287004784], [20.3326885]], "rotation": [[-0.8503218859047399, 0.52596203679092, 0.01778946292604], [-0.52619895033316, -0.8502593584551399, -0.013172957838919998], [0.008197182731319998, -0.02056205254084, 0.9997549740657601]]}