{"translation": [[3744.946368600009], [2200.1656347997487], [20.3176123]], "rotation": [[0.8612444825846002, -0.5081883544570398, -0.0016009715729201914], [0.5081574290916397, 0.8611473817305202, 0.014185898407759946], [-0.005830435207279806, -0.013031072438840052, 0.9998980934050801]]}