{"translation": [[3714.423215000017], [2237.5811760006472], [20.3337516]], "rotation": [[-0.8505349132426001, 0.5254894288454199, 0.02124377345246], [-0.52581449662222, -0.8504763312265802, -0.014463801238340002], [0.010466751201139999, -0.02347225119274, 0.99966969572798]]}