{"translation": [[3710.3632964999997], [2243.9281272003427], [20.4063396]], "rotation": [[-0.85002119647264, 0.5263277382995197, 0.021056269243839944], [-0.5267240142982397, -0.8496893490976, -0.024292216254079808], [0.005105618425280059, -0.03173973701055981, 0.9994831273392]]}