{"translation": [[3689.196082199982], [2275.9508739998564], [20.6718032]], "rotation": [[-0.8427188373239398, 0.5379063638090998, 0.02195713205485975], [-0.5381511121498598, -0.8428203108935398, -0.006907583862299866], [0.014790279452099864, -0.01763740334113975, 0.9997350497487599]]}