{"translation": [[3716.1228674000013], [2234.902154300362], [20.3204747]], "rotation": [[-0.8509433446966402, 0.524991693444, 0.016713819132], [-0.525223320612, -0.8508207517847203, -0.015643453034320003], [0.006007779996000001, -0.02209017773432, 0.9997379309880801]]}