{"translation": [[3715.0230164999957], [2236.640756100416], [20.3277647]], "rotation": [[-0.8507162271743999, 0.5252044522726399, 0.021036699397119996], [-0.5255202566579199, -0.8506654749933599, -0.01403809364036], [0.010522321546239999, -0.02299764213692, 0.9996801434796001]]}