{"translation": [[3740.2281223000027], [2207.9585965992883], [20.335368]], "rotation": [[0.8629103258991, -0.50535577564428, -0.0011428815630601923], [0.5053114271185201, 0.8627997925964, 0.015390783442759948], [-0.006791743424459807, -0.013858377051640051, 0.99988090170974]]}