{"translation": [[3688.6890178999747], [2276.726622500457], [20.6695774]], "rotation": [[-0.8442919702938598, 0.5355148024047798, 0.01988262687246], [-0.5357011133159397, -0.8443917165234599, -0.005224923579980001], [0.013990698268580001, -0.015062504430659998, 0.99978866835084]]}