{"translation": [[3745.2776742000715], [2199.6240220991895], [20.3155857]], "rotation": [[0.86101400257244, -0.50857746248086, -0.0019612767981000002], [0.5085473561218999, 0.86090571170054, 0.014863940074860001], [-0.00587099068086, -0.013795462647300001, 0.99988760202054]]}