{"translation": [[3725.071162100008], [2232.577816900797], [20.3973576]], "rotation": [[0.86219719036076, -0.50654053166412, -0.005719742964719947], [0.50657262176328, 0.8621519660311601, 0.008842346941319808], [0.00045228091788005256, -0.010521311752079807, 0.9999445471871601]]}