{"translation": [[3710.142013299919], [2256.7112015001476], [20.5163024]], "rotation": [[0.8325455158768601, -0.5539428687278398, -0.003910451558519999], [0.5539431350140798, 0.83245508096216, 0.01286743251196], [-0.0038725465256399987, -0.01287889103332, 0.99990956469326]]}