{"translation": [[3718.2992162000155], [2243.652236700058], [20.4566799]], "rotation": [[0.862559459715, -0.5059478306208999, -0.0028257616542999996], [0.5059495281090999, 0.86250781411292, 0.009765213170499998], [-0.0025034466442999995, -0.009852769767499998, 0.99994832650892]]}