{"translation": [[3735.281686400005], [2216.056603900157], [20.355046100000003]], "rotation": [[0.8619235503672601, -0.5070370333091998, -0.0011205800355999986], [0.5069923086163999, 0.8618135551951801, 0.01536914514012], [-0.006826994245199999, -0.013815153691880001, 0.99988125979608]]}