{"translation": [[3732.257988700003], [2220.9445037003607], [20.3686811]], "rotation": [[0.86140794825518, -0.5079057526226, -0.0028439702953800003], [0.5078826175318, 0.8612797454357599, 0.0158884215054], [-0.00562036682238, -0.0151308156342, 0.9998697264595799]]}