{"translation": [[3715.0885420999257], [2248.929612000473], [20.4765369]], "rotation": [[0.861496876099, -0.5077175530038, -0.0067824738768], [0.5077621574232, 0.86144095602332, 0.0098515925686], [0.0008408739462000001, -0.0119309999176, 0.9999284695233199]]}