{"translation": [[3723.1330971000134], [2235.7454047007486], [20.4214264]], "rotation": [[0.86250340532856, -0.50602316726524, -0.0053340162163200006], [0.50603815278972, 0.8623572000252, 0.016293227135439996], [-0.00364492240096, -0.01675217956488, 0.9998530287216]]}