{"translation": [[3713.8582221000106], [2250.947885500267], [20.4896496]], "rotation": [[0.85897819875214, -0.5119688372209801, -0.006658863274979807], [0.5120112063823801, 0.85887916215742, 0.013079985139020053], [-0.000977386503420193, -0.014644834822379946, 0.9998922809537201]]}