{"translation": [[3728.7532568000024], [2226.606954299845], [20.3845462]], "rotation": [[0.8607576320787801, -0.50900387825512, -0.0033662637842599994], [0.50899507864112, 0.8606465834822, 0.01454129419496], [-0.0045044122522599995, -0.014229941636959998, 0.99988860330342]]}