{"translation": [[3726.225626099971], [2230.6971235005185], [20.3821996]], "rotation": [[0.86141839174556, -0.50786920449954, -0.00522008190938], [0.50789564058282, 0.8613849719391, 0.007613945877060001], [0.0006296118670600006, -0.00921004972062, 0.9999573883823001]]}