{"translation": [[3720.741483199992], [2239.645452599041], [20.4323462]], "rotation": [[0.86277235382136, -0.50558302849724, -0.0031088303391600004], [0.5055841026272401, 0.86270594535198, 0.011097976075820002], [-0.0029289419808400004, -0.011146802139180002, 0.99993358284438]]}