{"translation": [[3737.1730808999855], [2212.9694735994563], [20.3486159]], "rotation": [[0.8620555740831, -0.50681126356946, -0.0015896331295800004], [0.5067811224965401, 0.86196023246166, 0.01405162465894], [-0.00575132119658, -0.01291887741006, 0.999900007455]]}