{"translation": [[3731.9007376999944], [2221.5234275003895], [20.3710835]], "rotation": [[0.8612357218012001, -0.5081989005590398, -0.002623521951719999], [0.5081724429911999, 0.8611089013468001, 0.015880871673], [-0.005811504211799999, -0.015010375455720003, 0.99987044911984]]}