{"translation": [[3736.258190899971], [2214.4622032009065], [20.3499604]], "rotation": [[0.8619671396844601, -0.5069606437021598, -0.0018849772553199984], [0.5069341567719198, 0.8618697457608602, 0.014081879708239998], [-0.005514354006039998, -0.01309367691928, 0.99989906866776]]}