{"translation": [[3705.5048857000074], [2262.5714117996395], [20.5589865]], "rotation": [[0.7483889400902, -0.66324212408964, -0.00488527784552], [0.6632580542916, 0.7483479495094001, 0.0080054129274], [-0.0016536395877999998, -0.009231362406479999, 0.99995602274396]]}