{"translation": [[3709.7288555999985], [2257.3081261999905], [20.5175269]], "rotation": [[0.82726024573734, -0.5618130093859, -0.0025781663224799995], [0.5617944887950199, 0.8271727541655, 0.013122719591359999], [-0.0052399252256, -0.012304303909199997, 0.9999105696504]]}