{"translation": [[3712.6505109000136], [2252.882541500032], [20.4950007]], "rotation": [[0.8538154779847801, -0.5205364365188798, -0.006399685226339807], [0.5205755107963199, 0.85373813351628, 0.011504134246240055], [-0.0005246655322601913, -0.013153927239839946, 0.99991334571006]]}