{"translation": [[3738.9002523000236], [2210.140088200569], [20.3421223]], "rotation": [[0.8625545445253999, -0.5059610419326401, -0.0017527324147199996], [0.50592859375744, 0.86244785105918, 0.014830796350740003], [-0.00599216514288, -0.013679128196460003, 0.99988848148222]]}