{"translation": [[3726.9653648000094], [2229.498092100024], [20.386940600000003]], "rotation": [[0.86132436986592, -0.5080014841524799, -0.007403276608879807], [0.50805540978832, 0.86122915257342, 0.012807570567320053], [-0.00013034758232019234, -0.014792747476119947, 0.99989057282334]]}