{"translation": [[3706.4962519999826], [2261.467225400731], [20.5458312]], "rotation": [[0.768602422038, -0.63971871597672, -0.00319862074604], [0.63971500424008, 0.7685484973152, 0.00989295311064], [-0.00387041285844, -0.00964995337976, 0.99994594768536]]}