{"translation": [[3707.001892499975], [2260.8809350002557], [20.5408332]], "rotation": [[0.7786176584337201, -0.6274983732608198, -0.0005475715286599988], [0.6274585116026198, 0.7785577389294001, 0.01198455947494], [-0.007093976105059999, -0.00967496787634, 0.99992803265468]]}