{"translation": [[3713.042587300006], [2252.2575129009783], [20.4955494]], "rotation": [[0.85563097399932, -0.51753374435724, -0.007379161603319945], [0.5175862982331599, 0.8555502374163799, 0.011756163283539806], [0.00022903206612005398, -0.013878290436139806, 0.9999036656567]]}