{"translation": [[3727.6968690999784], [2228.323694500141], [20.3913536]], "rotation": [[0.8609119602270201, -0.50872899529596, -0.0050417049194], [0.50872780764804, 0.86072489015608, 0.0186733476852], [-0.0051601520278, -0.018640963851600002, 0.9998129261591]]}