{"translation": [[3736.5599751999835], [2213.9718524999917], [20.3485841]], "rotation": [[0.8619847437752001, -0.5069322926050399, -0.001392090441119947], [0.50689752263344, 0.86188608662342, 0.014396559506459806], [-0.006098257921679947, -0.013115261786939806, 0.99989539510278]]}