{"translation": [[3718.748049900052], [2242.9155882000923], [20.4553955]], "rotation": [[0.8626079124262, -0.5058507047832601, -0.00475770896718], [0.5058642590013, 0.862499188835, 0.0140172256291], [-0.0029871038487000005, -0.014498124690820001, 0.99989043478604]]}