{"translation": [[3715.4745986000053], [2248.292838600464], [20.4771873]], "rotation": [[0.86176504272846, -0.5072391907205, -0.008332517667919807], [0.50730617908558, 0.8616855633339, 0.011766347571440053], [0.0012116579811998068, -0.014366964564399948, 0.9998960557109999]]}