{"translation": [[3721.540108400106], [2238.3405999001116], [20.4238035]], "rotation": [[0.86272148448406, -0.50565741306108, -0.00471075101724], [0.5056701077672401, 0.86261193402416, 0.014084165408519998], [-0.00305821343892, -0.01453279811196, 0.99988971646166]]}