{"translation": [[3728.0413464999874], [2227.763692700304], [20.3891165]], "rotation": [[0.86072156785998, -0.50905628853982, -0.0044823051106399475], [0.50905156858402, 0.8605605622187, 0.017379086045839806], [-0.004989637581039947, -0.017240278643439806, 0.99983892518972]]}