{"translation": [[3731.207148800022], [2222.6399589003995], [20.3767805]], "rotation": [[0.8611843838095802, -0.5082760215913198, -0.004115908696159998], [0.5082729720701198, 0.8610514323852001, 0.01578018994896], [-0.004476683158559998, -0.01568165830256, 0.99986701360662]]}