{"translation": [[3725.8393472000025], [2231.3379230005667], [20.3848475]], "rotation": [[0.8614886782902, -0.5077704149616399, -0.00254699371608], [0.50776963569864, 0.8614390307353201, 0.00963419464604], [-0.0026978787549199997, -0.00959303568696, 0.99995034632988]]}