{"translation": [[3724.2935693999752], [2233.838221900165], [20.3999372]], "rotation": [[0.8621153260080601, -0.50668045085656, -0.0056661488282799995], [0.50671057115512, 0.8620865224709601, 0.00715854164356], [0.0012576177492400003, -0.00904258583612, 0.99995832415406]]}