{"translation": [[3719.5196701000095], [2241.6468940004706], [20.4443581]], "rotation": [[0.8626570182458999, -0.5057641266003, -0.0050529843116998065], [0.50578258395582, 0.8625506570380399, 0.013797005377100052], [-0.002619575002260193, -0.014457794943819947, 0.9998920491754999]]}