{"translation": [[3721.125718299998], [2239.019852500409], [20.4277405]], "rotation": [[0.86276822050454, -0.5055889939826599, -0.003282864996659999], [0.5055846003374598, 0.86267424864812, 0.01331776931982], [-0.003901274227139999, -0.01314991413078, 0.99990592548742]]}