{"translation": [[3724.6984271000256], [2233.178043199703], [20.3991735]], "rotation": [[0.8621786705558401, -0.50656415430392, -0.006377823024239946], [0.50659991294856, 0.8621552801657401, 0.006691792950619806], [0.002108851034480052, -0.009000525914459805, 0.9999572707241401]]}