{"translation": [[3650.467326500104], [2260.167008999735], [20.8401424]], "rotation": [[-0.5137523650064801, -0.8578713202278401, -0.010733931203039903], [0.85793049486656, -0.5137613260535201, -0.0021160641547198255], [-0.0036993683985601, -0.010296100234079827, 0.999940150704]]}