{"translation": [[3683.809132799972], [2274.523602500558], [20.701003600000004]], "rotation": [[0.10504216503964003, -0.9943664749386001, -0.014194716749160001], [0.99445761131484, 0.10496582321413994, 0.006022305155700002], [-0.0044984178762, -0.01474863992334, 0.99988111386374]]}