{"translation": [[3633.2182782000746], [2231.800651700236], [20.8639458]], "rotation": [[0.5160989810113201, 0.8562668641881197, 0.02118775781244], [-0.8565271494046798, 0.5159908612666202, 0.01070959455514], [-0.0017624188968400015, -0.02367510034374, 0.99971815203894]]}