{"translation": [[3636.7182883999776], [2233.9861332001165], [20.8422122]], "rotation": [[0.5151389591826199, 0.8568702444786002, 0.0201317327935], [-0.8571043727886002, 0.51505022596812, 0.009767737291800001], [-0.0019991710144999994, -0.022286737588200004, 0.9997496209894999]]}