{"translation": [[3685.7772992000682], [2274.276923599653], [20.695308]], "rotation": [[0.18109742349551983, -0.9833680128659199, -0.013819626599839872], [0.9834536599332799, 0.18100961451311992, 0.007370604567039844], [-0.004746532530559873, -0.014925760281439843, 0.99987733852464]]}