{"translation": [[3627.963841299992], [2228.5122337993234], [20.891854100000003]], "rotation": [[0.5174682621620401, 0.85547478827644, 0.019735905174759996], [-0.85570166373716, 0.5173606761015002, 0.010612030002620001], [-0.0011322575428400015, -0.022379435352579996, 0.9997489079151]]}