{"translation": [[3643.733805499971], [2238.3464044993743], [20.7998397]], "rotation": [[0.51270290799438, 0.85831897587774, 0.0205979283718], [-0.8585660177737401, 0.5125654493443801, 0.011877042414599998], [-0.00036349575540000137, -0.0237740753882, 0.999717290646]]}