{"translation": [[3658.665345299989], [2265.3298577992246], [20.8039809]], "rotation": [[-0.5141089087141195, -0.8575559975321198, -0.01701360464468], [0.8576782646009197, -0.5141864166723396, 0.00021211342057999953], [-0.008930065927479998, -0.014483150818779997, 0.9998552356407799]]}