{"translation": [[3635.806148200063], [2233.4188211001456], [20.8458273]], "rotation": [[0.5153344154947802, 0.8567742609888199, 0.019193423542259995], [-0.8569883221996198, 0.5152370190270001, 0.01009511998966], [-0.0012399248733400026, -0.021650901625259997, 0.99976482288822]]}