{"translation": [[3653.531484599982], [2262.09245570004], [20.8153156]], "rotation": [[-0.5140452903761998, -0.85769209336868, -0.01103462588344], [0.85775389673672, -0.5140567602321999, -0.001987572996759999], [-0.003967698137239999, -0.01048669568056, 0.99993714131804]]}