{"translation": [[3656.513666800107], [2263.97104460001], [20.8068021]], "rotation": [[-0.5145070767214803, -0.85734842205922, -0.01537201215678], [0.85746684696138, -0.5145332750461803, -0.0025025580072200017], [-0.005763846570820001, -0.01446857377338, 0.99987871187334]]}