{"translation": [[3637.561145499989], [2234.5095832999796], [20.8385209]], "rotation": [[0.51488070613262, 0.85700039015716, 0.0211720518517599], [-0.8572578561532399, 0.51479687661368, 0.009654530570079825], [-0.0026253709621600965, -0.023120838381279825, 0.9997292304903]]}