{"translation": [[3694.181052699976], [2271.4104732004926], [20.6470455]], "rotation": [[0.48359409607829995, -0.87524744916852, -0.008866167605040002], [0.87529103304204, 0.4835861586334399, 0.00316079411932], [0.001521078630480001, -0.00928901863844, 0.9999556992431]]}