{"translation": [[3664.9986736000283], [2269.187833099626], [20.7415062]], "rotation": [[-0.48769858951402, -0.8729624231629599, -0.00932253446748], [0.8729949610709599, -0.48772826029354, 0.001076186540039999], [-0.005486332851479999, -0.007613670482039999, 0.9999559651204799]]}