{"translation": [[3662.9092427999713], [2267.9501509005204], [20.7645409]], "rotation": [[-0.5037143185145995, -0.8638301812550397, -0.008334216873319998], [0.8638423047222799, -0.5037522899081994, 0.0032029490966400003], [-0.006965184140159998, -0.00558607766692, 0.99996014018076]]}