{"translation": [[3664.2876597000286], [2268.773285800591], [20.748049]], "rotation": [[-0.4940071803507998, -0.8694148444746801, -0.00864999471604], [0.86943613396948, -0.4940407336241798, 0.00215659684226], [-0.006148426605559998, -0.00645524351234, 0.99996026255238]]}