{"translation": [[3689.0959348999895], [2273.499224599451], [20.6794904]], "rotation": [[0.3055972101520599, -0.95209958489706, -0.01081017942822], [0.9521608857424201, 0.3055732400335598, 0.003844090970339999], [-0.000356654783340001, -0.01146777275778, 0.99993417933286]]}