{"translation": [[3679.789431900019], [2274.545377800241], [20.7086961]], "rotation": [[-0.0589852072668996, -0.9981292626266999, -0.01607754019469985], [0.9982405557875399, -0.059073693574899666, 0.005085113142779865], [-0.006025362347219852, -0.015749307380699865, 0.99985781703916]]}