{"translation": [[3665.6524585000006], [2269.5637492993847], [20.7365973]], "rotation": [[-0.48093427283489987, -0.87669537206414, -0.010364919917079999], [0.8767418955054201, -0.4809611392599399, 0.00011374451684000031], [-0.005084843078359999, -0.00903265595332, 0.9999462763052]]}