{"translation": [[3670.401023500017], [2272.0158080989495], [20.7208823]], "rotation": [[-0.3925679610877201, -0.91959174166078, -0.01553181223686], [0.9196733992747799, -0.3926660577729001, 0.0037441048191400005], [-0.00954186503986, -0.01281437957214, 0.9998723640898199]]}