{"translation": [[3697.1794029999874], [2269.628483599983], [20.6197724]], "rotation": [[0.5660584323842999, -0.82431430955882, -0.009153248185259824], [0.8243527140759, 0.56607594745374, 0.0007976708088200933], [0.004523902239499823, -0.007997033174099907, 0.9999577899941999]]}