{"translation": [[3697.794836200075], [2269.2182015003636], [20.6185973]], "rotation": [[0.5802567081893402, -0.8143718646747398, -0.010028884268379999], [0.8144223138563798, 0.5802695313901403, 0.0018776385496599994], [0.00429035969374, -0.009257259847819999, 0.99994794661964]]}