{"translation": [[3675.070285200025], [2273.7202415997162], [20.7142516]], "rotation": [[-0.24908999671943988, -0.96830679659224, -0.01833501149192], [0.9684126870447199, -0.2492517647207999, 0.007104702659439999], [-0.01144956523016, -0.01598614720088, 0.99980665659]]}