{"translation": [[3659.413362500025], [2265.7947092000395], [20.7996573]], "rotation": [[-0.5135205242645805, -0.8579318829083602, -0.015807162595899902], [0.8580388972936401, -0.5135850086791205, 2.335415620017319e-05], [-0.0081383555545001, -0.013551166134999827, 0.9998750587402999]]}