{"translation": [[3651.209307399986], [2260.633009799756], [20.83404]], "rotation": [[-0.5137950010084203, -0.8578467893789001, -0.01065476134656], [0.8579050101483001, -0.5138040654585003, -0.0020777219956000003], [-0.0036920928325600007, -0.0102082965552, 0.99994107782892]]}