{"translation": [[3657.9725530000287], [2264.8935440005735], [20.8039258]], "rotation": [[-0.5143357445156002, -0.8574351332615998, -0.016248537017999998], [0.8575488695390397, -0.5144027732936002, -6.313141872000237e-05], [-0.008304159131280001, -0.013966383995999998, 0.9998679818274401]]}