{"translation": [[3663.628866999992], [2268.381008800119], [20.7533555]], "rotation": [[-0.49898347878227967, -0.8665810254878799, -0.0072591859082799986], [0.8665902900098799, -0.4990123085170597, 0.00280478522038], [-0.006052997296279999, -0.004891198617379999, 0.99996971824022]]}