{"translation": [[3700.115175400104], [2267.5316092995927], [20.611432]], "rotation": [[0.63259300154694, -0.77438361442168, -0.01249280026308], [0.77448071766792, 0.63255730363974, 0.00712976282108], [0.0023812399673200004, -0.014185671380520001, 0.99989654285424]]}