{"translation": [[3687.7872505999985], [2273.8617165992036], [20.6866676]], "rotation": [[0.2575627473815001, -0.9662008706280999, -0.0108289646383], [0.9662544306827, 0.2575016437890201, 0.00672579696886], [-0.0037099951060999997, -0.01219584996286, 0.9999187452865199]]}