{"translation": [[3683.115882800019], [2274.5746248001233], [20.7014897]], "rotation": [[0.07734567877526022, -0.9969147526536598, -0.013370089921739998], [0.9969922313363399, 0.07727151030950019, 0.00597844032738], [-0.004926866956739999, -0.013792281727619999, 0.9998927437294]]}