{"translation": [[3698.3556386000128], [2268.8272162005305], [20.6180121]], "rotation": [[0.59310862858086, -0.80502471215642, -0.012542177558400001], [0.8051040058047001, 0.5931284297559, 0.0024787805492000005], [0.00544364194808, -0.01156794421056, 0.9999182713686]]}