{"translation": [[3634.0571430000127], [2232.326332700439], [20.8572352]], "rotation": [[0.51577868737742, 0.8564803665809799, 0.0203406289222599], [-0.8567208130958199, 0.51566992208142, 0.010676785495339826], [-0.0013445936486600977, -0.022933098381739826, 0.9997360977148401]]}