{"translation": [[3681.1314195999876], [2274.6121597997844], [20.7065094]], "rotation": [[-0.003630168073800011, -0.9998702571939999, -0.0156886461538], [0.99998341097708, -0.003699571335240015, 0.004397032101199999], [-0.00445450445944, -0.01567242481108, 0.9998672574246]]}