{"translation": [[3692.2817295999266], [2272.322073900141], [20.6608145]], "rotation": [[0.4202060363453999, -0.9073737348572399, -0.00998762874967983], [0.9074255540636, 0.4202081128253998, 0.0019915235766001065], [0.0023898261833998303, -0.009899880050319892, 0.99994813920636]]}