{"translation": [[3693.5352641000063], [2271.7362983999774], [20.6512978]], "rotation": [[0.46250457557552005, -0.88656621565056, -0.00948285465528], [0.8866134185138401, 0.46250638832998003, 0.0021327350075400005], [0.0024950704540800004, -0.00939402546594, 0.9999527623415]]}