{"translation": [[3680.4872996999766], [2274.588675400242], [20.708258800000003]], "rotation": [[-0.02999960450627992, -0.99942301136744, -0.01592148030348], [0.99953936767884, -0.030068340614759936, 0.0040954606042400005], [-0.004571831799280001, -0.01579128514764, 0.9998648576905199]]}