{"translation": [[3661.513305999979], [2267.0974480994046], [20.7796045]], "rotation": [[-0.50972742720768, -0.86027653153312, -0.01011677653152], [0.86030248036128, -0.5097761419084801, 0.00283502213152], [-0.007596193670080001, -0.00725839924512, 0.99994480521984]]}