{"translation": [[3673.0846962999785], [2273.090590500273], [20.713648899999995]], "rotation": [[-0.3171939676973804, -0.94820598479582, -0.01712862825183984], [0.94831020140882, -0.3173116951305004, 0.004587231051759881], [-0.00978475407783984, -0.014788210917759882, 0.9998427713418799]]}