{"translation": [[3674.373786800017], [2273.518624099903], [20.7145751]], "rotation": [[-0.274040621473, -0.96155969002512, -0.017460918713159843], [0.9616529274846, -0.27418839973636, 0.006674721897119879], [-0.011205722815199841, -0.014962198063799878, 0.9998252669494]]}