{"translation": [[3675.7681380999275], [2273.9015707997605], [20.713829500000003]], "rotation": [[-0.22287605214514006, -0.9746669264791399, -0.018724885539899996], [0.9747846323353, -0.22303761093604002, 0.0070084376261399985], [-0.011007246418139998, -0.016690717861499997, 0.9998001102516599]]}