{"translation": [[3634.965905399993], [2232.8946155998856], [20.8521165]], "rotation": [[0.5155130132602801, 0.8566623365862002, 0.01939130231444], [-0.8568809597206001, 0.5154117770379001, 0.0102844222257], [-0.001184229319560002, -0.021917790647899997, 0.9997590750166201]]}