{"translation": [[3701.567168199981], [2273.486594900489], [20.585264]], "rotation": [[0.50066085043448, 0.86538335610848, 0.02122055898512], [-0.8656418867676801, 0.5004621674265599, 0.014201941417280001], [0.0016700378763200002, -0.02547976132448, 0.99967394319608]]}