{"translation": [[3710.5150708999718], [2279.0078557999805], [20.514192]], "rotation": [[0.5131837001223001, 0.85801019136902, 0.021468108860060002], [-0.8582740749951799, 0.5131026878989999, 0.009545789861260003], [-0.002824957043540001, -0.023324266758140002, 0.99972396096566]]}