{"translation": [[3694.436735000054], [2269.2170144002885], [20.628681]], "rotation": [[0.49783008912427995, 0.8671099846324, 0.016896161507600004], [-0.8672738382123999, 0.49770961162878, 0.0110106950665], [0.0011381015876000006, -0.020135054117500002, 0.9997966214795]]}