{"translation": [[3721.494472999999], [2285.7508835997432], [20.4857536]], "rotation": [[0.49817557803799994, 0.86682769961456, 0.020754458860079997], [-0.8670578537576, 0.49817774445679996, 0.005433976509599999], [-0.005629086862799998, -0.02070239223792, 0.9997698356610399]]}