{"translation": [[3690.041407099983], [2266.5731643000618], [20.6397963]], "rotation": [[0.5003564959246201, 0.8656282179049399, 0.0182000460111399], [-0.86581791019234, 0.5002856275179001, 0.008585663752419828], [-0.001673229888260101, -0.020053817557219827, 0.9997975018642801]]}