{"translation": [[3690.8906687999843], [2267.085976900533], [20.638739]], "rotation": [[0.49988244800376014, 0.8659122296029199, 0.01770809211504], [-0.8660926990191599, 0.49980125637086015, 0.009064687794079998], [-0.0010013031316800005, -0.019868127319839998, 0.99980210787926]]}