{"translation": [[3662.8786136999843], [2250.146885400638], [20.7151529]], "rotation": [[0.5065548529406001, 0.8619541107605999, 0.0209111681394], [-0.8621986450928398, 0.5065118386511, 0.007696671538619997], [-0.003957576293879999, -0.021928367372099997, 0.99975171131974]]}