{"translation": [[3651.551863199973], [2243.1925330990925], [20.7622753]], "rotation": [[0.51010342905518, 0.8599838959078201, 0.014902698626959827], [-0.8601061638463801, 0.5099536598663801, 0.0128277688154401], [0.0034319907666401743, -0.019361392473839903, 0.99980666025056]]}