{"translation": [[3656.768091099919], [2246.3976536998525], [20.7421193]], "rotation": [[0.50870937748998, 0.86069382134002, 0.020515437728239827], [-0.8609296228217801, 0.5086667251347801, 0.0076364461721601], [-0.003862877944639829, -0.0215470802965599, 0.99976037203376]]}