{"translation": [[3723.3553140999866], [2286.8590410994366], [20.4802184]], "rotation": [[0.49371590256517994, 0.86941148791878, 0.019187458916799998], [-0.86960253675222, 0.49373605535237997, 0.004002758334], [-0.005993494717999998, -0.0186616900368, 0.9998078911985601]]}