{"translation": [[3670.6541225999827], [2254.8836232004687], [20.6839906]], "rotation": [[0.5037661457674201, 0.8635939939836199, 0.0206204139724599], [-0.8638287808479799, 0.50373839405222, 0.006898208556859825], [-0.004430044657660099, -0.021287589295659826, 0.99976357870364]]}