{"translation": [[3732.8016520999954], [2292.2980492999777], [20.4784825]], "rotation": [[0.47180690885304, 0.8814662082352399, 0.02038782746408], [-0.88167580527652, 0.47184485996399994, 0.0032095979836399974], [-0.006790740704559999, -0.01948976317468, 0.9997869948204]]}