{"translation": [[3657.6707831000094], [2246.9535169005394], [20.7404252]], "rotation": [[0.5083977882647002, 0.8608747913826997, 0.020647336502199996], [-0.8611152605801797, 0.5083447988640601, 0.0081304072658], [-0.0034967039867600004, -0.021913217202679997, 0.9997537616773999]]}