{"translation": [[3675.880605400016], [2258.0372245991603], [20.6698976]], "rotation": [[0.5011719130963799, 0.8651276358853401, 0.01951494096714], [-0.8653162563899401, 0.5012185209735001, 0.0027778473135800005], [-0.007378056709460002, -0.01827877555638, 0.99980570643612]]}