{"translation": [[3727.1064003001084], [2289.0564412996173], [20.4802561]], "rotation": [[0.48463860289542005, 0.87451298435466, 0.018776656436920003], [-0.87469281389014, 0.48466618451477994, 0.00335692714476], [-0.006164735257320001, -0.01805070153796, 0.9998180675742]]}