{"translation": [[3666.351506099978], [2252.267390499823], [20.7047724]], "rotation": [[0.5053349676487799, 0.8626557513128, 0.021484898105619828], [-0.8629172477000001, 0.50526770926976, 0.008851058472800101], [-0.0032202083033798286, -0.023012438835999904, 0.9997299924999801]]}