{"translation": [[3683.817730400013], [2262.819915499538], [20.6471266]], "rotation": [[0.5004336882659001, 0.8656070605554599, 0.017046226904319898], [-0.86576579488122, 0.5004216652771001, 0.0052705618617598276], [-0.0039680661318401, -0.017395606490879827, 0.99984081099776]]}