{"translation": [[3682.9005312999943], [2262.266906999983], [20.647357100000004]], "rotation": [[0.5005150751402999, 0.8655426977980399, 0.017901805681379897], [-0.86571488402316, 0.50051357134764, 0.004886847490039825], [-0.004730321229020099, -0.017943800771159826, 0.9998278072083]]}