{"translation": [[3691.739622300025], [2267.598373300396], [20.6362342]], "rotation": [[0.49947814935830004, 0.8661635109334801, 0.01680582999675983], [-0.8663265234632401, 0.4993811203663, 0.0098456418385201], [0.00013542004652017207, -0.019477018419239902, 0.99981029572976]]}