{"translation": [[3688.201121799997], [2265.4624362001196], [20.644924300000003]], "rotation": [[0.50058533898892, 0.8654849833485, 0.01870871747598], [-0.8656817181087001, 0.50054195859004, 0.007270814344499999], [-0.0030717167380200014, -0.0198354583287, 0.99979853927212]]}