{"translation": [[3660.2413909999887], [2248.5346025992185], [20.7326114]], "rotation": [[0.5075299987767801, 0.86131179892672, 0.023566803929319903], [-0.8616290545107201, 0.5074311910448601, 0.010443547088319828], [-0.0029633833346801013, -0.025606254752319826, 0.9996677138680801]]}