{"translation": [[3682.0560203000205], [2261.758329000324], [20.6506755]], "rotation": [[0.5003299941827, 0.86563256234214, 0.01871241168607973], [-0.8658196041954601, 0.50033236844046, 0.004891267587359926], [-0.005128384633119929, -0.018648820895039726, 0.9998129430782]]}