{"translation": [[3698.8526457999833], [2271.8598891003057], [20.6089165]], "rotation": [[0.4974664781407202, 0.8672655577127198, 0.019430286289519996], [-0.8674761680504798, 0.49724753282552014, 0.015164743607120001], [0.003490198347279998, -0.02439926206792, 0.99969620111024]]}