{"translation": [[3728.923394700105], [2290.1016327003017], [20.4818883]], "rotation": [[0.48044171987927986, 0.8767681224916001, 0.021294185109], [-0.8769993880716002, 0.48047665877477985, 0.003779263177599997], [-0.006917821835, -0.0204907025424, 0.9997661100795]]}