{"translation": [[3705.1353389999713], [2275.6591659002006], [20.5501332]], "rotation": [[0.50872371272246, 0.8607149184997801, 0.01923608702744], [-0.8609287296984601, 0.5086320180446999, 0.00975737979648], [-0.0013857676595200007, -0.021524710279439998, 0.9997673561894]]}