{"translation": [[3692.6602609999827], [2268.1533430004492], [20.632896]], "rotation": [[0.4987029503077999, 0.8666219745337, 0.016176665842299827], [-0.8667724584765399, 0.49859612043659995, 0.010362326600780099], [0.0009145977242201739, -0.0191892115876999, 0.99981545179916]]}