{"translation": [[3722.3863799999817], [2286.283494600095], [20.482466]], "rotation": [[0.49609042599949993, 0.8680448587527999, 0.019807268897899827], [-0.8682520639432, 0.49610053114751995, 0.004746781219360098], [-0.005705976405099825, -0.019552536060639898, 0.99979254854798]]}