{"translation": [[3757.7096432999824], [2315.9096042998135], [20.5388193]], "rotation": [[-0.40950513994929993, -0.91208265706484, -0.020268548573119723], [0.912304657531, -0.4094612824371999, -0.00645887414959994], [-0.0024081584175999395, -0.021136032966879725, 0.9997737088416601]]}