{"translation": [[3733.8494968999876], [2304.429845900275], [20.5352465]], "rotation": [[-0.43123725119043965, -0.9020999096444201, -0.015821784246579894], [0.90223164206018, -0.43123669338393966, -0.0036222915570198293], [-0.003555264069980105, -0.01583698046541983, 0.99986826640326]]}