{"translation": [[3747.1992534999736], [2300.0272292001173], [20.4605836]], "rotation": [[0.4436393847990001, 0.8960419920234999, 0.017110088024899828], [-0.8961999948750998, 0.4436218025826201, 0.005017547496620104], [-0.0030944737084998286, -0.017560043495619893, 0.99984102190262]]}