{"translation": [[3711.3627196999732], [2292.7535190992057], [20.622201800000003]], "rotation": [[-0.4971960564229, -0.86752435905276, -0.01405438598998], [0.8676377386791599, -0.49714719361747994, -0.007027100205240001], [-0.0008909181618200002, -0.01568796250884, 0.99987653942558]]}