{"translation": [[3740.2684860000154], [2307.619516299106], [20.5206282]], "rotation": [[-0.42443236382408045, -0.90531876841572, -0.015974117878920002], [0.90545687511612, -0.42440895804706047, -0.004995996614020002], [-0.0022565887345200016, -0.01658433693158, 0.9998599239810201]]}