{"translation": [[3735.3078523000004], [2305.1607965994626], [20.5328518]], "rotation": [[-0.42977523047300037, -0.9027948408415203, -0.01596729022764], [0.9029315915319602, -0.4297613763842003, -0.004464091745520001], [-0.0028319641312799983, -0.016335925179960003, 0.99986254932844]]}