{"translation": [[3717.938498399977], [2296.3453542999923], [20.5851795]], "rotation": [[-0.4438600189803601, -0.8959745144718202, -0.01475916945801983], [0.8960959361366202, -0.4438086909145801, -0.006767512669580105], [-0.0004867294307798293, -0.016229461028779896, 0.99986817515022]]}