{"translation": [[3743.1736077999813], [2309.0333549007773], [20.5124177]], "rotation": [[-0.4208195801012198, -0.9070132071224201, -0.01542965377256], [0.9071430856857802, -0.4207874488724197, -0.005431028181759998], [-0.0015665894550399963, -0.01628238557864, 0.99986620591536]]}