{"translation": [[3751.075130500016], [2302.01243459899], [20.4682518]], "rotation": [[0.4386546683430004, 0.8985148992769396, 0.015906323182419996], [-0.8986512248496197, 0.43863952253324034, 0.0046150564213399995], [-0.0028304445076600005, -0.016318653340419997, 0.9998628356558]]}