{"translation": [[3725.016584499972], [2299.9571470990777], [20.5749531]], "rotation": [[-0.4365113596756801, -0.8995093534613199, -0.01846359224508], [0.8996942778181198, -0.4364824924029601, -0.00577828806448], [-0.0028614094998800016, -0.019133875384319998, 0.99981283606872]]}