{"translation": [[3740.4743640000233], [2296.5005162991583], [20.4748821]], "rotation": [[0.4549436643347201, 0.89023699211856, 0.022458982317599827], [-0.89051538316656, 0.4548798173487202, 0.008170058703200107], [-0.0029428501079998316, -0.023716985035999897, 0.99971438135]]}