{"translation": [[3759.8025334000704], [2316.897791900672], [20.541930800000003]], "rotation": [[-0.41040666625993993, -0.9116894668636801, -0.019717370706], [0.9119001198912002, -0.4103605963932999, -0.006514804335799998], [-0.0021517528096799982, -0.02065399096876, 0.9997843680667999]]}