{"translation": [[3734.577174999984], [2304.7964626001194], [20.5337998]], "rotation": [[-0.4306725015753001, -0.9023731603069401, -0.015618936225380001], [0.9024993212295801, -0.4306810001290001, -0.00298773036806], [-0.004030730863540001, -0.01538281217042, 0.9998735531581401]]}