{"translation": [[3748.2082054999773], [2300.5463837003335], [20.4625884]], "rotation": [[0.44231408459333976, 0.8966972550391001, 0.01709523449891983], [-0.8968542466405802, 0.4423002284126998, 0.004788725801560105], [-0.0032671883917998286, -0.017450054939399898, 0.9998423981069999]]}