{"translation": [[3763.222259000002], [2318.5228292997926], [20.5576921]], "rotation": [[-0.4127381696964999, -0.9106140376781, -0.020722033586500002], [0.9108461162675001, -0.4126942418632199, -0.006552879234019997], [-0.002584719091899999, -0.02157920594998, 0.99976380066428]]}