{"translation": [[3712.5086791000213], [2293.41966790054], [20.6131118]], "rotation": [[-0.4824558694320197, -0.87583532410752, -0.01219078049784], [0.8759200638316799, -0.48241567386081974, -0.006241428452239999], [-0.0004145609445599984, -0.01368936439336, 0.99990621031616]]}