{"translation": [[3749.0660446999827], [2311.8497812999412], [20.511871300000003]], "rotation": [[-0.41359957724595964, -0.9102636471201799, -0.0188512834085], [0.9104555630206999, -0.4135648816385997, -0.0058859914512999975], [-0.0024384255861799996, -0.01959770043074, 0.9998049730838]]}