{"translation": [[3739.471998599998], [2295.9627562006935], [20.4745337]], "rotation": [[0.45716699643701997, 0.88913528057216, 0.02089757427538], [-0.8893734672634399, 0.45713258691247993, 0.006674736347839999], [-0.0036182173145799974, -0.02163721838344, 0.9997593406655]]}