{"translation": [[3718.5413970000227], [2296.6539551997557], [20.5824041]], "rotation": [[-0.44195257123272014, -0.8969262862481201, -0.01418977935412], [0.8970385062654801, -0.44189415695442014, -0.0071875127198200005], [0.0001762894197199997, -0.015905316697780003, 0.99987348691686]]}