{"translation": [[3744.3315907000797], [2298.538913900964], [20.4583285]], "rotation": [[0.44794841747021996, 0.8938626578673401, 0.0187548031018], [-0.89405593793966, 0.44790641692998, 0.0066181560326], [-0.002484673799000003, -0.019732435855, 0.9998022091212]]}