{"translation": [[3734.7128076999797], [2293.363941599615], [20.478995]], "rotation": [[0.4675359365428401, 0.88373134796774, 0.02071457569597983], [-0.88395647816282, 0.4675461541254001, 0.004645369939940103], [-0.005579761744659828, -0.020482660154779897, 0.9997746380606001]]}