{"translation": [[3753.480783100007], [2313.9256197996438], [20.5228957]], "rotation": [[-0.40945318377087936, -0.9121541371588796, -0.017966542239039995], [0.9123265615060797, -0.4094336160764994, -0.004922953882559999], [-0.002865614520639998, -0.018407073867839997, 0.99982646887838]]}