{"translation": [[3746.2694142999826], [2299.545929499902], [20.4597108]], "rotation": [[0.4450234589689398, 0.8953372372938402, 0.01804007192466], [-0.8955130300877603, 0.4450035311509998, 0.005325591250319998], [-0.003259696772939998, -0.01852513142088, 0.9998230813058999]]}