{"translation": [[3714.2864140999736], [2294.411075900309], [20.6032537]], "rotation": [[-0.46627589586664, -0.88454956259076, -0.01260692170304], [0.88463937964956, -0.46622569436801997, -0.00684427514988], [0.00017643007984000092, -0.014343899385479999, 0.9998971054203799]]}