{"translation": [[3736.6296460999292], [2294.418770599179], [20.4763277]], "rotation": [[0.46327682524493996, 0.88597265106126, 0.02066553649978], [-0.88619863536142, 0.46327867429164005, 0.004986809244539999], [-0.005155726030139999, -0.02062404311398, 0.99977400813534]]}