{"translation": [[3732.514174400072], [2303.7565732998773], [20.5434274]], "rotation": [[-0.4319640925551399, -0.9017420999613799, -0.01636814136396], [0.90188418012854, -0.4319585559783399, -0.0040545904309200005], [-0.00341416583388, -0.01651360732644, 0.99985781199916]]}