{"translation": [[3749.8360989000066], [2312.213505900465], [20.5151834]], "rotation": [[-0.41265232006600017, -0.910691669837, -0.01894583508199989], [0.91088435327276, -0.4126254845613001, -0.005486700551319832], [-0.0028208403576801093, -0.01952156268259983, 0.99980545681526]]}