{"translation": [[3746.111331299995], [2310.446124599315], [20.5080049]], "rotation": [[-0.4172050774486802, -0.9086655613630401, -0.01633874796372], [0.9088111043259601, -0.41716789519812014, -0.0057842551361599985], [-0.0015600468132800005, -0.01726205510484, 0.9998497825782]]}