{"translation": [[3752.7819777000695], [2313.5975684998557], [20.5186455]], "rotation": [[-0.40970899890388, -0.91204163262302, -0.01784723256318], [0.91221199917898, -0.40968831203907996, -0.00496816507122], [-0.00278062973382, -0.01831596223578, 0.99982838208204]]}