{"translation": [[3742.400821499992], [2297.5246892999858], [20.4674775]], "rotation": [[0.4509974071223002, 0.8922813380195599, 0.020862891373519828], [-0.89252224587484, 0.45093290217776016, 0.007966554255160106], [-0.002299354903279833, -0.022213491175239894, 0.9997506057687]]}