{"translation": [[3726.997286500002], [2300.963910200633], [20.5628162]], "rotation": [[-0.4352728067248801, -0.90018112772368, -0.014550708938959999], [0.90029227950352, -0.4352739748892801, -0.003252747340960002], [-0.00340548188344, -0.01451572213264, 0.99988884208184]]}