{"translation": [[3757.0476479000063], [2315.597969800234], [20.5340467]], "rotation": [[-0.4092920444467596, -0.91220018250082, -0.01925004418061989], [0.91239978187598, -0.4092577581739596, -0.005868578782019828], [-0.002524913493420107, -0.01996570133321983, 0.99979747726284]]}