{"translation": [[3745.339727700106], [2299.063794700429], [20.4590967]], "rotation": [[0.44644298439776, 0.8946139240385601, 0.018831409065679892], [-0.89480718087568, 0.4464114405056, 0.006080148845439828], [-0.0029671711085601047, -0.01956491944767983, 0.9998041857456]]}