{"translation": [[3761.1800930000027], [2317.5518869999796], [20.5489969]], "rotation": [[-0.41120209366217975, -0.9113094882669202, -0.020681065452319833], [0.91154089779428, -0.41115515520417967, -0.006669460853480106], [-0.00242518493247983, -0.021594134721319894, 0.99976387802264]]}