{"translation": [[3721.7628107999917], [2298.2985193999484], [20.5746699]], "rotation": [[-0.4384965692149, -0.8985791919347001, -0.016626119365], [0.8987329897110201, -0.43842301600314004, -0.008031529634599998], [-7.230663363999926e-05, -0.01846423800652, 0.9998295188252]]}