{"translation": [[3752.0824702000245], [2302.524627299048], [20.4713671]], "rotation": [[0.43746557575470013, 0.8991056725248798, 0.015261384225739999], [-0.8992323961098398, 0.4374434897520001, 0.0049336849728799995], [-0.0022400896094200012, -0.01588184795416, 0.99987136618446]]}