{"translation": [[3729.7627775999717], [2302.3649657005444], [20.5524819]], "rotation": [[-0.4335833382779406, -0.9009795850910202, -0.01553378783256], [0.9011095552721401, -0.43356792530610055, -0.004521735311120003], [-0.0026609608151200006, -0.01595819357544, 0.9998691191087999]]}