{"translation": [[3731.794623999973], [2303.392397700809], [20.547176500000003]], "rotation": [[-0.4322914709572001, -0.90158018094396, -0.016652076920920002], [0.90172991923308, -0.4322710299415401, -0.004993959532859999], [-0.0026957552980400017, -0.01717452185562, 0.9998488729331]]}