{"translation": [[3729.0542621000204], [2302.0061827003956], [20.5531211]], "rotation": [[-0.4339933394980001, -0.9007990579129602, -0.014511446917279831], [0.9009116568934402, -0.43398462325864007, -0.003908555649760106], [-0.0027769231220798277, -0.014769820475359895, 0.9998870641632001]]}