{"translation": [[3731.1333040000172], [2303.057730300352], [20.5480649]], "rotation": [[-0.43271626570959976, -0.90137903238688, -0.01650197551624], [0.9015263771615201, -0.4326944175080998, -0.005057091463539999], [-0.0025819575270399986, -0.01706525315774, 0.9998510442128601]]}