{"translation": [[3740.961845099984], [2307.9588021999225], [20.5188664]], "rotation": [[-0.42357414437992, -0.90571863974524, -0.016085346242439895], [0.9058587668347601, -0.42354943466177997, -0.005081287075179831], [-0.0022107225775601074, -0.01672335336481983, 0.9998577109583]]}