{"translation": [[3735.9837016999954], [2305.499835100025], [20.5327767]], "rotation": [[-0.42917617079284, -0.90306259903798, -0.016905965213099894], [0.9032160046727001, -0.42915988056129994, -0.004764539483699831], [-0.002952684220020106, -0.01731456474113983, 0.9998457318555]]}