{"translation": [[3709.9282008999726], [2245.631241599098], [20.393402]], "rotation": [[-0.86328744663186, 0.5045215427622598, 0.013898776291679946], [-0.5047084986022199, -0.86306811110386, -0.019574105228959807], [0.002120031204960054, -0.023912905419679806, 0.99971179771004]]}