{"translation": [[3698.1810173999984], [2273.423080900684], [20.6350986]], "rotation": [[-0.9997817230770601, -0.018342019112719998, 0.009996641162840002], [0.018130830449840003, -0.9996187089049001, -0.020822250234279804], [0.010374752376279998, -0.0206364593011598, 0.9997332149336]]}