{"translation": [[3699.5005099999835], [2280.5523029007018], [20.6611751]], "rotation": [[-0.9224997950360199, -0.38599160331897997, 0.0022161651348400393], [0.38586000057562, -0.9223083645436199, -0.021439255603639802], [0.01031935930395996, -0.0189225762595598, 0.99976769650136]]}