{"translation": [[3701.2693704999983], [2283.967810500413], [20.6601709]], "rotation": [[-0.8254650997007994, -0.5643997018617599, -0.007787512110319809], [0.5644483945135998, -0.8253209324060994, -0.015609870923400057], [0.0023830101828001913, -0.01728104966667994, 0.99984783172734]]}