{"translation": [[3698.3524454999715], [2270.453247799538], [20.6142674]], "rotation": [[-0.9947558061176998, 0.10194243028144001, 0.00828729755062], [-0.10209116501752, -0.9945715997166398, -0.02011912659344], [0.00619131793274, -0.02085967731848, 0.9997632426983001]]}