{"translation": [[3698.6427954000537], [2268.5860676998273], [20.5993193]], "rotation": [[-0.9855912368515599, 0.1689154044109, 0.008813121157899801], [-0.1690388246621, -0.9854809645817799, -0.015915882154220014], [0.0059967248308998005, -0.017176312194219983, 0.9998344931062201]]}