{"translation": [[3715.7975048000226], [2236.140334200114], [20.283459]], "rotation": [[-0.8592738676894601, 0.5113937341368401, 0.01115475579224], [-0.51151515268276, -0.8590895290389001, -0.01780419334112], [0.00047798236184000073, -0.021004509281920002, 0.9997792666736001]]}