{"translation": [[3702.1213444999885], [2258.9412599997595], [20.503692800000003]], "rotation": [[-0.8997667675465802, 0.43627703351432, 0.00906509936936], [-0.43637119316408, -0.8995683824876802, -0.01889362269224], [-8.817703015999954e-05, -0.02095560139496, 0.99978040338974]]}