{"translation": [[3698.3096775999875], [2275.7202537991107], [20.6462241]], "rotation": [[-0.9918625155705998, -0.12703461005668, 0.008440074024359999], [0.12683657229188, -0.9917038710752198, -0.02088522916926], [0.01102319967324, -0.01964476306686, 0.99974625400062]]}