{"translation": [[3701.170837500016], [2260.902466999367], [20.5209022]], "rotation": [[-0.9177086415712199, 0.39716182562706, 0.00857596928913996], [-0.39725440586974, -0.91749469750098, -0.019814914836419804], [-1.321880339959225e-06, -0.021591157853979803, 0.9997668837918]]}