{"translation": [[3701.9146015999722], [2284.8938164003193], [20.6613964]], "rotation": [[-0.7908539459609998, -0.6119022295857, -0.0112103178619], [0.6120049095300999, -0.7907219339341798, -0.01444948265466], [-2.2573649700000954e-05, -0.01828820018434, 0.99983275662582]]}