{"translation": [[3698.8129602000117], [2278.47544379998], [20.6556445]], "rotation": [[-0.9619399823321599, -0.27324821707487984, 0.0025715958451200294], [0.2731405684636798, -0.9617544332928799, -0.0205516611316798], [0.00808894919807997, -0.019067060112479804, 0.9997854850367199]]}