{"translation": [[3698.240825300105], [2271.6640132004395], [20.6223807]], "rotation": [[-0.9983897042021801, 0.05589036723080001, 0.0097121146555], [-0.056086066280800005, -0.9982007653646802, -0.021204833554], [0.0085094940755, -0.021715401164, 0.9997279779375]]}