{"translation": [[3705.6235089999973], [2288.7501360988244], [20.646674]], "rotation": [[-0.6318392868168999, -0.7750192951673199, -0.011159578835439818], [0.77509220787964, -0.63170471436114, -0.013474106939320083], [0.00339313508408018, -0.01716316963435991, 0.9998469444236]]}