{"translation": [[3713.928970800014], [2239.1424355003983], [20.3027662]], "rotation": [[-0.8600655242988802, 0.51002663199192, 0.012665469098639947], [-0.51018292847352, -0.8598465224644002, -0.019432519200039806], [0.000979256193840053, -0.023174942659159807, 0.99973094537048]]}