{"translation": [[3698.255702800001], [2275.1777199003845], [20.6456127]], "rotation": [[-0.9949363192457, -0.10015497313788, 0.00840508873854], [0.09995614982772, -0.9947607296074, -0.021443004982439996], [0.010508676061739998, -0.02049428473524, 0.9997347408253401]]}