{"translation": [[3712.1467572000693], [2242.0092951999977], [20.3372057]], "rotation": [[-0.86200992986674, 0.50671630350868, 0.01330880556906], [-0.5068895854608401, -0.8616471549480399, -0.02503566105372], [-0.0012184820530199997, -0.02832708830004, 0.99959796483166]]}