{"translation": [[3702.829525100009], [2257.6042975997552], [20.4923495]], "rotation": [[-0.8883800558343999, 0.45897625575336, 0.01104469229968], [-0.45910670494704, -0.88819638013466, -0.01812556028634], [0.0014906528904800008, -0.021173075299739996, 0.9997747140599]]}