{"translation": [[3718.1110498000053], [2232.426448499784], [20.2740703]], "rotation": [[-0.8582233624825, 0.51327439376714, -0.0014948086469800531], [-0.5132409023062601, -0.85819441697284, -0.009289592801659807], [-0.006050946188179946, -0.007205347843059807, 0.9999557335287]]}