{"translation": [[3703.028042300022], [2286.2505780998617], [20.657195]], "rotation": [[-0.7358295790592801, -0.6770807944756398, -0.01078330808547974], [0.6771641683511598, -0.7356903970444202, -0.014428451386339886], [0.0018360507378801117, -0.01791895254645974, 0.9998377568603001]]}