{"translation": [[3698.212933700008], [2274.5830680001527], [20.6428098]], "rotation": [[-0.9973973006377, -0.07167864214634, 0.007791799665220008], [0.07149811761886, -0.9972111823143401, -0.0213960803287398], [0.009303712104619994, -0.0207832946505398, 0.9997407141822]]}