{"translation": [[3698.189101100026], [2272.857326099649], [20.630108]], "rotation": [[-0.9999133755122599, 0.006489293870879999, 0.01145181850476], [-0.00672729762624, -0.99975960481786, -0.020868388782279996], [0.011313644357880001, -0.020943620717959997, 0.99971664295664]]}