{"translation": [[3703.409046899993], [2286.6666044006124], [20.65478]], "rotation": [[-0.7183051822554399, -0.69564049013536, -0.011049639504919998], [0.6957260297820801, -0.7181722530303999, -0.013929370248639997], [0.0017542897756400002, -0.017693059545919997, 0.9998419265676]]}