{"translation": [[3700.181181300024], [2282.0788749000058], [20.660409100000003]], "rotation": [[-0.8845063984296997, -0.46651925827116, -0.00281326316052], [0.46649101921956, -0.8843450372763197, -0.017879756943239997], [0.005853355873319999, -0.01712712418884, 0.99983618649062]]}