{"translation": [[3707.6003387999954], [2290.290667099878], [20.6368147]], "rotation": [[-0.5730791216141798, -0.8194255935503, -0.011046343762739906], [0.8194948774331, -0.5729755704489998, -0.011275913936699822], [0.002910487363739907, -0.015514412942099822, 0.99987540826582]]}