{"translation": [[3700.4281423001084], [2282.5490345004946], [20.6602818]], "rotation": [[-0.8709580351372201, -0.49135186848482, -0.0023903646945601428], [0.49131070983342, -0.8707972014705001, -0.018063548039439756], [0.006794034874639756, -0.01690700154575986, 0.9998339834257199]]}