{"translation": [[3707.719735999999], [2249.265846000053], [20.4232594]], "rotation": [[-0.8646213024673998, 0.5022217208557199, 0.014260093492439998], [-0.50241144077292, -0.8644528708965799, -0.01743508029546], [0.003570902711159998, -0.022239175909859996, 0.99974630167318]]}