{"translation": [[3717.1893684000243], [2233.895293700509], [20.272110100000003]], "rotation": [[-0.8586118077265007, 0.5126216259189401, 0.0022540489134199463], [-0.51258585135886, -0.8584798604355607, -0.01638055735513981], [-0.006461972066979947, -0.01521993143133981, 0.9998632889663]]}