{"translation": [[3699.2349724000087], [2266.0711224004626], [20.5896587]], "rotation": [[-0.9672659057170598, 0.25359247465948, 0.009358901860579999], [-0.25373594054091997, -0.9670559448765599, -0.020516738542519997], [0.00384769096598, -0.022219830752919997, 0.99974570486894]]}