{"translation": [[3709.154249300016], [2291.37018049974], [20.6353006]], "rotation": [[-0.53780082463698, -0.8429554355067, -0.014018832962779825], [0.8430715975811, -0.53771000541156, -0.009917274492300097], [0.0008217542092201751, -0.017152397238099904, 0.99985254912942]]}