{"translation": [[3705.6045367000625], [2252.7801885996014], [20.4552382]], "rotation": [[-0.8686584863213802, 0.49524288160586, 0.012924794174099807], [-0.49540446832414003, -0.8684895550124202, -0.017333018522700052], [0.0026409941678998067, -0.02145947309129995, 0.9997662307662]]}