{"translation": [[3747.129333699995], [2202.5983373997733], [20.2849193]], "rotation": [[0.85572971346584, -0.5174077921107998, -0.003977079347320192], [0.5174018152623199, 0.8555995935887001, 0.015642250612239943], [-0.004690635390199808, -0.015443286696400051, 0.9998697429267001]]}