{"translation": [[3724.150538299931], [2240.147894700058], [20.3821277]], "rotation": [[0.86231287496358, -0.5063758671972999, -0.00010411778039999889], [0.5063041340397, 0.8621872222935, 0.0170100452192], [-0.0085237066256, -0.014720696458799998, 0.99985531330608]]}