{"translation": [[3719.52943699999], [2230.1701202001423], [20.3038562]], "rotation": [[-0.8576882490429599, 0.5141457278114, 0.00499207419168], [-0.51416254609332, -0.8575833058344, -0.01369790251924], [-0.0027615985016, -0.0143152684878, 0.9998937176796]]}