{"translation": [[3746.4966026999755], [2203.602677400224], [20.2789258]], "rotation": [[0.8561701696508001, -0.51668976574368, -0.0020820294447599997], [0.5166685232712, 0.8560810855541601, 0.01337237050932], [-0.0051269807514, -0.0125247438306, 0.9999084182392001]]}