{"translation": [[3746.0509859999875], [2204.3106752997264], [20.2829367]], "rotation": [[0.85656819360088, -0.5160240114268799, -0.0031875973780799995], [0.5160133501123199, 0.85646274495968, 0.014205648355679999], [-0.00460039693872, -0.01381294936848, 0.99989401377656]]}