{"translation": [[3720.8367088000523], [2245.581152200699], [20.3993659]], "rotation": [[0.86193193342304, -0.5070161277776799, 0.0028253489953600002], [0.50692857503656, 0.8618644402272, 0.01459797103912], [-0.00983647472528, -0.011150207190160001, 0.9998894522096]]}