{"translation": [[3720.422771600017], [2228.746587100439], [20.3160415]], "rotation": [[-0.8571558328675599, 0.5150246444132, 0.005812069515839999], [-0.51505174823584, -0.8570387485978599, -0.014372416179899998], [-0.0024209800091999994, -0.01531291463766, 0.99987981953814]]}