{"translation": [[3729.333031499933], [2231.6196748996153], [20.3621004]], "rotation": [[0.86291980707422, -0.5053309986433999, -0.0031598790039399473], [0.505308578027, 0.8627770852236, 0.01670145646299981], [-0.005713492590939948, -0.016008731546199806, 0.99985552782038]]}