{"translation": [[3733.8446413999773], [2224.2132222997025], [20.348111]], "rotation": [[0.86368178859324, -0.5040338244655199, -0.00191057259532], [0.5040001442657199, 0.86356555299852, 0.015439192877519999], [-0.00613197138888, -0.01429747849228, 0.99987898318572]]}