{"translation": [[3738.9966968999943], [2215.7648809002712], [20.3188074]], "rotation": [[0.86210618765484, -0.5067214612438999, -0.0025059143025399997], [0.50670402553546, 0.8620076807300401, 0.0139207238077], [-0.0048938121955, -0.01327089899054, 0.99989996191644]]}