{"translation": [[3738.034598500002], [2217.336235700175], [20.3253174]], "rotation": [[0.8627813507045601, -0.50556868740304, -0.002936638179160193], [0.50555944426256, 0.8626877662592001, 0.013395779195679948], [-0.004239085179559807, -0.013042273609120053, 0.9999059601996001]]}