{"translation": [[3746.266282900062], [2203.96803320013], [20.2804831]], "rotation": [[0.8563658997515, -0.5163629054830801, -0.0026040899375599467], [0.51634669849836, 0.8562698792869601, 0.013710086312879807], [-0.004849576597479946, -0.013085463611759806, 0.9999026213783]]}