{"translation": [[3726.61565890006], [2236.1036247005686], [20.3750697]], "rotation": [[0.86251425158, -0.5060238600415599, 0.003000201088919807], [0.5059550754314, 0.8624705740319001, 0.012407775191999948], [-0.008866215829799807, -0.009183915757920052, 0.99991851962934]]}