{"translation": [[3748.670135400025], [2200.167540299706], [20.2836389]], "rotation": [[0.8542496360623801, -0.5198401296138598, -0.0048801436761199985], [0.51984494067254, 0.8541039389326202, 0.01636203061284], [-0.0043374896446799985, -0.01651417668724, 0.999854223459]]}