{"translation": [[3724.575701199996], [2239.4504724005237], [20.3834982]], "rotation": [[0.86234275248396, -0.5063244417516599, -0.0007332668631399994], [0.50624955595634, 0.8621884080822, 0.01850775028398], [-0.008738712115140001, -0.016331240352019997, 0.9998284480349999]]}