{"translation": [[3733.1102188000223], [2225.419177901], [20.3507174]], "rotation": [[0.86366580474732, -0.5040620249291401, -0.0016934302749400006], [0.5040226771963401, 0.8635451717499001, 0.01583957714442], [-0.006521775340740001, -0.014533628473820002, 0.99987311200158]]}