{"translation": [[3736.685083999997], [2219.5464874999598], [20.3316056]], "rotation": [[0.8635032729801202, -0.5043321496504998, -0.0033440933884599467], [0.5043229837132999, 0.8633901951303, 0.014686784283099809], [-0.004519759971459946, -0.014368589456499808, 0.99988655126918]]}