{"translation": [[3739.950828299974], [2214.2058082995936], [20.3135827]], "rotation": [[0.86138887637424, -0.50794191173136, -0.002052195400000193], [0.5079190410352, 0.86129436225264, 0.013793579732639947], [-0.0052387931006398075, -0.012923985246400054, 0.99990275809584]]}