{"translation": [[3740.8709553999943], [2212.704492099583], [20.307412]], "rotation": [[0.8606694985719601, -0.5091605954377401, -0.0018749877925400003], [0.50913220787746, 0.860568660651, 0.014352299977220002], [-0.00569406950774, -0.01330720354918, 0.999895242471]]}