{"translation": [[3723.233674100018], [2224.279146700166], [20.3075421]], "rotation": [[-0.8565751169372998, 0.5159040932423199, 0.011039991854760001], [-0.5160219028259999, -0.8564016670055399, -0.017246053718319998], [0.0005573582042000006, -0.0204694196508, 0.9997903241148]]}