{"translation": [[3722.087102700025], [2243.529389599338], [20.3947285]], "rotation": [[0.862117431815, -0.5067081479725001, 0.0006208014485], [0.5066257757803, 0.86199813053772, 0.01701602535686], [-0.0091572884179, -0.014355298053859999, 0.9998550242337201]]}