{"translation": [[3744.87313610001], [2206.19507420063], [20.2885486]], "rotation": [[0.8575409310151602, -0.5144062479870598, -0.0031236302854201915], [0.5143899431938198, 0.8574213312551601, 0.015219738656739945], [-0.005150861611739806, -0.014658312849580054, 0.99987929395676]]}