{"translation": [[3747.343327599985], [2202.2586772004142], [20.2853059]], "rotation": [[0.85553397412718, -0.51772659548466, -0.00456088132596], [0.51772717166574, 0.85539205726862, 0.016217715228119996], [-0.00449500051164, -0.016236098548919997, 0.9998580819718]]}