{"translation": [[3736.354469700076], [2220.089201300405], [20.3319004]], "rotation": [[0.86362852802366, -0.50412036298266, -0.002899036577860193], [0.5041074158088601, 0.8635249484255799, 0.014154715132379949], [-0.004632290293339807, -0.013685841596220053, 0.99989561435708]]}