{"translation": [[3745.12305330002], [2205.794246200472], [20.2876152]], "rotation": [[0.8573142856752001, -0.51478348940856, -0.00319196940152], [0.5147685710917601, 0.8571956021551801, 0.015133801001460001], [-0.00505448834808, -0.01461754934834, 0.9998803825510201]]}