{"translation": [[3732.3675145999878], [2226.6372972996905], [20.3542766]], "rotation": [[0.86358585758838, -0.50419676272818, -0.00225286233428], [0.50416569823502, 0.86346194478678, 0.015824126356680002], [-0.0060332128645199995, -0.014801307583480002, 0.99987225265116]]}