{"translation": [[3722.297233599995], [2225.7681702002883], [20.3190528]], "rotation": [[-0.85676019839634, 0.51557800501064, 0.01187788641096], [-0.51571471769016, -0.8565191276112, -0.02032523092672], [-0.0003056044858399994, -0.023539452069119997, 0.9997228619835]]}