{"translation": [[3732.7552993000136], [2226.0021719001234], [20.3515741]], "rotation": [[0.86360184875238, -0.5041717237016, -0.0016409230895399998], [0.5041335791603999, 0.8634859505592001, 0.015534487568799998], [-0.00641513614454, -0.014242856485199998, 0.9998779860778201]]}