{"translation": [[3737.041859899997], [2218.9639961002395], [20.3300783]], "rotation": [[0.8633079443324001, -0.50466889320344, -0.0029499871294800003], [0.50465287547848, 0.8631932878919, 0.014927288740559999], [-0.00498692917044, -0.014375566446479998, 0.9998842301124601]]}