{"translation": [[3740.2693883000175], [2213.685467599891], [20.3115333]], "rotation": [[0.8611276735772001, -0.5083847016966399, -0.002036434892680192], [0.5083628248116798, 0.8610363245735001, 0.013553904078759947], [-0.005137152493639806, -0.012706889749480052, 0.99990606790446]]}