{"translation": [[3735.289270500012], [2221.840669600293], [20.33698]], "rotation": [[0.8637361388070399, -0.5039421163776, -0.0014841109396801933], [0.5039178519916799, 0.8636568872716, 0.012788910219239948], [-0.005163108415199807, -0.011794113844200054, 0.9999171171532]]}