{"translation": [[3725.3826488999766], [2238.1147864004597], [20.3925098]], "rotation": [[0.8623949202936, -0.50620349429876, -0.00574488786892], [0.50621563849628, 0.86220253358774, 0.01877493844796], [-0.00455068332284, -0.019099563650680003, 0.9998072303807]]}