{"translation": [[3734.570167500002], [2223.018550400622], [20.3406664]], "rotation": [[0.8637933817302, -0.5038406820794799, -0.0023511657592399987], [0.5038227518603597, 0.86369884424454, 0.013671443061580002], [-0.004857530915719999, -0.01299387275666, 0.9999037771910999]]}