{"translation": [[3748.840276999981], [2199.8987122001126], [20.2822676]], "rotation": [[0.8541413214263001, -0.5200170757590798, -0.0049818643541399985], [0.5200282367577198, 0.8540143106606002, 0.01517119511244], [-0.0036346978037399983, -0.015549054809159999, 0.9998724997941401]]}