{"translation": [[3728.567716200021], [2232.894442299381], [20.3614194]], "rotation": [[0.86284714898998, -0.50545801852092, 0.00263913542298], [0.50535652404348, 0.8627584930040799, 0.01620315967788], [-0.010466954168580001, -0.01264714551828, 0.99986523719806]]}