{"translation": [[3743.6351266999845], [2208.192835599184], [20.2918843]], "rotation": [[0.85853045494104, -0.51275850020784, -0.0020419066554000003], [0.5127357600335999, 0.8584380486754399, 0.01364360445884], [-0.00524302402716, -0.012760408475800001, 0.99990483680624]]}