{"translation": [[3710.4367841000203], [2262.328437999822], [20.4996385]], "rotation": [[0.8590579466245999, -0.5117961832033, -0.009172872097900001], [0.5118548914117, 0.8590522562026199, 0.0058156371272600005], [0.004903556047099999, -0.009691148322740002, 0.99994101665798]]}