{"translation": [[3677.5506708999746], [2318.256054099649], [20.5874022]], "rotation": [[0.88766849335758, -0.46048300895546, -0.00018380575727999955], [0.46037297485434003, 0.88744751336142, 0.02221766082496], [-0.01006773782912, -0.01980653660016, 0.9997531404000001]]}