{"translation": [[3687.9396966000204], [2299.510508599691], [20.574911]], "rotation": [[0.87623712939992, -0.481660816551, -0.014538147615079999], [0.4818700292946, 0.8760155682115, 0.0199500878865], [0.0031264683390799996, -0.0244865052321, 0.99969527170742]]}