{"translation": [[3701.3053626000183], [2277.1346330000088], [20.621425]], "rotation": [[0.86331428440716, -0.5045959158291801, -0.00844991692606], [0.5046437145586601, 0.8633136815238, 0.00491952022282], [0.00481255898498, -0.00851128963766, 0.9999521974686]]}