{"translation": [[3705.6978960999986], [2269.984116400592], [20.5597273]], "rotation": [[0.86166685864974, -0.5074509793206601, -0.0048687288366], [0.5074729468653001, 0.86164728622694, 0.00592777897084], [0.0011870694291599999, -0.0075785189966, 0.99997057802264]]}