{"translation": [[3688.926751500054], [2297.791506400332], [20.5924974]], "rotation": [[0.87400118253948, -0.48566360464728003, -0.01589911735632], [0.48590777671152, 0.8737699910547799, 0.020484655955619997], [0.0039435191095199985, -0.02562911858342, 0.99966374191526]]}