{"translation": [[3683.9849704999942], [2306.5513016004115], [20.5533488]], "rotation": [[0.8827572198514801, -0.4697313969002998, -0.009598298652659997], [0.4698292990196998, 0.8825891092502002, 0.017231245389099998], [0.00037729774734000104, -0.019720567970899997, 0.99980545951772]]}