{"translation": [[3673.5805972000235], [2325.579079700634], [20.5947531]], "rotation": [[0.88713028304076, -0.46140843397582, 0.010106355622820001], [0.46101385931121996, 0.88697098348748, 0.02736268369642], [-0.02158941617942, -0.01961509602518, 0.99957448206428]]}