{"translation": [[3714.1607320000185], [2256.375402599573], [20.4649041]], "rotation": [[0.8595298011964401, -0.5110507664969, -0.0059684454667], [0.5110853432797, 0.85948282330262, 0.00900198596822], [0.0005293042878999994, -0.01078786028978, 0.9999416692498201]]}