{"translation": [[3675.0494911000133], [2322.8590455995873], [20.597234]], "rotation": [[0.8883670691922201, -0.45911306525828, 0.0043734493111000005], [0.45890861847428, 0.88818925916472, 0.022862702003], [-0.0143810166455, -0.018303457651400006, 0.9997290481715]]}