{"translation": [[3681.9940640000277], [2310.133876199834], [20.5466371]], "rotation": [[0.88457950968966, -0.46627213078426, -0.0104594143597], [0.4663857043523, 0.88443959871846, 0.01584232502474], [0.00186388590074, -0.0188919173269, 0.9998197944639601]]}