{"translation": [[3682.5153247999842], [2309.197984199971], [20.5446014]], "rotation": [[0.88405317705008, -0.46732272232312, -0.0077116909944], [0.46738634368112, 0.88393098694358, 0.0146980579977], [-5.21332811999997e-05, -0.0165982037889, 0.9998622389775]]}