{"translation": [[3691.908518799988], [2292.705200600438], [20.5980359]], "rotation": [[0.8683735083771, -0.49569446558047997, -0.01464351883356], [0.49586097902975995, 0.8683259825501399, 0.01148317904552], [0.007023199170920001, -0.01723283836824, 0.9998268369755999]]}