{"translation": [[3719.946115800005], [2247.0293004997075], [20.407194600000004]], "rotation": [[0.8616622497836399, -0.5074615559457599, 0.004576898608640001], [0.50742942605056, 0.8616676684582201, 0.006649674976619999], [-0.00731821984944, -0.0034073210009799995, 0.99996741638142]]}