{"translation": [[3717.3440314999316], [2251.239575199783], [20.438352]], "rotation": [[0.86062056436412, -0.50921970114224, -0.005248215150639755], [0.5092461703621599, 0.86058937661318, 0.00736657538437986], [0.0007653529470398597, -0.009012459710179754, 0.9999590940663]]}