{"translation": [[3692.4270665000076], [2291.8358068000525], [20.6044848]], "rotation": [[0.86786085654572, -0.49658193453062, -0.014964023624380002], [0.49676069430961994, 0.8677984004252399, 0.01244004986902], [0.006808251921620001, -0.01822977096802, 0.99981064365452]]}