{"translation": [[3698.3912746999995], [2281.930097299628], [20.6555133]], "rotation": [[0.8646212553748399, -0.50224139459714, -0.013553000998219999], [0.5023910873291799, 0.8645594295724399, 0.01184084652754], [0.00577041204266, -0.017046754160379998, 0.9998380421540399]]}