{"translation": [[3708.554637800029], [2265.356540599838], [20.5201488]], "rotation": [[0.86014598941934, -0.5100039900644999, -0.006695526106199806], [0.5100393452612999, 0.86013358551782, 0.0054867492610800525], [0.002960783168999807, -0.008134386904919947, 0.99996253205752]]}