{"translation": [[3689.919751700014], [2296.081041400321], [20.5983748]], "rotation": [[0.87187117317998, -0.48952485529948, -0.014355736929039999], [0.48970554725091997, 0.87176670182808, 0.01453644893624], [0.0053989008538399995, -0.019703994519439997, 0.99979128046406]]}