{"translation": [[3697.4028007999295], [2283.5622725002468], [20.6525909]], "rotation": [[0.8650357310944, -0.501544473078, -0.012896167222799999], [0.5016734595525599, 0.8649977697692001, 0.01012837326508], [0.006075325891920001, -0.0152310698686, 0.99986554341656]]}