{"translation": [[3682.993307399971], [2308.336172099225], [20.5457455]], "rotation": [[0.8836322057199, -0.46812199960504003, -0.00747677678022], [0.4681817019792, 0.8835177629591999, 0.014221116062], [-5.135272009999976e-05, -0.01606672636128, 0.99987092049366]]}