{"translation": [[3684.5011263000197], [2305.6234552003443], [20.5511272]], "rotation": [[0.88208819508942, -0.47099202255353995, -0.009323496937519951], [0.47108404275974, 0.88193542358814, 0.016423461686159803], [0.0004874026648800491, -0.018879092338959805, 0.99982165524972]]}