{"translation": [[3713.7193575000274], [2257.085040300153], [20.469334]], "rotation": [[0.8594414618707, -0.51119452206282, -0.00636866274444], [0.51123360132042, 0.8593927185483801, 0.00918617605436], [0.0007772600216399998, -0.011150854788439999, 0.9999375252063201]]}