{"translation": [[3709.4964012000128], [2263.840136299841], [20.5153023]], "rotation": [[0.8595461655819802, -0.5109783498669999, -0.009028116432119999], [0.5110436393769998, 0.8595206074577602, 0.007662616527000001], [0.0038444208178800006, -0.011200134237, 0.99992988625078]]}