{"translation": [[3717.767145400052], [2250.5542636998], [20.4417075]], "rotation": [[0.8608270398091801, -0.5088552290901998, -0.006571492091079946], [0.5088976564653998, 0.8607536689496601, 0.011239118837799808], [-6.264795907994555e-05, -0.013019154188599807, 0.99991524526448]]}