{"translation": [[3707.607597999973], [2266.8865297995508], [20.5323172]], "rotation": [[0.860662829694, -0.5091473265098398, -0.00533969969712], [0.5091704866178399, 0.86065304414072, 0.00466605527696], [0.00221991944112, -0.00673471769104, 0.99997485745328]]}