{"translation": [[3696.8865912000183], [2284.4161102008075], [20.6503973]], "rotation": [[0.8651804446757401, -0.5012802136012399, -0.01345252265734], [0.5014262461656399, 0.86512408007052, 0.01149219352372], [0.00587729275994, -0.016688268563479998, 0.99984346732422]]}