{"translation": [[3706.6550516000134], [2268.4316480001435], [20.5487459]], "rotation": [[0.8611404059699, -0.50833147448536, -0.006026272433019947], [0.5083646227772001, 0.8611132464158, 0.007027792133199807], [0.001616855124100053, -0.009115459462479807, 0.99995714617134]]}