{"translation": [[3686.480358599976], [2302.0832874001935], [20.5531849]], "rotation": [[0.87905370344526, -0.47659829516072, -0.01089304405552], [0.47671915043751995, 0.87890649190638, 0.01619373332728], [0.0018560616987200003, -0.01942808386952, 0.99980953416288]]}