{"translation": [[3688.45343100006], [2298.6160044008866], [20.586596]], "rotation": [[0.8750797353334, -0.48373954240974, -0.015216165508019998], [0.48396989792046, 0.87482171882894, 0.021450361013459998], [0.0029350452145799994, -0.02613494193534, 0.9996541153691]]}