{"translation": [[3720.393286400009], [2246.302554900758], [20.3997117]], "rotation": [[0.8619376462030199, -0.50699434049438, 0.0044995785612399995], [0.5069392128774199, 0.8619287823690199, 0.00956148599884], [-0.00872593535284, -0.00596039209724, 0.9999441643330399]]}