{"translation": [[3662.2367254000856], [2314.856106299907], [20.5081399]], "rotation": [[-0.87250620305604, 0.48856642581962, 0.005947323488740001], [-0.48855712759366005, -0.87219422715684, -0.02426439211862], [-0.00666754619558, -0.02407644511334, 0.99968788556796]]}