{"translation": [[3648.089793100022], [2339.444436600432], [20.6211051]], "rotation": [[-0.8804579668475199, 0.4740576168941598, 0.007935161434399998], [-0.47411906279983984, -0.8802488621557799, -0.019310030829700002], [-0.002169150101199998, -0.0207638836799, 0.9997820542007]]}