{"translation": [[3662.676336799981], [2345.1815325999632], [20.6797334]], "rotation": [[0.87738376379576, -0.47978699597412, 0.0014796501972400003], [0.47968071759804, 0.8772466710547, 0.01856629077798], [-0.010205882382520001, -0.01558000265574, 0.9998265367103001]]}