{"translation": [[3640.4442574999994], [2353.0606729006395], [20.6844568]], "rotation": [[-0.8813556969056997, 0.47239259631672, 0.007565456658259806], [-0.47244496967872, -0.8811330217630797, -0.020005355714640047], [-0.0027842080692601946, -0.021206097640639947, 0.99977124863238]]}