{"translation": [[3670.5616644999827], [2331.1125799007714], [20.5952352]], "rotation": [[0.8845021260359601, -0.46595314736243976, 0.023316868782280002], [0.4657269940285198, 0.8848068785499001, 0.014668930175939995], [-0.027465959657959997, -0.0021154059619800025, 0.9996205010867]]}