{"translation": [[3672.3200830999995], [2297.6879675006494], [20.531678600000003]], "rotation": [[-0.8692058899522002, 0.49420417888732, 0.015607423461239809], [-0.49440440713539996, -0.8691229569471401, -0.013777123293180052], [0.006756056681399809, -0.01969153349669995, 0.9997832761326999]]}