{"translation": [[3651.398555700027], [2333.5990829998627], [20.5943341]], "rotation": [[-0.87848338018522, 0.47770606128298, 0.00800159868266], [-0.47775801899182, -0.87819956443962, -0.02264853445934], [-0.0037923418870599995, -0.02371918712026, 0.9997114675391601]]}