{"translation": [[3674.0749266999774], [2294.737570599653], [20.5450853]], "rotation": [[-0.8665725628718799, 0.49874254624796, 0.01754400428648], [-0.49894665315655995, -0.8665747287507599, -0.01002013178404], [0.010205725264280001, -0.017436694044559997, 0.99979588160012]]}