{"translation": [[3644.729211799975], [2345.419495699927], [20.6470204]], "rotation": [[-0.8806181256077197, 0.47376854697767995, 0.0074080819794399505], [-0.47381765549688, -0.8803988053252997, -0.019863833403539807], [-0.002888792722959951, -0.021002533959059804, 0.9997752489534201]]}