{"translation": [[3646.643167799921], [2342.0169724998996], [20.635222100000004]], "rotation": [[-0.8808233973898401, 0.47335838651579976, 0.009045047931839998], [-0.4734398832771598, -0.8805664639299401, -0.021382514203], [-0.0021568262423999974, -0.02311650722516, 0.99973045125686]]}