{"translation": [[3665.413064900029], [2309.4631885001436], [20.4978257]], "rotation": [[-0.8727723950295402, 0.48808727014231995, 0.00622907824834], [-0.48812504481824, -0.8727340767816002, -0.00829518349208], [0.0013875561239800002, -0.010280378056959999, 0.9999461928047]]}