{"translation": [[3670.4309134000214], [2300.9008022993803], [20.516792]], "rotation": [[-0.8706911079121, 0.49161982783168, 0.01437523797936], [-0.49179851551232, -0.8705939551828, -0.014145435151559999], [0.005560820451360001, -0.019386027919559998, 0.99979660889886]]}