{"translation": [[3674.7515915000113], [2293.601003599353], [20.5539139]], "rotation": [[-0.8654917877905, 0.5007049518091, 0.014786951286899806], [-0.5008457999831, -0.86549993022532, -0.007968239903820052], [0.008808367260899806, -0.014302427826179947, 0.99985891666518]]}