{"translation": [[3641.3977795999963], [2351.3572455989197], [20.6763559]], "rotation": [[-0.8807150621197598, 0.47357911300768, 0.00799082959296], [-0.47364123654303997, -0.8805001698253597, -0.01958265194208], [-0.00223800820032, -0.021031522388159998, 0.99977630817664]]}