{"translation": [[3663.741733199975], [2343.2965730996802], [20.6643649]], "rotation": [[0.8779873320716, -0.47866582853323997, 0.004153897839679999], [0.47857384825419996, 0.8779385429372, 0.013819266897199999], [-0.0102616782176, -0.010145194182319999, 0.99989588107104]]}