{"translation": [[3670.057325200003], [2301.540700200014], [20.5161928]], "rotation": [[-0.8709290054416802, 0.49117921431531997, 0.0150146862488], [-0.49136661732531994, -0.8708475376361802, -0.013535415710200002], [0.0064271888752000005, -0.0191661035362, 0.9997956549695001]]}