{"translation": [[3656.630552000017], [2324.4984397003427], [20.539550100000003]], "rotation": [[-0.87538750708842, 0.4832898098527, 0.01129145719738], [-0.4833863943211, -0.875367049165, -0.0083634862883], [0.005842182669620001, -0.0127794291809, 0.99990127266758]]}