{"translation": [[3663.637681000051], [2312.47680379916], [20.4933002]], "rotation": [[-0.8726304854931398, 0.4883496769161199, 0.005537144997599999], [-0.48836225792859994, -0.8724412863324998, -0.0186691740852], [-0.00428625123888, -0.018995422766159998, 0.9998103830064]]}