{"translation": [[3645.22796009999], [2344.534150100313], [20.643114]], "rotation": [[-0.8807155602977801, 0.47357770276514, 0.008026450256159758], [-0.47364041440226, -0.8804990562056201, -0.019655341711679854], [-0.0022410499497601444, -0.02111241475151976, 0.9997745964256]]}