{"translation": [[3671.0557609000243], [2330.2249419009313], [20.584949]], "rotation": [[0.8847916831706999, -0.46525121599232, 0.026172383991860004], [0.46492951804336, 0.8851720217718, 0.01763647823872], [-0.03137245476718, -0.0034362960238399996, 0.99950185642446]]}