{"translation": [[3661.7544655000092], [2315.674480400048], [20.5142682]], "rotation": [[-0.8725375778272197, 0.4885059144724598, 0.006330761240239997], [-0.4884954278497398, -0.8721841734601797, -0.025824722291119998], [-0.007093939833039997, -0.025625589494479996, 0.9996464400816]]}