{"translation": [[3644.270755400008], [2346.2372275004163], [20.650087300000003]], "rotation": [[-0.8806375626586, 0.47372367449389996, 0.00793584737549995], [-0.47378342962274, -0.8804123984050001, -0.020071990701179807], [-0.0025217582128199507, -0.021436026212699806, 0.99976704159916]]}