{"translation": [[3665.346792300057], [2340.4476560996845], [20.6569595]], "rotation": [[0.8792778782386401, -0.47630240071931984, 0.0025342614875200013], [0.4761866239309198, 0.8791599350662201, 0.01800261988248], [-0.010802712693919999, -0.014622523803120003, 0.99983472793142]]}