{"translation": [[3654.7460581000196], [2327.76524740085], [20.5485814]], "rotation": [[-0.8767784225229, 0.4807064490655, 0.0134381293563], [-0.48088177233354, -0.8766145497285, -0.017301097233220004], [0.003463312159219999, -0.0216313835655, 0.99976001553996]]}