{"translation": [[3666.3019022999797], [2307.9503272995353], [20.507283800000003]], "rotation": [[-0.8725975683956001, 0.48830919670776, 0.011301962600879949], [-0.48842538558264, -0.8725167089454401, -0.012464254574959806], [0.003774740581680051, -0.016396442732559805, 0.9998584439852001]]}