{"translation": [[3658.918355599977], [2320.525418500416], [20.5375018]], "rotation": [[-0.8738967143444998, 0.4860316074227001, 0.008814017350200001], [-0.48609699862530004, -0.8735868005944197, -0.023573023411719997], [-0.003757425078200001, -0.024884856668279998, 0.99968326266108]]}