{"translation": [[3682.9236584000755], [2280.635029300116], [20.6621855]], "rotation": [[-0.83649419742856, 0.5475841372068, 0.020707490748319998], [-0.5477633703856799, -0.8366245456004, -0.0037933585022400015], [0.015247214739999999, -0.014515928647200001, 0.9997783805552001]]}