{"translation": [[3678.0098513999837], [2288.2501739002764], [20.5900279]], "rotation": [[-0.8584155751369001, 0.51263613349558, 0.018083828642539997], [-0.5128465935000199, -0.8584254137305002, -0.00971135721814], [0.010545224468739999, -0.01761060925394, 0.99978931015356]]}