{"translation": [[3686.4174346000073], [2275.803364600055], [20.671785600000003]], "rotation": [[-0.8071362729666002, 0.5899126524805399, 0.02311347737558], [-0.59014179463774, -0.8072893024156202, -0.004096092014140001], [0.01624292506802, -0.01694633268334, 0.99972445664502]]}