{"translation": [[3703.09780410002], [2251.2267239997163], [20.4423308]], "rotation": [[-0.8743069952159999, 0.48505772267096, 0.01749086786328], [-0.4853250083325599, -0.8741593891816198, -0.01745409079336], [0.00682356712792, -0.023748993150959997, 0.99969466548462]]}