{"translation": [[3688.895842000027], [2272.6438349997625], [20.661522100000003]], "rotation": [[-0.79392549541258, 0.60745256129008, 0.026141406661259997], [-0.6078337448312799, -0.7940043131175999, -0.009745204316640001], [0.01483664397666, -0.02362659825096, 0.99961075313398]]}