{"translation": [[3681.733469299972], [2282.41156840045], [20.642361800000003]], "rotation": [[-0.8437659505512999, 0.5363728522711401, 0.019061331831479806], [-0.5365073311567, -0.8438923465392999, -0.0023961244170000546], [0.014800494578999807, -0.012248311868519945, 0.9998154450855601]]}