{"translation": [[3690.0514685000526], [2271.1853340994567], [20.6476819]], "rotation": [[-0.7968625331961001, 0.6035695066434601, 0.02671764396688], [-0.60399799517258, -0.7968945659442601, -0.01205617080696], [0.01401440960136, -0.02574451547792, 0.9995703157944]]}