{"translation": [[3682.024426000018], [2281.972653599456], [20.645217]], "rotation": [[-0.8421720436854401, 0.53886811020696, 0.01916871143552], [-0.5390056573384799, -0.8422984858308001, -0.0024885714380400003], [0.014804764544959999, -0.01242784907652, 0.9998131663052]]}