{"translation": [[3677.7049456000095], [2288.7432792000473], [20.5858057]], "rotation": [[-0.8593341008026, 0.5111099888966399, 0.01765474935607981], [-0.51130985028408, -0.8593450159841, -0.009412132273860053], [0.010360884480639806, -0.017115211992419947, 0.99979984077494]]}