{"translation": [[3700.1116632000194], [2256.3833237998188], [20.4843225]], "rotation": [[-0.87324307885392, 0.48676719520604006, 0.022459192361719997], [-0.48709844271236, -0.87325642959418, -0.01258998401744], [0.013484241079479998, -0.02193395225696, 0.9996684835559]]}