{"translation": [[3709.876919000002], [2239.6624472998083], [20.3281164]], "rotation": [[-0.8696393254810001, 0.49357708991230004, 0.0104398805491], [-0.4936811306909001, -0.8695409729750802, -0.01331648370446], [0.0025051929923000007, -0.01673451081454, 0.99985682982492]]}