{"translation": [[3688.539066099911], [2273.0919580003247], [20.6632437]], "rotation": [[-0.7947490547285001, 0.6064080143811, 0.0253586865771], [-0.6067599016389001, -0.7948341657168201, -0.0089929775625], [0.0147025390221, -0.0225337963215, 0.99963796613068]]}