{"translation": [[3709.0344116999768], [2241.0906495004892], [20.3475284]], "rotation": [[-0.87026538143658, 0.49237295881312004, 0.01440296437951995], [-0.49257459208288, -0.8700539841161801, -0.019409945694279805], [0.00297442224448005, -0.023986333339719806, 0.99970786167224]]}