{"translation": [[3700.4654977999744], [2255.776334900409], [20.4791943]], "rotation": [[-0.8742899239299998, 0.48493786793988, 0.02127699634183995], [-0.48524419687619996, -0.8742874315882398, -0.012644120583119806], [0.012470594748400052, -0.021379163343599808, 0.9996936609248]]}