{"translation": [[3692.8041987000615], [2267.594544099644], [20.6026702]], "rotation": [[-0.81400217508602, 0.5802905988809998, 0.025750511588579997], [-0.5806753234721999, -0.814063846426, -0.010771800573000003], [0.01471178803542, -0.023720957557799998, 0.99961036380398]]}