{"translation": [[3676.731204700016], [2290.326723800041], [20.5845917]], "rotation": [[-0.8616459191020799, 0.5071929123932, 0.01794125891416], [-0.5074307654732, -0.8615978622819999, -0.012781667146600001], [0.00897537768584, -0.020117216056600003, 0.9997573406799201]]}