{"translation": [[3685.1061212000204], [2277.5505065992475], [20.676699]], "rotation": [[-0.8181793726884002, 0.57446876952592, 0.02383425467916], [-0.57474224935488, -0.8183108110905002, -0.00621996808516], [0.01593065168876, -0.01878760324956, 0.99969657411054]]}