{"translation": [[3708.2033074001083], [2242.5001660007983], [20.3672847]], "rotation": [[-0.8707768268495402, 0.49137771440090006, 0.01718986717652], [-0.49166528021402, -0.8704758585397002, -0.023170323265640003], [0.0035779848334000003, -0.0286278437594, 0.9995837356364]]}