{"translation": [[3692.418604000006], [2268.110162800178], [20.607706600000004]], "rotation": [[-0.8108810823821799, 0.5846029207837398, 0.026674372826119994], [-0.5850310617202599, -0.8109197403788199, -0.01216792550516], [0.014517368115880001, -0.025472074900839997, 0.999570117339]]}