{"translation": [[3701.20436470001], [2254.4950595991686], [20.472562]], "rotation": [[-0.8753390884689001, 0.4830703992313, 0.020608053705199997], [-0.48340126920266, -0.8752503038289, -0.01613508173888], [0.010242823061119998, -0.0240856246748, 0.99965742497136]]}