{"translation": [[3694.8157211000216], [2264.7794337999076], [20.583262]], "rotation": [[-0.83295095934226, 0.5527367671194999, 0.02597080780343975], [-0.55318482613106, -0.83292453094546, -0.014932888018799865], [0.013377769695599867, -0.02680502341943975, 0.99955116223644]]}