{"translation": [[3678.640068700013], [2287.236359900795], [20.5950407]], "rotation": [[-0.8565581172699602, 0.51573484763248, 0.01804322961795981], [-0.5159371963324401, -0.8565788844387602, -0.009012415360480055], [0.010807434393279807, -0.017028832241559946, 0.99979658841804]]}