{"translation": [[3683.5354313999997], [2279.7463992005214], [20.6688215]], "rotation": [[-0.8319926281558602, 0.5543520832402798, 0.02194983021763981], [-0.5545697649632398, -0.8321221952781602, -0.0049787992783200605], [0.015504935602519813, -0.01631503787303994, 0.99974667615254]]}