{"translation": [[3700.848795500002], [2255.1121514998376], [20.4751942]], "rotation": [[-0.8749773295612201, 0.48373081050204003, 0.02046697516366], [-0.48403547275196, -0.87493631336328, -0.013993928310120004], [0.011138007860339999, -0.022151114707880004, 0.9996925891755]]}