{"translation": [[3675.766482200066], [2291.9172247005627], [20.5661476]], "rotation": [[-0.8635741046520998, 0.5039593628712599, 0.016267840399579948], [-0.50413557495582, -0.8635736719033998, -0.009367579293059806], [0.009327599950540052, -0.016290796550219807, 0.9998237873840601]]}