{"translation": [[3695.1930498], [2264.230006000027], [20.5784419]], "rotation": [[-0.8363912020384401, 0.5475312174099001, 0.025683709288259998], [-0.54798397680426, -0.8363385223560401, -0.015867166984699997], [0.012792502763700002, -0.02734541614174, 0.9995441862023601]]}