{"translation": [[3687.1040614999947], [2274.913808499463], [20.6753413]], "rotation": [[-0.8023282295428001, 0.59637383215888, 0.02465240023884], [-0.5966652651087999, -0.8024668482282402, -0.00613150518612], [0.0161260638114, -0.0196287100782, 0.999677279836]]}