{"translation": [[3691.6184586000163], [2269.1639302000403], [20.6233007]], "rotation": [[-0.80493963257152, 0.59277070841272, 0.02636504231544], [-0.5932047808823199, -0.8049442453741, -0.013148766876360001], [0.01342818479064, -0.02622383228844, 0.99956590302142]]}