{"translation": [[3697.492682799988], [2260.7100450992584], [20.5315365]], "rotation": [[-0.8567389020313002, 0.5151659928581601, 0.024543901273220002], [-0.51563098940864, -0.8565939019731602, -0.019274838750160003], [0.01109441520362, -0.02916910094336, 0.9995129201207]]}