{"translation": [[3691.20733439998], [2269.7011655997485], [20.629696600000003]], "rotation": [[-0.8025690735172, 0.59595749909312, 0.02678811656676], [-0.59640213177104, -0.80257889190376, -0.013102716153719999], [0.013690914267480002, -0.02649232391316, 0.9995552589304]]}