{"translation": [[3706.5788822000613], [2245.2682354999706], [20.39606]], "rotation": [[-0.8718025469949001, 0.48956399906910003, 0.016956520846299998], [-0.48982612313150004, -0.8716163468014801, -0.018852766524539998], [0.0055499442975, -0.024741635417539997, 0.99967847311758]]}