{"translation": [[3679.5880305001047], [2285.732486700639], [20.6057852]], "rotation": [[-0.85309821248338, 0.5214219965502601, 0.01850935297926], [-0.5215985252766601, -0.8531689745186, -0.00614281097658], [0.01258860847686, -0.014894871970620002, 0.99980981678078]]}