{"translation": [[3686.066512199992], [2276.2624324997887], [20.672294]], "rotation": [[-0.8100702032544799, 0.58593562573548, 0.021577635209279997], [-0.58612495223532, -0.8102143053216799, -0.003194660887679999], [0.015610644265919998, -0.01523509058112, 0.99976207158784]]}