{"translation": [[3698.632786399976], [2258.872986599803], [20.5041763]], "rotation": [[-0.8651290883539199, 0.50097227431616, 0.024048339988639998], [-0.50136296291344, -0.86511960400338, -0.014252438180619997], [0.01366461519296, -0.02438714706418, 0.9996091962987]]}