{"translation": [[3686.7451861000154], [2275.3779888004065], [20.6735667]], "rotation": [[-0.80474768454388, 0.5931269681151198, 0.02410861734924], [-0.5933850161946798, -0.80490450996868, -0.004755404606160003], [0.016584579933360006, -0.01813259528844, 0.99969803472844]]}