{"translation": [[3676.0816551999887], [2291.3948324993253], [20.574460100000003]], "rotation": [[-0.86284179933722, 0.50517315771948, 0.0174425131809], [-0.50539253164452, -0.86280887090132, -0.011805612200999998], [0.0090856757745, -0.0190016904834, 0.99977816853046]]}