{"translation": [[3693.6041786000133], [2266.495875400491], [20.5910423]], "rotation": [[-0.8217636355580997, 0.5693389875327798, 0.02361312036686], [-0.5696712547953798, -0.8218045583921797, -0.01057658584826], [0.013383707937940002, -0.022143170132059995, 0.99966522214508]]}