{"translation": [[3697.8803961999947], [2260.0870340997353], [20.5190885]], "rotation": [[-0.8600071832797198, 0.50978340897178, 0.022555209046379997], [-0.51016860258222, -0.8599078565557199, -0.016931980752619997], [0.010763756654619996, -0.026068582048379998, 0.99960220618956]]}