{"translation": [[3705.4086671000114], [2247.2636625999585], [20.4085122]], "rotation": [[-0.8725916162466005, 0.4881813608984799, 0.01620031432975995], [-0.48841217949711996, -0.8724570770737005, -0.016486711834539813], [0.0060855757285600545, -0.022298601291339808, 0.99973283335814]]}