{"translation": [[3692.000861699984], [2268.6612655995414], [20.6151005]], "rotation": [[-0.8075727637290598, 0.5891929233257198, 0.026034699600799936], [-0.5896126701157998, -0.8075858200844999, -0.01272468600259981], [0.013527960649280062, -0.025626499913959808, 0.999580050198]]}