{"translation": [[3680.810828800022], [2283.8208380993456], [20.621297]], "rotation": [[-0.8483724028901801, 0.5291293800336598, 0.0169143982941], [-0.5292336129396598, -0.8484734799326802, -0.0020660206203000023], [0.0132582283617, -0.010704423924899998, 0.9998548067935]]}