{"translation": [[3705.786829199991], [2246.6196552002802], [20.4035922]], "rotation": [[-0.8723469507920197, 0.4885798336366599, 0.017331647952759804], [-0.48884545433745996, -0.8721872226704998, -0.01787212384372005], [0.006384483595959805, -0.02406319182187995, 0.9996900525375201]]}