{"translation": [[3675.4215552000096], [2292.4886822998524], [20.5601978]], "rotation": [[-0.8643119159357202, 0.50273576051224, 0.0149026751254], [-0.50286762077924, -0.8643368985797202, -0.006804732417200001], [0.00945994691, -0.013375481809, 0.999865793955]]}