{"translation": [[3680.2009502999717], [2284.7680817004293], [20.6128913]], "rotation": [[-0.8508036626163998, 0.5252051537402398, 0.017105236489919996], [-0.5253302938168798, -0.8508909679155998, -0.0035437361750400003], [0.01269350341536, -0.012000922985279997, 0.99984741476464]]}