{"translation": [[3728.134741600021], [2238.9146678997204], [20.3181082]], "rotation": [[0.8585447133336801, -0.5123109263663599, -0.020940215069399807], [0.51269102734564, 0.8583055861542199, 0.021434410068300054], [0.006992021222999808, -0.029138259751499945, 0.9995509359039]]}