{"translation": [[3726.874244800012], [2240.9571352992207], [20.2850872]], "rotation": [[0.8567916667772, -0.5155829539664398, -0.00906904991708], [0.5156465721185999, 0.8567714781831002, 0.007158015013500002], [0.004079552609800001, -0.01080935223942, 0.99993325534766]]}