{"translation": [[3744.321517399978], [2212.8228094996884], [20.2611979]], "rotation": [[0.8476512673211001, -0.5304218033456999, -0.011833508798999998], [0.5305362895060198, 0.84759359509286, 0.010785891615000001], [0.0043089339963600015, -0.01542078066252, 0.999871808086]]}