{"translation": [[3750.0597726000124], [2204.055069499649], [20.2549072]], "rotation": [[0.8418091332455601, -0.5395397092446199, -0.015946164219539996], [0.5397307015408599, 0.84175195117046, 0.012017376327179998], [0.00693886296858, -0.01872297166074, 0.99980063137926]]}