{"translation": [[3727.3077305000043], [2240.254618300125], [20.295004]], "rotation": [[0.85738767886008, -0.5145196874671201, -0.012484522259999999], [0.51464180964312, 0.85734548442008, 0.010125811637599999], [0.0054936194424, -0.015106803196, 0.999870793976]]}