{"translation": [[3727.705327600008], [2239.611954599619], [20.3090233]], "rotation": [[0.85793220586886, -0.51348848442162, -0.016790317452], [0.5137295357085, 0.8577907663847, 0.016642521289199998], [0.00585683655912, -0.02290383680784, 0.9997205168152]]}