{"translation": [[3749.361160199973], [2205.1078570000827], [20.247900100000003]], "rotation": [[0.8446313227632001, -0.5352162464384801, -0.01189496885864], [0.5353213236644, 0.8446035897761399, 0.00870911560402], [0.00538527307, -0.0137236224341, 0.9998913246027]]}