{"translation": [[3739.4113843999803], [2220.4951122002676], [20.2688201]], "rotation": [[0.8553277364583, -0.5179701293795, -0.011018098317499999], [0.5180724314881, 0.85527087970422, 0.01061452933226], [0.0039254492682999995, -0.01478707447474, 0.99988295978508]]}