{"translation": [[3725.6178853000165], [2242.9741650000215], [20.2992171]], "rotation": [[0.85567516532988, -0.5174248731257999, -0.009567055930199998], [0.5175102638021999, 0.8555873467775, 0.0123869025331], [0.0017761609721999995, -0.015550214330899998, 0.99987751054838]]}