{"translation": [[3745.0578798999777], [2211.688532100059], [20.2595175]], "rotation": [[0.8475826403786999, -0.5305238572676401, -0.012169697352379808], [0.53064015852916, 0.8475373079378399, 0.010076246514840053], [0.004968583292219808, -0.014998181807959945, 0.9998751760694999]]}