{"translation": [[3737.0577269999776], [2224.2955507999286], [20.2754555]], "rotation": [[0.860668319055, -0.5090951810023999, -0.0084923253418], [0.50915841442468, 0.86062685136204, 0.0088943838064], [0.0027806348417599995, -0.01197905350532, 0.9999243823086]]}