{"translation": [[3729.37237300002], [2236.9026958001778], [20.298722]], "rotation": [[0.85984997397068, -0.51038025177766, -0.01303946452362], [0.51047587925006, 0.8598757654064599, 0.005296371055260001], [0.00850915645458, -0.01121041648866, 0.9999009555067799]]}