{"translation": [[3730.192905600008], [2235.5602572001517], [20.3030428]], "rotation": [[0.86086572440664, -0.5086046573343599, -0.015215056272479998], [0.50874399248412, 0.86088834377264, 0.007127448838840001], [0.00947341073184, -0.013876345103479999, 0.99985884080024]]}