{"translation": [[3740.95460539998], [2218.0543186999857], [20.2672768]], "rotation": [[0.851356748415, -0.5244594436825001, -0.011574016772499945], [0.5245690493635, 0.851303383775, 0.010480468469499809], [0.004356418469500054, -0.014993988852499808, 0.999878093519]]}