{"translation": [[3740.5562960000243], [2218.682541099377], [20.2690492]], "rotation": [[0.8524332868832, -0.5227137952293599, -0.011303088114479946], [0.5228225957052, 0.8523669715676, 0.011272058477399807], [0.003742318009200055, -0.015518188011479807, 0.9998725823221599]]}