{"translation": [[3745.7911321999854], [2210.5645369002596], [20.2547538]], "rotation": [[0.8473367476268601, -0.5309455371130998, -0.010829854864159943], [0.5310424285323398, 0.8472845866364601, 0.010138114556799811], [0.0037931827232000562, -0.014341509264159807, 0.99988996038876]]}