{"translation": [[3735.846536200028], [2226.2747974004596], [20.2885932]], "rotation": [[0.86205849578124, -0.5066744144717199, -0.01166936570096], [0.5067998564182399, 0.8619513941166, 0.01391712000292], [0.0030069769826799996, -0.017911404592159997, 0.9998350562262001]]}