{"translation": [[3746.513814100006], [2209.4498194996268], [20.2555372]], "rotation": [[0.84739081375638, -0.53082738920214, -0.0122912587997], [0.5309421556468601, 0.84735550324092, 0.0094372606881], [0.005405508959100001, -0.014522995733300001, 0.9998799243183001]]}