{"translation": [[3730.584986599977], [2234.91957690008], [20.3011996]], "rotation": [[0.8614164194068601, -0.5076584501639397, -0.015641018107079997], [0.5078244124939798, 0.8614097964140601, 0.009355202329240002], [0.00872407848564, -0.01600161593788, 0.9998339055719601]]}