{"translation": [[3718.9334578000125], [2224.607620900497], [20.3162325]], "rotation": [[-0.8629702375201, 0.5051919632065, 0.007974344584299806], [-0.50525430377086, -0.8628375741321, -0.015150903680020051], [-0.0007735509099801928, -0.017103849650299947, 0.99985341923564]]}