{"translation": [[3718.484694599989], [2225.3494896003976], [20.3189233]], "rotation": [[-0.86329644466804, 0.50460721247112, 0.00952992396292], [-0.50469718932612, -0.86314527189972, -0.01615538262552], [7.358619207999996e-05, -0.018756610130519998, 0.99982407660668]]}