{"translation": [[3733.0584702999913], [2230.8674972001463], [20.2908199]], "rotation": [[0.8627186584718, -0.50553939799804, -0.012100535724120001], [0.50567281338604, 0.8626127658471799, 0.01393598077254], [0.003392888928120001, -0.01814174273946, 0.9998296682246199]]}