{"translation": [[3719.423439299979], [2223.8009589994326], [20.3166145]], "rotation": [[-0.8629085048081799, 0.5052957573899198, 0.008053413193499946], [-0.5053593448140797, -0.8627736534764799, -0.015274261514399807], [-0.0007697463230999461, -0.017250159983999806, 0.99985090861134]]}