{"translation": [[3719.0450630999985], [2253.3316713999957], [20.3794348]], "rotation": [[0.8521429142744, -0.5233090658038, -0.0002508795362001922], [0.52327685584652, 0.85208494460144, 0.011513772411799945], [-0.005811491062359807, -0.009942658966520053, 0.9999336828504001]]}