{"translation": [[3743.2233293000027], [2214.5203910004348], [20.2620899]], "rotation": [[0.8478476877758401, -0.5301201591032799, -0.01126657882672], [0.5302242123467199, 0.84779452862294, 0.010331623225419998], [0.004074742623280001, -0.01473345544958, 0.99988315406294]]}