{"translation": [[3717.543861299986], [2226.8829575004056], [20.3300673]], "rotation": [[-0.8632032689561998, 0.50477389211352, 0.009149982268359806], [-0.5048479307677999, -0.8629387729851598, -0.02157611431848005], [-0.002995185205200193, -0.023243918563399947, 0.999725336859]]}