{"translation": [[3724.3218136000214], [2245.0446972995996], [20.299405]], "rotation": [[0.8540836607430999, -0.5201263641942001, -0.0031066985013], [0.52012623956004, 0.8540170726934, 0.01111396943772], [-0.00312749525778, -0.011108135111400002, 0.99993341183366]]}