{"translation": [[3747.23306519998], [2208.3519045999274], [20.256772100000003]], "rotation": [[0.8472613386280801, -0.5310258740621999, -0.012638266038919998], [0.5311570838362, 0.8471930282955, 0.011666435415299999], [0.00451187129892, -0.0165974245337, 0.99985207330758]]}