{"translation": [[3725.174943400023], [2243.678359900601], [20.2976379]], "rotation": [[0.85512516566102, -0.51836171471664, -0.00787740819666], [0.51841875321816, 0.85507186150988, 0.00969936829392], [0.00170796826686, -0.01237797033432, 0.9999219312919]]}