{"translation": [[3749.6973160000052], [2204.6011864002794], [20.251697]], "rotation": [[0.84351154484876, -0.5369459221569399, -0.01331668051925975], [0.53708314255886, 0.8434611119387, 0.010725400463579862], [0.005473141704539864, -0.01619916402281975, 0.9998538052083]]}