{"translation": [[3735.052057299996], [2227.5850459998474], [20.2844885]], "rotation": [[0.8627710972607, -0.5055068544621201, -0.009425778064759947], [0.50559204459124, 0.86267727727286, 0.012829309648119807], [0.001646100350120053, -0.01583435605923981, 0.9998732737272]]}