{"translation": [[3723.908868299972], [2245.703017299995], [20.3046975]], "rotation": [[0.8537720941379001, -0.5206442904083, -0.001653761487500138], [0.52062150638882, 0.85369473696126, 0.012591424102699754], [-0.005143845570739753, -0.011611190323819862, 0.9999193573046]]}