{"translation": [[3734.2526463000104], [2228.904225599952], [20.2859103]], "rotation": [[0.86287267512422, -0.5053413861351399, -0.00898953740908], [0.50541988112074, 0.86277639071214, 0.01294701450884], [0.0012132978657200008, -0.01571511615644, 0.9998757737919199]]}