{"translation": [[3721.291775300051], [2249.8191029997543], [20.336529100000003]], "rotation": [[0.85271329614236, -0.5223581295734999, 0.0046896197770600005], [0.5223219315000599, 0.8527183925908601, 0.007149566096699999], [-0.007733559285699999, -0.00364703849706, 0.9999634449140601]]}