{"translation": [[3728.5351238999865], [2238.2652437994257], [20.3163843]], "rotation": [[0.8590047133263, -0.5115577204998, -0.0204847483033], [0.51191063032996, 0.8588185624926, 0.01944754836972], [0.00764413966278, -0.0271918954738, 0.9996010044096599]]}