{"translation": [[3732.251131500001], [2232.1944259004667], [20.291774]], "rotation": [[0.8623732461374001, -0.5061297901570999, -0.012042027333699945], [0.5062531755105798, 0.8623060840287601, 0.011658914536299806], [0.004482989206940053, -0.016150650706419804, 0.9998595197726]]}