{"translation": [[3744.705282800016], [2212.232401000336], [20.2604522]], "rotation": [[0.84746632509388, -0.5307116229291, -0.012084331018979998], [0.5308294497717001, 0.847411509115, 0.0106704930351], [0.004577447245979999, -0.015457601835299999, 0.99987004632988]]}