{"translation": [[3738.600450799917], [2221.7960364008322], [20.2703263]], "rotation": [[0.8573924725464801, -0.5145594048442, -0.010333216102479753], [0.5146539816537999, 0.8573242071480001, 0.011246842134199861], [0.0030717481224798613, -0.014960988486199754, 0.9998833597944801]]}