{"translation": [[3722.5886662999983], [2247.784987400286], [20.318353]], "rotation": [[0.85316763435022, -0.5216304937672199, 0.0025763709711599998], [0.5215785040414199, 0.8531356643515, 0.010743572785559999], [-0.00780216874524, -0.00782228907996, 0.99993896712028]]}