{"translation": [[3709.452089599974], [2267.5786849996075], [20.4950609]], "rotation": [[0.83320455018438, -0.5529513347193, -0.0038699449387999997], [0.5529631777183, 0.83319893430438, 0.0033522306912], [0.0013708133951999995, -0.0049330310228, 0.999986892951]]}