{"translation": [[3706.945045200002], [2271.231956800446], [20.5353289]], "rotation": [[0.84180172448582, -0.5396893699894401, -0.01025874188768], [0.53975688220256, 0.84180324136248, 0.00546005115356], [0.005689110623680001, -0.01013350699556, 0.9999324707483]]}