{"translation": [[3679.1022380000213], [2314.599849300459], [20.5403203]], "rotation": [[0.85412304516566, -0.51998210801798, 0.0096147295233], [0.5199311350021, 0.8541761375735, 0.0073995146312999995], [-0.01206028764402, -0.0013210989851400001, 0.9999263993741999]]}