{"translation": [[3711.4623693000176], [2264.6857305001467], [20.4756866]], "rotation": [[0.8314543621103, -0.5555565835258599, -0.006367925744019808], [0.5555925265170999, 0.8314150675815, 0.008121214927700057], [0.0007825953952998082, -0.010290391374019943, 0.99994674628076]]}