{"translation": [[3680.2519902000204], [2312.7642917996272], [20.5296671]], "rotation": [[0.8591824582187, -0.5116616004831, 0.0028113889433000003], [0.5115775042997401, 0.8591193974286, 0.014223638108819998], [-0.00969300836518, -0.0107824569405, 0.9998948865788599]]}