{"translation": [[3666.079815700068], [2334.6754260994494], [20.6808021]], "rotation": [[0.85579317412044, -0.5173126393748799, -0.0023770122390799997], [0.5172998358093199, 0.85571531426364, 0.01233510063088], [-0.00434705829728, -0.01178592291332, 0.99992109443244]]}