{"translation": [[3685.1576995999203], [2304.6127080004662], [20.5297021]], "rotation": [[0.8667657471586799, -0.49862630091892, -0.009431512283359807], [0.49871330382608003, 0.8666629475554799, 0.013430478856840051], [0.0014771522983598063, -0.01634469967183995, 0.99986532533916]]}