{"translation": [[3681.3238041999866], [2311.006861199625], [20.533657100000003]], "rotation": [[0.8637914571324801, -0.5038148251997598, -0.0059091090964799985], [0.5038314973405598, 0.8636021506313601, 0.01857753366384], [-0.0042565184068799975, -0.019024310195039997, 0.99980996076288]]}