{"translation": [[3688.9398731000256], [2298.3582135001197], [20.572418]], "rotation": [[0.86081998453688, -0.50864689746612, -0.01634925867368], [0.50890013501748, 0.86055544340848, 0.021563667546119998], [0.00310115144408, -0.02688257571252, 0.9996337879493601]]}