{"translation": [[3704.466967500106], [2274.9745485996827], [20.5723526]], "rotation": [[0.84833907213558, -0.52939119785682, -0.0081105577722], [0.52941844850382, 0.8483594778315801, 0.0015184150514], [0.0060768330126, -0.0055820096902, 0.999965956055]]}