{"translation": [[3708.433907300001], [2269.0466881999746], [20.5168915]], "rotation": [[0.8352358620133999, -0.54981812808252, -0.00900489562716], [0.54987235168284, 0.83523218248414, 0.0052540940623799996], [0.00463238256252, -0.00933995082786, 0.9999456516995]]}