{"translation": [[3716.785637199995], [2256.8344212006778], [20.4064734]], "rotation": [[0.8469007784028002, -0.5317493344041998, -0.0013151510261999988], [0.5317301690091597, 0.8468432029671, 0.01093753534838], [-0.004702300184119998, -0.0099623127183, 0.99993931851054]]}