{"translation": [[3699.365009900008], [2282.6123322993517], [20.6438426]], "rotation": [[0.8378589335448801, -0.5457218353915197, -0.013419533211919807], [0.5458565642644798, 0.8378180840900801, 0.010073094667680058], [0.0057460198479198105, -0.01576497268367994, 0.99985921453496]]}