{"translation": [[3704.9800616999855], [2274.1958212004974], [20.561752]], "rotation": [[0.84816681466748, -0.52968895005752, -0.0065317111541200006], [0.52970278833748, 0.84818319298748, 0.0004687522608799999], [0.0052917946991200004, -0.00385744580588, 0.9999785582799601]]}