{"translation": [[3709.974597099994], [2266.819077500142], [20.4903767]], "rotation": [[0.83205590778108, -0.55465990389074, -0.0059449529697], [0.55468263866826, 0.83205590492022, 0.0031822273180999996], [0.0031814792021, -0.0059453533623, 0.9999772652223]]}