{"translation": [[3710.9791757999337], [2265.374606099911], [20.4809323]], "rotation": [[0.83128345774016, -0.5557941093172799, -0.007790178957919999], [0.55584287206032, 0.83125728244576, 0.007070919866879999], [0.00254566685168, -0.010208054478719999, 0.99994465606496]]}