{"translation": [[3699.9155964000965], [2281.8021574998274], [20.6394875]], "rotation": [[0.8388150423206, -0.54427770957664, -0.012291258444079942], [0.54438739457608, 0.8387897959071, 0.008603389121859806], [0.005627148727360056, -0.013907858775579807, 0.9998874469880601]]}