{"translation": [[3706.429776199977], [2272.0029105991125], [20.5447843]], "rotation": [[0.84393053546208, -0.53634226899312, -0.010872629195279943], [0.53642205526992, 0.84392514799736, 0.0064587504194798095], [0.005711584219920056, -0.011283054918679808, 0.9999200320392799]]}