{"translation": [[3669.7875577000086], [2328.8654917003587], [20.6472874]], "rotation": [[0.84833240366604, -0.52942503445356, 0.006425221055959808], [0.5293331064887601, 0.8483300390926201, 0.011942563791779947], [-0.011773399964759807, -0.006730181929820057, 0.99990804162942]]}