{"translation": [[3714.408126300026], [2260.408282900229], [20.4342829]], "rotation": [[0.8386557176492, -0.5446578797260401, -0.0020963797613201916], [0.5446510493087601, 0.83860846510374, 0.009544121155659942], [-0.003440238746919808, -0.009146027230540057, 0.9999522563339001]]}