{"translation": [[3671.0379421000252], [2326.943666400388], [20.6291754]], "rotation": [[0.8464537661031002, -0.5324374458840798, 0.005134137272140002], [0.5323180137785598, 0.8464095944279602, 0.015109664261679999], [-0.012390534772179999, -0.010056637991360001, 0.9998726612207001]]}