{"translation": [[3675.3991450999747], [2320.2866762997583], [20.5889055]], "rotation": [[0.84500237340332, -0.5347562603278, 0.002595828327399808], [0.5346866800898, 0.8449542880818199, 0.012744117493699943], [-0.009008352736599808, -0.009380854778300056, 0.9999154209975]]}