{"translation": [[3664.279847100028], [2337.5642565004528], [20.7018899]], "rotation": [[0.8591077123055, -0.5117748574954201, -0.00451947640106], [0.5117785571643, 0.8589765475471599, 0.015556058540579999], [-0.0040790756581, -0.0156773009805, 0.9998687830751]]}