{"translation": [[3687.863413200015], [2300.12376040034], [20.5513527]], "rotation": [[0.86371773928748, -0.50375861460608, -0.014796153697399998], [0.50396941169108, 0.8634828951394801, 0.0203008127216], [0.002549516389599999, -0.0249909809246, 0.999684425627]]}