{"translation": [[3677.904912099999], [2316.469232299365], [20.5793837]], "rotation": [[0.8491141136219, -0.52820479628676, 0.002220691298119808], [0.52807119359004, 0.84898052670936, 0.019310515921439945], [-0.012085230265479807, -0.015224148725760056, 0.9998110684151]]}