{"translation": [[3670.438925000024], [2327.8650585003197], [20.6368074]], "rotation": [[0.8471922076567, -0.5312435246419798, 0.0067594411380600015], [0.5311367696848197, 0.8471869159319001, 0.01296420439734], [-0.01261365955254, -0.007392985381260002, 0.9998931139708399]]}