{"translation": [[3708.963222099992], [2268.282055700198], [20.5036612]], "rotation": [[0.8340665745661999, -0.5516270267455, -0.0063709551925000005], [0.5516548113991001, 0.8340633230806199, 0.00391901352386], [0.0031519464413, -0.006783286128140001, 0.99997202574158]]}