{"translation": [[3715.8496449000086], [2258.252459499985], [20.4196095]], "rotation": [[0.84372785571772, -0.53676123602868, -0.00326348805276], [0.53676026781948, 0.8436564195031, 0.011499133832460002], [-0.00341902729836, -0.011453850247860001, 0.99992855722438]]}