{"translation": [[3716.29934149998], [2257.571492500603], [20.4135899]], "rotation": [[0.8452883933543801, -0.5343009141101998, -0.0031713971794799433], [0.5342989009997998, 0.8452166137184601, 0.011556504658799809], [-0.003494133579479943, -0.011463053281199807, 0.99992819214008]]}