{"translation": [[3674.79966780002], [2321.199092200026], [20.597291100000003]], "rotation": [[0.84464477486704, -0.5353243443333601, 0.0017539721666399995], [0.53524654819176, 0.84456983898032, 0.01459265261992], [-0.00929315356104, -0.01138680050488, 0.99989198321072]]}