{"translation": [[3644.5475015000557], [2345.912694799714], [20.6129714]], "rotation": [[-0.8807303698889802, 0.47356120931968004, 0.00733037227548], [-0.47360854518688, -0.8805099184297602, -0.019929055543920004], [-0.00298316207772, -0.021023852087280002, 0.9997745237702199]]}