{"translation": [[3660.889013900014], [2317.161005999893], [20.487097100000003]], "rotation": [[-0.8755375201044998, 0.48313660722404, 0.0035802474437801437], [-0.48309294281444, -0.8752965662197197, -0.021837543854839755], [-0.0074167388115797565, -0.020849184127239857, 0.99975512175422]]}