{"translation": [[3656.252538700006], [2325.309068400413], [20.5109005]], "rotation": [[-0.8764954090905994, 0.4812638454432399, 0.011860581467519999], [-0.4813602772230399, -0.8764928988941194, -0.007228151957159999], [0.0069170684050799975, -0.012044655999359999, 0.99990353555452]]}