{"translation": [[3667.270032199973], [2306.0337779009715], [20.4992279]], "rotation": [[-0.8754231278265598, 0.4830087174523999, 0.01836571230856], [-0.4833191468885599, -0.8752013366569599, -0.020629972804], [0.006109236820399999, -0.02693645099056, 0.9996184796758399]]}