{"translation": [[3655.9213853999972], [2325.8935666996986], [20.510463100000003]], "rotation": [[-0.8768026539197199, 0.48061507807422, 0.01503217495762], [-0.48076283911181994, -0.8768106090571399, -0.008364320037179998], [0.009160353999020002, -0.01456077086742, 0.99985202497358]]}