{"translation": [[3643.2328958999715], [2348.2526729004458], [20.6253178]], "rotation": [[-0.8812968431569, 0.4724920472524798, 0.008212789020239997], [-0.4725549911299198, -0.8810442346516, -0.02128725633684], [-0.0028222293549599975, -0.02264138262804, 0.99973966754206]]}