{"translation": [[3641.610130099987], [2351.1596178002656], [20.6411812]], "rotation": [[-0.8828866278211399, 0.4695097432132198, 0.008466210311999949], [-0.4695781489520998, -0.8826235308252999, -0.02172413755439981], [-0.0027272176132799495, -0.023155499424959806, 0.9997281556064]]}