{"translation": [[3658.0285252999747], [2322.191027200781], [20.522848]], "rotation": [[-0.87574605861968, 0.48255791758848, 0.01438444481328], [-0.48277060821072004, -0.87543221157008, -0.02347760688768], [0.001263300347519999, -0.027504805943520002, 0.99962087301424]]}