{"translation": [[3671.8453124000807], [2298.028281599283], [20.5075328]], "rotation": [[-0.8779697114400399, 0.4784399522782198, 0.01627304522274], [-0.47861703090125973, -0.8779731049035399, -0.00945404363022], [0.009764100986220001, -0.01608891772974, 0.99982288886446]]}