{"translation": [[3663.651463199989], [2338.5808181995526], [20.7049809]], "rotation": [[0.8602243492395001, -0.50989131099758, -0.0049892658389400005], [0.50990094793614, 0.8600837736317999, 0.01602805137082], [-0.003881378397980001, -0.01633175147034, 0.99985909445694]]}