{"translation": [[3657.6671098999796], [2322.839391999878], [20.5216258]], "rotation": [[-0.87599417429712, 0.48200820350311996, 0.017392690853679997], [-0.48228233663768, -0.8758144906523201, -0.01878651252328], [0.006177516227119999, -0.02484506069992, 0.99967222692656]]}