{"translation": [[3645.8674419000745], [2343.576938599348], [20.6048288]], "rotation": [[-0.8804571575194601, 0.47405620400653997, 0.008107175763239756], [-0.47411917116045993, -0.8802281353549001, -0.020230135274519855], [-0.0024540566547601446, -0.021655536890519758, 0.9997624794444]]}