{"translation": [[3666.1279144000146], [2308.0185829000548], [20.4759428]], "rotation": [[-0.8753322092024399, 0.48345044792002007, 0.008303962303979999], [-0.48351704783802, -0.8752703974132199, -0.01061902636778], [0.0021344399780199998, -0.01331028462978, 0.99990913611078]]}