{"translation": [[3663.104272699973], [2313.2901782998815], [20.464791100000003]], "rotation": [[-0.8756095055424201, 0.48301085708598007, 0.0029741095060801933], [-0.48297815190282006, -0.8754359597304201, -0.01855598961311995], [-0.006359101730879806, -0.017684227522080046, 0.99982339938316]]}