{"translation": [[3662.7169622000074], [2313.9657717002556], [20.468548100000003]], "rotation": [[-0.8754971593719402, 0.48321517551912, 0.00278143436145995], [-0.48316961729376, -0.8752999118062402, -0.01992745900007981], [-0.00719466144321995, -0.018790339167359806, 0.99979755950486]]}