{"translation": [[3669.5954234999954], [2301.9713080003858], [20.4872875]], "rotation": [[-0.8756444047074599, 0.48277581030127975, 0.013199807000499802], [-0.4829067170787998, -0.8756189016785998, -0.009616810172000051], [0.006915238035219806, -0.014795182514959948, 0.9998666321295]]}