{"translation": [[3671.089433300018], [2299.3535693995655], [20.5016432]], "rotation": [[-0.8771787077994598, 0.47994136075999994, 0.01461742278618], [-0.48010052174232, -0.8771510439911999, -0.010459411250239999], [0.007801784399899999, -0.016192606114799998, 0.9998384527791]]}