{"translation": [[3662.0074634000193], [2315.205723600462], [20.4793664]], "rotation": [[-0.87555032386464, 0.4831039975829598, 0.004678947029199997], [-0.48306918307959984, -0.8752557344147401, -0.02390184971954], [-0.007451804126959997, -0.0231875307131, 0.99970336049886]]}