{"translation": [[3669.1950207999907], [2302.664216999896], [20.4844884]], "rotation": [[-0.8752986302473799, 0.48340358824782, 0.013150363645019949], [-0.48354913090338, -0.8752337859041799, -0.012071094988179806], [0.00567443366778005, -0.016924662500619806, 0.99984066559244]]}