{"translation": [[3654.889458300022], [2327.6776310997084], [20.5158634]], "rotation": [[-0.8773337810181002, 0.4797164737295598, 0.012558733693819997], [-0.4798666095369198, -0.8772088032802001, -0.015262134919160002], [0.003695133428860002, -0.01941650182772, 0.99980465365214]]}