{"translation": [[3652.810178500018], [2331.297609500587], [20.547587]], "rotation": [[-0.87838619232328, 0.47786861491443994, 0.008919115658], [-0.47793971146444, -0.87807798928578, -0.023514750731], [-0.0034052826099999997, -0.024917828484999998, 0.9996837029375]]}