{"translation": [[3661.623208599922], [2315.875090200454], [20.481531600000004]], "rotation": [[-0.8754585317409002, 0.48327382784046, 0.004379168476420193], [-0.48322719192634, -0.8751518962607401, -0.02451632062793995], [-0.008015658120179806, -0.023579150081740052, 0.999689838387]]}