{"translation": [[3671.483215300017], [2298.6629309998825], [20.505407]], "rotation": [[-0.8776052689189199, 0.47913509667142, 0.01544418681598], [-0.47930598837781996, -0.8775880462811398, -0.010245112632820002], [0.00864484088338, -0.01639365625378, 0.99982824262878]]}