{"translation": [[3658.729556599981], [2320.952803700231], [20.5038396]], "rotation": [[-0.8759251529824802, 0.48238980306908, 0.007416647366759951], [-0.48243902098332, -0.8757201157717802, -0.019148688662259807], [-0.00274222461595995, -0.020350900220939806, 0.99978913828974]]}