{"translation": [[3662.3621000000276], [2314.5862882994115], [20.4745574]], "rotation": [[-0.8755347562225801, 0.48313972634060004, 0.00389548545472], [-0.4830991012498, -0.8752811146500001, -0.022327292716399997], [-0.0073775569827199995, -0.0214302230492, 0.9997431256234199]]}