{"translation": [[3672.589079700003], [2296.709434499964], [20.5139251]], "rotation": [[-0.8786635904413005, 0.4772031787777201, 0.015093549784340002], [-0.4773605617969201, -0.8786581675846805, -0.009333425114760001], [0.00880812815426, -0.015406003631160002, 0.99984252358238]]}