{"translation": [[3668.7933187001036], [2303.3605789998546], [20.4787072]], "rotation": [[-0.87510882248196, 0.4837873015914198, 0.011600581031299947], [-0.4839080475526998, -0.8750328031165, -0.012278958577099807], [0.004210483951420051, -0.016359038140939804, 0.9998573166754999]]}