{"translation": [[3649.165046799928], [2337.7423589006066], [20.5822921]], "rotation": [[-0.8798328542541599, 0.47521308924955996, 0.00815689600043995], [-0.47527501085603996, -0.8795882546252999, -0.020929237202179807], [-0.0027711373591599513, -0.022291000873979807, 0.9997476841983]]}