{"translation": [[3645.5254430000205], [2344.184314299375], [20.6070303]], "rotation": [[-0.8805616125044998, 0.47386453372841997, 0.00798220936756], [-0.4739266428751, -0.8803489475382598, -0.01947647664708], [-0.0022020820097999995, -0.0209332186678, 0.9997784510574]]}