{"translation": [[3646.8437759000226], [2341.851334700361], [20.5989798]], "rotation": [[-0.8803378943765001, 0.4742640225114, 0.0088654064634], [-0.47434152499140003, -0.8800854274345001, -0.021202001634000003], [-0.0022530311334, -0.022870158630000005, 0.999735904958]]}