{"translation": [[3645.208107499988], [2344.7442950000986], [20.6094564]], "rotation": [[-0.8805733758481002, 0.4738402422694, 0.008102208906999999], [-0.47390430709324005, -0.8803549234545003, -0.01973848371532], [-0.0022200679206799997, -0.0212208582998, 0.99977234730416]]}