{"translation": [[3653.1618179000216], [2330.682041000575], [20.5412074]], "rotation": [[-0.87813435128212, 0.47831398100132005, 0.009782686900359758], [-0.47840786217692, -0.8778357958881, -0.023024707729339854], [-0.002425446686840144, -0.024898902332859758, 0.99968703195302]]}