{"translation": [[3651.1513322999817], [2334.2239400995895], [20.567149800000003]], "rotation": [[-0.8791016799560999, 0.47657418314966, 0.0075458741176198055], [-0.47661971667629993, -0.8788431012473998, -0.021635736067900046], [-0.0036793934783001937, -0.02261652835937995, 0.9997374428621401]]}