{"translation": [[3670.32812000002], [2300.6882672999054], [20.489315]], "rotation": [[-0.8763541290717201, 0.48150073316501996, 0.0126772632189], [-0.48161692125197997, -0.87634014069482, -0.0085631507793], [0.006986430056700001, -0.0136099356741, 0.99988297288246]]}