{"translation": [[3665.7614330999204], [2308.6658904999495], [20.4655554]], "rotation": [[-0.8755728627637003, 0.48305275753428, 0.005651393035440001], [-0.48307500707796003, -0.8755716132254603, -0.0035539363387200006], [0.0032314611775200006, -0.00584177758896, 0.9999777153967999]]}