{"translation": [[3656.6135390999843], [2324.6722438000143], [20.5095813]], "rotation": [[-0.87633440403316, 0.48159966192638004, 0.009983840118619951], [-0.48167298580478, -0.87632321082498, -0.0069759615236198065], [0.00538945053098005, -0.010922221645219807, 0.9999258266958201]]}