{"translation": [[3648.50478269998], [2338.913287599571], [20.5850199]], "rotation": [[-0.8800700699463999, 0.47477631492088, 0.00799189714816], [-0.47483864439199996, -0.8798595882207398, -0.01936787240738], [-0.0021636593644, -0.020839949130699996, 0.9997804834407]]}