{"translation": [[3667.6639084999915], [2305.344604400918], [20.4848732]], "rotation": [[-0.8751785582652203, 0.4835573155471798, 0.015318860354219997], [-0.4837565297002198, -0.8750852810213203, -0.014325664677380005], [0.006478030113180002, -0.01994811461902, 0.9997800297224599]]}