{"translation": [[3663.856270599994], [2311.9792804997414], [20.466099300000003]], "rotation": [[-0.8756129814235603, 0.48298552179836, 0.00518492909227995], [-0.48299227226908, -0.8754240343501002, -0.018740757867139805], [-0.00451250317195995, -0.018913931644419808, 0.9998109323787]]}