{"translation": [[3681.2776753000217], [2280.544273599051], [20.643632]], "rotation": [[-0.8614926325621002, 0.5076565281641999, 0.0107533696157], [-0.50771593901388, -0.8615172160413601, -0.0035990616426000003], [0.00743712424766, -0.00856022112588, 0.9999357038375]]}