{"translation": [[3682.153432400024], [2279.1671984996647], [20.6581551]], "rotation": [[-0.8453615980794, 0.5340427172336399, 0.012723588343319946], [-0.53412814309884, -0.8453919098300201, -0.004403473347859808], [0.008404777237080056, -0.010518554912659808, 0.99990935574662]]}