{"translation": [[3717.799901599996], [2226.54455950018], [20.3143579]], "rotation": [[-0.8581671117677199, 0.5132101715269, 0.01281298644998], [-0.5133695227769, -0.8578616149104998, -0.0229091096641], [-0.0007654176999799993, -0.0262376459141, 0.99965544064278]]}