{"translation": [[3703.788532799983], [2249.259960000403], [20.4113549]], "rotation": [[-0.8610117444159399, 0.5081466809570797, 0.021102986595179996], [-0.5085182359598798, -0.8608285543805199, -0.01957072126812], [0.00822125946462, -0.027581879323319996, 0.99958573956358]]}