{"translation": [[3677.9124771999777], [2286.7414212999865], [20.5781695]], "rotation": [[-0.8994725132610003, 0.4366693300358, 0.0164072745872], [-0.43682290046320005, -0.8995188935686802, -0.0071845884922], [0.011621363268200001, -0.013629412568799999, 0.99983957865132]]}