{"translation": [[3711.0135105000227], [2237.4787117997184], [20.3086717]], "rotation": [[-0.8626609634497001, 0.50564409944784, 0.01184424461318], [-0.50578206070488, -0.8624631904392002, -0.01849138946544], [0.0008651624119400013, -0.021942404353679997, 0.99975886213046]]}