{"translation": [[3675.8513285000226], [2290.7735264003277], [20.5620611]], "rotation": [[-0.8939725503937599, 0.44775047769812, 0.018242514226679954], [-0.44796253472307995, -0.8939994861181599, -0.009730712693279804], [0.011951865489480046, -0.016870951548479805, 0.99978623911704]]}