{"translation": [[3718.297329400084], [2225.75017260015], [20.3080056]], "rotation": [[-0.8587904461679402, 0.5121863893946801, 0.011989665367019946], [-0.51232655420628, -0.8585372244589202, -0.02085703965547981], [-0.0003891168096199467, -0.02405445420107981, 0.9997105740019799]]}