{"translation": [[3721.364374500001], [2220.781871000305], [20.2982412]], "rotation": [[-0.8607123253314598, 0.50896559291846, 0.01134215055878], [-0.5090916396887799, -0.8605229685401998, -0.01806236729194], [0.0005670565465399997, -0.02132069272702, 0.9997725274023]]}