{"translation": [[3686.73904700001], [2273.0315553005785], [20.6761576]], "rotation": [[-0.7840284726901802, 0.6201981063705799, 0.02557234489738], [-0.6205544934707798, -0.7841133628530602, -0.008867739283820002], [0.014551859071180001, -0.022821591117379997, 0.99963364210812]]}