{"translation": [[3681.725548300019], [2279.827433500439], [20.651869]], "rotation": [[-0.8531804971867201, 0.5214874925198001, 0.01157577370435981], [-0.521557054711, -0.8532075535464, -0.003908123101000053], [0.00783849938635981, -0.009371760261399947, 0.99992536123632]]}