{"translation": [[3698.045087800012], [2258.2544352998957], [20.4875664]], "rotation": [[-0.8407025759817998, 0.5408826504981199, 0.02578472413404], [-0.5412972921369199, -0.8407321737236199, -0.012898389728339999], [0.014701535082359999, -0.02480091374274, 0.99958430333782]]}