{"translation": [[3707.916935299989], [2242.5353040993214], [20.3481437]], "rotation": [[-0.8624806949007998, 0.5057428305548799, 0.01873845702016], [-0.5060751544, -0.8621464625846399, -0.02431675713088], [0.0038572695232000007, -0.030455802742399996, 0.9995286716864]]}