{"translation": [[3687.2750160000287], [2272.37876399979], [20.6696274]], "rotation": [[-0.7817844518998798, 0.6229696861494801, 0.02686847672695981], [-0.62336630555048, -0.7818722229801998, -0.009505270916840064], [0.015086219113959808, -0.02417997538615993, 0.9995937848946801]]}