{"translation": [[3693.022085400007], [2265.278033499606], [20.5759664]], "rotation": [[-0.8042982195585999, 0.5936305615380201, 0.02659910974746], [-0.59398810444622, -0.8044370953157199, -0.00771191949186], [0.016819274885939997, -0.022002234748259998, 0.99961643330812]]}