{"translation": [[3695.2864460999263], [2262.219294999726], [20.5506832]], "rotation": [[-0.8228971537853802, 0.5674831648541, 0.02833904323561981], [-0.5680308958135, -0.8228238215722602, -0.01737324172910006], [0.01345901800461981, -0.03039384368649994, 0.99944738185212]]}