{"translation": [[3717.301006500027], [2227.3450409006327], [20.3123624]], "rotation": [[-0.8579463679877201, 0.5136026123413999, 0.01185446764436], [-0.5137392092374, -0.8576976910645001, -0.0206600524223], [-0.0004435078043599997, -0.023815320070299996, 0.99971627667678]]}