{"translation": [[3697.4847187999985], [2259.082337499596], [20.4985119]], "rotation": [[-0.8376163464829, 0.5455862219954, 0.027108748795299998], [-0.54605654004292, -0.8376257460187599, -0.014342889266199997], [0.014881699123939999, -0.026816744115079998, 0.9995295880347]]}