{"translation": [[3679.326843100018], [2283.9860177999362], [20.5974842]], "rotation": [[-0.8923122852621201, 0.45130344099971986, 0.010179747078719999], [-0.4513416730348798, -0.8923493817437201, -0.0017066385241200012], [0.008313680944680001, -0.006117399348479999, 0.9999467286431599]]}