{"translation": [[3676.538503699994], [2289.444343900308], [20.5685419]], "rotation": [[-0.89722320889218, 0.4412021878377, 0.01820479277716], [-0.44141755616709993, -0.8972453745285001, -0.0100772320338], [0.011888067138839999, -0.0170774396566, 0.99978349403532]]}