{"translation": [[3708.4568093999987], [2241.660106100142], [20.340424]], "rotation": [[-0.8627215021082398, 0.50528044422952, 0.020089284320880002], [-0.5056557862408799, -0.8623856923706399, -0.02456502080632], [0.00491248475048, -0.03135103005192, 0.99949636341936]]}