{"translation": [[3704.324659099977], [2248.391263600439], [20.4047356]], "rotation": [[-0.8615628373676999, 0.50723034106208, 0.020665675621539807], [-0.5075858254110399, -0.8613909253073998, -0.01903983708512005], [0.008143640748579806, -0.026893617467359947, 0.99960512928846]]}