{"translation": [[3692.470598099986], [2265.992672700435], [20.5849024]], "rotation": [[-0.7994174098769797, 0.6001610498779799, 0.027171780288179997], [-0.60053194330422, -0.7995637528902798, -0.007679633259779999], [0.017116556485619997, -0.02245675633542, 0.99960127928174]]}