{"translation": [[3713.6225194999715], [2233.2226315001026], [20.3025807]], "rotation": [[-0.8596523966106002, 0.51080749147048, 0.00858407712196], [-0.5108634652134799, -0.8593702719949202, -0.02239370912584], [-0.00406197396296, -0.02363609434684, 0.99971237635932]]}