{"translation": [[3676.894612299977], [2288.7493898998946], [20.5684475]], "rotation": [[-0.8982446723818001, 0.4391373728605598, 0.017750252794079803], [-0.4393198675159998, -0.8982953585089001, -0.007981107173700047], [0.012440165708399807, -0.014967024524579953, 0.99981059730006]]}