{"translation": [[3713.080398500024], [2234.099742299877], [20.3018132]], "rotation": [[-0.8606413744102599, 0.50916129801238, 0.007168578848599999], [-0.5091940997953001, -0.8604089999636999, -0.0204429145274], [-0.0042408312881200005, -0.02124421396684, 0.9997653218366]]}