{"translation": [[3680.486838600016], [2281.8724707998335], [20.6260569]], "rotation": [[-0.8755817645343994, 0.4829939621863997, 0.0085676505664], [-0.4830297733318397, -0.8755999659404994, -0.0026336761173799995], [0.0062297848868799995, -0.0064444290966999985, 0.9999598287500601]]}