{"translation": [[3676.1817842000164], [2290.136252700351], [20.5673138]], "rotation": [[-0.8957023806744399, 0.44427878300821994, 0.018268511053499952], [-0.4444996367443, -0.8957182298665, -0.010442982971099805], [0.011723841587220046, -0.017474150276459804, 0.9997785782991]]}