{"translation": [[3716.2132897999836], [2229.08939359989], [20.290956]], "rotation": [[-0.85779612204292, 0.51393875299898, 0.007283479266259999], [-0.5139880729382199, -0.8577484557773201, -0.00917198876954], [0.0015335519631399994, -0.011611316315860001, 0.99993141042876]]}