{"translation": [[3704.8179637999274], [2247.588678699918], [20.3956317]], "rotation": [[-0.8618525163010599, 0.50680703829956, 0.01888017448302], [-0.5071054840890801, -0.8617036360281999, -0.01762006265316], [0.007339146085260001, -0.024760139966279997, 0.9996664805479001]]}