{"translation": [[3710.5171012000064], [2238.2927196994424], [20.307244]], "rotation": [[-0.8627205435144001, 0.5055445151824399, 0.01175004004332], [-0.50567735645892, -0.8625700827530401, -0.016227136944639998], [0.0019316927256400008, -0.01994121304368, 0.9997992881532]]}