{"translation": [[3678.6103544000653], [2285.367037500255], [20.587596]], "rotation": [[-0.8975942448835201, 0.44060468597623986, 0.013872698449359998], [-0.44071130198743985, -0.8976307638901001, -0.005738426633380002], [0.009924180924560001, -0.011264632061019998, 0.9998873030094201]]}