{"translation": [[3701.2179825999774], [2253.3765084007755], [20.452849]], "rotation": [[-0.8551841684908202, 0.5178284872876, 0.022661196125479996], [-0.5182264499275999, -0.8550541128410403, -0.017990131028600004], [0.010060748075479997, -0.0271285084814, 0.9995813250247799]]}