{"translation": [[3719.8557374000666], [2223.2319652996957], [20.2971806]], "rotation": [[-0.8596526564500999, 0.5107796375668198, 0.010076482153259998], [-0.5108790154526998, -0.85948820497826, -0.01681429317318], [7.221881250000194e-05, -0.019602314453699997, 0.9998078535693999]]}