{"translation": [[3686.165390799986], [2273.7378446999937], [20.6770002]], "rotation": [[-0.7879306302272393, 0.6153189044167399, 0.023405085201179995], [-0.6156073608181799, -0.7880180615339393, -0.007412299956859997], [0.013882703352259995, -0.020248722220379996, 0.99969858445806]]}