{"translation": [[3675.1557338000275], [2292.0991211002693], [20.5470723]], "rotation": [[-0.8898038707163201, 0.45600741785084, 0.01750646910468], [-0.45614541070876, -0.8898929781968801, -0.00469271674896], [0.01343896889052, -0.01216109230944, 0.9998357374908]]}