{"translation": [[3693.6175471000024], [2264.492701499723], [20.57251]], "rotation": [[-0.8093355583098003, 0.58670713960886, 0.02740204413861994], [-0.58712052197254, -0.8094375630390602, -0.010025460895459812], [0.016298232102820064, -0.024202262693059813, 0.9995742184323]]}