{"translation": [[3673.305379599973], [2295.4516891995445], [20.5208685]], "rotation": [[-0.8795769791241002, 0.47544641665414006, 0.01717078611382], [-0.47561014789826, -0.8796285237119402, -0.00695993484046], [0.01179483875362, -0.014288399753859999, 0.9998283469638]]}