{"translation": [[3698.5586327000055], [2257.4839629009366], [20.4795695]], "rotation": [[-0.8434227938233002, 0.53672217871694, 0.023820072692080002], [-0.5370907024237, -0.8434240685041002, -0.013019991109600004], [0.013102303604, -0.023774895831920002, 0.99963147408876]]}