{"translation": [[3677.55439439998], [2287.4521367000416], [20.5743491]], "rotation": [[-0.8995583898835994, 0.4364553733208399, 0.017354760878879997], [-0.4366208778893999, -0.8996175290460994, -0.007091392876], [0.012517572323999998, -0.013956574121119999, 0.9998242467560601]]}