{"translation": [[3736.2404106999747], [2231.725348999724], [20.2206239]], "rotation": [[0.85947248651104, -0.51115592109984, -0.005165129391839807], [0.5111694319017599, 0.8593365511616, 0.015700733818880052], [-0.0035869382894401928, -0.016134604977919947, 0.999863394872]]}