{"translation": [[3732.4581347000203], [2237.8402547007427], [20.2431968]], "rotation": [[0.8559579991879, -0.5170450124162398, -0.0006176529751199984], [0.5169889498821598, 0.8558463185924601, 0.01579643638804], [-0.007638851971919998, -0.013840406002359999, 0.9998750377532]]}