{"translation": [[3723.3775621000095], [2252.7747629992664], [20.2874863]], "rotation": [[0.8882457052510999, -0.4593347355159, -0.0055842365621999995], [0.45936081855269995, 0.88809376148542, 0.01664707353516], [-0.0026872528793999997, -0.017351871000840003, 0.99984583374968]]}