{"translation": [[3725.326097299985], [2249.3519540000707], [20.2524662]], "rotation": [[0.8688319414555801, -0.49508564413237977, -0.0046122734852799985], [0.4951024476044198, 0.8687455224283802, 0.01244163292648], [-0.002152781639919999, -0.01309323595568, 0.9999119624799601]]}