{"translation": [[3725.0430600000545], [2249.8291672002524], [20.2515753]], "rotation": [[0.8706492115854001, -0.4918915315541998, -0.0035577018689999986], [0.49190160595547977, 0.8705971343828601, 0.0096656789009], [-0.001657140834359999, -0.01016545500502, 0.9999469572947001]]}