{"translation": [[3745.839885500027], [2215.529360400513], [20.190210500000003]], "rotation": [[0.88043267940782, -0.47409767894913996, -0.008348742920859756], [0.4741700553307399, 0.8802557075654001, 0.017682239930379855], [-0.0010340797664601447, -0.019526745667179757, 0.99980880017358]]}