{"translation": [[3727.158524199971], [2246.3408059999347], [20.2423432]], "rotation": [[0.8614780491587, -0.50776972527098, -0.00504937255256], [0.5077700351283799, 0.86129512822542, 0.018447568769840002], [-0.0050181162466400005, -0.018456095633360002, 0.99981707880428]]}