{"translation": [[3734.5209818999865], [2234.5159413004294], [20.2345945]], "rotation": [[0.85740579573788, -0.5145981141827, -0.00664097750382], [0.5146227335981001, 0.857195423975, 0.0194799249933], [-0.00433171635918, -0.0201197985411, 0.99978819255388]]}