{"translation": [[3750.8101834000554], [2206.3514099009335], [20.165843]], "rotation": [[0.89216943727932, -0.45158482558632, -0.01023974143864], [0.45168677316087996, 0.89209157620062, 0.01231626777054], [0.00357294781224, -0.01561335327394, 0.99987172040094]]}