{"translation": [[3741.503153000027], [2223.0216885991395], [20.2081578]], "rotation": [[0.86820545862764, -0.4961123732899799, -0.00958203332602], [0.49620443835677996, 0.86801643253302, 0.018128676792779998], [-0.0006764976791799994, -0.02049406342842, 0.99978974577062]]}