{"translation": [[3724.0414839999867], [2251.5740665001795], [20.2724912]], "rotation": [[0.87947304323064, -0.47593639937312, -0.0034233229975600002], [0.47593457362624, 0.8793687337623, 0.014032849831120003], [-0.00366838054252, -0.013970790919760001, 0.9998956745547]]}