{"translation": [[3747.959466499975], [2211.677121900022], [20.174127]], "rotation": [[0.8872167034736, -0.4612863461136, -0.007839230783599951], [0.46135190320127994, 0.8871228348133601, 0.012943066067399806], [0.0009839017589600473, -0.015099948206279806, 0.9998855052092]]}