{"translation": [[3726.188843999931], [2247.9312649006024], [20.2538163]], "rotation": [[0.86428846076886, -0.5029545719066799, -0.0064931660217], [0.5029551630606, 0.8639799879948, 0.023972699762599997], [-0.0064472131578199995, -0.02398509915324, 0.9996915266595]]}