{"translation": [[3726.8174681999953], [2246.898293999955], [20.2432634]], "rotation": [[0.8622199420507001, -0.5065041127749599, -0.005510529938219945], [0.5065031477603998, 0.8619960152710001, 0.020431388869199808], [-0.0055985272130999455, -0.020407451687279806, 0.99977607114094]]}