{"translation": [[3751.6139083000016], [2204.82852140069], [20.1732007]], "rotation": [[0.8931149197320601, -0.4496189379458598, -0.013731164916459804], [0.4498059558310598, 0.8929598818690802, 0.017240810892580047], [0.004509584064259807, -0.021574385316019955, 0.99975707526198]]}