{"translation": [[3737.5318238000036], [2229.6196965994313], [20.2175201]], "rotation": [[0.8610077342054, -0.50856151641774, -0.005556904668019947], [0.50857009357794, 0.86081834922508, 0.01866127289573981], [-0.004706919239379948, -0.018893575809059808, 0.99981042089132]]}