{"translation": [[3744.118440499995], [2218.548185300082], [20.1960499]], "rotation": [[0.8739619516875001, -0.4859132887275998, -0.008876577201799948], [0.48599400416199984, 0.8738376194019202, 0.014753088812959806], [0.0005879655410000514, -0.017207601484959804, 0.99985176539342]]}