{"translation": [[3740.626495499979], [2224.493223000318], [20.2096549]], "rotation": [[0.8663776945303601, -0.49933144437432003, -0.00760195983852], [0.49938803956692007, 0.86624079530828, 0.01544218850248], [-0.00112564285608, -0.01717509555412, 0.99985186353308]]}