{"translation": [[3730.0545015999814], [2241.6932439999655], [20.2579077]], "rotation": [[0.8575848863783, -0.51430682899976, -0.006052500235619947], [0.5142437486067201, 0.8571304528856, 0.029677233105839806], [-0.010075422264059948, -0.02856320692991981, 0.99954120926854]]}