{"translation": [[3754.012372300029], [2200.249159500003], [20.1496035]], "rotation": [[0.89603440848608, -0.44392437520912, -0.007312598896960001], [0.44397450437648, 0.89600356353728, 0.008014972644640002], [0.0029940726601600004, -0.01042829890384, 0.99994114131936]]}