{"translation": [[3741.9258564999327], [2222.3109547998756], [20.2046823]], "rotation": [[0.8688312543075, -0.4950456354368, -0.0078794292036], [0.4951053632544, 0.8686608321199799, 0.01729315089928], [-0.0017163467972000006, -0.01892597755128, 0.99981941446848]]}