{"translation": [[3754.3922592999297], [2199.5188902998343], [20.1450557]], "rotation": [[0.8965646056899, -0.4428534717896, -0.0072590612184], [0.44290302716496, 0.8965338473427, 0.00799704407272], [0.0029664750107199996, -0.0103849270428, 0.9999416749526401]]}