{"translation": [[3722.156862700009], [2255.2050669994205], [20.2937076]], "rotation": [[0.91821338427614, -0.39604388490296005, -0.005780490099160001], [0.39608542612744, 0.918087846872, 0.01519975399808], [-0.0007127722355599994, -0.01624618549472, 0.9998677679571]]}