{"translation": [[3723.1850108000217], [2253.132304799743], [20.2891525]], "rotation": [[0.89149681464038, -0.45297927808297994, -0.006572783263939954], [0.45302332978082, 0.89133773964828, 0.016937972634139806], [-0.0018139809014599538, -0.018077772818539804, 0.99983493817766]]}