{"translation": [[3722.4739254000597], [2254.5265439003706], [20.2916457]], "rotation": [[0.9076330799186401, -0.4197139341304798, -0.006511381267039999], [0.41976387859383985, 0.9074973063170401, 0.01571361180048], [-0.0006861611659199985, -0.016995436583840003, 0.9998553316886399]]}