{"translation": [[3737.9865778000094], [2228.873720901087], [20.2215554]], "rotation": [[0.86164173619068, -0.50746992315922, -0.006914243143619807], [0.5074973216533799, 0.86140827997398, 0.020548842814180054], [-0.004471932928780192, -0.021214700448779947, 0.9997649415336599]]}