{"translation": [[3722.3061244000564], [2254.880062099546], [20.2926017]], "rotation": [[0.91295314387262, -0.40802247538045994, -0.0058486282349399996], [0.40806347808466, 0.9128270160923, 0.01519954951278], [-0.0008629723511400004, -0.01626308815518, 0.99986737481868]]}