{"translation": [[3747.5265447000274], [2212.4717987002805], [20.1753575]], "rotation": [[0.8862573803886001, -0.46312348576375983, -0.008030841679719805], [0.4631914289910798, 0.8861676623663601, 0.012671861113040047], [0.0012480357613598074, -0.014950347450519952, 0.999887458427]]}