{"translation": [[3731.6420662999735], [2239.144510000013], [20.2548829]], "rotation": [[0.85602895915766, -0.5169169467804601, -0.0033571171138000004], [0.5168788472541, 0.85584034481526, 0.01932719433804], [-0.007117398781960001, -0.018279860800200002, 0.99980757613436]]}