{"translation": [[3750.3894659000216], [2207.1454535992816], [20.1653932]], "rotation": [[0.89151088332646, -0.45291145572468, -0.00891888478902], [0.45298961019972, 0.8914476164053601, 0.01102490687268], [0.00295741164438, -0.013868986761720001, 0.99989944740046]]}