{"translation": [[3721.4813762999256], [2256.8297880999744], [20.298638600000004]], "rotation": [[0.9425668063539, -0.33394698763492003, -0.006872447204860001], [0.33401431342876, 0.9424503252236001, 0.014893906238919999], [0.0015031652387800004, -0.01633399730324, 0.99986546146934]]}