{"translation": [[3727.481241500005], [2245.8182391002774], [20.2435817]], "rotation": [[0.8608132467003801, -0.5088992670062398, -0.004699669282460192], [0.5088921092541598, 0.8606293916473201, 0.018597524371679944], [-0.005419593130939805, -0.01840061994648005, 0.9998160056687]]}