{"translation": [[3721.863364299992], [2255.876911099069], [20.2942216]], "rotation": [[0.9289846672275001, -0.3700646024179998, -0.0062981190374998015], [0.3701181918107998, 0.9288492886051201, 0.01585910892776004], [-1.88919769001949e-05, -0.017063917559759965, 0.99985440056862]]}