{"translation": [[3748.7828169999993], [2210.151642999612], [20.1791482]], "rotation": [[0.88881367928984, -0.4581299833398399, -0.011276535017919804], [0.4582630418883199, 0.8886562492651999, 0.01688352595216004], [0.002286113784639804, -0.020173928084319948, 0.9997938719088]]}