{"translation": [[3728.1767222000053], [2244.704308900051], [20.2453034]], "rotation": [[0.85968706730582, -0.51079173394122, -0.00547331371764], [0.51075486442602, 0.8593538383603, 0.025307218223159997], [-0.008223204417239999, -0.02455180983876, 0.99966473757848]]}