{"translation": [[3722.0122992000543], [2255.5297099007294], [20.2947772]], "rotation": [[0.923556517239, -0.38341543281112, -0.0059978861451598035], [0.38346207831372003, 0.92342450707212, 0.01562125284856004], [-0.00045083397304019604, -0.016727071695239962, 0.99985999111788]]}