{"translation": [[3746.2488346999744], [2214.8005114002153], [20.1891743]], "rotation": [[0.88191271309454, -0.47134312933952005, -0.008099950389539952], [0.47141001255904, 0.8817191921024, 0.018543317066879804], [-0.0015983838619799515, -0.020171984859839807, 0.9997952471259]]}