{"translation": [[3720.316891000024], [2265.5048946999013], [20.318233600000003]], "rotation": [[0.99452269086238, 0.10439879729214, -0.00505052872392], [-0.10435680334014, 0.99450801938366, 0.00796594834776], [0.005854426792079999, -0.007395259319759999, 0.99995551692128]]}