{"translation": [[3722.540680599981], [2273.011530799791], [20.3694427]], "rotation": [[0.87419018101212, 0.4855735785277999, 0.00313586585404], [-0.48557158068859996, 0.8741044924235, 0.0127115205203], [0.00343130390996, -0.012634973766099998, 0.9999142881246199]]}