{"translation": [[3733.410310700012], [2282.6862454004586], [20.3914461]], "rotation": [[0.4773283884846, 0.8784734955962601, 0.0210238502789799], [-0.87871212395134, 0.47731443025116005, 0.00600109122693983], [-0.004763188699820103, -0.021338402233459827, 0.9997609637598]]}