{"translation": [[3741.7930932000163], [2286.9460194995627], [20.3802528]], "rotation": [[0.4241291377155, 0.9053642153963599, 0.020737376708979998], [-0.9055846310284399, 0.42415044928855994, 0.003577595342839997], [-0.005556739882419999, -0.020296813126359996, 0.9997785564767]]}