{"translation": [[3743.7319590999978], [2287.8834984004498], [20.3761217]], "rotation": [[0.4217344875455, 0.90646442053168, 0.02149877142876], [-0.90670201110112, 0.42175441679000003, 0.003820449461159999], [-0.005604099210840001, -0.02110419576924, 0.99976157505694]]}