{"translation": [[3737.0403222999303], [2284.6130040995777], [20.3823821]], "rotation": [[0.4433471691374, 0.89613453537816, 0.019650764749879895], [-0.8963379962561999, 0.44334798503820005, 0.004553137913999829], [-0.0046319024284001056, -0.019632348306119828, 0.99979653748604]]}