{"translation": [[3720.6150240999996], [2259.7606127001345], [20.3063771]], "rotation": [[0.9808858928763, -0.19457290612224, -0.00206134779752], [0.19458202535488003, 0.9807762184827, 0.01469164598424], [-0.00083687537256, -0.01481192951912, 0.99988994713536]]}