{"translation": [[3724.0573113000137], [2275.352840100415], [20.388505]], "rotation": [[0.79040289667244, 0.6125137209473199, 0.00949972132104], [-0.6125869800941599, 0.7902895220692401, 0.013405419484919998], [0.0007034721217199997, -0.01641508768536, 0.99986501591484]]}