{"translation": [[3720.3539575000177], [2265.834125900641], [20.3222624]], "rotation": [[0.9927896981799, 0.11982679513311999, -0.00318656502206], [-0.11979051626632, 0.99275052582572, 0.00982982833984], [0.0043413409406599995, -0.009377232036559999, 0.99994660871318]]}