{"translation": [[3720.2539693000144], [2262.499628700316], [20.3129807]], "rotation": [[0.9988745851799999, -0.0471970125279998, -0.004690951039999999], [0.04726543037439981, 0.99875837889848, 0.01573783963256], [0.003942347619200001, -0.01594184786056, 0.99986514859448]]}