{"translation": [[3721.0278608999797], [2269.2451860988513], [20.3521845]], "rotation": [[0.95953478756556, 0.28156097322396, 0.00405174103428], [-0.28158877154892004, 0.9593862380396599, 0.01690611780826], [0.0008729179815600001, -0.017362932901819998, 0.99984887188046]]}