{"translation": [[3722.038991099922], [2271.99741489999], [20.3626265]], "rotation": [[0.9031255834974401, 0.42934760084999984, 0.004980054218399999], [-0.4293759294983998, 0.9030450682970201, 0.01207885097322], [0.000688812785999999, -0.01304703482778, 0.99991464655942]]}