{"translation": [[3726.3047693999833], [2277.8555727992207], [20.3955008]], "rotation": [[0.6740449197630001, 0.73856905640582, 0.013385403037740001], [-0.7386859558733401, 0.67386781007886, 0.015659089176380002], [0.0025453271216200005, -0.020442538936260003, 0.9997877894307]]}