{"translation": [[3720.9306822000653], [2268.887645199895], [20.3504837]], "rotation": [[0.9644653003587, 0.26416922301576, 0.0046153431568799995], [-0.26420951607048, 0.96432511687166, 0.01644372060176], [-0.00010676614104000032, -0.01707881555248, 0.9998541406832]]}