{"translation": [[3736.5592287000036], [2284.3664662996307], [20.3829943]], "rotation": [[0.44685939517303996, 0.89438289532576, 0.01989545642976], [-0.8945917786614399, 0.44685967266679993, 0.0046791225436799986], [-0.004705548767039999, -0.01988922283872, 0.99979111648]]}