{"translation": [[3724.3165051999968], [2275.690483400598], [20.3915589]], "rotation": [[0.776999350679, 0.6294291221093, 0.009540483005100001], [-0.6294985432861, 0.77686072102238, 0.014799854178660001], [0.0019038319077000006, -0.017505197049660002, 0.99984495974238]]}