{"translation": [[3742.2554041999974], [2287.1714315004647], [20.3802376]], "rotation": [[0.42366017264844025, 0.9055757784070997, 0.02108739287546], [-0.9058058319734597, 0.4236740420500402, 0.004026328054899999], [-0.0052880373275, -0.02080687667846, 0.99976952873564]]}