{"translation": [[3720.255657300004], [2264.4770026998594], [20.3201911]], "rotation": [[0.9985589586275, 0.0536656612907, -5.4239459399999955e-05], [-0.053662204550900004, 0.9985051356438199, 0.01038565811772], [0.0006115115898, -0.01036778134572, 0.99994606612732]]}