{"translation": [[3733.835693300003], [2282.923684200272], [20.3910824]], "rotation": [[0.47250782516549994, 0.8810757784730001, 0.021021696322000002], [-0.8813142800013201, 0.47249255300174, 0.006000932991800002], [-0.004645319559760001, -0.02136220773268, 0.9997610100044]]}