{"translation": [[3720.566341799975], [2267.1961837001145], [20.3415417]], "rotation": [[0.9831819689703, 0.18254296112565999, 0.00559318870272], [-0.18260671208646, 0.98307729929862, 0.01462234019144], [-0.0028293316103199994, -0.01539777500736, 0.9998774441956799]]}