{"translation": [[3720.8485791999847], [2268.5590705992654], [20.3488771]], "rotation": [[0.9687094914083, 0.24814385255348, 0.005152074240759999], [-0.24819558792236, 0.9685717698069599, 0.01636065453568], [-0.0009303574257199998, -0.01712744350096, 0.9998528817215]]}