{"translation": [[3720.331240199972], [2261.53663210012], [20.312073]], "rotation": [[0.9952718004101401, -0.09704359860836001, -0.00407218397417999], [0.09708936947892, 0.99518850394584, 0.013171763077239801], [0.0027743553063400103, -0.013504850147879801, 0.99990495646494]]}