{"translation": [[3720.2380515999976], [2263.8075714008883], [20.3188197]], "rotation": [[0.9998093405629399, 0.01952012822118, 0.00049708782466], [-0.01952456104386, 0.9997429924886999, 0.01152130450278], [-0.00027206271578000005, -0.01152881327934, 0.9999335040085999]]}