{"translation": [[3725.6851776000112], [2277.250871799886], [20.3959857]], "rotation": [[0.70626622838846, 0.70784000957128, 0.0122717202337], [-0.7079407984004, 0.7060857250928, 0.016212169702], [0.0028107343467799993, -0.02013775897096, 0.9997932638691]]}