{"translation": [[3720.625465900055], [2267.522751700133], [20.3430597]], "rotation": [[0.98018613463974, 0.1979975317257, 0.005667068033959801], [-0.19806229803046, 0.98007140852214, 0.015210425608200018], [-0.002542504368599801, -0.01603148086795998, 0.99986825495724]]}