{"translation": [[3727.3220985999797], [2278.7428775997832], [20.3939273]], "rotation": [[0.6233722166960001, 0.7817909126807999, 0.014493417020799818], [-0.7819241937767999, 0.623233875966, 0.013194766939200088], [0.0012827601952001798, -0.019558004443199915, 0.999807901046]]}