{"translation": [[3720.2474776000017], [2264.128381599672], [20.3207273]], "rotation": [[0.99935607475932, 0.035787082726319995, 0.0025924214691599996], [-0.035814234434279994, 0.99929436594572, 0.01131860891896], [-0.00218553220536, -0.011404166164759998, 0.99993258195404]]}