{"translation": [[3726.9634580999264], [2278.444576700218], [20.3950362]], "rotation": [[0.6407257551905399, 0.7676407085684401, 0.01408113934662], [-0.7677664310770801, 0.64056043892684, 0.014732980273640001], [0.002289813948540001, -0.020250825788680003, 0.9997923088441399]]}