{"translation": [[3720.6742402000236], [2259.4839132996276], [20.303474]], "rotation": [[0.9777872642015001, -0.2095741827588998, -0.0032746123301999985], [0.20959959862029978, 0.9776867931522201, 0.01401919868796], [0.00026348279460000146, -0.01439415140196, 0.99989636410972]]}