{"translation": [[3720.6951418999815], [2267.8772904006764], [20.3464217]], "rotation": [[0.976639324463, 0.21480783483889998, 0.005764022585699977], [-0.21487486087909996, 0.97650369530252, 0.016411190527259797], [-0.0021033370467000204, -0.0172663575822598, 0.99984871299052]]}