{"translation": [[3723.84297160001], [2299.233089500107], [20.5679917]], "rotation": [[-0.44800205024784023, -0.8937780417608, -0.021323031381920002], [0.89402985432208, -0.44792981615880023, -0.008318414468560003], [-0.002116407788000001, -0.022790096635600002, 0.9997380318156]]}