{"translation": [[3765.1256502000033], [2298.0767465997487], [20.3504315]], "rotation": [[0.4162126710434999, 0.9090864224631802, 0.018132002621260003], [-0.9092538709757002, 0.4162318850228599, 0.0028803772458200006], [-0.0049286044339, -0.017685444593500004, 0.9998314527326]]}