{"translation": [[3750.6939284000546], [2291.2170901997015], [20.345452]], "rotation": [[0.41354831933110003, 0.9102596545695001, 0.020128228075499893], [-0.9104735250363001, 0.4135396687458801, 0.004785321880059833], [-0.00396793528410011, -0.02030518063293983, 0.99978595465622]]}