{"translation": [[3743.3859282999765], [2309.0314979003742], [20.502599]], "rotation": [[-0.41739990923907966, -0.9085794520593599, -0.016144059278959722], [0.9087201424610399, -0.4173762966628196, -0.004966412988419938], [-0.002225767300639939, -0.01674341267177972, 0.9998573418671]]}