{"translation": [[3751.180509299971], [2291.4476540992036], [20.3437343]], "rotation": [[0.41277874173710005, 0.9106157726323201, 0.019815145417159893], [-0.9108236688412801, 0.41276684729440005, 0.004877400760559833], [-0.003737597245640111, -0.020061390602639832, 0.99979176380846]]}