{"translation": [[3753.2905943000223], [2313.7371546002105], [20.518367]], "rotation": [[-0.41397903359057964, -0.9100420553267998, -0.021090486415079997], [0.9102814446587999, -0.4139421852601597, -0.0062888874532], [-0.0030070900450799975, -0.021801746078799998, 0.99975779130542]]}