{"translation": [[3744.907832200057], [2309.7581134000793], [20.5001525]], "rotation": [[-0.4162739370755998, -0.9090763735086, -0.0172057256796], [0.90923737158156, -0.41623633159719986, -0.00588208613192], [-0.0018143834119199991, -0.0180926489564, 0.99983466835904]]}