{"translation": [[3762.7078165999264], [2296.9184151999652], [20.348417]], "rotation": [[0.41551601255509973, 0.9094301510755602, 0.01682682078048], [-0.9095729817170803, 0.41553728912623966, 0.0023770890188399988], [-0.004830374022239998, -0.016292941311720002, 0.9998555933359]]}