{"translation": [[3750.2066057000193], [2290.9881364004686], [20.3476988]], "rotation": [[0.41413831581360006, 0.9099876531837597, 0.02029617721168], [-0.9102068235703998, 0.4141204320567, 0.005273941650299997], [-0.0036058400099999964, -0.02065786019318, 0.9997801011888601]]}