{"translation": [[3763.673417199985], [2297.379610000178], [20.3494304]], "rotation": [[0.41593602727782, 0.90922475569528, 0.0175352628008], [-0.9093792479552801, 0.41596123015832, 0.002357752146200001], [-0.005150262024800001, -0.0169268791498, 0.9998434655195]]}