{"translation": [[3745.1802682999987], [2288.582189099863], [20.3708562]], "rotation": [[0.4199928204529403, 0.9072782051037397, 0.02126467289487983], [-0.9075157969500197, 0.41999048982590026, 0.00479204999584011], [-0.004583236384959832, -0.02131065462927989, 0.999762396723]]}