{"translation": [[3751.708880899998], [2291.6961577991024], [20.3407908]], "rotation": [[0.41228610029772006, 0.9108456764556798, 0.019500987000839888], [-0.9110454581941199, 0.4122824704297201, 0.004393289282559834], [-0.004038306065440109, -0.01957757821715983, 0.99980018528844]]}