{"translation": [[3738.3651057999814], [2306.6032509002835], [20.5160767]], "rotation": [[-0.4227055726490402, -0.9061034779766001, -0.017214933392639895], [0.9062628755696401, -0.4226846583971402, -0.005014758562399833], [-0.002732598992000108, -0.01772102248463983, 0.9998392362024601]]}