{"translation": [[3755.7653670000145], [2293.613923399709], [20.3373098]], "rotation": [[0.4131317343169203, 0.9105138863838999, 0.016929231272459832], [-0.9106595490255, 0.41314929272190026, 0.0026103184055001087], [-0.004617568414539833, -0.01649517188729989, 0.9998532829159801]]}