{"translation": [[3741.609366199991], [2308.177841500379], [20.5069917]], "rotation": [[-0.4190833727399198, -0.90779736232752, -0.0165242848404], [0.90794369541552, -0.4190664331739198, -0.004641862528799998], [-0.0027109027091999994, -0.0169484478264, 0.9998526897100001]]}