{"translation": [[3727.4853367999895], [2301.1327704004943], [20.551271]], "rotation": [[-0.44266916163976033, -0.8965629564015203, -0.01480677434495983], [0.8966777109922404, -0.44267265855880034, -0.0032190060364801053], [-0.0036685102771198295, -0.014701856981759897, 0.9998851921408]]}