{"translation": [[3761.736821700004], [2296.4535900000483], [20.3466248]], "rotation": [[0.4152563905132398, 0.9095492774288203, 0.016801993326739834], [-0.9096921680782604, 0.4152759419249398, 0.002473116734620108], [-0.0047280427361798315, -0.016311618497859892, 0.9998557779649401]]}