{"translation": [[3764.6306952000014], [2297.8395512998104], [20.3496208]], "rotation": [[0.41604528628918025, 0.90917631465894, 0.01745647589718], [-0.90933355161486, 0.4160554058121202, 0.0032204244085400017], [-0.004334927342580001, -0.01721360186174, 0.9998424377423]]}