{"translation": [[3755.278598700068], [2293.384637000039], [20.3372537]], "rotation": [[0.41274734922300016, 0.9106902424062998, 0.01682014171469989], [-0.9108353302412998, 0.4127598541210802, 0.0028832415671798317], [-0.004316939375300107, -0.01651042954217983, 0.99985437427308]]}