{"translation": [[3749.1564100999967], [2290.4887519003823], [20.3530709]], "rotation": [[0.4155612454254002, 0.9093340244934998, 0.020502249996899997], [-0.9095583554713798, 0.4155395143815602, 0.0055108103293], [-0.0035083256233400008, -0.020938073854619994, 0.9997746189318]]}