{"translation": [[3754.2247290000087], [2292.883750299923], [20.3352288]], "rotation": [[0.41245883237856007, 0.9108175893218399, 0.016998948039279725], [-0.91096517944408, 0.41247383096046, 0.0027774582779399384], [-0.0044818626602399405, -0.016631037731379722, 0.99985164973326]]}