{"translation": [[3756.6151631000102], [2315.316630200483], [20.5254909]], "rotation": [[-0.4148443720449998, -0.9096554695129998, -0.020756625516], [0.9098855304255998, -0.4148210384309198, -0.005620617070440001], [-0.003497461915799997, -0.02121783681744, 0.99976875882492]]}