{"translation": [[3732.079144200019], [2303.4846529010683], [20.5339802]], "rotation": [[-0.43269886726312, -0.90137001243372, -0.01742340092987983], [0.90152850442692, -0.43270382555954, -0.0036795375616201055], [-0.00422254905107983, -0.017299825899179895, 0.9998414304675799]]}