{"translation": [[3739.979143499979], [2307.3896399997175], [20.5127362]], "rotation": [[-0.4208367253170001, -0.9069762722365601, -0.017045676131079893], [0.9071315041006002, -0.4208220969826001, -0.004610836055599831], [-0.0029912778332001084, -0.017403078486919833, 0.99984408040604]]}