{"translation": [[3758.7769410999026], [2295.0446559004486], [20.3411213]], "rotation": [[0.4141594270253397, 0.9100604546276201, 0.01618300974478], [-0.9101954865311801, 0.41416830974773977, 0.002956243407819998], [-0.004012129073019997, -0.01595405903798, 0.99986467624844]]}