{"translation": [[3726.772894599999], [2300.762177700177], [20.5557006]], "rotation": [[-0.4438151405666001, -0.89599055719536, -0.01512730504511983], [0.89611173510912, -0.44381303353970014, -0.0036799996799401057], [-0.0034164515073598304, -0.015188996499779896, 0.99987880376926]]}