{"translation": [[3746.504375600023], [2310.5189078999683], [20.5002473]], "rotation": [[-0.41532797454969994, -0.9094946667235999, -0.0179568559164], [0.9096700834136799, -0.41528584953063996, -0.006190834253400002], [-0.0018266951642399998, -0.01890603839868, 0.9998195961963]]}