{"translation": [[3753.209715600009], [2292.4042297992855], [20.3371128]], "rotation": [[0.41180952679598015, 0.9110975449512599, 0.01772361907052], [-0.91125872237046, 0.4118229805440602, 0.0030533669643600016], [-0.004517077919080001, -0.017408208691559998, 0.99983826205208]]}