{"translation": [[3749.9169611000107], [2312.138870299794], [20.508053]], "rotation": [[-0.4141668015265595, -0.9099693322981199, -0.02054017349603983], [0.9101970693255599, -0.4141268367538594, -0.006362546828880105], [-0.002716512745319831, -0.02133075919655989, 0.99976878292294]]}