{"translation": [[3744.0465322000673], [2309.3476245990023], [20.5015753]], "rotation": [[-0.4169736673227403, -0.9087685003349001, -0.0165044450858], [0.9089157866507002, -0.4169469418648203, -0.00519264893188], [-0.0021625646054000015, -0.017166351529879997, 0.9998503086210799]]}