{"translation": [[3756.773608200019], [2294.09424040094], [20.338662]], "rotation": [[0.4132539945667002, 0.9104630937316198, 0.01667484609486], [-0.9106075352860199, 0.41325887713132015, 0.00331311300606], [-0.003874560615060001, -0.01655339814414, 0.99985547594638]]}