{"translation": [[3767.9041218999773], [2299.422506599687], [20.3474243]], "rotation": [[0.4236017845275001, 0.9056854239683397, 0.017190064670379996], [-0.9058229817667397, 0.42365611663932, 0.000527161134539998], [-0.006805234404179998, -0.015794461274059996, 0.99985210095918]]}