{"translation": [[3753.737950199982], [2292.652926799841], [20.3354503]], "rotation": [[0.41213453173750014, 0.9109580733692397, 0.017335287335819887], [-0.9111111720097198, 0.41215153149464023, 0.0027464886524398305], [-0.004642829168460107, -0.01692629682611983, 0.9998459604419]]}