{"translation": [[3745.705456099997], [2310.1383342994377], [20.4993612]], "rotation": [[-0.4157319738634, -0.90932089180536, -0.01739031740988], [0.9094857225613201, -0.41568938941940003, -0.006167129597039999], [-0.0016210707650400006, -0.01838011851588, 0.99982975719404]]}