{"translation": [[3748.6738730000216], [2290.257326499559], [20.3550971]], "rotation": [[0.4162375594369202, 0.9090209949862199, 0.02066607373222], [-0.9092469486071798, 0.41622668833662024, 0.00502913306622], [-0.00403018334262, -0.020883879072819998, 0.9997737850145401]]}