{"translation": [[3699.631822400028], [2270.4183945003897], [20.5825526]], "rotation": [[-0.99883501299048, -0.04588129639772, 0.01494303479564], [0.045556182083720004, -0.9987320860765001, -0.02141553993646], [0.01590666281764, -0.020709845911539997, 0.99965898201398]]}