{"translation": [[3702.7890478000045], [2283.3664180003107], [20.6316621]], "rotation": [[-0.86959021640008, -0.49376194619464, -0.0034308849596399998], [0.49372274430856, -0.8693792150780201, -0.02043054351732], [0.00710508507684, -0.01946010909708, 0.9997853879179]]}