{"translation": [[3699.642846199975], [2268.141339400783], [20.571483800000003]], "rotation": [[-0.9998191581281799, 0.01514583220334, 0.0114915200574598], [-0.015378776091859997, -0.9996722693888199, -0.020460872466779998], [0.011177858125739801, -0.02063389985082, 0.999724610899]]}