{"translation": [[3701.5879570000106], [2258.7393154008314], [20.4842724]], "rotation": [[-0.9330334672992998, 0.35977676555230004, 0.0030954124617], [-0.35975872879706, -0.9328040573664997, -0.02122737108258], [-0.00474970145442, -0.0209194454391, 0.99976988211324]]}