{"translation": [[3704.7288792000036], [2252.7537987995893], [20.4424762]], "rotation": [[-0.8651490183884998, 0.5014289197030999, 0.009292615915899999], [-0.5015149082071, -0.8649879869009998, -0.0166948373699], [-0.0003332734648999998, -0.0191039062541, 0.9998174481915001]]}