{"translation": [[3699.6977576999925], [2267.172812799923], [20.5656051]], "rotation": [[-0.9990405867527998, 0.04199315454496, 0.012436729423679798], [-0.042235161591359996, -0.9989099610247199, -0.019881451788560003], [0.011588286877119798, -0.020387642610959995, 0.99972499001592]]}