{"translation": [[3703.605674499995], [2284.747834299691], [20.6317758]], "rotation": [[-0.8316838909396799, -0.5552068627987999, -0.0068491871744], [0.5552269521968, -0.8314772353661798, -0.0191912733323], [0.0049601832716, -0.0197639297453, 0.9997923702575]]}