{"translation": [[3703.9208951001056], [2285.2310664001852], [20.6297576]], "rotation": [[-0.8173305163088003, -0.57611326945824, -0.00802624186127994], [0.57615908243616, -0.8171544339402403, -0.017304204779039812], [0.003410502983519939, -0.01876764585263981, 0.999818055422]]}