{"translation": [[3701.6541255000047], [2280.9312252001837], [20.6265387]], "rotation": [[-0.9231481785490602, -0.3844397757207998, 0.0019260555680398065], [0.38430107504895983, -0.9229288421149602, -0.02269904159459996], [0.0105040260149998, -0.02021439132996004, 0.99974048825134]]}