{"translation": [[3706.0676513999933], [2287.9355962006375], [20.6222267]], "rotation": [[-0.7214250023272202, -0.6924132735548599, -0.010478925286400001], [0.69248850818914, -0.7212863959441802, -0.014338211399200003], [0.0023696615992, -0.0176004796864, 0.9998422914726]]}