{"translation": [[3713.4703467999934], [2293.596820799634], [20.5921358]], "rotation": [[-0.4892453366094599, -0.87205047871284, -0.01292518374008], [0.8721455275425201, -0.4891719970931999, -0.008545948440959999], [0.0011298608709600002, -0.01545370583008, 0.9998799459926999]]}