{"translation": [[3714.02726230002], [2293.9191224006936], [20.5907302]], "rotation": [[-0.48313135896250003, -0.8754430630913, -0.013539813800899898], [0.8755469165669, -0.48305163073908, -0.00886071255681983], [0.0012166193466998966, -0.016135632065179827, 0.99986907202742]]}