{"translation": [[3710.728160800005], [2291.8944475995377], [20.6096706]], "rotation": [[-0.5424922255110597, -0.8399057366853799, -0.01613756689518], [0.8400607220530198, -0.5423972567622597, -0.01015290352702], [-0.00022549072257999764, -0.01906440844242, 0.99981823221564]]}