{"translation": [[3700.631797900016], [2261.557513599284], [20.514252]], "rotation": [[-0.9687586108967201, 0.2478943528108, 0.007425963732080001], [-0.2480016185204, -0.9684775624698401, -0.023375403374800003], [0.00139724876008, -0.024486774311600002, 0.9996991775428801]]}