{"translation": [[3700.830556300003], [2278.4796545999125], [20.6206924]], "rotation": [[-0.9575825726682599, -0.28804115003698005, 0.00826230962764003], [0.28778659187566, -0.9574082279904998, -0.023424684292119802], [0.01465767415387997, -0.0200532835956398, 0.9996914616326]]}