{"translation": [[3711.238071699976], [2292.2324517993256], [20.6067642]], "rotation": [[-0.5292205484156202, -0.84833572049818, -0.01588286173619982], [0.8484843114611799, -0.5291358217316201, -0.009476507364600099], [-0.00036493060259982536, -0.018491520067799902, 0.999828950635]]}