{"translation": [[3707.320329500013], [2289.193217799999], [20.6149492]], "rotation": [[-0.6699327249153002, -0.74235817365384, -0.00971332138372], [0.7424153906626401, -0.6698156637364202, -0.012892899038760001], [0.0030650139001200008, -0.015848695457960003, 0.9998697037771199]]}