{"translation": [[3719.6829117001034], [2297.0262976000085], [20.5665494]], "rotation": [[-0.4559668230603402, -0.88988072553222, -0.01436695796362], [0.8899921827940199, -0.45585370175282014, -0.01054400594502], [0.00283367613082, -0.01759419853482, 0.99984119461148]]}