{"translation": [[3716.433495300007], [2295.266627700068], [20.5825001]], "rotation": [[-0.4678126751967403, -0.8836882116905401, -0.0157049802376], [0.8838247676907002, -0.4676910268639404, -0.010912577633040002], [0.00229823879704, -0.0189854905992, 0.99981711791216]]}