{"translation": [[3717.084226100007], [2295.6235805004835], [20.5794836]], "rotation": [[-0.4647311639334796, -0.88531806997086, -0.015388801381499898], [0.8854487034288601, -0.4646133387149797, -0.010723527579499827], [0.0023438901506998983, -0.01860955213509983, 0.9998240798975]]}