{"translation": [[3700.0268331000116], [2264.253345400095], [20.5464535]], "rotation": [[-0.9902012278402599, 0.13942937712548, 0.0077874044253000005], [-0.13958321253500003, -0.9898921323033999, -0.0250950139206], [0.00420970921698, -0.02593610879964, 0.9996547386727]]}