{"translation": [[3700.2442766000167], [2276.016265500337], [20.6141796]], "rotation": [[-0.9790650815097998, -0.2032322825899, 0.011323247674499999], [0.20288919459482002, -0.9788578903032398, -0.025946401736099998], [0.01635699670674, -0.023105851200179998, 0.9995992038318]]}