{"translation": [[3701.844728099997], [2258.1352797998115], [20.4794612]], "rotation": [[-0.92408123302404, 0.38216650056372, 0.00477154539872], [-0.38218015232288, -0.92385549220404, -0.02072408516268], [-0.0035118327226800004, -0.02097432674128, 0.99977384675916]]}