{"translation": [[3699.770288300002], [2272.7487867996097], [20.5952468]], "rotation": [[-0.9938354807297999, -0.1100751493333, 0.013215134141899811], [0.1097319275065, -0.9936624744548199, -0.02437071936493979], [0.015813992438499788, -0.02277036178693981, 0.99961564028102]]}