{"translation": [[3715.8426263], [2294.9400345990434], [20.5842789]], "rotation": [[-0.4705320787328999, -0.8822470456518399, -0.01548635305652], [0.88238031872048, -0.47041531111049983, -0.010701495578359999], [0.00215634578284, -0.018700248968119997, 0.99982280973936]]}