{"translation": [[3699.8781310999766], [2273.6805019006133], [20.6006077]], "rotation": [[-0.9905508876307401, -0.13623996707874, 0.01574367115236], [0.13584003055614, -0.99043605808162, -0.024169272489720003], [0.01888591828524, -0.021802270628520002, 0.99958390500188]]}