{"translation": [[3701.149985499971], [2259.8906156001613], [20.4900407]], "rotation": [[-0.9491901412789, 0.3146871604714, 0.003135476757799968], [-0.31468185542140004, -0.94896502408488, -0.0209875544177598], [-0.0036290561577999683, -0.020907859917759803, 0.99977482030598]]}