{"translation": [[3708.223609799985], [2290.007458000444], [20.6134369]], "rotation": [[-0.6323490352486602, -0.7745878932287801, -0.012175528749780002], [0.77468217139102, -0.6322398180643601, -0.011844661372020001], [0.0014768770534200008, -0.016922125679820002, 0.99985571983774]]}