{"translation": [[3700.0035749999806], [2274.612822400406], [20.6083709]], "rotation": [[-0.9866756593969, -0.1621814666337, 0.012962003523499799], [0.16180463163138, -0.98647535872916, -0.02617873821089998], [0.0170324055093398, -0.023732615368380016, 0.9995732389703]]}