{"translation": [[3700.12189379998], [2263.7095747999847], [20.5419486]], "rotation": [[-0.9869442702595997, 0.16092837766488, 0.006592796903760001], [-0.16105006392647997, -0.9865617253175197, -0.02755429690344], [0.0020699319170400005, -0.028256320190640002, 0.9995985673419201]]}