{"translation": [[3699.6268265000544], [2268.5827459003776], [20.5721753]], "rotation": [[-0.9999360713125001, 0.0036869220655998004, 0.010705340564199998], [-0.0039053585868798002, -0.9997833039350401, -0.0204557508668], [0.010627600162840001, -0.02049624782488, 0.9997334434667]]}