{"translation": [[3699.731334000011], [2266.7177854003385], [20.5618368]], "rotation": [[-0.9983778329214602, 0.055682245509779994, 0.011891085694640001], [-0.05591041151554, -0.9982394507310602, -0.01980486119352], [0.01076737053192, -0.02043756780344, 0.99973314918624]]}