{"translation": [[487.19253780000145], [2275.0143927000463], [23.9976737]], "rotation": [[0.48355744919520005, 0.8752030004967201, 0.013851963517440002], [-0.8753110195533601, 0.48352620357599996, 0.00574501055552], [-0.001669736568320001, -0.014902819175040001, 0.99988755265536]]}