{"translation": [[3708.912700899993], [2246.211066099815], [20.3991728]], "rotation": [[-0.8462230086894399, 0.53266900959216, 0.013045039516559807], [-0.5328252440733601, -0.8460522931148199, -0.017105668083420057], [0.0019251270206398071, -0.021425938078019947, 0.99976858474438]]}