{"translation": [[3713.6285144999856], [2238.9883367000148], [20.317474]], "rotation": [[-0.8498737960147599, 0.52676163088208, 0.015382258115519807], [-0.52694755589152, -0.8498027886670598, -0.012704034963180053], [0.006379888261919807, -0.018902470601579943, 0.99980097700494]]}