{"translation": [[506.09221119998256], [2285.9503144007176], [24.0986822]], "rotation": [[0.4842190526642399, 0.87483692742612, 0.01386698033616], [-0.87494637598764, 0.4841419691051, 0.008684848717119999], [0.0008842387195200007, -0.016338233159359998, 0.9998661311735]]}