{"translation": [[3723.778117900016], [2222.982159799896], [20.3255986]], "rotation": [[-0.8577218320361999, 0.51400737909544, 0.01047788414008], [-0.5141124602956, -0.8575932827773, -0.014908134302899998], [0.0013228716572000008, -0.01817384205458, 0.99983396695934]]}