{"translation": [[3727.9568493000115], [2216.2551309997216], [20.3072051]], "rotation": [[-0.8560828172393801, 0.5167401330431, 0.0100808354338], [-0.5168380833870999, -0.8559427264493801, -0.015499126712199999], [0.0006195976058000008, -0.0184786977542, 0.999829062294]]}