{"translation": [[496.4457629000535], [2280.3712925007567], [24.0299085]], "rotation": [[0.48614505044582, 0.8737916343268199, 0.012297555269019999], [-0.8738778770983799, 0.48608529586661997, 0.007655143720619999], [0.0007113389897800007, -0.01446807132342, 0.99989507895644]]}