{"translation": [[3716.6073913999717], [2234.3545139003545], [20.2981964]], "rotation": [[-0.8519451224231201, 0.52354845116812, 0.009295082069280002], [-0.5236305997605201, -0.8518310434635402, -0.01395490186152], [0.0006117725476799995, -0.01675600104408, 0.99985942119558]]}