{"translation": [[3708.482763600012], [2246.8652340993285], [20.4012344]], "rotation": [[-0.8464524012036999, 0.5323122700286, 0.012728852373999807], [-0.5324620420145201, -0.84627839519314, -0.017236462751200055], [0.0015969719746398072, -0.021367475551519945, 0.9997704139824]]}