{"translation": [[491.87158229999477], [2277.7202556002885], [24.012638100000004]], "rotation": [[0.48475825223413993, 0.87454857581388, 0.01320274824598], [-0.87464782154388, 0.48471736121292, 0.006352569769319999], [-0.0008439714909799995, -0.01462721491068, 0.9998926603962199]]}