{"translation": [[3715.5691753000137], [2235.9868142995983], [20.304116600000004]], "rotation": [[-0.8508667238277, 0.5251550472686598, 0.015426995509219998], [-0.5253320051635398, -0.8508229760400401, -0.01124923876334], [0.007218047730820001, -0.01767589743554, 0.9998177146043]]}