{"translation": [[483.2240187000134], [2272.725976300426], [23.9831039]], "rotation": [[0.48284488909269996, 0.87560088373338, 0.013559832384540001], [-0.87570518139678, 0.48280608458197993, 0.006219608880939998], [-0.0011008741097399992, -0.01487752214326, 0.99988871750972]]}