{"translation": [[3724.316010200011], [2222.114401099272], [20.3249117]], "rotation": [[-0.8576959549524001, 0.5140496634935598, 0.010520434164079998], [-0.5141556771585998, -0.8575651871229002, -0.015032521041400002], [0.0012944954324000026, -0.01830247265908, 0.99983165772246]]}