{"translation": [[477.44450440007495], [2269.4129208000377], [23.962457500000003]], "rotation": [[0.48036865163863995, 0.87695788046192, 0.01381662153848], [-0.8770660546884801, 0.48032801634143996, 0.0063401141835199995], [-0.0010764981119199997, -0.01516368129488, 0.9998844452914399]]}