{"translation": [[497.22898790007457], [2280.824137000367], [24.0328335]], "rotation": [[0.4861813418428801, 0.87378083043192, 0.01160764012272], [-0.8738578809535199, 0.4861341006281601, 0.006783376382720002], [0.0002843148571199999, -0.01344137900032, 0.9999096201612799]]}