{"translation": [[3731.189518900006], [2211.083123099059], [20.311327]], "rotation": [[-0.8543298971989801, 0.5196247117587, 0.010505285262100001], [-0.5197306679207, -0.8541738339454801, -0.016336143402299996], [0.00048467664809999974, -0.0194163768053, 0.9998113668974999]]}