{"translation": [[3718.6232653000043], [2231.183954300359], [20.3066663]], "rotation": [[-0.8539294761994399, 0.520387852131, 0.0008759669828399999], [-0.52038191535516, -0.8539087895095399, -0.006501973347899999], [-0.0026355521178, -0.0060080646306599995, 0.99997847827966]]}