{"translation": [[3710.798689200019], [2243.33568629995], [20.3719364]], "rotation": [[-0.8475631688284998, 0.53030359002222, 0.020360071644539998], [-0.53068272117246, -0.8471740506201998, -0.025917806981579996], [0.0035042198587799996, -0.032771720725139994, 0.9994567197692601]]}