{"translation": [[499.4454678000184], [2282.1077952003106], [24.0446592]], "rotation": [[0.4865187400953602, 0.8735838533807998, 0.012280755159839998], [-0.8736701557358397, 0.48646813098926023, 0.0070190321417], [0.00015751652639999988, -0.014144219598339999, 0.9998999531204601]]}