{"translation": [[3719.6520309000043], [2229.5637489007786], [20.3343597]], "rotation": [[-0.8548273059444003, 0.51888036263772, 0.00578756888356], [-0.51891036283012, -0.8547373538257802, -0.012495638951340001], [-0.0015368904147599997, -0.01368484249954, 0.99990517703238]]}