{"translation": [[3715.131843100011], [2236.669775900431], [20.3047687]], "rotation": [[-0.8506593689304998, 0.5254600508726, 0.0164502366551], [-0.5256440926933998, -0.8506469596711198, -0.00991338062932], [0.0087842566889, -0.01707987810068, 0.99981554029838]]}