{"translation": [[494.9309948000009], [2279.4930464997888], [24.0243903]], "rotation": [[0.4856281515282199, 0.8740691326797799, 0.012975193732159898], [-0.87416537945978, 0.4855694258847, 0.0075583001981598275], [0.0003061207421598995, -0.015012989188159827, 0.99988725185648]]}