{"translation": [[3734.4035344999866], [2205.9826972996816], [20.299411600000003]], "rotation": [[-0.85260582223876, 0.5223967279280001, 0.0128485129194], [-0.5225543113706, -0.85237780052548, -0.01972791359712], [0.0006459892559999994, -0.02353417848612, 0.99972282416572]]}