{"translation": [[479.9609318000148], [2270.850934199989], [23.970351500000003]], "rotation": [[0.48159022461949985, 0.8762922931254402, 0.01351713356558], [-0.8763959118284803, 0.48155106561179983, 0.006230351631040001], [-0.0010495814398600008, -0.014846836702720002, 0.9998892287785399]]}