{"translation": [[3719.158185600012], [2230.342133199796], [20.323462600000003]], "rotation": [[-0.8543644675632801, 0.51965531869356, 0.0044187665725199995], [-0.51967111961124, -0.8542998499160201, -0.01065425084094], [-0.00176158636692, -0.01139891979426, 0.9999334785046999]]}