{"translation": [[478.3084338000044], [2269.906503099948], [23.965158]], "rotation": [[0.4808220126287601, 0.8767164004735999, 0.013364128281359897], [-0.87681786854936, 0.4807802016608601, 0.006393567108899829], [-0.0008198638080001023, -0.014792073838139828, 0.99989025517126]]}