{"translation": [[3722.251327599981], [2225.4332967996597], [20.3374123]], "rotation": [[-0.8572358395568198, 0.51479555368502, 0.011490975261899999], [-0.51492374285002, -0.8570313464648198, -0.018724301756099997], [0.00020893937489999993, -0.0219681208359, 0.9997586498669999]]}