{"translation": [[483.99982370005455], [2273.1724715996534], [23.9863919]], "rotation": [[0.4830239618106801, 0.8754925280265998, 0.014167227885559998], [-0.8756060401525999, 0.48298585540070005, 0.006224997398300001], [-0.0013926322744400007, -0.0154117329953, 0.9998802623650199]]}