{"translation": [[3728.50670909998], [2215.373236099258], [20.3080111]], "rotation": [[-0.8557489288237, 0.5172893601077602, 0.010279022135519948], [-0.5173907012439201, -0.8556131495200001, -0.01526991100343981], [0.0008959035009600538, -0.01838547891767981, 0.99983057141566]]}