{"translation": [[3726.9060350999935], [2217.9457264998928], [20.3137039]], "rotation": [[-0.8567637019701199, 0.51558749289006, 0.011210722035179806], [-0.51570781756026, -0.8566118340160399, -0.016180137286260055], [0.0012609601267798065, -0.019644009537539947, 0.99980624267308]]}