{"translation": [[3713.15985200007], [2239.7137504005805], [20.316046]], "rotation": [[-0.8496675057963403, 0.5271200199750399, 0.014472880369099807], [-0.5272780307511999, -0.8496227053574403, -0.010908114535040056], [0.006546603073459809, -0.016899503456799945, 0.9998357608916599]]}