{"translation": [[479.10300120001193], [2270.360838099383], [23.9690635]], "rotation": [[0.4811942370647998, 0.8765146253180002, 0.013201859056], [-0.8766138021280002, 0.4811506597474199, 0.006508134338139999], [-0.0006476091259999999, -0.01470460803686, 0.99989167169238]]}