{"translation": [[482.38031799998134], [2272.2403942001984], [23.9798999]], "rotation": [[0.4826270144674999, 0.8757291138186002, 0.013029524200200001], [-0.8758254643350002, 0.48259031880951997, 0.00603527993544], [-0.0010026528690000001, -0.01432437754344, 0.99989689814102]]}