{"translation": [[3732.2168212999823], [2209.4483335996047], [20.309165]], "rotation": [[-0.8535203990049001, 0.5209466732261799, 0.010825605489259753], [-0.5210588690693, -0.85335700866324, -0.01670845154317986], [0.0005338949854998623, -0.019901784928099756, 0.9998017972983]]}