{"translation": [[548.808674000029], [2312.50767320022], [24.2722095]], "rotation": [[0.7177176874203, 0.6962782173963601, 0.00882784222258], [-0.6963329503627601, 0.71763494291868, 0.010976182671239999], [0.00130730947122, -0.01402491804916, 0.99990079138062]]}