{"translation": [[527.9856094000279], [2298.652881500311], [24.1915311]], "rotation": [[0.4936973452375999, 0.8695843660964001, 0.009272010337200001], [-0.8696171431463201, 0.49359384654104, 0.011451970758000002], [0.005381847359760001, -0.01371690668232, 0.9998914352028]]}