{"translation": [[550.5750151000102], [2315.1927974009886], [24.2935697]], "rotation": [[0.90257574776286, 0.43052478713789993, 0.002328579585940195], [-0.43051851468094, 0.90249486565116, 0.012522821520299956], [0.0032898540908998047, -0.012305291616940044, 0.99991887503646]]}