{"translation": [[551.3151033999748], [2317.504766699858], [24.3093269]], "rotation": [[0.97635843115484, 0.21615188813973998, 0.001605064820659801], [-0.21615582829694, 0.97629030023222, 0.01157188988078002], [0.0009342765741401987, -0.011645256363619978, 0.99993175523862]]}