{"translation": [[517.4646601999993], [2292.4951625000685], [24.1075444]], "rotation": [[0.48462055751851996, 0.87464501835446, 0.011786154275259898], [-0.8747243416270599, 0.4845705961886, 0.006969203676619827], [0.00038435657965990057, -0.013687056020419829, 0.99990625398108]]}