{"translation": [[550.8320361999795], [2315.811412700452], [24.2967206]], "rotation": [[0.9293364092716799, 0.369216864764, 0.0035690010777600003], [-0.36923365591679996, 0.9292766138474999, 0.0105581665549], [0.0005816641342400002, -0.0111298839405, 0.9999378917431799]]}