{"translation": [[551.1479621999897], [2316.792476600036], [24.3034452]], "rotation": [[0.96051529648028, 0.27821805675218, 0.0022546348267], [-0.27822641727217995, 0.96046195730478, 0.010143695727699999], [0.0006566681412999999, -0.010370473864299998, 0.9999460095755]]}