{"translation": [[522.8625289999763], [2295.6265374999493], [24.1611156]], "rotation": [[0.4892799963000002, 0.8720558134901599, 0.01112835099088], [-0.8721204342183999, 0.48928539496470014, 0.0024181209673000007], [-0.0033362039012, -0.010888399713380001, 0.99993515415126]]}