{"translation": [[531.0296118999831], [2300.4638376999646], [24.2107901]], "rotation": [[0.4977287103812399, 0.8672024433230401, 0.015036885037159827], [-0.8673131985504401, 0.49752610136891995, 0.015350858405280101], [0.005831057989440174, -0.020682251524519902, 0.99976909497132]]}