{"translation": [[529.1796483999933], [2299.3587972996756], [24.1998339]], "rotation": [[0.49536655747086, 0.86861485199844, 0.0109667683824], [-0.8686697839349999, 0.49524649983895996, 0.011990340728560001], [0.004983733474560001, -0.015466113933200002, 0.99986797215206]]}