{"translation": [[519.4970168999862], [2293.6639542998746], [24.1173268]], "rotation": [[0.48573622109982006, 0.87402887705134, 0.011571711947779999], [-0.8740983186403399, 0.48574324991694007, 0.0023839955571400015], [-0.0035372004692200013, -0.01127280644114, 0.9999302035921199]]}