{"translation": [[538.2058331000153], [2304.8200369998813], [24.2296795]], "rotation": [[0.5096810853957601, 0.8602411695079598, 0.014503615661039998], [-0.8603475498644398, 0.5094968480664, 0.014665901236279994], [0.00522666489464, -0.019953082478519995, 0.9997872556140001]]}