{"translation": [[521.5333772000158], [2294.8574024001136], [24.1375658]], "rotation": [[0.48836681249605984, 0.8726239225265401, 0.005033037898599827], [-0.8726383243173, 0.4883556962128599, 0.0033247695380401007], [0.0004433607880401729, -0.006015728898599899, 0.99998180705276]]}