{"translation": [[514.682059600018], [2290.8850199999288], [24.0932345]], "rotation": [[0.48427681479990003, 0.87481564173184, 0.013176407569379999], [-0.8749140065723999, 0.4842002930022, 0.0086957148352], [0.0012271261368999994, -0.01573935622488, 0.99987537565494]]}