{"translation": [[539.1620785999112], [2305.4147437000647], [24.2293103]], "rotation": [[0.51298411478508, 0.8583168586427401, 0.011810732818939728], [-0.85838280078446, 0.51284421861612, 0.013030733617019926], [0.005127431860860074, -0.01682268916761973, 0.9998453413302]]}