{"translation": [[513.272546000022], [2290.073843599297], [24.0920974]], "rotation": [[0.48353330054456, 0.8752019531017999, 0.014729316766599897], [-0.8753231715446, 0.48342140945358003, 0.010627814014779826], [0.0021810187341998978, -0.018031815228219828, 0.9998350347699799]]}