{"translation": [[541.3457476000185], [2306.797006599605], [24.240698]], "rotation": [[0.5250076736809399, 0.85101392233154, 0.011923682828419902], [-0.8510869476254201, 0.5248800704651, 0.012322614533259828], [0.004228214274459902, -0.016617558339819826, 0.9998529786606]]}