{"translation": [[516.7487958000274], [2292.0788326999173], [24.1033314]], "rotation": [[0.4842461572775, 0.8748143509936399, 0.01433328495248], [-0.87493168476548, 0.4841881037547, 0.007507314317239998], [-0.00037249884735999963, -0.01617603382772, 0.99986909000984]]}