{"translation": [[524.7927232999937], [2296.766829200089], [24.1841762]], "rotation": [[0.49064264469438, 0.8712369577893, 0.014694895522919998], [-0.8713581203451, 0.4905289033475, 0.0107889967222], [0.0021915020050799995, -0.0180980585606, 0.99983381498588]]}