{"translation": [[528.5845562000177], [2299.006748200394], [24.1951139]], "rotation": [[0.49462213151173995, 0.8690547024656401, 0.009636473692140001], [-0.8690917805259601, 0.49451441869400004, 0.01161710841828], [0.00533052765474, -0.01412105903052, 0.9998860840939]]}