{"translation": [[511.1121311999741], [2288.8319931002334], [24.0988711]], "rotation": [[0.48302334316829987, 0.8754177188420801, 0.01822937375364], [-0.8756055700372801, 0.4828738863859199, 0.01215475849856], [0.0018380015807600014, -0.02183277288384, 0.9997599470863799]]}