{"translation": [[508.9869894000003], [2287.6140528004616], [24.1026329]], "rotation": [[0.4834301753276, 0.87523338613076, 0.01618043052788], [-0.8753811216160399, 0.48330893890614, 0.010971893357059996], [0.001782820301479999, -0.01946818758074, 0.9998088873538999]]}