{"translation": [[509.6783940999885], [2288.0111221997067], [24.1022584]], "rotation": [[0.4831386436902002, 0.8753812581599598, 0.01687319584252], [-0.8755413241469199, 0.4830011291991002, 0.01171749999586], [0.002107507227159998, -0.02043435727838, 0.99978897546246]]}