{"translation": [[549.0136272999807], [2312.736752900295], [24.2728768]], "rotation": [[0.73634898386694, 0.6765510256563401, 0.008299019136020002], [-0.67660149104918, 0.73627923753654, 0.01016350122514], [0.0007657318669400002, -0.013099012576580001, 0.9999139110548401]]}