{"translation": [[516.0825851000263], [2291.6931753000244], [24.0987657]], "rotation": [[0.4840773365804599, 0.87490000140926, 0.01480462662168], [-0.87502518173182, 0.48401472805406, 0.0077930478669599994], [-0.00034752054023999904, -0.016726858459920002, 0.99986003593056]]}