{"translation": [[526.7315019000089], [2297.9059674004093], [24.188096100000003]], "rotation": [[0.49264062374926, 0.8701502234906401, 0.0119928116910599], [-0.8702290030101602, 0.49255059838939996, 0.009767982976079828], [0.0025925456622598987, -0.015248597662319828, 0.9998803723355]]}