{"translation": [[549.9711065000156], [2314.0372609002516], [24.2831859]], "rotation": [[0.8372807154303601, 0.54672975936348, 0.006896143602919808], [-0.54677317668028, 0.8372074888423799, 0.011076862523220056], [0.0002825476882801917, -0.013045069825579942, 0.99991486953198]]}