{"translation": [[550.9442494000541], [2316.1205737004057], [24.299801100000003]], "rotation": [[0.94050566830918, 0.3397595348811, 0.00354180767124], [-0.3397779681531, 0.9404503455755, 0.0102018590842], [0.00013528470875999975, -0.0107983345198, 0.99994168713368]]}