{"translation": [[545.462916400109], [2309.6363663999364], [24.2584968]], "rotation": [[0.58655375251768, 0.8098674740932801, 0.00833148134412], [-0.80987981935152, 0.5864113362060799, 0.01471280936512], [0.00702974983668, -0.015377352113919999, 0.99985704961976]]}