{"translation": [[538.6704989000573], [2305.108176600188], [24.2283974]], "rotation": [[0.5111816009063, 0.8593734818110199, 0.013064054230339999], [-0.8594575600930199, 0.51102305387292, 0.013719354697139996], [0.005114015240659999, -0.018241081501859997, 0.9998205388083801]]}