{"translation": [[551.0542386000161], [2316.465337499976], [24.3021335]], "rotation": [[0.9513897979371, 0.30797903980364, 0.00252123372592], [-0.30798840846668, 0.9513346386875, 0.01027320166424], [0.0007653940385599997, -0.01055033003752, 0.9999440507849601]]}