{"translation": [[545.1825218999875], [2309.426812099293], [24.2576578]], "rotation": [[0.58043051113646, 0.81426527883364, 0.008513222121419731], [-0.81428118190492, 0.580290788126, 0.014448374782439913], [0.006824665591860086, -0.015318434133479731, 0.9998593748695]]}