{"translation": [[542.1446707000141], [2307.315336799249], [24.2443938]], "rotation": [[0.5315344491608602, 0.8469550676140398, 0.011760845224419997], [-0.8470266382382798, 0.5314091438135602, 0.01225849453676], [0.004132572111139996, -0.01647756099812, 0.99985569551526]]}