{"translation": [[533.9498808999779], [2302.2202160004526], [24.2074274]], "rotation": [[0.50174185826342, 0.86497301426702, 0.008764515310199901], [-0.8649962068430199, 0.50163284663342, 0.012086099594999827], [0.006057580868999901, -0.013645374529799827, 0.9998885485260001]]}