{"translation": [[547.616044400027], [2311.36812810041], [24.2680822]], "rotation": [[0.64591608199902, 0.76335778600896, 0.008794834901319916], [-0.7633893801510401, 0.64577566017558, 0.014508431379359818], [0.005395632868679915, -0.01608511261935982, 0.9998560677996]]}