{"translation": [[539.4754935000674], [2349.0835766000673], [24.400931600000003]], "rotation": [[0.86505992081148, -0.50163596395086, -0.00571657033698], [0.5016682437497401, 0.86499096323582, 0.010935850493060001], [-0.0005410345438199996, -0.012327987834460001, 0.9999238610963]]}