{"translation": [[505.52184389997274], [2370.183190200478], [24.365095]], "rotation": [[-0.8578996363824202, 0.5136761250853799, 0.012033436106819999], [-0.51381697140762, -0.8576774805093201, -0.01952461325598], [0.0002914803061800017, -0.02293314515202, 0.9997369583332599]]}