{"translation": [[512.3329374999739], [2359.26128350012], [24.3358931]], "rotation": [[-0.8581913885893199, 0.51321404765764, 0.010903240310759753], [-0.5133294594632399, -0.8580234671612998, -0.016988074024579858], [0.0006367178263598601, -0.020175973303619754, 0.99979624158702]]}