{"translation": [[507.7930951999733], [2366.5452175997198], [24.3455799]], "rotation": [[-0.8580944206406802, 0.5133589618352999, 0.0116974343111], [-0.5134917864153, -0.8579004219001802, -0.018257594533500003], [0.0006625330961000002, -0.021673273345500003, 0.9997648875155001]]}