{"translation": [[541.2187335999333], [2346.1836867006496], [24.408628]], "rotation": [[0.87062302576088, -0.49187375635451996, -0.008702938431279806], [0.49194964371012, 0.87044744045566, 0.01751535759768005], [-0.001039894768880193, -0.01953068119607995, 0.99980871725078]]}