{"translation": [[538.0950014999835], [2351.338568900712], [24.4116787]], "rotation": [[0.86166073506782, -0.50742162313228, -0.008005793925279999], [0.50748334105868, 0.86151358126334, 0.01596955174168], [-0.0012061950468799996, -0.01782314261608, 0.99984042761952]]}