{"translation": [[509.31670079991454], [2364.1017139004543], [24.3384659]], "rotation": [[-0.8581789036025, 0.51324033310662, 0.01064440862484], [-0.51335036732154, -0.85801750663594, -0.01665329487332], [0.0005859464197199996, -0.019755817672359996, 0.9998046630878]]}