{"translation": [[547.7842574000242], [2333.9426661999896], [24.3530699]], "rotation": [[0.91821704670702, -0.39607493174498, -0.00145376739254], [0.39605907411922003, 0.91813241510172, 0.01304177968286], [-0.0038307707120599998, -0.01255096222126, 0.99991389556974]]}