{"translation": [[536.7161510000005], [2353.5485516004264], [24.406619600000003]], "rotation": [[0.8593703107143, -0.5113145331683399, -0.006334783883879999], [0.5113521536924998, 0.8593328214779, 0.008129520363800002], [0.001286946018600001, -0.01022557373188, 0.9999468892978399]]}