{"translation": [[539.0084412000142], [2349.850516599603], [24.4030825]], "rotation": [[0.86362331281934, -0.5040989068958, -0.0062513448436], [0.5041373698786, 0.8635429434879199, 0.01179452174192], [-0.0005473004491999998, -0.01333756041008, 0.99991090100742]]}