{"translation": [[522.586945499992], [2342.763312799856], [24.282548]], "rotation": [[-0.8589078117376998, 0.5120509687552799, 0.009007464381659998], [-0.51212607882192, -0.8586976086313999, -0.019111630170959997], [-0.002051440540739999, -0.02102808631536, 0.99977678067286]]}