{"translation": [[551.5116190999979], [2321.693808999844], [24.3291278]], "rotation": [[0.99786984830686, -0.06522501259223999, 0.0012096865359000001], [0.06519936520439999, 0.9977577867913601, 0.01511427904776], [-0.00219280325526, -0.0150032125404, 0.99988504099966]]}