{"translation": [[506.26135100005195], [2368.9997490998358], [24.3611283]], "rotation": [[-0.8579913607650602, 0.51350379042464, 0.01282551969326], [-0.51366354642104, -0.8577538800638802, -0.02019540098432], [0.0006307250073400005, -0.023915483735119997, 0.9997137849378199]]}