{"translation": [[547.4782975999988], [2334.606075800024], [24.3549401]], "rotation": [[0.91433471562846, -0.40495852933006, -0.0007937372999599582], [0.40493508872434, 0.9142568419475, 0.012728455640119804], [-0.0044288165323599585, -0.011959481009079804, 0.9999186748982]]}