{"translation": [[516.078514599998], [2353.242740199901], [24.320352]], "rotation": [[-0.8584198614889001, 0.51282924419886, 0.01101988817572], [-0.51294738912114, -0.8582004957919401, -0.01941173006484], [-0.0004976291642799996, -0.02231603828484, 0.9997508423557999]]}