{"translation": [[514.6008417999838], [2355.6194147998467], [24.3315137]], "rotation": [[-0.85839077192394, 0.5128487228720999, 0.01230938138994], [-0.51299625277506, -0.85816306866004, -0.0197748063565], [0.00042197214810000064, -0.02328917723206, 0.99972868127846]]}