{"translation": [[534.305583600013], [2357.39552559983], [24.4246785]], "rotation": [[0.85804481081278, -0.51351233748048, -0.008011908329699946], [0.5135739033715199, 0.85796855576768, 0.011480935365599805], [0.0009783636801000539, -0.013965863971199807, 0.99990199392446]]}