{"translation": [[513.8264594000066], [2356.863680300303], [24.3328863]], "rotation": [[-0.8583115785397001, 0.51301038670438, 0.01101217450754], [-0.51312826825418, -0.85813650736018, -0.01734375370414], [0.0005524241380599993, -0.020537005806739998, 0.99978894081948]]}