{"translation": [[511.6125057999743], [2360.4164635995403], [24.3370771]], "rotation": [[-0.85818902700048, 0.51322672621564, 0.0104929743962], [-0.5133339426863601, -0.8580174512215201, -0.0171609366416], [0.00019570329500000032, -0.020113725619999998, 0.999797679414]]}