{"translation": [[548.055475000001], [2333.3354844003916], [24.3506566]], "rotation": [[0.9219000803996, -0.38741758881908, -0.00280019958184], [0.38742029254132, 0.9218136350252, 0.01285016263904], [-0.00239711728664, -0.012931420117759999, 0.99991351235424]]}