{"translation": [[534.8062765001087], [2356.5959294009954], [24.4248572]], "rotation": [[0.8581656825558001, -0.51329430061874, -0.00897761774922], [0.51337062358854, 0.85808178436908, 0.012092540689340002], [0.0014964973926200002, -0.014986248907860001, 0.99988657997772]]}