{"translation": [[508.58686019998277], [2365.273430400528], [24.3405109]], "rotation": [[-0.8581743820400998, 0.51323570206192, 0.01120201505684], [-0.51335696207392, -0.8580109326596198, -0.01677825856924], [0.0010002512491599997, -0.02014930766524, 0.9997964817195201]]}