{"translation": [[549.7605666000163], [2329.0703397998586], [24.3462909]], "rotation": [[0.9477148184228601, -0.31904978503105996, -0.006623101603399967], [0.3191116068323, 0.9476267806116601, 0.013087204713559801], [0.0021007589395600325, -0.0145164463261998, 0.9998924240207601]]}