{"translation": [[545.1678630000097], [2339.1938075004146], [24.3745664]], "rotation": [[0.89205501385592, -0.45191984529768, -0.002507146446119953], [0.45192108002567993, 0.89200208517974, 0.009979857530519803], [-0.0022737162541199532, -0.010035614282519804, 0.9999470569238199]]}