{"translation": [[543.2641008999781], [2342.6583145996556], [24.38814]], "rotation": [[0.8802316999943, -0.47451867873526005, -0.00491934913718], [0.4745437396771, 0.880169507151, 0.0104833184527], [-0.0006446688010999999, -0.01156219545982, 0.99993294777734]]}