{"translation": [[524.0105507000117], [2340.460984800011], [24.2789297]], "rotation": [[-0.8586156179926799, 0.51259081795482, 0.005440965397419947], [-0.51260248680898, -0.8584514657749799, -0.017306116458179806], [-0.004200151580219946, -0.017648356808019804, 0.99983543356134]]}