{"translation": [[548.8569978000014], [2331.4526971997693], [24.347744]], "rotation": [[0.93345552107038, -0.3586753549783798, -0.003576959630999999], [0.3586902321976198, 0.93336090716638, 0.013369706292600002], [-0.0014567893073999987, -0.013763046591, 0.9999042235807599]]}