{"translation": [[503.9786562000518], [2372.657506299205], [24.3704023]], "rotation": [[-0.8578296073629, 0.5138121876317199, 0.011186349158259806], [-0.5139325602107598, -0.8576745759162, -0.016351735050520056], [0.0011925273992198088, -0.019776034108359947, 0.99980372390046]]}