{"translation": [[549.0904919001041], [2330.871010400355], [24.3470525]], "rotation": [[0.93702639543372, -0.34924174518436, -0.00342699513768], [0.34925554012824, 0.93693239233788, 0.01335164792164], [-0.0014520898121200003, -0.01370774354424, 0.9999049900926]]}