{"translation": [[519.0060672999825], [2348.5269887996837], [24.305063600000004]], "rotation": [[-0.8585508845243601, 0.5126371626578998, 0.009657209001539997], [-0.5127205186494599, -0.8582833199347601, -0.0216137931821], [-0.0027914117342999977, -0.023507993575540002, 0.9997197518404399]]}