{"translation": [[539.901186699979], [2348.382748399861], [24.4018982]], "rotation": [[0.86625323815134, -0.49956372579822, -0.00643401428566], [0.49960448216834, 0.8661590692395, 0.01279896253662], [-0.0008210179852200005, -0.01430160520046, 0.9998973897390001]]}