{"translation": [[551.4657221999951], [2322.1886959997937], [24.331053]], "rotation": [[0.9959603392395, -0.0897856841537, 0.0012383602283999998], [0.0897551830527, 0.99583927132638, 0.015752864849840002], [-0.0026475895036, -0.015578079369840002, 0.99987514906188]]}