{"translation": [[535.8581612000708], [2321.351072700694], [24.3028566]], "rotation": [[-0.8610612985062801, 0.5083346056405199, 0.013016571898439949], [-0.50848600030932, -0.8609514867277, -0.01430339848193981], [0.003935724218040054, -0.018934846896659807, 0.99981297333758]]}