{"translation": [[533.7956181999762], [2324.7015117006376], [24.3164959]], "rotation": [[-0.86045447212704, 0.5092908424486398, 0.015528714664319997], [-0.5095184763379197, -0.860221165344, -0.020265012306560002], [0.0030373428281600017, -0.02534928502848, 0.9996740410416001]]}