{"translation": [[544.6070243999711], [2307.076414300129], [24.2823478]], "rotation": [[-0.8622112229682001, 0.5062401370398, 0.0176898797882], [-0.50649138769132, -0.8621143190910601, -0.0150191947695], [0.007647378081240001, -0.02190948805718, 0.9997307097267]]}