{"translation": [[539.2027500999975], [2315.9066433003172], [24.3133927]], "rotation": [[-0.8618676841348003, 0.5069402911312001, 0.01398454194319981], [-0.50708657310688, -0.8618345200490403, -0.010217561804000054], [0.006872667623839809, -0.01589756026287995, 0.9998500057568]]}