{"translation": [[562.8395747999894], [2277.5322340996936], [24.0088724]], "rotation": [[-0.8578050368770002, 0.51389304688508, 0.009180683349439753], [-0.51395504414224, -0.8574772191802001, -0.02414251629187986], [-0.004534444215320139, -0.025428032863839756, 0.99966637131084]]}