{"translation": [[575.9938272999716], [2257.3942272001877], [23.9079202]], "rotation": [[-0.82826829129762, 0.5603248368047798, 0.0027431802328599982], [-0.5602173126785798, -0.8279906500645, -0.02424574513106], [-0.011314166044539997, -0.021618761330540002, 0.9997022650641201]]}