{"translation": [[588.9273577000131], [2263.2465944997966], [24.01582]], "rotation": [[0.86051291767164, -0.50941499210886, -0.00372290241554], [0.5094268439260601, 0.86046781420902, 0.00891106376598], [-0.0013359922152600002, -0.00956463196562, 0.99995336537862]]}