{"translation": [[529.6483170000138], [2331.391866900958], [24.2912114]], "rotation": [[-0.8585625676661799, 0.5126880907341799, 0.004649191016919806], [-0.51270533313878, -0.8584857605370599, -0.011654023594280052], [-0.0019836150894801926, -0.012389371018119946, 0.99992128128812]]}