{"translation": [[566.1517666999716], [2272.213063299656], [23.971257]], "rotation": [[-0.8550247791634, 0.5185841200152198, 0.001755692142939998], [-0.5184657587783797, -0.8547466000210001, -0.02452451233834], [-0.011217350900259998, -0.021879332693540005, 0.99969768721884]]}