{"translation": [[588.6867148000165], [2263.6378845991567], [24.0168598]], "rotation": [[0.86062394858592, -0.5092341947048801, -0.0026346914448], [0.5092379594128801, 0.8605893646174201, 0.0079141476266], [-0.0017627673536, -0.008152789885799998, 0.9999652117275001]]}