{"translation": [[545.3111623000004], [2305.928049599752], [24.2751513]], "rotation": [[-0.8621610266025003, 0.5063071065889, 0.0182162240948], [-0.5065665186774999, -0.8620774537877802, -0.014600637139359999], [0.008311387228, -0.021815826078639997, 0.99972745817372]]}