{"translation": [[588.7390056999866], [2263.5526669006795], [24.0178453]], "rotation": [[0.860600419404, -0.5092721855438, -0.0029622529645999996], [0.5092776975446001, 0.86056031284208, 0.00849650156716], [-0.0017778343161999996, -0.008820702163159999, 0.99995951644208]]}