{"translation": [[574.5317390000564], [2259.494624200277], [23.9165081]], "rotation": [[-0.8311636561092203, 0.55602253491066, 0.00241159772634], [-0.5559185497716601, -0.8309066231977003, -0.02342323481398], [-0.01102003411266, -0.020809194624020002, 0.99972272968652]]}