{"translation": [[542.6059816000052], [2310.347654099576], [24.3015662]], "rotation": [[-0.8621090928979993, 0.506424296802, 0.017379682607999998], [-0.50666465017272, -0.8620215584749593, -0.014473244963199997], [0.007652060135039996, -0.02128318968128, 0.9997442031704]]}