{"translation": [[557.4676231999765], [2286.1616748999804], [24.0939863]], "rotation": [[-0.8590146543580199, 0.5118455495141601, 0.01039144823864], [-0.51192431647336, -0.8585855591843999, -0.02764700550268], [-0.005229049362159999, -0.02906881752892, 0.99956373528462]]}