{"translation": [[540.5544441000093], [2313.7002846999094], [24.317323]], "rotation": [[-0.8620365701873993, 0.5065405431225597, 0.017590959922719945], [-0.5067877738590397, -0.8619440301822593, -0.014780160616859803], [0.007675673579520053, -0.021655924223259803, 0.9997360176339]]}