{"translation": [[588.6362549000187], [2263.7208291999996], [24.0166504]], "rotation": [[0.8606588904130199, -0.50917722816646, -0.00220038942844], [0.5091779565122599, 0.8606268641463, 0.007695866391080001], [-0.0020248454052400004, -0.00774390561868, 0.99996796545228]]}