{"translation": [[588.5775332999765], [2263.816705000587], [24.0172781]], "rotation": [[0.8606413589699, -0.5092080592138201, -0.0018962626097400001], [0.5092070521905, 0.86061200068766, 0.00742660217982], [-0.0021497394381, -0.007357231284300001, 0.9999706244518]]}