{"translation": [[549.3663502000272], [2299.293530500494], [24.2155076]], "rotation": [[-0.8617956541344799, 0.50698950164268, 0.01642956700176], [-0.50724856935468, -0.8615025180195999, -0.022634824073839998], [0.0026784949857599997, -0.027840466902159997, 0.9996087905148799]]}