{"translation": [[570.9798617999768], [2264.7188297007233], [23.9438674]], "rotation": [[-0.8413369756465, 0.5405084784872, 0.0015987388909000002], [-0.5403820172804, -0.84106819701648, -0.02431956532976], [-0.0118002831557, -0.02132488080424, 0.99970295726102]]}