{"translation": [[588.5186323000235], [2263.9117980003357], [24.0181678]], "rotation": [[0.86063614949134, -0.5092180892156399, -0.0015373299880799465], [0.5092160324425199, 0.8606123114315001, 0.006744575340639807], [-0.002111414553839947, -0.006587458432479808, 0.9999760733744]]}