{"translation": [[589.1057620999054], [2262.9616943998262], [24.0179339]], "rotation": [[0.8605629753579, -0.50932767780904, -0.00408484085422], [0.5093399845132, 0.8604963446678, 0.010900681413999998], [-0.0020370280427, -0.01146129560072, 0.9999322423153401]]}