{"translation": [[588.9707760000019], [2263.176627400331], [24.0169457]], "rotation": [[0.8605556298806, -0.50934087289772, -0.00398293580904], [0.5093546813036001, 0.8605057588084399, 0.00936100346028], [-0.0013406028414000002, -0.0100843912788, 0.9999482525758]]}