{"translation": [[588.2086982000619], [2264.416816599667], [24.0199654]], "rotation": [[0.8606247046605999, -0.5092393832262601, 0.0006194473354198071], [0.50923336004322, 0.8606193504283, 0.003966623736059947], [-0.002553069281339807, -0.003098331181380053, 0.9999919410585401]]}