{"translation": [[588.7852801000117], [2263.477425499819], [24.0172312]], "rotation": [[0.8606137687335, -0.5092475528271401, -0.0032945037159798074], [0.50925548167822, 0.8605699766869399, 0.008840381730860053], [-0.001666792083460193, -0.009285898342779946, 0.999955495955]]}