{"translation": [[546.6658323999727], [2303.712965000421], [24.2638889]], "rotation": [[-0.8622810492905998, 0.50605292335334, 0.01954559647158], [-0.50638239230214, -0.8620877288377798, -0.01954021685026], [0.006961633590819999, -0.02674670210946, 0.99961800185118]]}