{"translation": [[550.7200811000075], [2297.0937641998753], [24.1924312]], "rotation": [[-0.8613972272964999, 0.5076746116122, 0.0161706194904], [-0.5079241996133999, -0.8611245889632799, -0.02185481886096], [0.0028297804488000003, -0.02703912692304, 0.9996303706842199]]}