{"translation": [[538.5548109000083], [2316.9613386997953], [24.3109954]], "rotation": [[-0.8616852289068998, 0.5072777942754, 0.0129404141007], [-0.50740676713788, -0.8616477777610398, -0.0100562591238], [0.00604876389834, -0.015231386015879998, 0.9998656996367]]}