{"translation": [[575.2908072000719], [2258.401251600124], [23.9133604]], "rotation": [[-0.8296489556773798, 0.5582778859645601, 0.0029064739141199418], [-0.55817080746504, -0.8293618464295199, -0.02458276997323981], [-0.011313498198919941, -0.02201737787915981, 0.9996935729691]]}