{"translation": [[588.4489186999854], [2264.0249111996964], [24.0182069]], "rotation": [[0.86064729378198, -0.50920063215504, -0.00097898789292], [0.5091968536262399, 0.86062944837656, 0.005960146278439999], [-0.0021923643685199997, -0.005628081327639999, 0.99998175895358]]}