{"translation": [[588.8793670000159], [2263.3241095989943], [24.0161863]], "rotation": [[0.8605000253549999, -0.5094369137145, -0.0037082645665], [0.5094487143834999, 0.860455584855, 0.0088435188855], [-0.0013144177605, -0.0094990188085, 0.999954019419]]}