{"translation": [[588.0017692000256], [2264.751692400314], [24.024365600000003]], "rotation": [[0.8606622143692, -0.50917595334264, 0.0006570884395199999], [0.5091690857076, 0.8606560789964001, 0.0042410279496], [-0.0027249563832, -0.00331552348752, 0.99999079091696]]}