{"translation": [[564.812614399998], [2274.354077800177], [23.9863744]], "rotation": [[-0.856676379025, 0.51582914875508, 0.00508146839956], [-0.51577424456876, -0.85632867364026, -0.02604000299918], [-0.009080785539320001, -0.02492874668494, 0.9996479864998999]]}