{"translation": [[560.1541708000004], [2281.8327704006806], [24.0480556]], "rotation": [[-0.8582615362797599, 0.5131571008035598, 0.007528884109519997], [-0.5131491222377198, -0.8578332538158598, -0.02828154713364], [-0.008054349614159998, -0.02813640802412, 0.99957164322534]]}