{"translation": [[552.0714675000054], [2294.896145700477], [24.1693948]], "rotation": [[-0.8608710871344395, 0.50860469963948, 0.014907537853839805], [-0.5088198651109599, -0.8606009310417995, -0.02164223191252005], [0.0018221000778798051, -0.02621642306503994, 0.9996546299165999]]}