{"translation": [[527.5727530000149], [2334.7146584996954], [24.2827823]], "rotation": [[-0.8584958967485798, 0.5128093898910999, 0.0034030597639000005], [-0.5127795692821, -0.8583241457485798, -0.0183583778851], [-0.0064934199851, -0.0175056091361, 0.999825679391]]}