{"translation": [[553.3754859999754], [2307.2295670993626], [24.304011300000003]], "rotation": [[0.2730069949163001, -0.96181186223258, -0.01962423783145984], [0.9619826401215399, 0.27310132986860014, -0.00224767553437988], [0.0075212463435798405, -0.018264545141139878, 0.99980489958846]]}