{"translation": [[562.3123999999953], [2302.7098455997184], [24.308934]], "rotation": [[0.6418612008293402, -0.7667419141653998, -0.011002094261879914], [0.7668206051518799, 0.6418062895032002, 0.008417625344839821], [0.0006070672726000851, -0.01383957961499982, 0.9999040441503001]]}