{"translation": [[561.8037499000784], [2303.1058085002005], [24.3103885]], "rotation": [[0.62087761584792, -0.7838059488686399, -0.01261916598496], [0.78390464337616, 0.6208385349112799, 0.0072832930651199985], [0.002125776404159999, -0.014414256231519998, 0.9998938495152]]}