{"translation": [[585.8008649999974], [2268.2953857006505], [24.0605675]], "rotation": [[0.8600934395775002, -0.5101358446276998, 0.0008383241614000002], [0.5101255603700598, 0.8600845560815, 0.005145543059079999], [-0.0033459555509199996, -0.0039979972766, 0.99998641020764]]}