{"translation": [[583.584517500014], [2271.840656200424], [24.0982102]], "rotation": [[0.85953860054828, -0.51106027701484, -0.00328462242836], [0.51106741277956, 0.85949158780182, 0.00918212462518], [-0.0018695137840399998, -0.009571054034979999, 0.9999524487911]]}