{"translation": [[565.000464599987], [2300.1910025989637], [24.3047532]], "rotation": [[0.7462258342545202, -0.6656506403742598, -0.007500870785939999], [0.6656886351629397, 0.7461333430562801, 0.011987877583020001], [-0.002383087936259999, -0.01393890825642, 0.9999000088718]]}