{"translation": [[585.58486120007], [2268.6416178997606], [24.0642948]], "rotation": [[0.86000130460268, -0.51029139032052, 0.0006572434114800001], [0.5102823626533199, 0.85999250231326, 0.00497847878982], [-0.00310569945372, -0.003946118455619999, 0.99998739130958]]}