{"translation": [[563.6975777000189], [2301.5045587997884], [24.30729]], "rotation": [[0.69944185609206, -0.71465047297628, -0.00746726728738], [0.7146858300294799, 0.69936669076988, 0.010505467542679999], [-0.0022853798448200006, -0.01268471395012, 0.99991693408118]]}