{"translation": [[556.9527019999805], [2305.9744582995772], [24.3097651]], "rotation": [[0.41749341790902006, -0.90854592956814, -0.015603833690479999], [0.9086704443014599, 0.41750590440678004, 0.0026044572921600003], [0.00414842303328, -0.015266086923759999, 0.9998748607518]]}