{"translation": [[554.0100240000174], [2307.0525440005586], [24.3055229]], "rotation": [[0.29768324825750003, -0.9544623510928999, -0.0196524881628], [0.9546462670854999, 0.29774219561077997, -7.705539744000053e-05], [0.0059249206319999985, -0.018738237484559998, 0.99980686822428]]}