{"translation": [[585.1170490999939], [2269.393386299722], [24.0728979]], "rotation": [[0.8598748699391, -0.51050399618336, 0.0009508751991199999], [0.51049150199872, 0.8598643273196, 0.00563837103116], [-0.0036960343498400002, -0.00436287996788, 0.99998365217214]]}