{"translation": [[573.3988078000257], [2288.3858654005453], [24.1965324]], "rotation": [[0.8566344017031801, -0.5159178206125801, -0.0025087560731998078], [0.5159204478994202, 0.85663634900798, 0.0004966504956000536], [0.0018928607795998076, -0.0017197665011999467, 0.9999967297351601]]}