{"translation": [[574.4976621000096], [2286.6230329005048], [24.1822036]], "rotation": [[0.8581954086644401, -0.5132907158619998, -0.005767386409799947], [0.5133181195901998, 0.8581824604777201, 0.005230087563279808], [0.002264914238000054, -0.007448941227719807, 0.99996969125772]]}