{"translation": [[582.4827208999777], [2273.619133600034], [24.1075994]], "rotation": [[0.8598146931766, -0.51060601398414, -0.00042392322078019327], [0.51059533399806, 0.8597907025556599, 0.007234675266459947], [-0.003329583619379807, -0.006436933278340053, 0.9999737395355]]}