{"translation": [[585.3450786999892], [2269.0272795995697], [24.0690977]], "rotation": [[0.85997873668248, -0.51032886015324, 0.0010216126761200001], [0.5103177261684401, 0.85997034545766, 0.00518073705846], [-0.00352243609428, -0.003933976727259999, 0.9999860580391801]]}