{"translation": [[562.7723817000515], [2302.3316474994645], [24.308327]], "rotation": [[0.6610587243480599, -0.75028013993696, -0.00900099801668], [0.75033311737808, 0.6609905600443999, 0.009572662759240002], [-0.0012326048892400002, -0.01308183942668, 0.9999136693474999]]}