{"translation": [[564.5858192999731], [2300.6275609005243], [24.304562]], "rotation": [[0.7323480369550002, -0.6808892602032599, -0.007497268160819999], [0.6809282367052198, 0.7322725659718001, 0.01066144999494], [-0.0017692222974599989, -0.01291299339162, 0.99991505862604]]}