{"translation": [[566.6587437000126], [2298.2682459997013], [24.298458]], "rotation": [[0.79397238041292, -0.60794244424688, -0.003719618992039936], [0.60792892602908, 0.7938696350486, 0.01390738587183981], [-0.005501997768639936, -0.013303344233239811, 0.9998963691546799]]}