{"translation": [[586.6267550999764], [2266.9681519009173], [24.0470611]], "rotation": [[0.8602803547847001, -0.5098212062115798, 0.00019785874054000017], [0.5098160928364598, 0.8602733415220402, 0.00416168602642], [-0.00229192846258, -0.0034793451375400002, 0.9999913205727]]}