{"translation": [[568.6147787999944], [2295.645425499417], [24.2782564]], "rotation": [[0.8275597177820001, -0.5613722540052398, -0.002468185876319999], [0.5613685199901998, 0.8275130998520001, 0.009350953824599998], [-0.003206910110399999, -0.00912403455132, 0.99995323276504]]}