{"translation": [[575.5591010000207], [2284.907894300297], [24.1664589]], "rotation": [[0.8594318151149402, -0.5111927839581598, -0.007675353969219999], [0.5112475376435197, 0.8593803963788401, 0.00955551364776], [0.0017113395000600013, -0.012136318088319997, 0.99992488773414]]}