{"translation": [[578.0386289000744], [2280.8752099005505], [24.1447652]], "rotation": [[0.860981933838, -0.5086349040614, -0.0007942403757999999], [0.5086109033356401, 0.8609238438695, 0.011183510286019998], [-0.00500454347852, -0.010032759573699998, 0.9999371471617401]]}