{"translation": [[581.5900423000567], [2275.0620535006747], [24.113295800000003]], "rotation": [[0.85993207349294, -0.5104075057543, -0.00100950774116], [0.51039848908934, 0.85990112839334, 0.0079651606334], [-0.003197400745, -0.00736474835084, 0.9999677680370399]]}