{"translation": [[586.0279643000104], [2267.931615599431], [24.0567884]], "rotation": [[0.86007123843544, -0.51017347296156, 0.0007047317960399999], [0.5101634696660401, 0.8600615916103, 0.00522467221938], [-0.00327160188156, -0.00413406190482, 0.9999861029803]]}