{"translation": [[580.0424655000097], [2277.5833627004176], [24.129835600000003]], "rotation": [[0.86063785433454, -0.50921551497508, -0.00144000531232], [0.5092007255561201, 0.8605829879554401, 0.010562791631920001], [-0.0041394926931200005, -0.00982399015688, 0.99994317530054]]}