{"translation": [[578.3624999999884], [2280.3336217002943], [24.143209]], "rotation": [[0.8611393825118001, -0.5083587584268798, -0.003213021706239999], [0.5083608976537599, 0.8610731182801401, 0.01105755833498], [-0.002854560293119999, -0.011155473560060001, 0.9999337012467]]}