{"translation": [[574.84283400001], [2286.0689189005643], [24.1781323]], "rotation": [[0.8585425529560001, -0.5126952958433998, -0.006945627829799806], [0.5127402769618797, 0.8584987592581401, 0.008792730101000052], [0.0014548219671598078, -0.011110235894119946, 0.9999372211103]]}