{"translation": [[555.7835932999733], [2306.449167800136], [24.308551100000003]], "rotation": [[0.36956725282656, -0.9290217431237602, -0.01840405612928], [0.9291767800959201, 0.3696355791893601, -0.0003357999460399993], [0.007114759960640002, -0.01697652008852, 0.99983057463416]]}