{"translation": [[573.7743751999806], [2287.7797096995637], [24.1870854]], "rotation": [[0.8573736089736601, -0.5146823666665999, -0.0035455505374999995], [0.514682865511, 0.8573802287578801, -0.0008403180629199999], [0.0034723818240999997, -0.00110436747892, 0.9999933614467801]]}