{"translation": [[561.2865111000137], [2303.488235300407], [24.3126578]], "rotation": [[0.5992367111318, -0.80046728918586, -0.01294416750862], [0.80056686340866, 0.5992121634722201, 0.006127712482139998], [0.0028512700802200003, -0.014034621180659998, 0.99989744458358]]}