{"translation": [[576.273029099917], [2283.7530586002395], [24.1648993]], "rotation": [[0.8601243273249201, -0.5100440843194599, -0.006418938800579947], [0.51008447104366, 0.8600575943812401, 0.010714286814059807], [5.58991198200535e-05, -0.012489819556259807, 0.99992199760732]]}