{"translation": [[517.6621486999793], [2297.999200599268], [24.085774800000003]], "rotation": [[-0.4902835866584999, -0.8713595920095, -0.0188182745619999], [0.8715552973494999, -0.49007566381049994, -0.014726467367999829], [0.003609668471999899, -0.023621316477999827, 0.999714461052]]}