{"translation": [[545.1455787000014], [2308.1971816997975], [24.2788647]], "rotation": [[0.001697326096880114, -0.9997905696005599, -0.020396195867399998], [0.99991513269656, 0.0019603421868801263, -0.012882283522799997], [0.012919569361799998, -0.020372598315599996, 0.999708978646]]}