{"translation": [[620.9400485000224], [2360.4203615002334], [24.1409179]], "rotation": [[-0.46951767946178025, -0.8828573884213201, -0.0107656252431], [0.88291213531932, -0.46941642876328027, -0.010690931802200002], [0.0043850065983, -0.014524683363400001, 0.9998848960175001]]}