{"translation": [[527.6085796999978], [2303.612882199697], [24.1868681]], "rotation": [[-0.43029371386937987, -0.9025218750631401, -0.01736874199356], [0.9026551868711401, -0.4300314378500999, -0.01693116713132], [0.007811643908440001, -0.02296335860268, 0.99970578791928]]}