{"translation": [[627.7177655000123], [2364.1500092996284], [24.1309464]], "rotation": [[-0.46898935504833994, -0.8831662260944401, -0.00813544933936007], [0.88316228128476, -0.46885826513959994, -0.014003419011119725], [0.008552974087839726, -0.013752378492719932, 0.9998688507503001]]}