{"translation": [[515.5566043999861], [2296.7521332995966], [24.0654088]], "rotation": [[-0.48964351899168057, -0.8718032445780003, -0.0144324049832], [0.8719139116180002, -0.48949719460968055, -0.012593429253000001], [0.0039143706167999994, -0.018750106043000002, 0.999816538782]]}