{"translation": [[622.9017882000189], [2361.496405299753], [24.1351565]], "rotation": [[-0.4686653909260804, -0.88334085916768, -0.00785696664496], [0.8833521708579201, -0.4685692620556804, -0.011482288339360002], [0.00646124140976, -0.012321819257440001, 0.9999032078822401]]}