{"translation": [[619.932324900059], [2359.858569599688], [24.1424205]], "rotation": [[-0.47000675536336023, -0.88258992257584, -0.0113346744], [0.8826390285472001, -0.46986134491216014, -0.01335882577584], [0.006464639312159999, -0.0162831664128, 0.99984652167664]]}