{"translation": [[537.2976048000273], [2307.250675700605], [24.2380498]], "rotation": [[-0.21106745650713987, -0.9773376390344, -0.016172739947239844], [0.9774346552662398, -0.21088708025703984, -0.012166489585400125], [0.008480145948200155, -0.018375747901239872, 0.99979518852366]]}