{"translation": [[538.604726599995], [2307.529788901098], [24.242852300000003]], "rotation": [[-0.1750942763683997, -0.9844049045276398, -0.01700299069308], [0.9845010311674799, -0.17488388325049975, -0.013170814510139999], [0.009991865729159999, -0.019045594414979997, 0.99976868723566]]}