{"translation": [[622.4390554000274], [2361.2436412004754], [24.1364751]], "rotation": [[-0.4688130791499596, -0.8832540739079999, -0.008751908872359828], [0.8832808810703598, -0.46872062505155965, -0.010766566269600101], [0.0054074133888001715, -0.012777900398359895, 0.99990373793964]]}