{"translation": [[546.4395015001064], [2308.1919828997925], [24.2863833]], "rotation": [[0.03865394449693982, -0.9990119184293601, -0.02193799139582], [0.99918950861848, 0.03888920859259981, -0.010400544432560003], [0.011243420171539996, -0.02151818518888, 0.9997052331939]]}