{"translation": [[550.8879402001039], [2307.7753297993913], [24.2950837]], "rotation": [[0.18053305260428, -0.98341085872514, -0.01763172699138], [0.9835447215736599, 0.18062531659292003, -0.0037753954254600005], [0.006897500982780001, -0.016660008628739998, 0.9998374210782]]}