{"translation": [[617.867625200015], [2358.7134069995955], [24.1427399]], "rotation": [[-0.47138159449626027, -0.88185146465338, -0.011713451549300001], [0.8819105696011001, -0.47124357385930027, -0.012769480317100002], [0.005740895781380001, -0.016349516518660002, 0.9998498564318]]}