{"translation": [[624.3144603000255], [2362.2807376002893], [24.1375019]], "rotation": [[-0.4682976624081002, -0.8835093079113401, -0.01040933792662], [0.8835631554161001, -0.46821275801850015, -0.009628900930300001], [0.0036334382050999996, -0.01370650123138, 0.99989945991276]]}