{"translation": [[510.6082442000625], [2293.8304268000647], [24.0496619]], "rotation": [[-0.48802916652130035, -0.8727109807839801, -0.014250674399260001], [0.8728258825036601, -0.48793363456756034, -0.009785303588380003], [0.0015863585588200002, -0.017213870967140003, 0.9998505718923]]}