{"translation": [[549.0090001000208], [2308.023378400132], [24.293618]], "rotation": [[0.11671954172069965, -0.9929781579553801, -0.019259428537239852], [0.9930979081915402, 0.11691497680109963, -0.00935051490011987], [0.01153657269851985, -0.018035110391959867, 0.99977079487416]]}