{"translation": [[522.3677804999752], [2300.7609302001074], [24.1483841]], "rotation": [[-0.4818851610648197, -0.87597564729042, -0.02129022403314], [0.8762190147679799, -0.48159079820161976, -0.01761981846714], [0.005181355448340001, -0.027145629444059998, 0.99961806122956]]}