{"translation": [[618.9085988000152], [2359.2905815001577], [24.1445676]], "rotation": [[-0.47066730824079983, -0.88223484687924, -0.011584737764119828], [0.88228585203708, -0.47051442979369984, -0.0137146953759601], [0.0066487963048401716, -0.016676106440519894, 0.99983883751766]]}