{"translation": [[516.9441559999832], [2297.5751833003014], [24.082238500000003]], "rotation": [[-0.4901621943168999, -0.8714339102677199, -0.018549089409659998], [0.8716240502115599, -0.4899602974435998, -0.014509563310679999], [0.0035558086579799983, -0.02327987049324, 0.99972266347934]]}