{"translation": [[519.035850599932], [2298.813931699842], [24.0952112]], "rotation": [[-0.4898655951280798, -0.87163310178876, -0.016953867818999997], [0.87179429622924, -0.4897144484012198, -0.012428320379499997], [0.0025303814105999993, -0.020868491833299998, 0.9997790271947]]}