{"translation": [[508.3935064999969], [2292.530680799857], [24.0495507]], "rotation": [[-0.48629726013585994, -0.87366601757446, -0.014926602466959999], [0.8737933340991401, -0.4862150872941, -0.00895751668072], [0.0005683392754400017, -0.017398780323919998, 0.999848468243]]}