{"translation": [[533.4057340999716], [2306.107909200713], [24.219271300000003]], "rotation": [[-0.31248762571816, -0.9497242837416802, -0.019369635940839885], [0.9498940639253601, -0.31225775943840006, -0.014009752210879835], [0.007257082367719885, -0.022776977608959838, 0.999714231182]]}