{"translation": [[504.7157340000267], [2290.38802499976], [24.0460106]], "rotation": [[-0.48191437086099975, -0.8760265480976, -0.018324361605400002], [0.8762171532154001, -0.48177642993171976, -0.011607240776799999], [0.0013400041576000013, -0.021649818834200002, 0.9997647171682801]]}