{"translation": [[519.6865824999986], [2299.1972205005586], [24.1059298]], "rotation": [[-0.48921225156313985, -0.8719706464772999, -0.018409101618599998], [0.8721610090388999, -0.48903758311281986, -0.01333217898868], [0.002622527920199999, -0.02257796196068, 0.9997416456456799]]}