{"translation": [[541.851329499972], [2308.009166800417], [24.2620779]], "rotation": [[-0.08643555524871993, -0.9960625536473597, -0.019703428924759847], [0.9961738622041598, -0.08615526615039992, -0.014657676897920137], [0.012902408734040144, -0.020894986295679867, 0.99969841821432]]}