{"translation": [[505.43268209998496], [2290.804234200157], [24.0476978]], "rotation": [[-0.4829232477256201, -0.87548874604762, -0.01744878957887983], [0.8756620861276199, -0.4828053002747401, -0.010715449753120103], [0.0009568868411201706, -0.0204539846668799, 0.99979033745088]]}