{"translation": [[516.2799288000097], [2297.1816270994022], [24.073858800000004]], "rotation": [[-0.4898564119640403, -0.8716474404569001, -0.01647160670597983], [0.8717962365670202, -0.48969038987220037, -0.013210700690860102], [0.0034490854037001724, -0.0208312325630999, 0.999777056919]]}