{"translation": [[539.2325070999796], [2307.6457504006103], [24.2469639]], "rotation": [[-0.15797030778600052, -0.9872817819781603, -0.017889416539880004], [0.9873854759852003, -0.15773806121760048, -0.013732889559200002], [0.010736389690600001, -0.019833139342880002, 0.99974565591096]]}