{"translation": [[627.3006824000622], [2363.9245170997456], [24.1326884]], "rotation": [[-0.4689258824463396, -0.8831957638633199, -0.008593413067579896], [0.8832146227906799, -0.4688213721818396, -0.011770231534919826], [0.006366642991419896, -0.013109193550919825, 0.9998938018148601]]}