{"translation": [[526.9894423000515], [2303.2975462004542], [24.1815943]], "rotation": [[-0.4392405109320201, -0.89818704738366, -0.01810170913878], [0.8983307597513399, -0.4389454595342801, -0.01812732938774], [0.008336068983779997, -0.024223581452259998, 0.9996718101587001]]}