{"translation": [[625.6317355000065], [2362.9966199994087], [24.1304737]], "rotation": [[-0.4681377495850001, -0.8836268898574999, -0.007124624546500001], [0.8836073864592999, -0.4680127518485201, -0.014221252615540003], [0.0092318659399, -0.012952874281460003, 0.9998734898554801]]}