{"translation": [[621.4172100999858], [2360.6848434004933], [24.1419382]], "rotation": [[-0.46937026620404, -0.88293194529516, -0.011079800942039999], [0.88299282819564, -0.4692732356789, -0.010311374141219999], [0.0039047876607599986, -0.01462323695082, 0.9998854502275001]]}