{"translation": [[511.30108070001006], [2294.2375029008836], [24.050810100000003]], "rotation": [[-0.48848211775432004, -0.8724598039414799, -0.01412212303352], [0.87257113196892, -0.48837433475762004, -0.010509614619479999], [0.0022723351551200005, -0.01745631265092, 0.9998450448320599]]}