{"translation": [[578.8850523000001], [2336.5515730995685], [24.2301885]], "rotation": [[-0.4806654053074003, -0.87686916586694, -0.00782821302438], [0.87689053636174, -0.4805891461997803, -0.009854269046460001], [0.0048787505119799995, -0.01160109180366, 0.99992080309638]]}