{"translation": [[585.2615359000047], [2340.148793200031], [24.2103092]], "rotation": [[-0.47865988089828004, -0.87798069388024, -0.005880291764120172], [0.8779571974800401, -0.47855917406836, -0.013123816139439897], [0.008708389670479828, -0.011444489094760101, 0.99989658846092]]}