{"translation": [[563.2218739999807], [2327.549814700149], [24.310323800000003]], "rotation": [[-0.48811881718474004, -0.87275373833454, -0.006385561605359999], [0.8727062437955398, -0.48797290163482, -0.01631263895088], [0.011120935851359998, -0.013535227088880001, 0.99984654942508]]}