{"translation": [[602.5857028000173], [2350.0632099006325], [24.1625511]], "rotation": [[-0.4827104183690003, -0.8757125450058602, -0.01087430884002], [0.8757761304961801, -0.4826338489802603, -0.00898872315174], [0.0026232282642599993, -0.01386240996798, 0.9999004711806999]]}