{"translation": [[555.6577032000641], [2323.1286687999964], [24.3483175]], "rotation": [[-0.49292600721540003, -0.8700653628237199, -0.003207354008159899], [0.8699897543918399, -0.49282601381556, -0.015505439359719826], [0.011910078023719899, -0.010433398820159825, 0.9998746392605999]]}