{"translation": [[608.7885187999927], [2353.604610099457], [24.1448708]], "rotation": [[-0.48062423705956003, -0.8768384129885198, -0.012439476262279998], [0.8769243311793198, -0.48054201367018, -0.00911541521182], [0.002015055237079999, -0.01528956888062, 0.99988107724662]]}