{"translation": [[596.8010173000512], [2346.742821799591], [24.1855017]], "rotation": [[-0.4822733041656201, -0.8759445485014798, -0.01156205912784], [0.8760111080002799, -0.4821636819028001, -0.01108132123024], [0.004131818105759999, -0.01547271697616, 0.9998717533338201]]}