{"translation": [[574.480278400064], [2334.04042590037], [24.2544421]], "rotation": [[-0.4826607380636996, -0.8757890048693798, -0.0056748913005400005], [0.8757764645018199, -0.48257910990609965, -0.01153084636766], [0.00736000448806, -0.01053542325506, 0.99991741418444]]}