{"translation": [[557.9640125000151], [2324.4863566998392], [24.3236849]], "rotation": [[-0.49066226249040035, -0.8713475031962801, -0.0020570073895598987], [0.87127643915588, -0.4905888515245803, -0.014145803682759828], [0.0113167653347599, -0.008733032897559828, 0.99989782726518]]}