{"translation": [[545.7849448000197], [2317.159057199955], [24.3824333]], "rotation": [[-0.5107722577674002, -0.85967133207752, -0.008771011430159997], [0.8595583791530399, -0.5104565910275403, -0.024361663336180003], [0.016465802903119997, -0.01998245772594, 0.9996647331603]]}