{"translation": [[571.5012140999897], [2332.3356042001396], [24.2746334]], "rotation": [[-0.48444314415858014, -0.8747895552636199, -0.00761177551782], [0.87479852438742, -0.4843467891246601, -0.01164451158662], [0.006499758029979999, -0.01229987488458, 0.99990322842492]]}