{"translation": [[588.7364870000165], [2342.1284351004288], [24.2049259]], "rotation": [[-0.47964085639504006, -0.8774112217478001, -0.00971080531132], [0.87744997597868, -0.4795386244872001, -0.011151241408759999], [0.0051275182862000005, -0.0138693359962, 0.9998906690648001]]}