{"translation": [[564.7265557000064], [2328.422260599211], [24.3058769]], "rotation": [[-0.4875521115606606, -0.8730638087154001, -0.007244805346319898], [0.8730266506213202, -0.4873948294861006, -0.01645327564575983], [0.010833678879599897, -0.01434673781439983, 0.9998383881967999]]}