{"translation": [[594.7881268999772], [2345.5901488000527], [24.1867413]], "rotation": [[-0.4815718433765799, -0.8763465197081199, -0.010258124078079998], [0.8763998765654799, -0.48148948594127994, -0.009540615140919998], [0.00342170573648, -0.013584711138679999, 0.99990186895814]]}