{"translation": [[600.7028773999773], [2348.9834893001243], [24.1700828]], "rotation": [[-0.48294781204803994, -0.87560179182866, -0.009119421450100001], [0.8756430202613001, -0.48287878929473993, -0.008810605448659999], [0.0033110072203400014, -0.0122404185853, 0.9999196014668601]]}