{"translation": [[575.9587054000003], [2334.882421599701], [24.2439796]], "rotation": [[-0.4820091052899603, -0.87615224058912, -0.004918955126479999], [0.8761282128288801, -0.4819285204194603, -0.01199909571498], [0.00814245013152, -0.010093310822980001, 0.99991590924774]]}