{"translation": [[560.1988702000235], [2325.7910236995667], [24.3228319]], "rotation": [[-0.4892541298969001, -0.8720905024104202, -0.00941103574096], [0.8720613174144203, -0.48903467154042013, -0.01881925364696], [0.011809769582960001, -0.017414397604959997, 0.99977860954352]]}