{"translation": [[600.0360755000147], [2348.5989729007706], [24.1701908]], "rotation": [[-0.48288957227538, -0.8756445017883999, -0.00802349076228], [0.8756698914516, -0.48281634331199996, -0.0095199140804], [0.00446218796228, -0.0116229964596, 0.9999224944126199]]}