{"translation": [[604.4994453000254], [2351.1592025002465], [24.1545124]], "rotation": [[-0.4820573451394603, -0.87607967476504, -0.01026222038798], [0.8761375969364801, -0.48199694417556027, -0.007877229113840001], [0.001954721995539999, -0.012788391913120001, 0.99991631455094]]}