{"translation": [[580.3320138999843], [2337.3713552001864], [24.2232403]], "rotation": [[-0.48031509196825983, -0.8770605844678798, -0.00786285507648], [0.8770796958946798, -0.4802325840020798, -0.010370786823480001], [0.0053198088676799996, -0.01187759836428, 0.99991530754982]]}