{"translation": [[584.59249920008], [2339.77200140059], [24.2095347]], "rotation": [[-0.4785054530048203, -0.8780700411026802, -0.005063365700019898], [0.8780462210369201, -0.47842262108292033, -0.012113325834279829], [0.008213919713419898, -0.01024216080331983, 0.99991381112126]]}