{"translation": [[603.8468873000238], [2350.7860000999644], [24.1582371]], "rotation": [[-0.4823041146023397, -0.8759412815526199, -0.01047954787632], [0.8760017191054198, -0.48224126533001965, -0.008034845517519998], [0.0019843830495200002, -0.01305533952432, 0.99991280637168]]}