{"translation": [[605.0988999999827], [2351.501681099646], [24.1513048]], "rotation": [[-0.48188323101737984, -0.8761686176028, -0.010820846443179828], [0.8762328793904001, -0.4818152552673598, -0.008365787053200102], [0.0021161911438201727, -0.013512914038399897, 0.99990645706902]]}