{"translation": [[554.9293739000568], [2322.697147099301], [24.3573623]], "rotation": [[-0.4937199710508997, -0.8696121107720599, -0.0039432355515799985], [0.8695364234694999, -0.4936035909177998, -0.016189051895899996], [0.012131799863299998, -0.011421643488579996, 0.99986117311806]]}