{"translation": [[607.570291900076], [2352.9097865000367], [24.1511501]], "rotation": [[-0.4813033975579598, -0.8764545649169201, -0.013207374834600001], [0.8765498398126, -0.4811996222196998, -0.010358644443899999], [0.002723497426920002, -0.016562573064059997, 0.9998591219443]]}