{"translation": [[581.0253552999347], [2337.761090900749], [24.2165399]], "rotation": [[-0.47949022780036, -0.87753471534988, -0.004648555459960001], [0.8775222090436401, -0.47943010032946, -0.01006060708898], [0.006599874788920001, -0.00890317559266, 0.9999385856657399]]}