{"translation": [[546.5202624999802], [2317.61442380026], [24.3839629]], "rotation": [[-0.5087073585436798, -0.8608941389585598, -0.008844411655359999], [0.8607853749905598, -0.5083949906463998, -0.024149335614880002], [0.01629356661664, -0.01989808320112, 0.9996692382972799]]}