{"translation": [[611.7899874000577], [2355.3066217992455], [24.1445464]], "rotation": [[-0.47769460896250004, -0.8784365300989999, -0.012521114137999896], [0.878524523213, -0.4776214740475201, -0.008487920980839829], [0.0014757455739998959, -0.015054742669159828, 0.99988558188998]]}