{"translation": [[594.1481325000059], [2345.222983999178], [24.1895535]], "rotation": [[-0.4812696770714001, -0.8765168725002599, -0.00988715092518], [0.8765640428192998, -0.48118440567410015, -0.0098555652747], [0.003881026583099999, -0.01340990503182, 0.99990255129454]]}