{"translation": [[573.7111755000078], [2333.601394900121], [24.2573563]], "rotation": [[-0.4830346766181006, -0.8755942027337601, -0.003521954062520172], [0.87557420529344, -0.4829841949993605, -0.0098076112661599], [0.006886439293879828, -0.007821147806960103, 0.9999457018283]]}