{"translation": [[560.9849327999982], [2326.249564400874], [24.3212534]], "rotation": [[-0.4889980918470602, -0.8722331326157201, -0.0094993828272599], [0.87220933582764, -0.4887834557220002, -0.018482901367479827], [0.0114782577875799, -0.01732355376995983, 0.9997840487247]]}