{"translation": [[596.1155639999779], [2346.3497999003157], [24.1862283]], "rotation": [[-0.4819831676176001, -0.87611215497896, -0.01094948674168], [0.87617083247032, -0.4818812404285001, -0.010738513301260001], [0.004131790174959999, -0.01476940207922, 0.9998823896268599]]}