{"translation": [[553.4144430999877], [2321.796707299538], [24.3690268]], "rotation": [[-0.49550958011220003, -0.8685988197673601, -0.0025313539597200015], [0.8685209195689202, -0.49542098932980005, -0.01514981967184], [0.011905029411040002, -0.00970541414268, 0.9998820306495599]]}