{"translation": [[578.1313811999862], [2336.1228824006394], [24.229957100000004]], "rotation": [[-0.4810673596629004, -0.8766708629511399, -0.004718052909379999], [0.87666792602902, -0.4810196764390604, -0.008560657598740001], [0.00523540282394, -0.00825441936478, 0.9999522264158]]}