{"translation": [[613.5031379999709], [2356.267457799986], [24.1410784]], "rotation": [[-0.4760312303688198, -0.8793922793885999, -0.007984685188859999], [0.8794159523105999, -0.47595624632199984, -0.009669691172199998], [0.00470309126886, -0.0116249325782, 0.99992136785318]]}