{"translation": [[544.9868092000252], [2316.6624608002603], [24.3786508]], "rotation": [[-0.5130694299740999, -0.85829661760346, -0.00931710734352], [0.85819116511386, -0.5127389942185798, -0.02463290790976], [0.01636509698432, -0.02063424924816, 0.99965314554048]]}