{"translation": [[612.9551814000006], [2355.9598583001643], [24.1411438]], "rotation": [[-0.47661828006425966, -0.8790750304799199, -0.00787898212942], [0.8791027620123198, -0.47655781990547974, -0.00842321639608], [0.00364984862402, -0.010941094043679999, 0.99993348332022]]}