{"translation": [[554.1423173000221], [2322.2296873005107], [24.3647452]], "rotation": [[-0.4945071928829803, -0.8691685956660802, -0.0029444050521800005], [0.8690879361135202, -0.49440807273108023, -0.01571298638608], [0.012201496432780002, -0.01032913099352, 0.99987220810694]]}