{"translation": [[550.3685264000087], [2319.9639794006944], [24.3909598]], "rotation": [[-0.4997387941123198, -0.8661142937920802, -0.010337069183840177], [0.8660513434176801, -0.4994288579459998, -0.0229253948912399], [0.014693382003359831, -0.020409146369560097, 0.99968373559032]]}