{"translation": [[568.5137934000231], [2330.6090929005295], [24.2841845]], "rotation": [[-0.48580784634186036, -0.87404748612282, -0.005658051805760171], [0.8739930521066601, -0.4856737205178604, -0.0160457831551199], [0.011276808819119827, -0.012740262562240102, 0.99985524918384]]}