{"translation": [[557.1770029999898], [2324.025213699788], [24.3284059]], "rotation": [[-0.49143329569155936, -0.8709150498886998, -0.0006297906317400005], [0.8708461159597399, -0.4913850280102594, -0.012957678609299998], [0.010975567261499999, -0.006916284730259998, 0.99991584742654]]}