{"translation": [[581.7677738000057], [2338.1818580003455], [24.218233]], "rotation": [[-0.47917986676199975, -0.8776993837154798, -0.005504788215359999], [0.8776942496614799, -0.47911341228257975, -0.010148786453559999], [0.0062701657873599995, -0.009694616071559997, 0.99993334749558]]}