{"translation": [[498.78075699997135], [2278.3117182003334], [24.0456895]], "rotation": [[0.4808723797062201, 0.87674439683534, 0.0089997369752], [-0.87678732091534, 0.4808732707782202, 0.0022067046256000014], [-0.0023930169008000005, -0.008951998717600001, 0.999957066672]]}