{"translation": [[523.3124566000188], [2302.672400499694], [24.2224141]], "rotation": [[-0.5164000552976399, -0.8563041979786599, -0.0086187601213], [0.8562360793402999, -0.5161442689376399, -0.021331893066339997], [0.013818065633659999, -0.0183954817813, 0.99973529863836]]}