{"translation": [[526.4360223999829], [2304.649328900501], [24.2579733]], "rotation": [[-0.5228459883348201, -0.8522893652821201, -0.01533394525788], [0.8523105001513201, -0.5223919942350401, -0.02595448310932], [0.014110399780920001, -0.026639476133480004, 0.99954551421878]]}