{"translation": [[491.04281259991694], [2273.897304000333], [23.9864013]], "rotation": [[0.48290420258492006, 0.87565045747418, 0.006303030690179999], [-0.87567243848362, 0.4829004297150201, 0.0022082131738199997], [-0.0011101129549800004, -0.006585746011619999, 0.99997769754894]]}