{"translation": [[482.290743700054], [2268.9002954000607], [23.9411016]], "rotation": [[0.4793208750782, 0.8775698700234401, 0.01107626648728], [-0.87763892518328, 0.47929972044829994, 0.00466441012486], [-0.0012155062285600007, -0.01195671132538, 0.9999277771956601]]}