{"translation": [[513.8230606999714], [2296.8465304002166], [24.1219542]], "rotation": [[-0.5066563112860201, -0.8619810997924, -0.016967514118099998], [0.8621446746304, -0.5065008608645201, -0.0127815749308], [0.002423415173900002, -0.0211043183248, 0.9997743419375]]}