{"translation": [[485.4758346999879], [2270.7065019002184], [23.9527456]], "rotation": [[0.48056281514861987, 0.87692507127588, 0.00786678728198], [-0.8769592175946801, 0.48055731279383995, 0.0026992730350799995], [-0.00141338249382, -0.00819602141188, 0.99996541319622]]}