{"translation": [[500.04135110002244], [2279.0222309995443], [24.052791600000003]], "rotation": [[0.48058018277126, 0.8769033085045999, 0.009126169263839998], [-0.8769445445491599, 0.48059002866416, 0.0012254134133999994], [-0.003311376936, -0.008592053669159999, 0.9999576048000599]]}