{"translation": [[481.65701329993317], [2268.5426492998376], [23.937275600000003]], "rotation": [[0.4790679072529599, 0.87771182092788, 0.010761660798119828], [-0.8777772869518801, 0.47904479042647996, 0.004799684595520102], [-0.0009425768221198276, -0.011745716848479899, 0.99993057242648]]}