{"translation": [[497.33808870002395], [2286.9256067005917], [24.0571276]], "rotation": [[-0.4960809408676199, -0.8680063621152999, -0.02165591699638], [0.8682718511677, -0.49600530993699987, -0.009113082544699998], [-0.002831233548619999, -0.0233240461973, 0.9997239484203799]]}