{"translation": [[485.0683120000176], [2270.474527200684], [23.9504766]], "rotation": [[0.4802118820882201, 0.8771153526706797, 0.008071974359499998], [-0.8771512459853198, 0.48020639152092015, 0.002731953095399999], [-0.0014799753621000003, -0.008392258974999999, 0.99996368917014]]}