{"translation": [[503.6359175000107], [2290.688287200406], [24.0903329]], "rotation": [[-0.5007452847744999, -0.8653371286170999, -0.021111667180099998], [0.8655907099320999, -0.5006673858469798, -0.009207633380419997], [-0.0026022170651000005, -0.02288474316958, 0.99973472330252]]}