{"translation": [[541.9104214999825], [2314.7215377995744], [24.3615113]], "rotation": [[-0.5216392451517003, -0.85305009665066, -0.014068576369580001], [0.8530126981325801, -0.5211618543267603, -0.027559984971460005], [0.01617804256834, -0.026377045917820002, 0.9995211465267]]}