{"translation": [[531.1031029999722], [2307.6607789006084], [24.279481]], "rotation": [[-0.5310829250160995, -0.84725209834174, -0.010701763693519904], [0.8471745175118599, -0.5307158011522596, -0.025214965546239823], [0.015683837833279902, -0.022457503522639824, 0.9996247684494001]]}