{"translation": [[499.6782709999825], [2288.317560800351], [24.0624785]], "rotation": [[-0.4977896603044004, -0.8670959207862402, -0.018708061028920003], [0.8672954791595201, -0.4977215411133604, -0.008467150909960001], [-0.0019695738264400003, -0.020440278152120003, 0.9997891356631999]]}