{"translation": [[504.38994239998283], [2291.140680000186], [24.0930239]], "rotation": [[-0.50115404940514, -0.86513568077062, -0.01961710081038], [0.8653562581005799, -0.5010705137379399, -0.009319058574420001], [-0.001767300996179999, -0.02164606532622, 0.99976413443196]]}