{"translation": [[527.2468835000182], [2305.1681401999667], [24.2644831]], "rotation": [[-0.5243900198185002, -0.8513498968811001, -0.014787054583399826], [0.8513678065739, -0.5239631280424202, -0.0252129949510001], [0.013717209346600173, -0.025810661854999903, 0.99957273270008]]}