{"translation": [[525.6883768999833], [2304.1709245005623], [24.2481447]], "rotation": [[-0.5212797358736794, -0.8532662053881599, -0.014291325601759903], [0.85325192182656, -0.5208281070991994, -0.02644358193647982], [0.015120090748639903, -0.02597860405871982, 0.99954814541048]]}