{"translation": [[494.97552640002687], [2276.147990499623], [24.0170422]], "rotation": [[0.48197673556919995, 0.87615469275044, 0.00716481595072], [-0.8761828967862799, 0.4819729244444, 0.00236332975784], [-0.0013826045814400003, -0.00741675938152, 0.9999715396361599]]}