{"translation": [[509.09806829999434], [2293.9844249002635], [24.1036124]], "rotation": [[-0.50404949985882, -0.8634811228050601, -0.0182923929460599], [0.8636714001374601, -0.5039943523026, -0.007846324881419828], [-0.0024441082176600987, -0.019753551297379827, 0.99980189216022]]}