{"translation": [[488.06060049997177], [2272.185130399652], [23.970223800000003]], "rotation": [[0.48214066583275994, 0.8760535835843, 0.008391975139059999], [-0.8760932700759401, 0.48212857405435994, 0.003542374001299999], [-0.0009427010527000004, -0.00906007588406, 0.99995851230636]]}