{"translation": [[524.8782750000246], [2303.656440200284], [24.2380744]], "rotation": [[-0.5196493318535401, -0.8542952042765601, -0.012015906426360001], [0.8542428363650401, -0.5192629750689002, -0.02520407442508], [0.01529230447604, -0.02336178072588, 0.9996101103192]]}