{"translation": [[512.244240799977], [2295.8870622999966], [24.1156005]], "rotation": [[-0.50574889821322, -0.86248704819546, -0.01827889929096], [0.86268018072726, -0.5056113257441, -0.01183501457952], [0.0009655281398399974, -0.021754390012080002, 0.99976287902012]]}