{"translation": [[490.0059711000067], [2273.302108099684], [23.9798957]], "rotation": [[0.48298369871296, 0.87559960716792, 0.007219311999119899], [-0.8756289766504799, 0.48297486437336, 0.003036345685719828], [-0.0008281234144801018, -0.007787944046679828, 0.99996933060056]]}