{"translation": [[505.95872160000727], [2292.087632499635], [24.097701500000003]], "rotation": [[-0.5021213708412999, -0.86459494431354, -0.01870665246208], [0.86479277180538, -0.5020711991421, -0.0076289220729600015], [-0.0027961423494399992, -0.02000802054912, 0.99979590953984]]}