{"translation": [[496.2423216999741], [2276.869840499945], [24.025080600000003]], "rotation": [[0.48156553699320004, 0.87638009127252, 0.007244126921839898], [-0.87640841223788, 0.4815640815483, 0.0020587603556398272], [-0.0016842542469601017, -0.007340242277559827, 0.9999716416608601]]}