{"translation": [[493.7959706999827], [2275.4744057999924], [24.0082611]], "rotation": [[0.48223659119598006, 0.8760102653220398, 0.007347965391759897], [-0.8760401251003598, 0.4822314986607201, 0.0025667777360798274], [-0.001294897345360101, -0.0076749061368798265, 0.9999697090727]]}