{"translation": [[484.7028283000109], [2270.266392700374], [23.9478749]], "rotation": [[0.47996021467862005, 0.8772518854748, 0.00820233698986], [-0.8772890925656, 0.4799536739832001, 0.0028767117412], [-0.00141314069114, -0.0085765281976, 0.99996222238358]]}