{"translation": [[490.5389414000674], [2273.6089215995744], [23.9834218]], "rotation": [[0.48292434056624, 0.8756383574982398, 0.006444602925039827], [-0.8756617048597599, 0.4829178068391, 0.0026372751153801023], [-0.0008029141769598275, -0.006916896393619898, 0.9999757556422999]]}