{"translation": [[486.70138520002365], [2271.4056569999084], [23.9609054]], "rotation": [[0.4812460797461602, 0.8765490662509599, 0.008003597875119828], [-0.8765847602031198, 0.4812382330901601, 0.0030055929570401013], [-0.001217088334959828, -0.008462261160879897, 0.99996345375216]]}