{"translation": [[532.6474260999821], [2308.674049800262], [24.2935623]], "rotation": [[-0.5329553971619599, -0.8460308697496199, -0.0137918439183], [0.8460228487358998, -0.5325337570809999, -0.025554645462699997], [0.014275396483379998, -0.025287702913339996, 0.9995782836325999]]}