{"translation": [[513.0640483999741], [2296.3854975001886], [24.1186574]], "rotation": [[-0.5062339282504004, -0.8622084656641601, -0.01799742801192], [0.86239489484456, -0.5060854467260203, -0.012357254330940003], [0.0015462936427199994, -0.02177654990154, 0.99976166703462]]}