{"translation": [[492.12080670002615], [2274.517228100449], [23.9945015]], "rotation": [[0.4827102570131001, 0.8757618631344599, 0.005649142175479828], [-0.87577983190566, 0.4827049605227801, 0.0023564946752401023], [-0.0006631405230798281, -0.006084909129959898, 0.99998126688632]]}