{"translation": [[502.0029629000928], [2289.707481200807], [24.0815332]], "rotation": [[-0.4995340248325, -0.86601070086678, -0.0221664453239599], [0.8662924142212199, -0.49942332538370005, -0.010673443469159827], [-0.0018271225579601005, -0.024534370115159826, 0.99969731735756]]}