{"translation": [[511.4891116999788], [2295.429304900579], [24.111736800000003]], "rotation": [[-0.5053144270598801, -0.8627486077583799, -0.017953888354940002], [0.86293536464662, -0.50521087018938, -0.01023257366294], [-0.0002423598350599996, -0.02066371052206, 0.99978645337574]]}