{"translation": [[500.4971011999878], [2288.8065777998418], [24.0668562]], "rotation": [[-0.4984365362598401, -0.86670783960032, -0.019454326883679998], [0.86692406058272, -0.49835909007432, -0.00899006476628], [-0.0019034815259199988, -0.02134640150188, 0.99977032757048]]}