{"translation": [[524.067126000009], [2303.143737300299], [24.227621300000003]], "rotation": [[-0.5178915666740802, -0.85540988810272, -0.00789677173624], [0.85529732609912, -0.5176069998577002, -0.02344329638054], [0.01596620291296, -0.01889517170026, 0.99969397961238]]}