{"translation": [[536.5441881999723], [2311.2423510001972], [24.3087376]], "rotation": [[-0.5335567040672798, -0.8456756064952399, -0.012261800712280174], [0.8456602756555599, -0.5332072930460199, -0.023431183842339904], [0.013277098928679823, -0.022871177866460094, 0.9996502528107]]}