{"translation": [[483.9685034999857], [2269.8520109001547], [23.9461851]], "rotation": [[0.47987023393944017, 0.8772997782855599, 0.00833885823056], [-0.8773391269627598, 0.4798560170206201, 0.0037600776049200005], [-0.0007027351593600004, -0.00912035654348, 0.99995816174982]]}