{"translation": [[520.9557916999911], [2301.216651400551], [24.2155663]], "rotation": [[-0.5118043339271999, -0.8586182113538801, -0.02882893512724], [0.85907239452836, -0.51121958477706, -0.02547888712312], [0.007138720362680002, -0.03780634683736, 0.9992595853023]]}