{"translation": [[509.9161357000121], [2294.4779105996713], [24.1045432]], "rotation": [[-0.50439503362132, -0.8632918973358998, -0.01767878842666], [0.8634707587042998, -0.5043335954809, -0.008103261592100001], [-0.0019205282276600014, -0.0193523636797, 0.9998108808994199]]}