{"translation": [[545.4895197000587], [2304.6917321998626], [24.290922]], "rotation": [[0.48877383863755985, 0.87238174302872, 0.0070852352080000005], [-0.872385842992, 0.4886828191750999, 0.011489762809099998], [0.006561026971280001, -0.011796954371539997, 0.9999088882431]]}