{"translation": [[544.7161322999746], [2304.2436532005668], [24.2835213]], "rotation": [[0.4874509815775999, 0.8731299345008, 0.0059603875368000004], [-0.87312592030864, 0.48737503739629995, 0.01079668331202], [0.006521964899520001, -0.0104670226893, 0.99992394980334]]}