{"translation": [[535.2476325000171], [2298.874385899864], [24.2423717]], "rotation": [[0.47426314413179993, 0.88034968544972, 0.007668786091439828], [-0.88037731859304, 0.4742105126540399, 0.007750833472120103], [0.0031868257665201723, -0.010427360220239898, 0.9999405553781999]]}