{"translation": [[563.1253068000078], [2315.1723016994074], [24.2849107]], "rotation": [[0.5088278614843801, 0.8607496703472999, 0.014290660108779826], [-0.8608320289234999, 0.5085839476215, 0.0176237566523001], [0.007901642157220175, -0.0212693163054999, 0.9997425569818801]]}