{"translation": [[503.42326339997817], [2280.9326183004305], [24.0798762]], "rotation": [[0.4804494886539, 0.8769720894072599, 0.00939570318452], [-0.8770135841175399, 0.48046516580094, 0.0006585662888399998], [-0.00393676402308, -0.00855656688836, 0.9999556425438]]}