{"translation": [[520.9605398999993], [2290.8708435995504], [24.1374192]], "rotation": [[0.4765859712367999, 0.8790957734438399, 0.00750661132408], [-0.8791273387747199, 0.47657729129464, 0.0030205495971599994], [-0.0009221275794400003, -0.00803881920228, 0.9999672629948]]}