{"translation": [[547.1024922999786], [2305.6333857001737], [24.297141600000003]], "rotation": [[0.4904280619284598, 0.8714747295211802, 0.003478200823180001], [-0.8714489302266202, 0.4903711358391598, 0.010625306725620003], [0.0075540771679800025, -0.00824202293858, 0.99993750053406]]}