{"translation": [[556.2829821999767], [2311.0279037002474], [24.3303151]], "rotation": [[0.50067437194542, 0.8655879722408, 0.0090871294693999], [-0.8655873884968, 0.50050798717542, 0.015816698830399826], [0.0091425644773999, -0.01578472041759983, 0.999833614206]]}