{"translation": [[578.0213284000638], [2323.7894181003794], [24.228188]], "rotation": [[0.47396789862949995, 0.8803958831476001, 0.0160476646032999], [-0.8805388607176, 0.47383777696092, 0.011361488743759827], [0.0023986180632998965, -0.01951557319375983, 0.99980667583142]]}