{"translation": [[501.37221240007784], [2279.775413800031], [24.063543300000003]], "rotation": [[0.4804441352883001, 0.8769730058078997, 0.009573646513299998], [-0.8770197058063398, 0.4804513180707001, 0.0016856302816199986], [-0.003121418053619999, -0.009206128738099999, 0.99995275084956]]}