{"translation": [[547.950207200076], [2306.1272935997695], [24.300014800000003]], "rotation": [[0.4911603953222998, 0.87106202074918, 0.003536024479440001], [-0.8710339264642201, 0.4910999297798999, 0.010992694032639999], [0.007838775994240002, -0.00847917343416, 0.99993332638704]]}