{"translation": [[568.3096180000575], [2318.284822500311], [24.2702405]], "rotation": [[0.4925158981577601, 0.8701976518174398, 0.013565415864239998], [-0.8702339968350398, 0.4922199884319801, 0.020301658725479996], [0.010989289725359999, -0.021803975919719998, 0.9997018665967801]]}