{"translation": [[511.726448200061], [2285.6448112996295], [24.1336732]], "rotation": [[0.47952634520862003, 0.8773865948719999, 0.0157224922638], [-0.8775272333519999, 0.47946197491200004, 0.007881542108799999], [-0.0006231770637999991, -0.0175763226912, 0.99984533029662]]}