{"translation": [[509.5969201999833], [2284.433904999867], [24.1310362]], "rotation": [[0.47978803113980006, 0.8772613099977601, 0.014698792542919899], [-0.87738139517844, 0.47976318740556, 0.005402476481759829], [-0.0023125561484801035, -0.015488490514439828, 0.9998773718558001]]}