{"translation": [[533.6973294001073], [2298.0122705996037], [24.2457277]], "rotation": [[0.4734369390994999, 0.8807368865241, 0.0126475396453], [-0.8808213718329, 0.47333033998427987, 0.01058579291274], [0.0033368346756999998, -0.01615192883274, 0.9998639811087799]]}