{"translation": [[562.2351076999912], [2314.6272720992565], [24.294700100000004]], "rotation": [[0.50932126961036, 0.8603927103887999, 0.017784703405279902], [-0.8605515099067199, 0.5090402187163001, 0.018144475965539825], [0.006558243870399901, -0.024546020463899827, 0.9996771890771]]}