{"translation": [[518.0957813999848], [2289.258683799766], [24.133752]], "rotation": [[0.4774825515587, 0.87852493422174, 0.014293756183719999], [-0.87864087174786, 0.47740496066686, 0.00864179245524], [0.0007681206369199991, -0.01668538382436, 0.9998604942422]]}