{"translation": [[574.4193759000045], [2321.775165800005], [24.2556948]], "rotation": [[0.47719009433150006, 0.8785234926353399, 0.022044532111619997], [-0.8787888311350199, 0.4769072324687601, 0.017016358594859997], [0.004436077159139998, -0.02749252762638, 0.9996121658179]]}