{"translation": [[521.6598172999802], [2291.2618990000337], [24.1455294]], "rotation": [[0.4762043950373601, 0.8792928416004, 0.008570221284239829], [-0.87933249519576, 0.47620199095736004, 0.002450007428400103], [-0.0019268822915998293, -0.008702778515759898, 0.99996027359536]]}