{"translation": [[575.3360798999784], [2322.288717499934], [24.245722]], "rotation": [[0.47581942040983993, 0.8793074987752401, 0.02034959533352], [-0.87953633523092, 0.47559881461559994, 0.014883103717759999], [0.0034085834549600017, -0.02497987920992, 0.9996821430512]]}