{"translation": [[559.6995292999782], [2313.0822199992836], [24.3174288]], "rotation": [[0.50742210344888, 0.8615304429224, 0.0169730649296], [-0.8616699677224, 0.50714957788088, 0.018004234312000003], [0.0069033137296000005, -0.023760926872, 0.999693834432]]}