{"translation": [[506.87410519999685], [2282.887744099833], [24.1119995]], "rotation": [[0.4803832104350001, 0.8769893470725, 0.011025471030499898], [-0.8770498347051, 0.48039678628588, 0.0015556125402598287], [-0.003932344574300101, -0.010417178503259829, 0.99993800760188]]}