{"translation": [[529.8116036999854], [2295.8477921001613], [24.2190991]], "rotation": [[0.47355996386712007, 0.8807416051577199, 0.00592162798256], [-0.8807565218306799, 0.4735239459339201, 0.0065499605555599996], [0.00296479113664, -0.00831731175076, 0.99996101540504]]}