{"translation": [[523.8139734999859], [2292.476152599789], [24.164333600000003]], "rotation": [[0.4752908275276002, 0.87982761072312, -0.0014319119457599997], [-0.8798280933856799, 0.4752878021324002, -0.0020191404558400003], [-0.0010959251313599997, 0.0022195152865600006, 0.9999969363454401]]}