{"translation": [[534.5037891999818], [2298.459846499376], [24.2435529]], "rotation": [[0.4737076172811798, 0.8806177410969601, 0.010657326697820001], [-0.88067717332296, 0.47362921858235985, 0.009119809416959999], [0.0029834434698200016, -0.01370578714296, 0.9999016204011799]]}