{"translation": [[560.5903869000613], [2313.6239882996306], [24.3103115]], "rotation": [[0.5084723276939003, 0.8608845256425798, 0.018267384374239998], [-0.8610540178102598, 0.5081841828836602, 0.018297172359519998], [0.006468557453919999, -0.02503281072304, 0.9996657021888]]}