{"translation": [[516.6799603999825], [2288.459652800113], [24.1326096]], "rotation": [[0.4783864997005999, 0.8780250794323401, 0.014774712146179897], [-0.8781478813700601, 0.47828689411355996, 0.009895488200659826], [0.001621936017379897, -0.017708250316939827, 0.9998418810926]]}