{"translation": [[540.7061491999775], [2301.9475570004433], [24.269519100000004]], "rotation": [[0.48020844538415985, 0.87709153417712, 0.010497838290799899], [-0.8771390601724, 0.48009500199269983, 0.011652172122499825], [0.005180063110879899, -0.014803535730339826, 0.9998770035639]]}