{"translation": [[554.5930737999734], [2310.0246034003794], [24.332282]], "rotation": [[0.49732358508696006, 0.8675202732407999, 0.008819106962760174], [-0.86751496714176, 0.49715987374616, 0.0158047815681999], [0.009326463233399827, -0.0155107979032401, 0.99983620269296]]}