{"translation": [[525.3646306999726], [2293.3449611999094], [24.1940857]], "rotation": [[0.4751964981737199, 0.8798578604673601, 0.006202757451840001], [-0.8798783905449601, 0.47519624352589995, 0.0016089417879800003], [-0.0015318871425599998, -0.006222235568180001, 0.99997946834318]]}