{"translation": [[539.1310780000058], [2301.0557864997536], [24.2682125]], "rotation": [[0.47842271926750013, 0.8780552677861798, 0.01142925108726], [-0.8781162944850599, 0.4783031377511602, 0.01174142884318], [0.0048429771115800005, -0.015653578006059998, 0.9998657465195]]}