{"translation": [[610.8602460999973], [2354.7642545998096], [24.1252317]], "rotation": [[-0.47168607743367996, -0.8816408948149201, -0.014877152485080002], [0.8817605501749202, -0.47155430791466, -0.011602568050979999], [0.0032139121549200024, -0.01859085850902, 0.99982200951902]]}