{"translation": [[621.8225056999945], [2348.2763620000333], [24.100181]], "rotation": [[0.4780567264158001, 0.8781908349343598, 0.015576825794079895], [-0.8783278130137598, 0.47800970143148, 0.006855068271639827], [-0.0014258159042801017, -0.016958670697759824, 0.99985517478332]]}