{"translation": [[615.5055914000259], [2357.346090500243], [24.1101532]], "rotation": [[-0.4712966825028996, -0.8819070941608399, -0.010914329583079998], [0.8819618036068398, -0.47118700689671966, -0.011224517106639999], [0.00475629057508, -0.014916101182639998, 0.99987743629382]]}