{"translation": [[623.5496187000535], [2361.8616249002516], [24.1013679]], "rotation": [[-0.47466803654164025, -0.8801183870808802, -0.009050548728639727], [0.8801502717670402, -0.4745757154175402, -0.010649979658579932], [0.005078072325680069, -0.013021047595059726, 0.99990232798166]]}