{"translation": [[615.0547490000026], [2357.095154900104], [24.1101867]], "rotation": [[-0.4710205772558398, -0.8820518005302799, -0.01113802554324], [0.8821098355323599, -0.4709098350023998, -0.01122425939092], [0.0046553720349200006, -0.015111820641239998, 0.9998749723704]]}