{"translation": [[623.9763393999892], [2362.1020128000528], [24.1008839]], "rotation": [[-0.47461803712785955, -0.8801420032540799, -0.009356550668019896], [0.8801792876275198, -0.4745279751075596, -0.010363135884479825], [0.004681085773579898, -0.013153975130879826, 0.99990252542894]]}