{"translation": [[578.8721510000178], [2324.2647504992783], [24.2300061]], "rotation": [[0.47338135991501995, 0.8807015174152399, 0.01658256309658], [-0.8808538844731599, 0.47324064820907996, 0.01182282527716], [0.002564836233219999, -0.020203519779560003, 0.9997925982050999]]}