{"translation": [[579.7216090000002], [2324.738704700023], [24.2288567]], "rotation": [[0.4728985720360801, 0.8809773768205198, 0.0156750129298], [-0.8811126643034799, 0.4727668904503801, 0.011482334587499997], [0.002705051559, -0.019241432742699998, 0.9998112071424601]]}