{"translation": [[623.0958926000167], [2361.6065102005377], [24.102093300000003]], "rotation": [[-0.47483020539298015, -0.8800333494567201, -0.008799244941679999], [0.8800625661368802, -0.47474057032768013, -0.01054122383432], [0.00509926976408, -0.012749178771280002, 0.99990572349534]]}