{"translation": [[617.8924651999841], [2358.6770580001175], [24.1096766]], "rotation": [[-0.47311220718874025, -0.88095014818552, -0.009572932000639828], [0.88098165221176, -0.4729991259995402, -0.011963297152520105], [0.00601107988768017, -0.014093559679239899, 0.99988261235576]]}