{"translation": [[580.6431212999742], [2325.2527165990323], [24.227337]], "rotation": [[0.4724996054738999, 0.8811887053553201, 0.01582724694296], [-0.8813253259291601, 0.4723569747883999, 0.01201963334528], [0.0031154562167199995, -0.01962822620896, 0.9998024938136599]]}