{"translation": [[583.3388630999834], [2326.75003630016], [24.2247861]], "rotation": [[0.4717040761547002, 0.8815728272938398, 0.018015596351119996], [-0.8817530893563997, 0.4715435965424003, 0.012572706546400001], [0.0025886183931999977, -0.02181590512912, 0.99975865353294]]}