{"translation": [[614.5972821000032], [2356.839973700233], [24.110037]], "rotation": [[-0.47068445787668034, -0.8822453661177, -0.009945665750459999], [0.8822889806979001, -0.47058804838900026, -0.010616235902700001], [0.00468581288946, -0.013771851347100001, 0.99989418402332]]}