{"translation": [[610.5441703000106], [2341.9491482004523], [24.125133]], "rotation": [[0.47564559636133996, 0.8794881746112001, 0.016181467422539828], [-0.8796368514410401, 0.4755535881886399, 0.009371064964800103], [0.0005465855661001724, -0.018691120638959897, 0.99982515634534]]}