{"translation": [[607.0531945999828], [2339.994384900667], [24.126511800000003]], "rotation": [[0.47535877519853986, 0.8796306032011799, 0.01685052785904], [-0.87979082328714, 0.47530208717533984, 0.007479084939679997], [-0.0014302576468799982, -0.018380189436639997, 0.99983004704204]]}