{"translation": [[606.1444344000192], [2339.4867182997987], [24.1291297]], "rotation": [[0.4752504170267001, 0.8796767430189399, 0.01748895336498], [-0.8798496941264599, 0.4751841846508401, 0.00803125051734], [-0.0012455696638200044, -0.019204505484059997, 0.9998148006123]]}