{"translation": [[610.3528994999942], [2354.4795866999775], [24.1259493]], "rotation": [[-0.4723409362237202, -0.8812967257169402, -0.014488382008060002], [0.8814080476749402, -0.4722039696681002, -0.01196062490838], [0.0036993873089400005, -0.01841967141262, 0.99982349953062]]}