{"translation": [[581.566805600014], [2325.765596699901], [24.2271406]], "rotation": [[0.4721978562440602, 0.88131988258298, 0.01744604218131983], [-0.88148834578138, 0.4720420592799801, 0.012430034700920104], [0.002719572664280169, -0.021247919309479897, 0.99977053858008]]}