{"translation": [[599.2116410000017], [2335.608101000078], [24.1503762]], "rotation": [[0.4747205888073598, 0.8798269831376804, 0.02334017922167983], [-0.8801296684912803, 0.47465454068477986, 0.008646114720380103], [-0.0034714355360798265, -0.024646874065019902, 0.99969019235358]]}