{"translation": [[612.2956357999938], [2342.9239702001214], [24.1222676]], "rotation": [[0.4759337599934399, 0.8792723483365602, 0.0191607622206399], [-0.8794810522414401, 0.47581393852709986, 0.01068250428721983], [0.00027587398263989767, -0.021935692381779833, 0.9997593456759]]}