{"translation": [[589.4957315999782], [2330.1780377002433], [24.2086168]], "rotation": [[0.47343894476203996, 0.8806457859242799, 0.017850583817639896], [-0.8808230291623599, 0.4732813876331, 0.01247387136761983], [0.002536711664279898, -0.02162882112965983, 0.9997628514931]]}