{"translation": [[619.2503645999823], [2346.8263952005655], [24.1014974]], "rotation": [[0.47753495973728, 0.8784629614260001, 0.01622358565872], [-0.8786125332108, 0.47746664312606, 0.008101746065999997], [-0.0006291373972799998, -0.0181231125108, 0.99983556497278]]}