{"translation": [[609.6375187999802], [2341.4411587994546], [24.1255879]], "rotation": [[0.4755341700286402, 0.8795492738251597, 0.016134667570919997], [-0.8796972293862796, 0.4754501465048002, 0.008941042858439998], [0.00019285770156000047, -0.018445393759079998, 0.999829850652]]}