{"translation": [[590.3444948000251], [2330.6514630997553], [24.2080098]], "rotation": [[0.47362387841294007, 0.8805035658632798, 0.019849073571619896], [-0.8807241821183198, 0.4734422931926401, 0.013319290643919828], [0.0023302900290198963, -0.023789892250479828, 0.9997142645905399]]}