{"translation": [[616.6075490000076], [2345.3389422008768], [24.1001417]], "rotation": [[0.4769284657508599, 0.8788100764187802, 0.015235770461320002], [-0.8789421079643801, 0.47686120072037985, 0.00801290584412], [-0.00022352598091999933, -0.01721294273948, 0.99985182134648]]}