{"translation": [[596.5395756000071], [2334.1126090995967], [24.166323]], "rotation": [[0.47447960332661987, 0.8799883986982201, 0.02212311561748], [-0.8802623483103801, 0.47440419876221995, 0.00887481784308], [-0.0026855604958800003, -0.02368506705068, 0.99971586228984]]}