{"translation": [[609.8431238000048], [2354.1956010004506], [24.1230957]], "rotation": [[-0.47300581390259966, -0.8809482738502398, -0.013990370441919996], [0.8810544796931198, -0.47289072007793964, -0.010838003514139999], [0.0029318044793599984, -0.017452716343579998, 0.9998433913490999]]}