{"translation": [[620.9519572000718], [2360.3977054003626], [24.1067159]], "rotation": [[-0.47462780640788005, -0.8801371479303, -0.009339381455219828], [0.8801754474824999, -0.474541372889, -0.010091822609700103], [0.004450265366220171, -0.013010152486499896, 0.99990546107212]]}