{"translation": [[616.7391106999712], [2358.0301489010453], [24.108984600000003]], "rotation": [[-0.47227818937599964, -0.8814024389951998, -0.009120165574399725], [0.8814217996070397, -0.4721557931647996, -0.01283133644927993], [0.007003432321280069, -0.014098671955199723, 0.99987608201984]]}