{"translation": [[567.5474551999941], [2330.6097258999944], [24.2691087]], "rotation": [[-0.4696415288583998, -0.8828262643812002, -0.007384792752400172], [0.8828144984570401, -0.4695201895715999, -0.013757426340719896], [0.008678108048719829, -0.012980461633200102, 0.99987809159384]]}