{"translation": [[572.3916867999942], [2333.293855300173], [24.2431039]], "rotation": [[-0.4665854234178597, -0.8844575313503199, -0.00575334170772], [0.88444702569528, -0.46650726690695965, -0.011162961128119998], [0.00718918923668, -0.010296999566519997, 0.9999211405745401]]}