{"translation": [[588.5921333999722], [2342.2033265996724], [24.1720234]], "rotation": [[-0.4726649495466603, -0.8811801137359802, -0.010450789690079898], [0.8812286909896202, -0.47255914349626027, -0.01111829440311983], [0.004858603258319898, -0.014464765810719829, 0.9998835754756401]]}