{"translation": [[588.0540076000034], [2341.902600299567], [24.172410100000004]], "rotation": [[-0.4721504742028202, -0.8814660914696798, -0.009571532001699827], [0.8815023452876799, -0.47204939884132013, -0.011096631059600102], [0.00526306830790017, -0.013676606220799897, 0.9998926195175]]}