{"translation": [[601.8344870000146], [2349.676504299976], [24.143219100000003]], "rotation": [[-0.4758607393744001, -0.8794188349204, -0.0133851588064], [0.87951376496584, -0.4757414756256001, -0.01121064514888], [0.0034909776051199994, -0.017107136414, 0.99984756786656]]}