{"translation": [[602.885007600009], [2350.271842200309], [24.1381366]], "rotation": [[-0.4758712522721801, -0.8794246963114201, -0.01259319132224], [0.8795113911850201, -0.4757803933461001, -0.009621007362240001], [0.0024693573865599994, -0.015654217464960003, 0.99987441598208]]}