{"translation": [[590.1117315000156], [2343.0617404002696], [24.1688046]], "rotation": [[-0.4733987424500996, -0.8807508180929199, -0.013090604520539895], [0.8808464174590799, -0.47331655113479953, -0.008987109515239825], [0.001719403258459898, -0.015785300649239824, 0.99987392600934]]}