{"translation": [[574.0581555999815], [2334.2183520998806], [24.2315864]], "rotation": [[-0.4657087334710601, -0.8849128394769801, -0.00666979760992], [0.88492770072398, -0.4656537797881801, -0.008328623462720001], [0.004264289241920001, -0.009781002310720002, 0.9999430722921201]]}