{"translation": [[595.7785491999821], [2346.2579727992415], [24.1560957]], "rotation": [[-0.47576317559570036, -0.8794854508975202, -0.012440963369940002], [0.8795662299376802, -0.4756544135248003, -0.01077781090456], [0.0035613288534599996, -0.016070336470160002, 0.99986452143566]]}