{"translation": [[592.649310400011], [2344.4914776999503], [24.1635007]], "rotation": [[-0.47519544020769977, -0.8797776072095199, -0.013429567019139827], [0.8798783407363998, -0.47510860971603974, -0.009252691838480102], [0.0017598069751001717, -0.016213224725199895, 0.9998670083547]]}