{"translation": [[596.8063074000529], [2346.838179499842], [24.1549538]], "rotation": [[-0.47578946547972034, -0.8794738925405201, -0.012254927804359828], [0.8795507539601202, -0.4756773591313004, -0.011029396438540104], [0.00387067488284017, -0.0160265004676599, 0.99986407534742]]}