{"translation": [[562.8151690000086], [2327.967625499703], [24.2982745]], "rotation": [[-0.47235635332154, -0.88136654688522, -0.008530882642799898], [0.8813467338057001, -0.47218752749689996, -0.016345155347999827], [0.010377896562719898, -0.015239400413039828, 0.9998300155384]]}