{"translation": [[607.3853942999849], [2352.8112792000175], [24.1269951]], "rotation": [[-0.4745650204457006, -0.8801000645895001, -0.014553723826500001], [0.8802155706147001, -0.4744428375134805, -0.011155105859340002], [0.0029126989370999974, -0.01810423842234, 0.99983186222678]]}