{"translation": [[557.8452188000083], [2325.1440245006233], [24.314087]], "rotation": [[-0.48492155985281993, -0.87454776010038, -0.004153896102120001], [0.8744893296205801, -0.4848188647179399, -0.01479998499052], [0.01092940662468, -0.01080936998068, 0.99988184581388]]}