{"translation": [[558.3163794999709], [2325.416683700867], [24.312934100000003]], "rotation": [[-0.4830313717527198, -0.8755854213028801, -0.005580121664880173], [0.87553718390448, -0.48290688743583976, -0.015357457403679897], [0.010752086148719829, -0.012303735170720101, 0.99986649647288]]}