{"translation": [[557.3373385000159], [2324.8470318000764], [24.3166046]], "rotation": [[-0.4867692338657599, -0.8735256457066799, -0.002911094666519898], [0.87345473989812, -0.48668042732025985, -0.014791695021279826], [0.011504152682279898, -0.009742853012479825, 0.99988635917894]]}