{"translation": [[574.6291259999853], [2334.530564799905], [24.227919600000003]], "rotation": [[-0.4656022382901003, -0.8849563443404201, -0.008176013119040001], [0.8849801177907802, -0.46552305184770026, -0.009924827042240002], [0.004976916103360001, -0.011856630568640001, 0.9999173218916401]]}