{"translation": [[602.3599055000232], [2349.974335500039], [24.1410065]], "rotation": [[-0.4759244844474001, -0.8793876851891, -0.013169894735899999], [0.87948111391898, -0.47581690605124016, -0.0105595474661], [0.003019478337139999, -0.01660821846602, 0.9998575147766]]}