{"translation": [[579.5286883999943], [2337.22782390099], [24.1969723]], "rotation": [[-0.46500508491975956, -0.8852436102627599, -0.01068036516184], [0.8852989936899598, -0.4649119685812796, -0.010129262095319998], [0.0040014350650400005, -0.01416547450692, 0.99989165805752]]}