{"translation": [[600.8684963000123], [2349.1324444003403], [24.1454974]], "rotation": [[-0.4757845966848795, -0.8794874363084397, -0.011431052697719896], [0.8795552927852397, -0.47569125335865947, -0.010006021028539827], [0.003362517455879896, -0.014814955246659826, 0.99988459862222]]}