{"translation": [[561.3008963000029], [2327.117494300008], [24.3081383]], "rotation": [[-0.47455994632359977, -0.8801621373312, -0.0103648520371999], [0.8801593396617601, -0.4743508380703998, -0.017628954520319828], [0.0105997620423199, -0.017488717502399827, 0.9997908730325601]]}