{"translation": [[582.2067581000156], [2338.6921472996473], [24.1957358]], "rotation": [[-0.46347487259290043, -0.8860208941845201, -0.01257374746464], [0.8861049521710002, -0.46337710581904046, -0.009987648231480004], [0.0030228785735999988, -0.0157706831694, 0.9998710655703]]}