{"translation": [[560.2936563999974], [2326.5483147995546], [24.310656]], "rotation": [[-0.47661947785348013, -0.87903410987508, -0.011534722921679999], [0.87904405526232, -0.4763823674022801, -0.01848057735348], [0.01075011928908, -0.018947730931920002, 0.99976268106524]]}