{"translation": [[599.8206743000192], [2348.5383112002164], [24.1458724]], "rotation": [[-0.4756874376428999, -0.8795571172851401, -0.01004713552532], [0.87960191870114, -0.47558851303721994, -0.01078131258236], [0.004704478343320001, -0.01396601291636, 0.99989140329432]]}