{"translation": [[556.8315836000256], [2324.549680599943], [24.3200775]], "rotation": [[-0.4886564448671403, -0.87247428333956, -0.0019190323633399998], [0.8723947789867601, -0.48857946773352035, -0.014752361875480003], [0.011933455942540002, -0.008882989101880002, 0.99988933645038]]}