{"translation": [[589.0860708000255], [2342.4818420000374], [24.1704245]], "rotation": [[-0.4727587735169997, -0.8811209262041999, -0.011175881298999829], [0.8811813971158, -0.47265354606041976, -0.010854291303300102], [0.0042816229170001725, -0.014979441501699896, 0.99987863464758]]}