{"translation": [[566.4842734999838], [2330.016747499816], [24.2780475]], "rotation": [[-0.4702599017494603, -0.8824888102711799, -0.008296603283140068], [0.88247927104674, -0.47011466263026025, -0.014908026525419726], [0.009255811833379724, -0.014332230399539934, 0.99985444795244]]}