{"translation": [[585.4564981000149], [2340.4572638003156], [24.1817312]], "rotation": [[-0.46732982095236, -0.8840502851775999, -0.007631957528759999], [0.88404438418476, -0.4672109535099599, -0.0134077118056], [0.008287357220799998, -0.01301280991476, 0.99988098617484]]}