{"translation": [[597.2977708000108], [2347.1152237001806], [24.155224]], "rotation": [[-0.4757573803791999, -0.8794865392239999, -0.012580770859999998], [0.8795665181007999, -0.47563510582631985, -0.011572372447039996], [0.004193889325599999, -0.016571267055039998, 0.99985389152312]]}