{"translation": [[583.8422901000013], [2339.567991499789], [24.184028]], "rotation": [[-0.4646185085159197, -0.8854835358175599, -0.006967353155600068], [0.8854475127455599, -0.4644766676699197, -0.015624405044199723], [0.010598980453999726, -0.013428613342999931, 0.9998536562700001]]}