{"translation": [[584.9040615999838], [2340.1595977004617], [24.183199]], "rotation": [[-0.4663529489089002, -0.8845601141099401, -0.008268885292419828], [0.8845804691799001, -0.46626281567450023, -0.010789956270300105], [0.005688891248500171, -0.012346422018419897, 0.99990759692204]]}