{"translation": [[572.9615949000581], [2333.6097528003156], [24.2377987]], "rotation": [[-0.46619116602513977, -0.88466948076598, -0.005082597162760067], [0.8846600499799399, -0.4661284644531398, -0.010048724456119724], [0.006520656574119725, -0.009180996403239931, 0.99993659316396]]}