{"translation": [[582.7680757999187], [2338.9900135993958], [24.1937693]], "rotation": [[-0.46358624341200017, -0.8859905510638001, -0.0104149899014], [0.8860248310337201, -0.4634484776845601, -0.013245414286], [0.00690850060796, -0.015368332167279999, 0.9998580334124]]}