{"translation": [[571.3379020000575], [2332.716879500076], [24.2579775]], "rotation": [[-0.46763128280964006, -0.8838550150160799, -0.01100404236248], [0.8839064445711199, -0.46750865183634005, -0.01203540197378], [0.00549306499432, -0.01535467635458, 0.99986702122446]]}