{"translation": [[565.4320018999861], [2329.431063500233], [24.2847567]], "rotation": [[-0.4708477584212801, -0.8821711937636401, -0.0087365002682], [0.88216632521364, -0.4706955460917802, -0.0151073064084], [0.0092149987718, -0.0148202881716, 0.9998477098295]]}