{"translation": [[598.8467022000114], [2347.9880306003615], [24.1500959]], "rotation": [[-0.4758888795137799, -0.8794340283778599, -0.011218102182199999], [0.8794914734431398, -0.4757703093548199, -0.011732117667400002], [0.0049803841514, -0.0154494069542, 0.9998682471324]]}