{"translation": [[569.6901124999858], [2331.7998841004446], [24.2645686]], "rotation": [[-0.46830234974649976, -0.8834969878460199, -0.01121926221285983], [0.88353036913678, -0.4681270050128997, -0.015201452545060104], [0.008178397802540172, -0.017031436036459898, 0.99982150606124]]}