{"translation": [[589.5787954999832], [2342.7614906001836], [24.1688633]], "rotation": [[-0.4729279848723601, -0.88101845458714, -0.0120687016797], [0.8810981280573, -0.4728463643370602, -0.00908043078086], [0.00229338554714, -0.0149280998835, 0.99988593960534]]}