{"translation": [[553.0146014000056], [2322.260192400776], [24.3562799]], "rotation": [[-0.5028565827652002, -0.8643638323935601, -0.0032531267240799994], [0.8642621794374001, -0.5027308919796002, -0.0176832079656], [0.0136492775516, -0.011703670354079999, 0.9998383476041599]]}