{"translation": [[545.5154725000612], [2317.7107285000384], [24.360560600000003]], "rotation": [[-0.4880644838173004, -0.8727582389620803, -0.009288690113060001], [0.8726304737760002, -0.48772333167936044, -0.025341107701920003], [0.0175863491857, -0.020473686182400003, 0.9996357079139]]}