{"translation": [[547.414130899997], [2318.8347874004394], [24.369729]], "rotation": [[-0.49498976125434, -0.8688428161248801, -0.009857337656720172], [0.86872294557352, -0.49462958559954007, -0.0257271626717199], [0.017477129957679825, -0.0212979795581201, 0.99962040093336]]}