{"translation": [[536.6674197000684], [2312.6296918001026], [24.2826839]], "rotation": [[-0.47923848548688, -0.8775283621869999, -0.016560853819559896], [0.8776006122557999, -0.4788462489156, -0.02287464995439983], [0.012143051102439895, -0.025496231087999827, 0.9996011646952799]]}