{"translation": [[503.79917960002786], [2293.7654479006305], [24.0360656]], "rotation": [[-0.4848606996158803, -0.8743541434467202, -0.020362788060480003], [0.8745761805891202, -0.4848574898758603, -0.005424775580579999], [-0.00512987779488, -0.020439072422820004, 0.9997779396590201]]}