{"translation": [[535.2053786999895], [2311.7980097997934], [24.266917000000003]], "rotation": [[-0.47980940452244003, -0.8772799652287798, -0.012751463344139999], [0.8772876690773398, -0.47951000978554004, -0.020887750424779996], [0.012209950617179999, -0.021208843465659998, 0.9997005061640599]]}