{"translation": [[541.1983867000672], [2315.209108700976], [24.3289044]], "rotation": [[-0.4811698816155401, -0.8765317109835401, -0.012944287153100002], [0.8764704283595001, -0.4807520166411401, -0.026018006316460004], [0.016582615624460003, -0.023864368452500003, 0.9995776651839601]]}