{"translation": [[548.3414081999799], [2319.39144379925], [24.3658037]], "rotation": [[-0.49869006971466, -0.8667480887149, -0.007503831436179999], [0.8665987599581799, -0.49838947910020004, -0.02479634452226], [0.0177523524103, -0.0188684968079, 0.9996643606175]]}