{"translation": [[554.4295876999968], [2323.1188791999593], [24.3462358]], "rotation": [[-0.49781014994319983, -0.8672768518572, -0.003974155574000001], [0.8671855079906401, -0.4976775284227998, -0.017499986034479997], [0.013199485250480002, -0.012158002009199998, 0.99983896531544]]}