{"translation": [[525.025539299997], [2305.9855105997995], [24.2036187]], "rotation": [[-0.48210311231218017, -0.87600406530058, -0.01390599844648], [0.87601497475082, -0.48174850056658014, -0.02271687374408], [0.01320087982888, -0.02313373980232, 0.99964522048224]]}