{"translation": [[523.5239676000201], [2305.130518999882], [24.1874116]], "rotation": [[-0.4828670999374596, -0.8756494944402599, -0.008801748749359899], [0.8756266220909398, -0.4826812742156996, -0.017232245518319825], [0.010840967675439898, -0.016027928328719826, 0.9998127719486001]]}