{"translation": [[552.0646142999758], [2321.676862199791], [24.3625135]], "rotation": [[-0.5052353470861198, -0.8629706015589198, -0.004373711157839999], [0.8628616028935199, -0.5050740120593998, -0.01924164827276], [0.014395928461959999, -0.013495466693040001, 0.99980529586572]]}