{"translation": [[542.1809689999791], [2315.7726982999593], [24.3416272]], "rotation": [[-0.48227051899217943, -0.8759154443900199, -0.013691158224720001], [0.8758453516924198, -0.4817999026974594, -0.027639476296719995], [0.01761344524168, -0.025321038884879996, 0.99952419259872]]}