{"translation": [[555.3936834000633], [2323.698138299398], [24.3370384]], "rotation": [[-0.49414873713730034, -0.8693704419573202, -0.0034996492857399], [0.8692862192638001, -0.4940345312634403, -0.01647841653867983], [0.0125969001042999, -0.01118498388499983, 0.9998580970623]]}