{"translation": [[538.1918513000128], [2313.492117599584], [24.3027076]], "rotation": [[-0.47914395588969994, -0.8775513954142999, -0.0180114580711], [0.8776134965428999, -0.47863295857482, -0.02654875521854], [0.014677019492299997, -0.028527778117539995, 0.99948524296412]]}