{"translation": [[519.7389152000542], [2302.973988099955], [24.149117800000003]], "rotation": [[-0.4838415800836199, -0.87471043573654, -0.02791103882587983], [0.87514907527766, -0.48346841663777984, -0.0192985293515601], [0.003386519659480171, -0.0337637499112399, 0.9994241045196001]]}