{"translation": [[554.9299770001089], [2323.4202880999073], [24.3415138]], "rotation": [[-0.4958521734021001, -0.86839788042938, -0.00397175689134], [0.8683120853337, -0.4957252078563601, -0.017049111741379998], [0.0128365123957, -0.0119025633159, 0.9998467647291]]}