{"translation": [[517.4926479000133], [2301.6810791995376], [24.1014451]], "rotation": [[-0.48481452962962, -0.87438264131624, -0.020244738234139997], [0.87460979708984, -0.48458687982900006, -0.01527218832712], [0.00354340172746, -0.02511042545768, 0.99967840370462]]}