{"translation": [[551.119853799988], [2321.092992500402], [24.3697815]], "rotation": [[-0.5057932134852999, -0.8626097651744199, -0.008805131660459898], [0.8625173566897398, -0.5055042076390599, -0.023004730179419827], [0.015393073987019898, -0.01923021652025983, 0.9996965799822001]]}