{"translation": [[542.6481024000095], [2316.042483999394], [24.345159]], "rotation": [[-0.48284528610659994, -0.87559385594578, -0.01400719051906], [0.87552652053742, -0.4823609012601999, -0.02795791338926], [0.01772325567934, -0.025763006723659998, 0.9995109573263601]]}