{"translation": [[519.2106290999218], [2302.6699492000043], [24.131845]], "rotation": [[-0.4840273811725, -0.8747249155133001, -0.0239587147806], [0.8750448340915, -0.48372336697762, -0.01756263323964], [0.0037730840790000005, -0.02946574174836, 0.9995586695938801]]}