{"translation": [[533.759616299998], [2310.9774802001193], [24.2580502]], "rotation": [[-0.48066426831594, -0.8767953454581201, -0.013854122163460002], [0.8768311552643602, -0.48035917779304005, -0.02055088294468], [0.011363963908420004, -0.022025798850760003, 0.99969281508926]]}