{"translation": [[518.0872868999722], [2302.023958900012], [24.109279]], "rotation": [[-0.4845864534516998, -0.87449599001264, -0.02080474699182], [0.8747368052676799, -0.4843531189161998, -0.015416958332639999], [0.0034052247611400036, -0.025669525627679997, 0.9996646837425399]]}