{"translation": [[553.9319428000017], [2322.817209900357], [24.3498875]], "rotation": [[-0.49963967830689937, -0.8662274115689599, -0.0032143511552800005], [0.8661269435343999, -0.4995166821804994, -0.017529137084799997], [0.013578596781999998, -0.011542287889279995, 0.99984118604256]]}