{"translation": [[521.3977400999865], [2303.908927500248], [24.1816457]], "rotation": [[-0.48309231164548005, -0.8752447383862599, -0.0238400205206599], [0.87548567615186, -0.48249061781650004, -0.02697248306697983], [0.012104937181939899, -0.03390179813881983, 0.99935185921998]]}