{"translation": [[534.695946300053], [2311.5092739006504], [24.264975]], "rotation": [[-0.48021153833448005, -0.8770557346210801, -0.01304811119724], [0.8770759205905201, -0.47991939564058006, -0.020379881463339997], [0.011612250334440001, -0.02123083645186, 0.9997071607489401]]}