{"translation": [[532.752972700051], [2310.4044904997572], [24.2556563]], "rotation": [[-0.48120461586497987, -0.87646565975854, -0.015817335904659828], [0.8765395921862599, -0.48086249326001984, -0.0212068163123801], [0.01098108287186017, -0.024069337178019897, 0.9996499801709999]]}