{"translation": [[500.50366210000357], [2291.8596318000928], [24.0237804]], "rotation": [[-0.48400605474755964, -0.8747342384695399, -0.024040171156739995], [0.8750446179389398, -0.48399766096067964, -0.006554358425179997], [-0.005902067114659999, -0.02420857384038, 0.9996895070521199]]}