{"translation": [[522.0156451999792], [2284.2732552001253], [23.9710091]], "rotation": [[0.31895264366382015, 0.9477271043651999, 0.009088376563319837], [-0.9477353812475998, 0.3188433393200001, 0.011688624735200116], [0.008179857484680163, -0.012341493762399883, 0.99989038272782]]}