{"translation": [[516.7339767999947], [2281.8980084005743], [23.9901925]], "rotation": [[0.4472316284029998, 0.8940727654792, 0.0248536651594], [-0.8944177930342001, 0.4470833396761198, 0.011543091455839998], [-0.0007912947055999965, -0.02739199673084, 0.99962445564812]]}