{"translation": [[524.3043022999773], [2284.9811714002863], [23.992265600000003]], "rotation": [[0.23595976717837996, 0.9715300170738999, 0.021267031010919875], [-0.9716820815826999, 0.23560166799750004, 0.01804601669659984], [0.012521701751079875, -0.02492292743419984, 0.99961095162488]]}