{"translation": [[514.8607589000603], [2280.9032553005964], [23.989141]], "rotation": [[0.46426705437304006, 0.88544362010784, 0.0211116797352], [-0.8856950452656001, 0.46415192529664007, 0.010357713243840001], [-0.0006278557838400017, -0.0235072550928, 0.9997234691442399]]}