{"translation": [[498.1935239000595], [2271.4524007998407], [23.9211484]], "rotation": [[0.47928566309557996, 0.8775104150181801, 0.016145148175100002], [-0.8776559232801802, 0.4792510577170799, 0.006200413559299998], [-0.002296651081299999, -0.0171416548709, 0.9998504333375]]}