{"translation": [[521.2330367000541], [2283.9801352992654], [23.9650417]], "rotation": [[0.3477469296039002, 0.9375614583035998, 0.0071066864729998356], [-0.9375719132013598, 0.3476858888615001, 0.008564484397480114], [0.005558836653480164, -0.009641302851799887, 0.99993807038576]]}