{"translation": [[515.327083399985], [2281.152343600057], [23.9891046]], "rotation": [[0.4610743070766, 0.8870705729504602, 0.022723226336779832], [-0.8873595112447001, 0.46097713050269995, 0.009656398107500106], [-0.0019089822882998302, -0.024615987207219896, 0.99969515803374]]}