{"translation": [[519.2661932000192], [2283.138354600407], [23.973075]], "rotation": [[0.40404832119173983, 0.9145059167894403, 0.020589609460860005], [-0.9147376665482403, 0.4039441681929198, 0.009173881839679997], [7.251569334000042e-05, -0.022540782311920003, 0.99974592166982]]}