{"translation": [[497.43998570000986], [2271.0206220997497], [23.9163105]], "rotation": [[0.4793397721635, 0.8774852255858999, 0.015910832615199898], [-0.8776267977683, 0.47930422302557996, 0.006225634823039828], [-0.002163227913600102, -0.01694796649903983, 0.99985403279808]]}