{"translation": [[493.360762300028], [2268.680345799774], [23.8938169]], "rotation": [[0.4793990812259, 0.8774455040889398, 0.01630334141498], [-0.8775934727231799, 0.4793667667422, 0.006090175484859999], [-0.00247148151046, -0.01722733171078, 0.99984854392526]]}