{"translation": [[525.7550357999862], [2285.3054932998493], [23.9806111]], "rotation": [[0.1844563399574003, 0.9826851545302598, 0.017484732968979996], [-0.9828362487073398, 0.18437281223084034, 0.006288442220260002], [0.0029558498001799978, -0.01834457261734, 0.9998273548974]]}