{"translation": [[502.75635629997123], [2274.0645589008927], [23.9424713]], "rotation": [[0.4795390460039599, 0.87739555786622, 0.014813018593379898], [-0.87751998102142, 0.4794903140511799, 0.006914388840419826], [-0.0010360460365801023, -0.01631443843637983, 0.9998663739367799]]}