{"translation": [[513.3211502999766], [2280.0525225000456], [23.9854508]], "rotation": [[0.47126747509886, 0.88176991651476, 0.019719242355259896], [-0.8819862774416399, 0.4712156928622, 0.00748628660891983], [-0.002690835214340102, -0.02092014369227983, 0.9997775287642999]]}