{"translation": [[475.99551410001004], [2258.7849134998396], [23.794045800000003]], "rotation": [[0.4762587059179202, 0.8792014178695998, 0.013508110417439998], [-0.8793043140263997, 0.47622361351800024, 0.005911890825199997], [-0.00123513785744, -0.014693329597199996, 0.99989128433592]]}