{"translation": [[526.797983400058], [2285.5010353000835], [23.9822189]], "rotation": [[0.14958919292988004, 0.9886558496241, 0.013513422427419848], [-0.9887481991759, 0.14957542058700002, 0.002029877961900132], [-1.4424552419846706e-05, -0.01366502038689987, 0.99990662914188]]}