{"translation": [[480.46255830000155], [2261.31366740074], [23.8176826]], "rotation": [[0.47775017843504, 0.8784042942400802, 0.012673665759919829], [-0.8784932457928801, 0.4777333388747199, 0.0045202832320801025], [-0.002083996040719828, -0.013293296235119899, 0.99990946851632]]}