{"translation": [[476.9214064999833], [2259.3077483000234], [23.7994443]], "rotation": [[0.47670521141678013, 0.8789456316906998, 0.014373820494239898], [-0.8790612679402998, 0.47667433594670017, 0.005723060901599828], [-0.0018213706257601036, -0.015363682850399827, 0.99988031275392]]}