{"translation": [[489.1696258999873], [2266.276801400818], [23.8686046]], "rotation": [[0.47915667880397994, 0.8776010615232201, 0.01501086225484], [-0.8777232340217802, 0.47914747162758, 0.0044381197927600025], [-0.00329751886484, -0.015301936552760001, 0.99987748105656]]}