{"translation": [[524.6572259999812], [2285.0732062002644], [23.9925688]], "rotation": [[0.22293138196037987, 0.97461011789042, 0.020895149399059842], [-0.97473729937078, 0.22255600327397995, 0.018865651183940124], [0.013736316032540156, -0.024573027588339874, 0.99960366139836]]}