{"translation": [[478.69460160000017], [2260.3111434001476], [23.8077708]], "rotation": [[0.47726700656078014, 0.8786555546008, 0.01343766051996], [-0.8787551320615999, 0.47725055786150017, 0.004612244278800001], [-0.0023605563939600024, -0.014009685615599999, 0.99989907314328]]}