{"translation": [[518.0180336000049], [2282.540586700663], [23.9811687]], "rotation": [[0.4284366892571002, 0.9031512425555198, 0.027566089980939998], [-0.9035652140950398, 0.4283508924892403, 0.009244984424320002], [-0.003458341192180003, -0.02886864960544, 0.9995772311259]]}