{"translation": [[522.7972984000226], [2284.5280565004796], [23.9796992]], "rotation": [[0.2907822113891, 0.95664058331246, 0.016867532006819883], [-0.95677204407362, 0.29062597891310005, 0.011126985205139838], [0.00574238239685988, -0.01937391236081984, 0.99979581743884]]}