{"translation": [[489.9899838999845], [2266.746436400339], [23.8726671]], "rotation": [[0.4792944727071001, 0.8775267809108999, 0.014951468035599897], [-0.8776488298928199, 0.4792813025976601, 0.0046854613031998265], [-0.0030543411777601013, -0.015367854242319826, 0.999877242492]]}