{"translation": [[525.3814818999963], [2285.2325047003105], [23.9840198]], "rotation": [[0.19705734489654003, 0.98022850997062, 0.01790567565328], [-0.98036561875178, 0.19688509162134005, 0.010938759284720002], [0.0071971209008799995, -0.01970967087568, 0.9997798409468399]]}