{"translation": [[500.52577339997515], [2272.786358599551], [23.9335138]], "rotation": [[0.47943794951469987, 0.87737525369226, 0.018761888102579827], [-0.8775713290314601, 0.4793944100690799, 0.007046540692740101], [-0.0028118852551798253, -0.019843272971459897, 0.99979914875662]]}