{"translation": [[512.2504810999963], [2279.454277900979], [23.9807471]], "rotation": [[0.4745982715835001, 0.8799804717293199, 0.01976884135823983], [-0.8801954934227599, 0.47456438250830013, 0.0066706306795201046], [-0.003511562596319828, -0.0205663154318399, 0.99978232409856]]}