{"translation": [[485.719146400108], [2264.307472200133], [23.855099300000003]], "rotation": [[0.47873198413611995, 0.8778278971772399, 0.015294567796199997], [-0.8779595791467599, 0.47869120671398, 0.0064621594638999994], [-0.0016487119613999976, -0.0165216542113, 0.9998621488511]]}