{"translation": [[501.3000196000212], [2273.2309059994295], [23.9378974]], "rotation": [[0.4793219457820399, 0.8774536179846201, 0.018042199127899998], [-0.8776365859351, 0.4792683929998999, 0.007465310521299999], [-0.0020965905303799975, -0.01941278235334, 0.9998093559039]]}