{"translation": [[491.75310069997795], [2267.758317299187], [23.8829943]], "rotation": [[0.4793603753994202, 0.87750010787338, 0.014394505751480002], [-0.87761507635658, 0.47933771163374017, 0.005210237472680003], [-0.002327845625720002, -0.015130416553880002, 0.99988281895032]]}