{"translation": [[504.17354160000104], [2274.874626099132], [23.9524932]], "rotation": [[0.4795103920662199, 0.8773857305166202, 0.01624793890404], [-0.8775359719799802, 0.47944027325941996, 0.00822033948204], [-0.0005775066788400018, -0.018199889721240002, 0.99983420149464]]}