{"translation": [[499.1712667000247], [2291.0898583000526], [24.0136508]], "rotation": [[-0.4835687636170002, -0.8750324232894401, -0.02189241096708], [0.8752889423104401, -0.48356518871188015, -0.0058089885081599995], [-0.0055033566859200005, -0.021971232797159998, 0.99974345606988]]}