{"translation": [[523.1658240000252], [2284.6417543003336], [23.9828811]], "rotation": [[0.2776706045991797, 0.9604764236093002, 0.019596693891360005], [-0.9606652831805003, 0.2775118600474997, 0.010456414020000002], [0.004604824916640001, -0.021729302637600003, 0.9997532860556799]]}