{"translation": [[507.4975604999345], [2276.7657091999426], [23.9688375]], "rotation": [[0.4795113778290798, 0.8773250365317202, 0.01922373030508], [-0.8775331759989202, 0.4794467141868599, 0.00814286608738], [-0.002072812937719999, -0.020774058859180003, 0.99978204719678]]}