{"translation": [[479.61426220001886], [2260.832273900509], [23.8123893]], "rotation": [[0.4775005522431798, 0.87854089813508, 0.01261535683354], [-0.87862884440788, 0.4774849941709999, 0.004412304793159998], [-0.0021472537120599978, -0.01319109408356, 0.99991068818382]]}