{"translation": [[504.8381426000269], [2275.2537214998156], [23.9577702]], "rotation": [[0.47954212157879983, 0.87736043280284, 0.01667114364008], [-0.8775187366742799, 0.4794631246250999, 0.008710989728839996], [-0.00035051937255999727, -0.018806528347719995, 0.99982308014694]]}