{"translation": [[541.8924151000101], [2282.891002200544], [23.9826851]], "rotation": [[-0.5707957726664997, 0.8209275345173199, 0.01644062999074], [-0.82108522314908, -0.5707587478409997, -0.007323484373559999], [0.003371582625939999, -0.01767937126876, 0.99983802301926]]}