{"translation": [[529.9226148999878], [2285.849573000334], [24.0006254]], "rotation": [[0.04636490955247985, 0.9988007903616, 0.015721271132879855], [-0.9988746033876, 0.04651416897525984, -0.009265033247099864], [-0.009985184037119853, -0.015274007556899862, 0.9998334865227799]]}