{"translation": [[548.750664799998], [2275.7936917003244], [23.943147]], "rotation": [[-0.8222785932689998, 0.56886021161206, 0.01598972123142], [-0.56905744257522, -0.8221902613745998, -0.013285241964339998], [0.005589149320459998, -0.020023242718979997, 0.99978389221116]]}