{"translation": [[551.5394544000737], [2271.6266824994236], [23.9252103]], "rotation": [[-0.85057091724352, 0.52555343165, 0.01796481112088], [-0.5257584096388, -0.85058233522024, -0.009370961729], [0.01035560967688, -0.0174158178262, 0.99979470424728]]}