{"translation": [[539.3017151000095], [2284.352416500449], [24.0017704]], "rotation": [[-0.4264713969248799, 0.90417810662332, 0.024170064218079997], [-0.90448899174332, -0.42645166745415997, -0.006223506706880003], [0.0046802047380799985, -0.02451570361312, 0.99968848947072]]}