{"translation": [[543.5616304000141], [2281.6356827998534], [23.981662600000003]], "rotation": [[-0.65305694445508, 0.7570309497980999, 0.020506681301099918], [-0.7572860932658999, -0.653007007009, -0.00996882048209982], [0.005844302889900084, -0.022039634378099818, 0.99974001550492]]}