{"translation": [[536.6749169999966], [2285.307041099295], [24.0046578]], "rotation": [[-0.2734668023955601, 0.9616975837359603, 0.018799843792800003], [-0.9618438622632002, -0.27357640654516, 0.003478949728040002], [0.00848889373404, -0.017131138345600004, 0.99981721466924]]}