{"translation": [[538.8813759000041], [2284.5301449000835], [24.0029754]], "rotation": [[-0.4020572244061801, 0.9153075214187001, 0.023707804361799888], [-0.9156131004283001, -0.4019671358925001, -0.008660394992599832], [0.0016028341702001101, -0.025189151468599832, 0.9996814180303201]]}