{"translation": [[544.7723929000203], [2280.5444975001737], [23.9743804]], "rotation": [[-0.7065525824256402, 0.7073950753588201, 0.019375967021580003], [-0.70763381498238, -0.7064984345880402, -0.01068261660942], [0.0061322616883800005, -0.02125892194422, 0.99975519682156]]}