{"translation": [[550.3268071999773], [2273.5001359004527], [23.9327919]], "rotation": [[-0.8418205982573801, 0.5394702123723399, 0.017612538620939942], [-0.5396911334895399, -0.8417808705130001, -0.011776148364779809], [0.008473015195740057, -0.01941873323561981, 0.9997755352283799]]}