{"translation": [[530.2544953000033], [2285.8679293002933], [24.0005187]], "rotation": [[0.03397961051276033, 0.9993214376277599, 0.0142055785244], [-0.9993716854163999, 0.034117643667660236, -0.009590042167259998], [-0.01006819505224, -0.013870790113499998, 0.99985310550686]]}