{"translation": [[530.6207255999325], [2285.8870360003784], [23.9985156]], "rotation": [[0.019978174093560064, 0.9997294678288, 0.011920838019640001], [-0.9997663148056399, 0.020074722303960124, -0.0080351692528], [-0.0082723034456, -0.01175752183564, 0.99989665951116]]}