{"translation": [[534.9915214001085], [2285.6497757006437], [24.0086921]], "rotation": [[-0.17688393878919995, 0.9840105685000798, 0.020863067296359998], [-0.9842317085464799, -0.17684199896137986, -0.003852998010359999], [-0.00010192418715999907, -0.021215625895559996, 0.99977491808318]]}