{"translation": [[527.1606759999995], [2285.560833999887], [23.983834]], "rotation": [[0.1375457685569199, 0.99041731471494, 0.01243306512426], [-0.9904953298908601, 0.13753745946997997, 0.0015249751486199996], [-0.00019964952545999982, -0.01252464760602, 0.9999215435879]]}