{"translation": [[536.2590458000195], [2285.413178799674], [24.0075249]], "rotation": [[-0.2481939332982801, 0.9685134649972198, 0.01953244019081984], [-0.9686722304101798, -0.24831270011618012, 0.0038716440010198756], [0.008599891446779844, -0.017959613419619876, 0.9998017274265399]]}