{"translation": [[560.4678930000518], [2257.214644599706], [23.8733532]], "rotation": [[-0.85904733600442, 0.5109758759124999, 0.030685933574799807], [-0.5111886339485, -0.8594680773145, 0.0010499746527999464], [0.02691008743519981, -0.014784321437199948, 0.99952852441008]]}