{"translation": [[543.1316787999822], [2281.9870654996485], [23.9831207]], "rotation": [[-0.6326385743660998, 0.7741878690263199, 0.02003905741236], [-0.77442668921688, -0.6325982119439998, -0.00909897904384], [0.00563235280076, -0.02127514614624, 0.99975779304606]]}