{"translation": [[554.8952705999254], [2266.264619900845], [23.8971812]], "rotation": [[-0.8563969453609002, 0.51556485965866, 0.027882042518719806], [-0.5158095204042199, -0.8567013739321002, -0.001885587267760054], [0.022914438030159807, -0.015996632899519945, 0.99960944189244]]}