{"translation": [[529.2378707000171], [2285.8091034004465], [23.9942222]], "rotation": [[0.06976173804848007, 0.9974523467254399, 0.01490140729904], [-0.9975518476369598, 0.06982579249712006, -0.003821780444480001], [-0.004852546101439999, -0.01459831297072, 0.9998816640216001]]}