{"translation": [[547.1764475000091], [2277.8785372003913], [23.9549634]], "rotation": [[-0.7897726593994, 0.61317518361696, 0.01659556269012], [-0.61338059787348, -0.78967258196404, -0.013473213502559998], [0.004843620243840001, -0.02082017113332, 0.9997715038078]]}