{"translation": [[551.9285816000192], [2271.01456990093], [23.9230388]], "rotation": [[-0.85253653695226, 0.5223143722435597, 0.019212401912419998], [-0.5225357580050798, -0.8525710499633999, -0.008885552752760002], [0.01173888604106, -0.017614425607479996, 0.9997759401791001]]}