{"translation": [[538.0042565999902], [2284.8835735004395], [23.9958331]], "rotation": [[-0.3515077816275405, 0.9359736977942402, 0.019893195848480004], [-0.9361686049027201, -0.35154829031040047, -0.001538027766240001], [0.005553863356640002, -0.01916401242672, 0.9998009278162999]]}