{"translation": [[546.3840541000245], [2278.830249699764], [23.9624276]], "rotation": [[-0.7670373573239397, 0.64134691657424, 0.018114691143739998], [-0.64158344868536, -0.7669272354375998, -0.01391441203568], [0.004968682674339998, -0.022294956604879998, 0.9997390895375]]}