{"translation": [[552.7541257999255], [2269.70736059919], [23.919653]], "rotation": [[-0.8549394814103399, 0.51815254824076, 0.024419932711480002], [-0.5184854476038799, -0.8550313101479999, -0.009706313487160001], [0.01585045693444, -0.02095969107868, 0.9996546675471]]}