{"translation": [[558.999223700026], [2259.6111789997667], [23.880738]], "rotation": [[-0.8584661341636001, 0.5118268634590799, 0.03270151814904], [-0.51216735380172, -0.8588823900245001, -0.0024233882649600004], [0.02684639915064, -0.018829045450559998, 0.99946222438214]]}