{"translation": [[538.4258756000199], [2284.717267700471], [24.00103]], "rotation": [[-0.3757444086824001, 0.92645495982852, 0.022304336474759833], [-0.92672152126068, -0.3756833736616001, -0.0070257706336401115], [0.0018703071231598346, -0.02330980115403989, 0.9997265401841601]]}