{"translation": [[565.5919239000068], [2248.8828889010474], [23.8667902]], "rotation": [[-0.8590391550045797, 0.5110039372653598, 0.030436911251639998], [-0.5113220916957598, -0.8593829965203997, -0.0032067238885200014], [0.02451831990804, -0.018317768246279995, 0.99953154591518]]}