{"translation": [[565.0402206999715], [2249.7816754002124], [23.8689967]], "rotation": [[-0.8591943032603399, 0.51069632116674, 0.031219579010260002], [-0.51101364391426, -0.8595687895961999, -0.0026071165774200003], [0.02550392715426, -0.01819364917042, 0.9995091499803]]}