{"translation": [[558.0525668999762], [2261.1500702006742], [23.8846881]], "rotation": [[-0.8579665484842601, 0.5126888799034, 0.03230470722488], [-0.5130279075558799, -0.8583679329949001, -0.0026339505811600016], [0.02637892633, -0.0188330573786, 0.9994745960843999]]}