{"translation": [[557.1233423000085], [2262.663059900515], [23.8884534]], "rotation": [[-0.8572883293332002, 0.5138853785774801, 0.03127884496244], [-0.51416367825908, -0.8576913948412201, -0.0010055873492599982], [0.02631084219476, -0.01694452510706, 0.99951019134702]]}