{"translation": [[563.988429900026], [2251.486315100454], [23.8710757]], "rotation": [[-0.8592272489667999, 0.5106703888389199, 0.03072489279844], [-0.5109711807238, -0.85959459306946, -0.0023061707744199992], [0.0252332626526, -0.0176810609699, 0.9995252185263]]}