{"translation": [[545.5803954000585], [2279.7179476004094], [23.9658411]], "rotation": [[-0.7392652955744998, 0.67319719410194, 0.01710571817158], [-0.6734057318647401, -0.7391466601853198, -0.013681373967339998], [0.003433370443819999, -0.02163325114714, 0.9997600784418199]]}