{"translation": [[531.7450942000141], [2285.9083397006616], [24.0008858]], "rotation": [[-0.025345979802959828, 0.9996151406176799, 0.01128050445976], [-0.99967114444664, -0.0253000458477598, -0.004196243749679999], [-0.00390923185752, -0.01138315196936, 0.99992756825904]]}