{"translation": [[623.5196215999313], [2238.279428500682], [23.7321936]], "rotation": [[0.8624137950855799, -0.50571351885042, -0.022277093134819948], [0.50590688096898, 0.86258011173948, 0.0037100697049798053], [0.01733954482822005, -0.014469750547379806, 0.99974495071406]]}