{"translation": [[610.282153600012], [2264.2064425004646], [23.8327859]], "rotation": [[0.8988660251083, -0.4373250680702401, -0.02804725420398], [0.43735260793632, 0.8992734656143601, -0.00547038568176], [0.027614488268340003, -0.007349396272320001, 0.9995916298123001]]}