{"translation": [[599.1201197999762], [2283.5775769008324], [23.9416729]], "rotation": [[0.85943169609462, -0.5102586602972199, -0.03183149581603976], [0.5105772074954198, 0.8598290059511, 0.002231712481159864], [0.026230892481559864, -0.018170441549559754, 0.9994907579754799]]}