{"translation": [[624.3478787000058], [2236.879785200581], [23.711603600000004]], "rotation": [[0.8644216728187, -0.5021039924484, -0.025821292862399946], [0.50213959516632, 0.86476871958464, -0.005556569466000193], [0.02511942204576005, -0.008162675137679806, 0.9996511318139]]}