{"translation": [[604.4189514999744], [2274.8659310992807], [23.9031491]], "rotation": [[0.8704070330796, -0.49152708971751996, -0.02815528759176], [0.49174251601367996, 0.8707402548972, 0.00084250660856], [0.02410182752584, -0.014578475457839999, 0.99960320626416]]}