{"translation": [[611.8589407000691], [2261.037912200205], [23.8123297]], "rotation": [[0.9060948746399, -0.42217049662168, -0.027643190478860002], [0.42228087983168, 0.90646282318508, -0.002001193081840001], [0.025902369123860004, -0.009859920251840001, 0.9996158508298201]]}