{"translation": [[572.842154300015], [2237.2391747999936], [23.8228942]], "rotation": [[-0.8576769379093, 0.5129114471075398, 0.03622251617001981], [-0.5132976700678198, -0.85820910295634, -0.0016095233735400546], [0.03026095098613981, -0.019973384505179943, 0.9993424531862001]]}