{"translation": [[619.1463697999716], [2245.665526200086], [23.7513424]], "rotation": [[0.89437653517308, -0.44633661868196, -0.02956761387796], [0.44653007078324, 0.89476862874062, -6.719142417999958e-05], [0.026486163429160003, -0.01314273380722, 0.9995627802827]]}