{"translation": [[610.923035099986], [2262.9217039002106], [23.8265475]], "rotation": [[0.9022306624568001, -0.43017785213444, -0.030444453795319803], [0.43022230514683996, 0.90270677257158, -0.005410021570959956], [0.029809686144519804, -0.008216794524559956, 0.99952181916422]]}