{"translation": [[604.0798162000137], [2275.441767900251], [23.9054025]], "rotation": [[0.8691784651779, -0.49371257017063996, -0.027869177680019754], [0.4939211390364, 0.8695064248752, 0.0006948801883998592], [0.023889357924499855, -0.014369151018479756, 0.99961133750526]]}