{"translation": [[608.2474702000036], [2268.094495399855], [23.8678124]], "rotation": [[0.88717425263398, -0.46056992698727994, -0.028234407726359805], [0.46069829513927996, 0.8875541635659999, -0.0021636945579599533], [0.026056098719639802, -0.011087969756039952, 0.99959898790702]]}