{"translation": [[615.8981946000131], [2252.4553329003975], [23.7777647]], "rotation": [[0.9189936188972001, -0.3934511622719198, -0.02543475130464], [0.3936662135768798, 0.9192452860268001, 0.003877060616640002], [0.021855341568959998, -0.013575795293759997, 0.9996689661529601]]}