{"translation": [[607.2301139999763], [2269.959091500379], [23.8820118]], "rotation": [[0.8816961094811, -0.47100649206716, -0.02765633826292], [0.47120897438116, 0.8820211302984801, 0.0009198965057599998], [0.02396019779092, -0.01384298297024, 0.99961706708262]]}