{"translation": [[615.6178517999942], [2253.069538800046], [23.77904]], "rotation": [[0.9185160510027001, -0.3945556527677, -0.025575378536299806], [0.39476546671166, 0.9187751100107, 0.00353872682338004], [0.022101796536619804, -0.01334665368769996, 0.99966663314396]]}