{"translation": [[605.1246199000161], [2273.657025700435], [23.8984556]], "rotation": [[0.87301459344876, -0.48685115266114, -0.02866159108566], [0.48708137743325997, 0.8733557472126, 0.00121760489398], [0.024438973152740004, -0.01502351345322, 0.9995884306422]]}