{"translation": [[619.419540199975], [2245.1542894998565], [23.751690300000003]], "rotation": [[0.8905158615252601, -0.4539880597417601, -0.02960337575101981], [0.45420664628272006, 0.8908960576121601, 0.0007448581558400476], [0.026035374330859812, -0.014109356930079954, 0.9995614465364601]]}