{"translation": [[605.491929400072], [2273.0224457001314], [23.8947178]], "rotation": [[0.8743094768062001, -0.4845398692478998, -0.02835607425569995], [0.48474879250409986, 0.8746532450409201, 0.0005675742712598093], [0.02452672020030005, -0.014241807608739804, 0.99959772456428]]}