{"translation": [[616.1535938999732], [2251.890413299203], [23.7751939]], "rotation": [[0.9188777625518001, -0.39366567118245976, -0.026286658942379998], [0.3938685738362597, 0.9191624067450801, 0.0028298795531400012], [0.02304768209778, -0.012953802783659997, 0.99965044055772]]}