{"translation": [[612.1787563000107], [2260.375627200119], [23.804074]], "rotation": [[0.9073681049148, -0.41946464819255996, -0.027065648185079998], [0.41950892084999997, 0.9077410585415, -0.004295823968], [0.0263705464914, -0.00745638605408, 0.99962442780206]]}