{"translation": [[611.2254092000076], [2262.308577200398], [23.8241205]], "rotation": [[0.90368377096056, -0.4270106994604, -0.031898201178239806], [0.42710942293175996, 0.90419111537016, -0.0039947925727999555], [0.03054788920639981, -0.010013993765759956, 0.99948313959936]]}