{"translation": [[600.178544400027], [2281.8708373000845], [23.9339577]], "rotation": [[0.85953451127772, -0.51028196224622, -0.02850901103338], [0.51050616155878, 0.85987383327222, 0.000685999592379998], [0.02416409970338, -0.01514366504738, 0.99959330017494]]}