{"translation": [[620.5852915000287], [2243.0802700994536], [23.7487003]], "rotation": [[0.874085908236, -0.48485254795160015, -0.029863858722800004], [0.48511554880712016, 0.87444818276336, 0.0018160959579999999], [0.025233858574160006, -0.016074845063120003, 0.9995523256952]]}