{"translation": [[624.8851718999795], [2235.9850970990956], [23.703585]], "rotation": [[0.8665156077052801, -0.4985776569087198, -0.02389592301536], [0.4986367588607198, 0.8668025188656001, -0.0038431129686399986], [0.02262913648864, -0.008585268535359998, 0.99970706476032]]}