{"translation": [[609.2736105999793], [2266.1595604000613], [23.8570925]], "rotation": [[0.8930708530958, -0.44892532545538, -0.02984147269874], [0.44906206805846005, 0.89349754098524, -0.0023266331648200004], [0.027707767125980002, -0.01132282454186, 0.999551936283]]}