{"translation": [[609.6218464000849], [2265.4939844999462], [23.8497281]], "rotation": [[0.895100600883, -0.44492010097050005, -0.0290002414343], [0.4450480538675, 0.895503890187, -0.0022379401731000004], [0.0269655335493, -0.0109033196719, 0.999576899295]]}