{"translation": [[608.9247046000091], [2266.8242150992155], [23.8600601]], "rotation": [[0.8910518560727, -0.45299551348828, -0.028664400516959804], [0.45312695088579996, 0.89144351153456, -0.002103676790279954], [0.026505649934399803, -0.011114127702599952, 0.9995868779959]]}