{"translation": [[603.3738971999846], [2276.6324260002], [23.9087653]], "rotation": [[0.86667467914748, -0.49818352530372, -0.02623281274048], [0.49835507886912, 0.86697301008636, 2.1942994799994606e-06], [0.022742047262120004, -0.013075157950080001, 0.99965586052988]]}