{"translation": [[613.3561924999813], [2257.919449299574], [23.7905139]], "rotation": [[0.9114950302327001, -0.41039194841891996, -0.027481971425459998], [0.41052520264596, 0.9118488426908, -0.0008638833734799997], [0.025413934622579997, -0.010494616472839998, 0.99962192600654]]}