{"translation": [[613.6595971999923], [2257.276259000413], [23.7885665]], "rotation": [[0.91253250000396, -0.40807199903693997, -0.027598507147939762], [0.40823466302866, 0.912876977619, 0.0002849613466198468], [0.025077757010459844, -0.011526703912579761, 0.9996190480326]]}