{"translation": [[620.3012263000128], [2243.569791299291], [23.7497158]], "rotation": [[0.8778614083772001, -0.47796714958220005, -0.030112520183399806], [0.47824417281572, 0.8782238477060601, 0.0023230844349000504], [0.02533517553395981, -0.016440482771219952, 0.9995438156743001]]}