{"translation": [[575.7765225999756], [2232.51187290065], [23.8086995]], "rotation": [[-0.8581841406541799, 0.5122521668973399, 0.033429431005279946], [-0.5125686204008599, -0.8586455188948199, -0.0010539631690398062], [0.028164139055120052, -0.018039372688159805, 0.99944052462]]}