{"translation": [[609.9402593999985], [2264.876149999909], [23.8413988]], "rotation": [[0.89679126946526, -0.44151727045264, -0.028773799249019957], [0.44159371246928003, 0.8972062860215599, -0.003985724593440194], [0.027575799875460046, -0.009131965012319805, 0.99957800222286]]}