{"translation": [[606.1642476000125], [2271.8429114995524], [23.8914281]], "rotation": [[0.87692554904678, -0.47970743105942, -0.02970505881958], [0.47992002651441995, 0.8773122566096601, 3.1103091380000995e-05], [0.026045692225419997, -0.01428332606138, 0.99955870693788]]}