{"translation": [[608.6010858999798], [2267.4355044001713], [23.862608]], "rotation": [[0.8891254120905201, -0.45676249174394, -0.02870581569589976], [0.45689158023706, 0.8895194869071801, -0.0022721088467001476], [0.026572196510299854, -0.011095256013099759, 0.9995853208467]]}