{"translation": [[571.0987320999848], [2240.041205300018], [23.8336933]], "rotation": [[-0.8578625748948802, 0.51252507535284, 0.037276035150359994], [-0.5129318664536401, -0.8584276425524001, -0.001592432112720003], [0.031182623981159997, -0.02048615625768, 0.99930373822648]]}