{"translation": [[619.7191949000116], [2244.606906800531], [23.7523756]], "rotation": [[0.8860887783875, -0.4625745996146, -0.029520086764700002], [0.4628242681822, 0.88644810490232, 0.0018635859206800002], [0.0253059778079, -0.01531391400868, 0.9995624500738199]]}