{"translation": [[606.8667245999095], [2270.6067432994023], [23.885028]], "rotation": [[0.8799245492291, -0.47424515481435997, -0.02871121052508], [0.47446205646748, 0.8802755521832599, 0.000849690770160001], [0.024870815172840004, -0.014370043036080003, 0.9995873871052]]}