{"translation": [[599.8139437001082], [2282.458209199831], [23.9376325]], "rotation": [[0.8594265733443001, -0.51036002184362, -0.030308329998039805], [0.51063573752458, 0.8597956468767001, 0.0016034202127600539], [0.025240648292359807, -0.016854539371639946, 0.99953931094104]]}