{"translation": [[574.5593362000654], [2234.4720904007554], [23.8138082]], "rotation": [[-0.8579757505581002, 0.5125381166427798, 0.03438218605304], [-0.5128841417230998, -0.8584564901398601, -0.0014683121832800034], [0.0287630474476, -0.018893855085199994, 0.999407679224]]}