{"translation": [[570.5514551000088], [2240.918840099126], [23.834769100000003]], "rotation": [[-0.85795362076482, 0.5123821002606399, 0.0371492201008], [-0.51278098780336, -0.8585182143452799, -0.0014250468236], [0.031163115521599997, -0.0202720384652, 0.9993087133859]]}