{"translation": [[622.6666532000527], [2239.653194900602], [23.7411682]], "rotation": [[0.8617650492758999, -0.5066389004982, -0.026038981988099806], [0.5068602144954001, 0.8620252990065199, 0.0022607655607600518], [0.021300869528699806, -0.015146372543239948, 0.9996583718283799]]}