{"translation": [[621.7750894000055], [2241.1065482003614], [23.7448827]], "rotation": [[0.8639941191393201, -0.5028102719422, -0.026381876806720002], [0.5030417300296001, 0.864258386955, 0.002543483310200001], [0.02152186895372, -0.0154687390544, 0.99964870194332]]}