{"translation": [[616.70439420006], [2250.676963799633], [23.769532100000003]], "rotation": [[0.91732010078526, -0.3971481860388398, -0.028233819762039803], [0.3973370326708398, 0.9176719858939801, 0.001185892534880044], [0.025438410340039807, -0.012306185389119957, 0.99960064279128]]}