{"translation": [[593.0831765001058], [2316.119298200123], [24.0355165]], "rotation": [[0.8429732230222001, 0.5379479503918798, 0.0028506836330399435], [-0.5379540281728799, 0.8429466651986801, 0.0068089396964398086], [0.0012598811739599433, -0.007273290616559808, 0.99997275559852]]}