{"translation": [[593.6084007999161], [2293.0651529002935], [23.9650477]], "rotation": [[0.8989533586599, -0.43742210230612, -0.023340496906259806], [0.43772286655452, 0.89905857185628, 0.009612069424840046], [0.016779942700459807, -0.018857470599959954, 0.99968136392262]]}