{"translation": [[589.996979699994], [2305.781333000399], [23.970616600000003]], "rotation": [[0.99975978955374, 0.021892401443639995, 0.0010421082240000001], [-0.021901280224199998, 0.9997154880226401, 0.009448649557359998], [-0.0008349581193600001, -0.0094692033956, 0.99995481749894]]}