{"translation": [[478.86116730002686], [2390.17603240069], [24.3464376]], "rotation": [[-0.8789779526508799, 0.47610778239648, 0.0268232744424], [-0.47648841201647996, -0.8791257817953799, -0.0098489989761], [0.018891842798399998, -0.0214380294879, 0.9995916712555]]}