{"translation": [[590.004938500002], [2305.3001562003046], [23.9662862]], "rotation": [[0.9999885754508, -0.0031348538078, 0.003608553792], [0.00310186386644, 0.9999536763515, 0.009111728467919999], [-0.0036369505660799996, -0.0091004311284, 0.99995197622086]]}