{"translation": [[590.3333924000035], [2302.040503400378], [23.951408800000003]], "rotation": [[0.98668422214662, -0.16264716818511998, 0.00037800700428000005], [0.16262002276608, 0.9865570198714201, 0.01612368332932], [-0.00299539705108, -0.015847512420120002, 0.99986993350704]]}