{"translation": [[595.8719560001045], [2288.9524952005595], [23.9615654]], "rotation": [[0.8716496338737201, -0.48942080062291976, -0.026347281759719947], [0.4897325913813198, 0.8718473840785401, 0.006641642142779808], [0.01972025044068005, -0.0186923082853798, 0.99963078648382]]}