{"translation": [[590.072628599999], [2303.9218514012173], [23.961297]], "rotation": [[0.9973542385526, -0.07269099125628001, -0.00073663834044], [0.07269462483612002, 0.9972849679219, 0.01175518106094], [-0.00011985741924000004, -0.011777629303860001, 0.99993063413534]]}