{"translation": [[590.1231600000174], [2303.4348732000217], [23.9594842]], "rotation": [[0.99533962715934, -0.09642462120598001, -0.00114887467484], [0.09643140597014001, 0.99525516436374, 0.012966982969479998], [-0.00010691284891999997, -0.01301733958964, 0.99991526513784]]}