{"translation": [[594.9944235999719], [2290.48581659887], [23.9625248]], "rotation": [[0.8798478014222201, -0.47460610536, -0.024836768031179998], [0.4749105768168, 0.879998533616, 0.007905621584], [0.018104262447179997, -0.0187509887768, 0.99966026030222]]}