{"translation": [[598.3149777000654], [2321.9114055000246], [24.0768141]], "rotation": [[0.60071947014572, 0.7994589990927999, -0.0012083144131600889], [-0.7993524007334, 0.6006627856142001, 0.015491626479199822], [0.01311070920783991, -0.008340252919399821, 0.9998792674594801]]}