{"translation": [[612.4623888999922], [2330.7516186004505], [24.029376100000004]], "rotation": [[0.49655790037229997, 0.8679166575517799, 0.012286574824159999], [-0.86799869676182, 0.49645766081309994, 0.01039645349184], [0.002923490472960001, -0.015827171875359997, 0.9998704685319599]]}