{"translation": [[590.0589010000112], [2307.13417290058], [23.9834513]], "rotation": [[0.9958248597149401, 0.09119810088842, 0.0039692712603], [-0.09122656797630001, 0.9958003550271001, 0.007704944459500001], [-0.0032499254234200003, -0.00803487823206, 0.9999624386526]]}