{"translation": [[607.2538609000039], [2327.6404303004965], [24.052175100000003]], "rotation": [[0.51060069755966, 0.85974226118822, 0.01140680938136], [-0.8597787460975399, 0.5104058436939, 0.016319490837679997], [0.00820845492392, -0.018140075777839996, 0.9998017597982]]}