{"translation": [[590.041048400104], [2304.370299800299], [23.9626201]], "rotation": [[0.998723485335, -0.05048341429544, 0.00168062392508], [0.05046340972156, 0.99867228158316, 0.01034978469064], [-0.00220088504392, -0.01025176301636, 0.9999450272142]]}