{"translation": [[590.2559934000019], [2302.495904499665], [23.9542992]], "rotation": [[0.98997909707438, -0.14121195963048003, 0.0007552725706999998], [0.14118284325048, 0.98985896891488, 0.0157043644092], [-0.0029652573323, -0.015440360977199998, 0.9998763936155]]}