{"translation": [[616.5470589000615], [2333.1444615004584], [24.029197600000003]], "rotation": [[0.49316219866662003, 0.86978765546398, 0.01613791523762], [-0.86993706242102, 0.49306201288092, 0.009965488952979999], [0.0007108670973799995, -0.01895357344298, 0.99982011217254]]}