{"translation": [[603.534782600007], [2325.3648172002286], [24.078326]], "rotation": [[0.5064235558675201, 0.86216252920584, 0.0145275687397599], [-0.86225010991256, 0.50617986213198, 0.01751542555331983], [0.007747578710639899, -0.021396621460519828, 0.9997410463035]]}