{"translation": [[597.820164899982], [2321.515014000237], [24.0734446]], "rotation": [[0.62013569761968, 0.784493228123, -0.0014502830690000003], [-0.784393479553, 0.6200844051091801, 0.0149067612442], [0.012593550991, -0.008106622305799999, 0.9998878362855]]}