{"translation": [[590.1877337999758], [2302.9479394992813], [23.9567134]], "rotation": [[0.99278845117656, -0.11987876484615999, 0.0004150358467200001], [0.11985977243208, 0.992682045222, 0.01469664388544], [-0.0021738142342400003, -0.014540912210879999, 0.9998919123552]]}