{"translation": [[597.1212459000526], [2286.846770999953], [23.9538869]], "rotation": [[0.8633674743027001, -0.5038311876475199, -0.02739985848746], [0.5040801631966398, 0.8636529782823601, 0.002595327061920002], [0.022356362921820003, -0.016052445439839996, 0.9996211842843]]}