{"translation": [[591.8033072000253], [2313.727462099865], [24.0067005]], "rotation": [[0.90332639291118, 0.42895072780774, 0.0016469378639797608], [-0.42895385485466, 0.90331811948862, 0.003869991070939849], [0.00017232656482015114, -0.004202325400539761, 0.9999911553438]]}