{"translation": [[590.1096895000665], [2307.6089960997924], [23.9841]], "rotation": [[0.99322871371566, 0.11591473971525999, 0.007777892496359799], [-0.11596404161945999, 0.9932339507023801, 0.006217754211880012], [-0.0070045375451598, -0.0070776078517199885, 0.99995042073228]]}