{"translation": [[590.0239084999776], [2306.6977724004537], [23.9794242]], "rotation": [[0.9976365347995, 0.0687075881702998, 0.0007823741912997992], [-0.0687118143782998, 0.9975978895089199, 0.008782810836780007], [-0.00017704913669980098, -0.008815811316779993, 0.99996112430942]]}