{"translation": [[598.1217853000271], [2285.208673599176], [23.9429685]], "rotation": [[0.86021919360924, -0.5091896437104, -0.027365189252839997], [0.50937834691684, 0.86054267759004, -8.728488960000041e-05], [0.0235933579008, -0.013864150333159998, 0.99962549928444]]}