{"translation": [[596.8158629000536], [2287.358666700311], [23.9583667]], "rotation": [[0.8650413144008601, -0.50098143587046, -0.026853562465919998], [0.50127318538998, 0.8652743318255001, 0.00505102336536], [0.02070522912024, -0.017830315230719998, 0.9996266169496001]]}