{"translation": [[595.5826506000012], [2289.451470799744], [23.9636768]], "rotation": [[0.8741050526192, -0.48504562352696, -0.025905174617519948], [0.48536003347288004, 0.87428428382126, 0.007253067676739807], [0.01913041771176005, -0.01891328054201981, 0.9996380919483]]}