{"translation": [[591.7543604000239], [2297.1250943997875], [23.959646300000003]], "rotation": [[0.93524122579334, -0.3535799352591798, -0.017466913613899997], [0.35388679062709977, 0.9350815846614, 0.019661729173100002], [0.009380997214180002, -0.02456976915926, 0.9996541018823]]}