{"translation": [[606.003290899971], [2326.871009499766], [24.0600785]], "rotation": [[0.51008994707888, 0.860007112962, 0.01399948458072], [-0.860094034158, 0.5098773582999999, 0.016226703678000002], [0.006817060919279999, -0.020317951698000002, 0.99977032787888]]}