{"translation": [[598.4452014000271], [2284.6844330001622], [23.9423323]], "rotation": [[0.85980119214246, -0.5098864747350601, -0.027526126922219948], [0.51010335019302, 0.86011252305926, 0.0010072739149398074], [0.023161971050460053, -0.014907225131979809, 0.9996205768799601]]}