{"translation": [[590.8833216999774], [2311.3699454003945], [24.0020807]], "rotation": [[0.94986239841854, 0.3126608581587598, 0.0021469686608799983], [-0.3126612646189198, 0.9497730150825401, 0.013196630331839999], [0.0020869369661599985, -0.01320625687488, 0.99991061573984]]}