{"translation": [[487.75415790005354], [2374.835863900371], [24.2905979]], "rotation": [[-0.8845849157226002, 0.46587218245988005, 0.02174265195003995], [-0.46624128888764005, -0.8844956537113002, -0.016929427777779806], [0.011344330749080048, -0.025112837325939805, 0.9996202536877401]]}