{"translation": [[479.1632277999888], [2389.6415784005076], [24.3455428]], "rotation": [[-0.8779869120025, 0.4779670628458998, 0.0262016668102998], [-0.4783355438862998, -0.8781214574678801, -0.009893005130420051], [0.018279714553899807, -0.021219117087579946, 0.99960772361862]]}