{"translation": [[486.63624850002816], [2376.829292599112], [24.297746]], "rotation": [[-0.8775616970101799, 0.4790217993323398, 0.020587928440459997], [-0.4793356512314598, -0.8775111260005198, -0.014554596825180002], [0.011094164753340002, -0.022641082011219997, 0.9996820999503]]}