{"translation": [[493.5858602000517], [2354.875412799418], [24.1533876]], "rotation": [[-0.9984770308148202, -0.05457114310549999, 0.008094045462699805], [0.0543914811485, -0.9982995015388202, -0.020966075238099794], [0.009224424657699794, -0.020493898423099805, 0.9997474231550001]]}