{"translation": [[493.1308040000149], [2361.1957312999293], [24.1959382]], "rotation": [[-0.9871113818842598, 0.1598241084253, 0.00821095637144], [-0.15997444167694, -0.9868489615890598, -0.023180826099199997], [0.00439811876, -0.02419559990056, 0.99969756901964]]}