{"translation": [[486.9333043000079], [2376.3040111996233], [24.2952228]], "rotation": [[-0.8792665847828001, 0.47590357880471995, 0.02014646526264], [-0.47621167814424, -0.87920384064016, -0.01492875433048], [0.010608203465520001, -0.02272033863464, 0.99968557667]]}