{"translation": [[492.95120489998953], [2362.111243000254], [24.2022165]], "rotation": [[-0.9815679903952199, 0.19088916801341999, 0.009246985094319999], [-0.19105424761537998, -0.9813166356208199, -0.022712025475919998], [0.00473874100488, -0.024060074152879998, 0.99969928335996]]}