{"translation": [[492.6376121999929], [2363.44848700054], [24.2150776]], "rotation": [[-0.9717316083411399, 0.23576111916117984, 0.012432889158459973], [-0.2359936772090598, -0.9714867044052999, -0.022820345009779804], [0.006698235462020027, -0.0251093313508598, 0.9996622705470001]]}