{"translation": [[490.9611795999808], [2368.384625799954], [24.2501893]], "rotation": [[-0.92491252617, 0.37950340963903995, 0.02266525384028], [-0.37991227961583995, -0.92485354043112, -0.01767261392044], [0.014255225582120001, -0.02495643319924, 0.99958689713712]]}