{"translation": [[479.4901980999857], [2389.0628057997674], [24.3440043]], "rotation": [[-0.8768781487401999, 0.4800596063125999, 0.025047771352199995], [-0.48041420119059997, -0.8769790627604198, -0.010479645502739998], [0.016935517621799998, -0.02122267802274, 0.99963132512022]]}