{"translation": [[492.1264904999989], [2365.2492954004556], [24.2227625]], "rotation": [[-0.9559027763919398, 0.29298516405307995, 0.02024586926102], [-0.29335061243188, -0.9558296935253198, -0.018312144613879998], [0.013986413521180002, -0.02344376461468, 0.99962731565238]]}