{"translation": [[482.6591397000593], [2383.6037460993975], [24.3329538]], "rotation": [[-0.8683930232838599, 0.49532543921792, 0.023370895464199754], [-0.495711846368, -0.8683544117247999, -0.015176079507199855], [0.012777122588919856, -0.024764032029439755, 0.9996116685203]]}