{"translation": [[493.6027630000026], [2356.4109660005197], [24.1602583]], "rotation": [[-0.9999453579492998, -0.005234335741879798, 0.0090464372861398], [0.005039736802279802, -0.9997582332272797, -0.02140166661756], [0.009156273870659797, -0.021354906002760004, 0.99973002887398]]}