{"translation": [[482.33064750005724], [2384.163231899962], [24.334801]], "rotation": [[-0.8690347302407999, 0.4941780498217998, 0.023803009690999945], [-0.4945648820544398, -0.8690213303555999, -0.014401228661919807], [0.013568553147080052, -0.024287301678399806, 0.9996129357506399]]}