{"translation": [[491.32823330000974], [2367.4976479001343], [24.2428728]], "rotation": [[-0.9336910125770401, 0.35722597219291996, 0.024708832369519998], [-0.35768964600092, -0.9336704046359201, -0.017819125285519998], [0.01670445299848, -0.02547565255352, 0.99953586845888]]}