{"translation": [[480.42583680001553], [2387.428422300145], [24.3427383]], "rotation": [[-0.87389924460036, 0.48554804679127994, 0.023306132802599806], [-0.48588092779259995, -0.8739504514026, -0.011415068196400048], [0.014825841508719809, -0.021299625153959945, 0.9996632034774]]}