{"translation": [[492.46313029993325], [2346.7450614003465], [24.1382998]], "rotation": [[-0.9726678078144999, -0.23220045012696, -0.0004947748677200001], [0.23216558461656, -0.9724801415872799, -0.01953135279516], [0.00405403021492, -0.01911238821276, 0.99980912250878]]}