{"translation": [[481.3897110000253], [2385.7655849996954], [24.3394916]], "rotation": [[-0.8711725857005199, 0.49045714650994005, 0.022592911405059805], [-0.49079301836314, -0.8711836675952999, -0.012710496752380052], [0.013448618309259806, -0.02216147646301995, 0.99966394537622]]}