{"translation": [[488.7891261000186], [2372.9139237999916], [24.2769579]], "rotation": [[-0.89296281069738, 0.44958008720048, 0.022251570267539808], [-0.44996844316872003, -0.8928761684878801, -0.017335408137440046], [0.012074242787059805, -0.025492379562959955, 0.99960209645574]]}