{"translation": [[484.2174852999742], [2380.9731681002304], [24.3175716]], "rotation": [[-0.8685043655033997, 0.49519860097816, 0.021875228622519755], [-0.49553700997267996, -0.8684708366480397, -0.014194737596559858], [0.011968783787439858, -0.023168176824519757, 0.9996599340774001]]}