{"translation": [[491.1575388999772], [2367.923983200453], [24.2463869]], "rotation": [[-0.9294520647478399, 0.36808245324312, 0.025174338522240002], [-0.36855235392024005, -0.9294421447119999, -0.01749406827168], [0.01695883620288, -0.02553796427616, 0.999529994624]]}