{"translation": [[492.7447759999777], [2363.0169305000454], [24.2108195]], "rotation": [[-0.9751509805757799, 0.22130220621824, 0.01029774138624], [-0.22148370850816, -0.9749052909287199, -0.02246743063332], [0.00506723003136, -0.024189917253480003, 0.9996945388995]]}