{"translation": [[490.8121697001043], [2340.528092600405], [24.1176227]], "rotation": [[-0.9541067715894398, -0.29942849996256, -0.004745927543599969], [0.2994590652912, -0.9538558143155398, -0.0219780745994398], [0.0020539311085599693, -0.0223906444379998, 0.99974718822686]]}