{"translation": [[490.40965759998653], [2339.2008117008954], [24.1102236]], "rotation": [[-0.9517664314900801, -0.30676683082156, -0.0058924216151599994], [0.30682067309156, -0.9515011749129002, -0.02250639789188], [0.00129757020484, -0.023228751368120002, 0.99972933407718]]}