{"translation": [[492.7119799000211], [2347.899741901085], [24.1373188]], "rotation": [[-0.9769983489569999, -0.2132245001946, 0.0030602241042], [0.21313674685307998, -0.9768554158191399, -0.018056856253699998], [0.00683956107444, -0.016989274076419997, 0.9998322784127001]]}