{"translation": [[479.7922844000277], [2388.530822600238], [24.3430225]], "rotation": [[-0.8758875584905003, 0.48192097490686003, 0.023935015609479953], [-0.48225702564478, -0.8759634035310603, -0.010770470059959807], [0.01577568520396005, -0.02097655247851981, 0.9996554966347999]]}