{"translation": [[480.7554889000021], [2386.8576864004135], [24.3414537]], "rotation": [[-0.8729364320665999, 0.48730533540822, 0.02270579352786], [-0.48763310202702, -0.8729669563389798, -0.011946060225540001], [0.014000028019739999, -0.02150024720994, 0.99967081511638]]}