{"translation": [[491.9678697999916], [2365.713414799422], [24.2282966]], "rotation": [[-0.9514964843891403, 0.30712263641796, 0.01816149647396], [-0.30744580059843996, -0.9513765570945002, -0.01895889982008], [0.01145571686436, -0.023623005475280002, 0.9996553006476]]}