{"translation": [[492.19377449998865], [2345.5613192999735], [24.1326719]], "rotation": [[-0.9683388581345003, -0.249634785189, 0.0015961057649999996], [0.24954839473188, -0.9681372622183403, -0.020881998755400002], [0.00675812227716, -0.01982254294788, 0.9997806732472]]}