{"translation": [[486.0484039000585], [2377.84884459991], [24.3031952]], "rotation": [[-0.87447268413066, 0.48466276532058006, 0.019997713828599953], [-0.48496801554790003, -0.8744026911849, -0.015044516183399807], [0.01019453491308005, -0.022854266198439808, 0.9996868279806]]}