{"translation": [[490.16144360002363], [2370.1631182003766], [24.2576915]], "rotation": [[-0.9099907845137999, 0.41416613942466, 0.019584072138819998], [-0.41447425770562, -0.9099260306996999, -0.01568640079626], [0.01132327809606, -0.02239157039242, 0.9996851509385399]]}