{"translation": [[491.50289270002395], [2367.0349800996482], [24.2396932]], "rotation": [[-0.9383594508761801, 0.34490671162772, 0.0228190651457], [-0.34532579103028005, -0.9383107083518801, -0.0179700070934], [0.0152133990049, -0.0247423398202, 0.99957809553294]]}