{"translation": [[493.6043041999801], [2355.8888009004295], [24.1582453]], "rotation": [[-0.9997094009986601, -0.0226414610191198, 0.008295348627760003], [0.0224582662317598, -0.9995156860413601, -0.02154888892068], [0.008779227972879998, -0.021356324093160003, 0.99973338076814]]}