{"translation": [[488.19850250001764], [2332.2697674008086], [24.0599194]], "rotation": [[-0.9472315496338001, -0.32047998282426005, -0.006737130409579803], [0.32055059106714, -0.9469983766374601, -0.02101927927974003], [0.0003562073846201971, -0.02206971100613997, 0.9997563708347]]}