{"translation": [[489.10441899998114], [2335.091651200317], [24.0830701]], "rotation": [[-0.9471533544394, -0.32065513703455994, -0.00897257320408], [0.320779053722, -0.9468662398785, -0.0233414506415], [-0.0010112713648000003, -0.024986150527420002, 0.99968728588694]]}