{"translation": [[476.0925518000149], [2293.583435099572], [23.8829514]], "rotation": [[-0.92930951357738, -0.36929905557203996, -0.0013501820679599993], [0.36924442059516, -0.92909531859472, -0.02098176140748], [0.00649409711676, -0.019997099940119997, 0.9997789469039]]}