{"translation": [[477.7068121000193], [2298.322920299135], [23.892476]], "rotation": [[-0.9503707655639402, -0.311116970913, -0.0011479158311999997], [0.31102784122620003, -0.9499962126299202, -0.027722867311720002], [0.007534539335999999, -0.02670404088772, 0.9996149883099801]]}