{"translation": [[485.35618740005884], [2323.4401367008686], [24.014877]], "rotation": [[-0.94610658860008, -0.32382059782656003, -0.00477911508224], [0.32384729965056, -0.9458712471248, -0.02123221246032], [0.00235500037376, -0.02163563634768, 0.99976314857528]]}