{"translation": [[484.609575200011], [2321.166169299744], [24.0074842]], "rotation": [[-0.94528470578632, -0.32619432260356, -0.005853590255079999], [0.32624483412475996, -0.9450638107227399, -0.020466496045459998], [0.0011440387133199999, -0.02125636739134, 0.99977340334758]]}