{"translation": [[476.5104703999823], [2294.721404599957], [23.878717]], "rotation": [[-0.9360096383414799, -0.3519744246976, -4.812087740019722e-05], [0.3519066060346, -0.93582658612548, -0.019758095835199965], [0.006909311545599804, -0.018510701786200037, 0.999804788615]]}