{"translation": [[486.3175515999901], [2326.4243804998696], [24.028558]], "rotation": [[-0.94725572160562, -0.3204088587775598, -0.0066733180805399975], [0.3204779530912398, -0.94701658873288, -0.021289301235720003], [0.0005015374277399982, -0.02230506627468, 0.9997510852455]]}