{"translation": [[467.8765414999798], [2279.5559955006465], [23.8618673]], "rotation": [[-0.7352476817808401, -0.67779381145198, -0.0025477670309401847], [0.6776198047474601, -0.7349622072082002, -0.025730326416419928], [0.015567343172819815, -0.020644578970740072, 0.999665673715]]}