{"translation": [[476.3117611000198], [2294.1700975997373], [23.880979]], "rotation": [[-0.9329888569787199, -0.35990436209672, -0.0006201487673600002], [0.35983682899232, -0.9327775093952999, -0.021055074981939998], [0.00699935293384, -0.01986730544126, 0.99977812498742]]}