{"translation": [[479.6325045999256], [2304.956316700205], [23.9302889]], "rotation": [[-0.95677966888276, -0.29077348171873996, -0.004840847417179999], [0.29080270011181997, -0.9564654068202, -0.024651600923859998], [0.0025379287282599997, -0.02499388224338, 0.9996843825758]]}