{"translation": [[486.7958292000112], [2327.905824000016], [24.034484600000003]], "rotation": [[-0.9473161147671402, -0.32024720743486, -0.0058173468795199995], [0.32029767464882, -0.9470830711647401, -0.02104739003656], [0.00123085705976, -0.02180181513008, 0.99976155449196]]}