{"translation": [[478.28750849998323], [2300.2645394001156], [23.9041529]], "rotation": [[-0.9546652390076206, -0.29765605398506, -0.0038714751945999994], [0.29764869095306, -0.9542878645816206, -0.027198560292200004], [0.004401314357, -0.027117861901000004, 0.99962255375]]}