{"translation": [[480.451235799992], [2307.793842599727], [23.946012300000003]], "rotation": [[-0.95517911418768, -0.29598338781768, -0.00517687885456], [0.29601684272432, -0.95483869201818, -0.025636051746060002], [0.00264476128056, -0.02601946312994, 0.9996579378941399]]}