{"translation": [[477.12937909993343], [2296.5091017996892], [23.8841973]], "rotation": [[-0.9440119105665603, -0.32991011712432, 0.0010025122371999998], [0.3297958211972, -0.9437566598169003, -0.0236275485837], [0.00874109447568, -0.02197406084974, 0.9997203278631]]}