{"translation": [[480.2502746999962], [2307.104128200561], [23.9427649]], "rotation": [[-0.9556354786800402, -0.29449562398233997, -0.00577763143058], [0.29454563054878, -0.9552980775536402, -0.02546912229386], [0.0019811850789399994, -0.026040970048180002, 0.99965891324156]]}