{"translation": [[474.26219779998064], [2289.3467355007306], [23.8879598]], "rotation": [[-0.891434040208, -0.45311262841239996, -0.0058366288612], [0.45314425591592, -0.89128229356114, -0.0166109854676], [0.00232456311256, -0.017452434815919998, 0.9998449924395]]}