{"translation": [[477.31778819998726], [2297.0889962008223], [23.8861996]], "rotation": [[-0.9463098295434, -0.32326104050355997, 9.336634428000045e-05], [0.32315533696164, -0.94600770161346, -0.025299391218259998], [0.00826663280468, -0.02391089072706, 0.9996799148163]]}