{"translation": [[488.41785560001153], [2332.9532302003354], [24.0642603]], "rotation": [[-0.9472005853396, -0.3205622661589198, -0.007113972977239801], [0.3206411812292398, -0.94696120244834, -0.021294082642620032], [8.942248508019479e-05, -0.022450803342659968, 0.9997479449326999]]}