{"translation": [[466.9668942000135], [2278.5873099993914], [23.8602242]], "rotation": [[-0.7045178181327401, -0.70964320416792, -0.007811025906340185], [0.70953797258736, -0.70410308258384, -0.028187940756719924], [0.014503613482179815, -0.025401128435040075, 0.99957212237606]]}