{"translation": [[483.3995057999855], [2317.4490863000974], [23.994269]], "rotation": [[-0.9464111444150398, -0.32289700817447997, -0.006587907908239999], [0.32296117663783996, -0.9461170014659399, -0.02363536806558], [0.0013988578696799993, -0.02449641506146, 0.99969893909886]]}