{"translation": [[467.58361039997544], [2279.2365167997777], [23.8623399]], "rotation": [[-0.7258896712824999, -0.68779448036934, -0.004780485417620001], [0.6876511120461001, -0.7255534073384999, -0.026610455835299997], [0.014834027407299999, -0.022603562362379998, 0.99963444847676]]}