{"translation": [[471.21181940002134], [2283.9530042000115], [23.8772385]], "rotation": [[-0.8252451958475603, -0.5647413823623, -0.0061268827858199405], [0.56473121618082, -0.8249987340962003, -0.02134814102225981], [0.007001508129299941, -0.02107749277529981, 0.9997533286678]]}