{"translation": [[470.6869711999898], [2283.1694887997583], [23.8744223]], "rotation": [[-0.8139524843502403, -0.58090123018788, -0.0059335466181999995], [0.580882100757, -0.8137075282824002, -0.021357350334599998], [0.007578339488119999, -0.020830558307159998, 0.9997542981272]]}