{"translation": [[469.0490609999979], [2280.942980499938], [23.8657128]], "rotation": [[-0.7708824613924997, -0.6369776520273599, -0.0002688708454800003], [0.6368115165, -0.7706716221247998, -0.0231670890864], [0.014549705385, -0.018030318396479998, 0.99973157084686]]}