{"translation": [[487.95808409998426], [2331.5232170000672], [24.0553615]], "rotation": [[-0.9472798922115401, -0.32034803702406, -0.00616957100526], [0.32040604202694, -0.9470432213962001, -0.02119499103798], [0.0009469235387400002, -0.022054355290979998, 0.9997563246930999]]}