{"translation": [[481.3131222000229], [2310.7206759005785], [23.9610219]], "rotation": [[-0.9528338378321999, -0.30344753635068, -0.00524215044856], [0.30348352144088, -0.9525273655726799, -0.02428126835076], [0.00237479945796, -0.02472691775336, 0.99969142233948]]}