{"translation": [[474.02856349997455], [2288.868531599641], [23.889984]], "rotation": [[-0.8862822685262799, -0.46310540482129975, -0.006113832838699998], [0.4631378478576998, -0.8861127446784999, -0.0175440020513], [0.002707177204699998, -0.018380482897299998, 0.99982739963622]]}