{"translation": [[476.920858700003], [2295.890555700287], [23.8804262]], "rotation": [[-0.9414921782428799, -0.33703260026783993, 0.0012819959588799995], [0.33693304193504, -0.9412940192361599, -0.021019834393439997], [0.00829110422928, -0.019358061427359997, 0.99977823694272]]}