{"translation": [[475.886149100028], [2293.0501725003123], [23.8860928]], "rotation": [[-0.9253490228433, -0.37910848411902, -0.0024433948337601956], [0.37907362579214, -0.92512874104746, -0.02097678955511996], [0.005692024080719803, -0.020337077966560035, 0.9997769771927999]]}