{"translation": [[469.6103655999759], [2281.663367900066], [23.870519]], "rotation": [[-0.78644890792978, -0.61765259336276, -0.0017959582534400002], [0.61750819781716, -0.7861949674741, -0.02410259546192], [0.01347505778816, -0.02006448084688, 0.99970787703168]]}