{"translation": [[482.21407500002533], [2313.687863299623], [23.9744638]], "rotation": [[-0.9499945243985, -0.3122195905368, -0.0054152921733], [0.31226001110279994, -0.9497195477809999, -0.0229447275192], [0.0020207845923, -0.0234883447668, 0.9997220684215]]}