{"translation": [[469.3447616000194], [2281.315548500046], [23.8688875]], "rotation": [[-0.7790669913731995, -0.6269402654055598, -0.0005332859876800017], [0.6267783377704399, -0.7788458633718595, -0.02340500519964], [0.01425819352032, -0.018568321945639996, 0.9997259230911]]}