{"translation": [[474.7422304999782], [2290.3646056000143], [23.8864521]], "rotation": [[-0.90169561017682, -0.43233847268432, -0.0053589433413198054], [0.43236614008912, -0.90155202252634, -0.016239403110080045], [0.002189552735480195, -0.01696002199071996, 0.99985377107448]]}