{"translation": [[472.7582937000552], [2286.4866872997954], [23.8941334]], "rotation": [[-0.8583728554596002, -0.5129170254988, -0.0105762403384], [0.5130137701541599, -0.8580272270100001, -0.02461382325712], [0.0035501462571199995, -0.0265535989384, 0.99964108698336]]}