{"translation": [[482.45529109990457], [2314.4621432004496], [23.978181600000003]], "rotation": [[-0.9491767932137801, -0.31470152855920003, -0.005163898484079968], [0.3147352768568, -0.9489016616605, -0.022970517141199805], [0.0023288252240799678, -0.023428339214799802, 0.99972280635072]]}