{"translation": [[468.7741402000538], [2280.602818300016], [23.8651333]], "rotation": [[-0.7627577659200002, -0.6466842308912, -0.0003834568415999988], [0.646511986248, -0.7625406476608803, -0.02353854902224], [0.014929606832, -0.018202119905759997, 0.9997228564351199]]}