{"translation": [[471.4825034000678], [2284.370799500495], [23.8803265]], "rotation": [[-0.8307336453891201, -0.5566268875756799, -0.006913099218719999], [0.55663563803712, -0.83048097398632, -0.02139604761248], [0.006168417949919999, -0.02162249787232, 0.99974717712056]]}