{"translation": [[488.8429290999193], [2276.118800500408], [24.0296635]], "rotation": [[0.4713717535259001, 0.8818658506303199, 0.011012447618439829], [-0.8819316677426399, 0.4713656754701401, 0.003303930028320104], [-0.0022772666010798283, -0.011269605716639899, 0.9999339028364]]}