{"translation": [[491.0609182000044], [2277.3538785995916], [24.040945]], "rotation": [[0.4722063489767001, 0.8814333164716798, 0.00981664791424], [-0.8814865080287998, 0.47219662643086013, 0.00343163590668], [-0.0016106289856000003, -0.0102736836402, 0.9999459271819999]]}