{"translation": [[508.4694440999883], [2287.1381195001304], [24.1490806]], "rotation": [[0.4721227587007999, 0.88137400572624, 0.01673120569952], [-0.88153279636272, 0.4720379796396599, 0.008946798713759998], [-1.2288247359999727e-05, -0.01897309411728, 0.9998199945683]]}