{"translation": [[461.1525957999984], [2273.8889810992405], [23.7877335]], "rotation": [[-0.5431782593768997, -0.8394964637293599, -0.014244162316219729], [0.8396140803473598, -0.5430510298438798, -0.011983543543759918], [0.0023248347572200805, -0.018468801241759727, 0.99982673424198]]}