{"translation": [[482.6857548999833], [2272.743849700317], [23.9717318]], "rotation": [[0.4779508228774999, 0.8783158896452602, 0.011141839120180002], [-0.8783859573207401, 0.47792686069285994, 0.00489463772534], [-0.0010259454428200006, -0.01212623162366, 0.9999259482246]]}