{"translation": [[483.0373041999992], [2272.939830499701], [23.976350600000004]], "rotation": [[0.4774895676260602, 0.87858518207798, 0.009578282653059999], [-0.8786368551613399, 0.47747294789916017, 0.004100442961180001], [-0.0009707820402200017, -0.01037375116774, 0.99994571995886]]}