{"translation": [[507.61873430002015], [2286.6649756999686], [24.1496826]], "rotation": [[0.47155285357596, 0.8817141116048401, 0.014769010173359829], [-0.8818359803882401, 0.47145175954268004, 0.009926434180120104], [0.00178940138724017, -0.0177046829880799, 0.99984165858428]]}