{"translation": [[503.28216760000214], [2284.2344617005438], [24.119422600000004]], "rotation": [[0.4713320756218201, 0.88191239708188, 0.008754890880119999], [-0.8819558186161199, 0.47131155159942006, 0.004405121003080001], [-0.00024135078212000026, -0.00979770152508, 0.99995197224624]]}