{"translation": [[483.29753979999805], [2273.08309820015], [23.9776984]], "rotation": [[0.4771262490095999, 0.87880171144824, 0.007623187137519897], [-0.87883418240984, 0.47711804699981997, 0.0029778475206598274], [-0.0010202227783201014, -0.008120326561939829, 0.99996650916078]]}