{"translation": [[482.65621079999255], [2272.7273189006373], [23.9729269]], "rotation": [[0.47795960966960005, 0.878298421787, 0.0121028752866], [-0.8783813637542801, 0.47792782468406003, 0.0055821125322], [-0.0008815400780400008, -0.013298964531720001, 0.9999111762687001]]}