{"translation": [[460.28863179998007], [2273.324261499569], [23.7793064]], "rotation": [[-0.5304461643907201, -0.84761783643624, -0.013071930501199903], [0.84771856326424, -0.5303890748992202, -0.007789226744099826], [-0.00033092158200009707, -0.015213083553499825, 0.9998842195875]]}