{"translation": [[484.69456670002546], [2273.845853500068], [23.9876453]], "rotation": [[0.47467247941662005, 0.8801576000025202, 0.002953968699839898], [-0.8801619283750801, 0.47467347830232, 0.0003978995658398283], [-0.0010519564326401027, -0.0027888425570398285, 0.99999555786294]]}