{"translation": [[465.3215213000076], [2277.04321100004], [23.8383978]], "rotation": [[-0.6490138092952401, -0.7606547704485599, -0.013627611389999995], [0.7607163802115998, -0.6486322975899401, -0.02422906482006], [0.009590645239439997, -0.0260917400367, 0.99961354567646]]}