{"translation": [[482.7093463001074], [2272.757326400839], [23.9724588]], "rotation": [[0.47794560598061997, 0.8783218156815199, 0.01089741200306], [-0.8783888513760799, 0.47792257871132005, 0.004796071448560001], [-0.00099562475726, -0.01186442670536, 0.99992911954094]]}