{"translation": [[486.45041549997404], [2274.8043336002156], [24.0064215]], "rotation": [[0.4722317375419799, 0.8814520432971201, 0.006283336820340001], [-0.8814723874480802, 0.4722340170724799, 0.0012092073265600007], [-0.001901347113940001, -0.006109613990160001, 0.99997952853846]]}