{"translation": [[462.3668079000199], [2274.73042349983], [23.8002414]], "rotation": [[-0.5671621648910404, -0.8233742265755999, -0.01954881023472], [0.82360278131472, -0.5669309879257004, -0.016367888258540006], [0.002394072099599997, -0.025383698832500003, 0.9996749153063]]}