{"translation": [[501.08758470002795], [2283.0034576999024], [24.104422]], "rotation": [[0.47221173822176, 0.8814257749725599, 0.010230281176079999], [-0.8814851418511199, 0.47218008806126, 0.005467200963659999], [-1.1603037840000018e-05, -0.01159951743342, 0.99993272326606]]}