{"translation": [[463.1518839999917], [2275.2975742993876], [23.8103211]], "rotation": [[-0.5862599291915402, -0.80990941070758, -0.01860089607278], [0.81010789593002, -0.5859543339323402, -0.01956187542578], [0.004944071120619998, -0.02653707718718, 0.99963560344956]]}