{"translation": [[482.6691248000134], [2272.734552299604], [23.9717957]], "rotation": [[0.47794438320248, 0.8783159956524802, 0.01140824654531983], [-0.8783894780691202, 0.47791897407487993, 0.005034757019520103], [-0.001030109559719829, -0.0124272177811199, 0.99992224854136]]}