{"translation": [[497.02916530001676], [2280.715010599233], [24.0775216]], "rotation": [[0.47344967772965996, 0.8807548246489401, 0.0107860735048], [-0.8808208332901, 0.4734175708152599, 0.0055191622314399984], [-0.0002452879325599991, -0.012113643845599998, 0.99992659703916]]}