{"translation": [[485.50361890002387], [2274.2874044002965], [23.9983781]], "rotation": [[0.4734515784275001, 0.88080917426576, 0.0043355425991798285], [-0.8808183505321601, 0.47345410559168, 0.0004886512654401029], [-0.0016222719143798286, -0.004050178208959898, 0.99999048209982]]}