{"translation": [[493.4922938999953], [2278.7202977007255], [24.0552036]], "rotation": [[0.4731467581671799, 0.8809370815151202, 0.00905760911692], [-0.8809835097464801, 0.4731273648451798, 0.004311476102479999], [-0.0004872638565199998, -0.010019565012080001, 0.99994968418136]]}