{"translation": [[489.21503999998095], [2276.3252319004387], [24.031709600000003]], "rotation": [[0.47158256314992, 0.8817591920370801, 0.01051232594636], [-0.8818199705450801, 0.47157268290480003, 0.0035552622443599997], [-0.0018224397276400007, -0.01094657936836, 0.99993842365488]]}