{"translation": [[498.39758589997655], [2281.4880528002977], [24.0860026]], "rotation": [[0.4733088996158, 0.8808360723952601, 0.01032053345897983], [-0.8808964441511801, 0.47327113920085995, 0.005991475732860102], [0.0003930971796601715, -0.011927139931379897, 0.9999287918695]]}