{"translation": [[487.80407880002167], [2275.546956700273], [24.0223142]], "rotation": [[0.47150281467776, 0.8818013314758401, 0.010558734530079897], [-0.8818625683859201, 0.47149330821120006, 0.003528471052159829], [-0.0018669620321601034, -0.01097503692991983, 0.9999380295872]]}