{"translation": [[483.6729107000283], [2273.2881966000423], [23.9786179]], "rotation": [[0.47646295640838, 0.87918515823004, 0.0040496314593000005], [-0.87919364915604, 0.47646379956588003, 0.0008159555486], [-0.0012121264879000004, -0.0039491831802, 0.9999914673135]]}