{"translation": [[503.7402717000223], [2284.4907040996477], [24.1257976]], "rotation": [[0.4713007195404001, 0.8819191288330801, 0.009709632937559897], [-0.8819725766802, 0.4712725016540601, 0.005157342467419831], [-2.7523983000102975e-05, -0.01099428922389983, 0.9999395605967001]]}