{"translation": [[501.51402539998526], [2283.242884499952], [24.1068393]], "rotation": [[0.4720105547090999, 0.88154313763284, 0.00936220418188], [-0.8815928505441999, 0.47198412613109997, 0.0049948650636000005], [-1.5622014599999887e-05, -0.010611281736880002, 0.99994369863864]]}