{"translation": [[486.1160965000163], [2274.6214990997687], [24.0034097]], "rotation": [[0.47261048316152, 0.8812547351158799, 0.00543056505664], [-0.88126986505692, 0.47261240151102, 0.0010054230237599997], [-0.00168051883424, -0.005260966521359999, 0.99998474892854]]}