{"translation": [[493.93935340002645], [2278.972008800134], [24.0567929]], "rotation": [[0.4732456388847599, 0.8808819287056799, 0.009251360431359896], [-0.8809303979449599, 0.47322473271029997, 0.004470015783419828], [-0.0004404163984801021, -0.010265220130659827, 0.9999472142511]]}