{"translation": [[495.70263229997363], [2279.9676425000653], [24.068632]], "rotation": [[0.4735425052261999, 0.8807099357242402, 0.010366641914320001], [-0.8807708303308001, 0.47350362711469995, 0.0060845664365], [0.0004500959540000007, -0.01201193685182, 0.99992775278094]]}