{"translation": [[491.46465089998674], [2277.5811387998983], [24.0429712]], "rotation": [[0.4723361946857402, 0.8813692396689198, 0.00931942943828], [-0.8814178761006798, 0.47232212562104015, 0.0037955962199200007], [-0.001056451509320001, -0.01000710876968, 0.9999493695637399]]}