{"translation": [[486.76814559992636], [2274.9778848001733], [24.009925]], "rotation": [[0.47193827526797993, 0.88159860903092, 0.007618576483139829], [-0.8816289815662801, 0.47194005833388, 0.0016751174291601036], [-0.0021187296397398286, -0.007507310486759898, 0.9999695751708599]]}