{"translation": [[505.0358806999866], [2285.2157580005005], [24.1374302]], "rotation": [[0.47090912968614007, 0.8820987623746199, 0.012096402454559896], [-0.88218164917734, 0.4708602369431001, 0.006792133220719828], [0.0002956178743198966, -0.013869702091359829, 0.9999037673528]]}