{"translation": [[484.2292143999948], [2273.591635099612], [23.9835639]], "rotation": [[0.4755011312531001, 0.8797095354755399, 0.0031347275431798972], [-0.8797138944382198, 0.47550339900334015, 2.4796494659828396e-05], [-0.0014687599193401023, -0.002769454086179828, 0.9999950864222]]}