{"translation": [[483.53420499997446], [2273.2127874], [23.9783837]], "rotation": [[0.47670901546800004, 0.8790450264679199, 0.00531706142856], [-0.8790602494044, 0.47670827861936005, 0.00148665443608], [-0.0012278506811999996, -0.005382719234, 0.9999847592408001]]}