{"translation": [[505.90437800000655], [2285.70036430005], [24.1437359]], "rotation": [[0.4709509751870399, 0.8820476317315201, 0.014041753242959828], [-0.88215929623176, 0.4708987314493399, 0.007026898310180102], [-0.00041418498911982744, -0.015696387635139898, 0.99987671833574]]}