{"translation": [[513.4557285999181], [2289.9392975000665], [24.131362300000003]], "rotation": [[0.4731057594443999, 0.88088116638104, 0.01480745721348], [-0.8810050653146401, 0.47301989638391995, 0.009066542897239998], [0.0009823257593199984, -0.01733487886716, 0.99984925713648]]}