{"translation": [[518.0690251999767], [2292.533690500073], [24.1355369]], "rotation": [[0.4782902947115999, 0.8781345026666799, 0.01086850421424], [-0.8781944038685999, 0.4783003102610399, 0.001826853068319998], [-0.0035941857752, -0.0104184262056, 0.999939267264]]}