{"translation": [[543.254725900013], [2308.7824625996873], [24.2704016]], "rotation": [[0.6893165528698799, 0.72444813293788, 0.00419360464648], [-0.72444383978248, 0.68925038468636, 0.01072491991132], [0.00487920468188, -0.010430895872720001, 0.99993369268748]]}