{"translation": [[510.5838943999843], [2288.328188800253], [24.1455939]], "rotation": [[0.4737467305431, 0.88046943526882, 0.01837500121566], [-0.88066039024758, 0.4736157178671, 0.011200922224460001], [0.0011593796834600007, -0.02148853571334, 0.9997684225287601]]}