{"translation": [[534.4273993999814], [2302.208991699852], [24.2291129]], "rotation": [[0.5144971889208002, 0.8574436339873599, 0.009109550670479999], [-0.8574832283075999, 0.5144147646639001, 0.009994490522500002], [0.003883625888799998, -0.01295342441898, 0.99990855893526]]}