{"translation": [[532.1113603999838], [2300.793587700464], [24.2350608]], "rotation": [[0.4996185555922801, 0.8661101906465599, 0.015308994944039998], [-0.86624117584644, 0.49948234965612015, 0.01198066738208], [0.0027300066289599988, -0.01924704603108, 0.9998110312734]]}