{"translation": [[528.1789935000706], [2298.4491392998025], [24.2190097]], "rotation": [[0.4936892254669999, 0.8695830514866001, 0.0098094852281999], [-0.8696300307774001, 0.4936036539819799, 0.009950030879459826], [0.0038103809897999, -0.013442846114459828, 0.9999023806739801]]}