{"translation": [[542.7730247], [2308.3187509002164], [24.2688185]], "rotation": [[0.6729591250417601, 0.7396588345227599, 0.005545922637479999], [-0.73966027346052, 0.67286836718576, 0.01227896611476], [0.00535057097676, -0.01236534095652, 0.9999092307377601]]}