{"translation": [[533.4365805999842], [2301.6008489998057], [24.2296974]], "rotation": [[0.5072963729170998, 0.86172015353352, 0.00942393773304], [-0.86175612733128, 0.5071911772306998, 0.011555532818159998], [0.005177896795440002, -0.01398321586344, 0.99988882335424]]}