{"translation": [[539.9506509000203], [2305.9352269992232], [24.2433038]], "rotation": [[0.594037433822, 0.80440755337536, 0.006929920408519822], [-0.80442991754208, 0.5939726997784601, 0.009431234729040092], [0.0034703728104401787, -0.011177141760719912, 0.9999315116627]]}