{"translation": [[520.6222760999808], [2293.997233000584], [24.1567659]], "rotation": [[0.48263970161198, 0.8757954903202999, 0.006412775752259999], [-0.8758082109778998, 0.48265712569100006, -0.0014222290712999999], [-0.004340753611259999, -0.0049299377751, 0.99997842655198]]}