{"translation": [[510.1506291999831], [2288.086624899879], [24.1483689]], "rotation": [[0.47338383296046005, 0.8806675310719, 0.018232016526559827], [-0.8808533831450599, 0.47322821978526, 0.012342180042400102], [0.0022414532792001726, -0.021902322297439897, 0.99975760269516]]}