{"translation": [[538.6070284000598], [2304.9494587006047], [24.2398733]], "rotation": [[0.56574257358054, 0.8245289035230798, 0.00935025632968], [-0.8245720515141199, 0.56564395901294, 0.011306772033079998], [0.004033844344880001, -0.014106682354119998, 0.99989235901304]]}