{"translation": [[511.80741559999296], [2289.0195995997638], [24.1382353]], "rotation": [[0.47393056148016, 0.88040474558116, 0.0166499066414], [-0.8805585592041999, 0.47378974086775993, 0.011824456654160003], [0.0025217543928400003, -0.020265189886000005, 0.99979145965496]]}