{"translation": [[513.8841119000572], [2290.1785217002034], [24.1303189]], "rotation": [[0.47317228716149984, 0.88086205168792, 0.01378968632906], [-0.88096963859536, 0.4731003078007999, 0.00828960429032], [0.0007780912970200022, -0.01607070509584, 0.99987055514294]]}