{"translation": [[534.7338356000255], [2302.4023029999807], [24.2323189]], "rotation": [[0.5166463487763, 0.8561487016220599, 0.00926540926862], [-0.8561853890342199, 0.5165473328069999, 0.01119505940546], [0.004798614630859999, -0.01371679487458, 0.99989440583166]]}