{"translation": [[537.1734235999756], [2303.968881100416], [24.242129100000003]], "rotation": [[0.5392158327527, 0.84207600741118, 0.012417726458039999], [-0.8421545080751801, 0.53906675944622, 0.013517760203160001], [0.004688999529959999, -0.017746635024840002, 0.99983152090648]]}