{"translation": [[541.7801335999975], [2307.4156349003315], [24.2577517]], "rotation": [[0.6419425462497199, 0.76672494916316, 0.00652422973796], [-0.7667471192311601, 0.6418821453154999, 0.00927968723962], [0.00292718185996, -0.01095946053862, 0.99993565884078]]}