{"translation": [[526.1522973999963], [2297.2422407008708], [24.2116217]], "rotation": [[0.49103162975928005, 0.8710659006185999, 0.011496357384319998], [-0.8711391033321998, 0.49095476691000006, 0.0089504400024], [0.00215223120768, -0.014409875439199998, 0.9998938560652799]]}