{"translation": [[542.0226600000169], [2307.628216200508], [24.259777300000003]], "rotation": [[0.6490406543958, 0.76072608838498, 0.00648155920286], [-0.7607459434332999, 0.64897200631406, 0.010045286508019998], [0.0034353615517000004, -0.0114506192731, 0.9999285382475]]}