{"translation": [[541.5150453000097], [2307.1903691999614], [24.2556459]], "rotation": [[0.63439715018544, 0.7729789889336399, 0.006616122679879999], [-0.77300060508548, 0.6343327870334401, 0.009592414375559999], [0.003217910761559999, -0.011199667102119998, 0.99993210395184]]}