{"translation": [[515.5431632000254], [2291.1102531002834], [24.1291247]], "rotation": [[0.4741670853504, 0.88034333993648, 0.01269482400304], [-0.88043469548048, 0.47410870464638, 0.0074607457492399986], [0.0005492915249600003, -0.01471460371276, 0.9998915834790201]]}