{"translation": [[530.4075045000063], [2299.7785321995616], [24.232447]], "rotation": [[0.49616252560064, 0.86811570373304, 0.014070546434319826], [-0.8682200296800799, 0.49601523995693997, 0.0127659304158401], [0.004103097268240173, -0.018550305904479897, 0.99981950910254]]}