{"translation": [[518.9162418000051], [2293.0231492994353], [24.1387148]], "rotation": [[0.4799035024542202, 0.8772701634293999, 0.00946980062302], [-0.8773205778426, 0.4798887563980001, 0.0039209197254], [-0.0011047448630200013, -0.010189714133399998, 0.99994747325222]]}