{"translation": [[519.3259158000001], [2293.255209900439], [24.1427841]], "rotation": [[0.4807627258046001, 0.87679512979116, 0.009870970670279726], [-0.8768467312381201, 0.4807639255159001, 0.00240666787445993], [-0.00263545147835993, -0.009812365042979727, 0.9999483846085401]]}