{"translation": [[512.6310328000109], [2289.4822685997933], [24.1349097]], "rotation": [[0.47341903911102, 0.8807000167940201, 0.015553832210939998], [-0.88083200790378, 0.47328084219372, 0.01184255640254], [0.003068408321659998, -0.019306804732139998, 0.99980889782574]]}