{"translation": [[509.7494833000237], [2287.8607868999243], [24.1493897]], "rotation": [[0.4730844189588599, 0.8808389615046401, 0.01771820639168], [-0.8810147602835201, 0.47294065887469994, 0.011840767334960003], [0.0020501475270400006, -0.021211683194320003, 0.9997729049264]]}