{"translation": [[518.4750821000198], [2292.767794699408], [24.1368016]], "rotation": [[0.4790655357729401, 0.8777210270265601, 0.010098622711199899], [-0.8777756114976001, 0.47906444375264, 0.0026843290714398285], [-0.002481798790560103, -0.010150294477999828, 0.99994540460654]]}