{"translation": [[521.4768426999799], [2294.4987182002515], [24.1610935]], "rotation": [[0.4839868217598, 0.8750723620004599, 0.0022602475194198274], [-0.8750748905886199, 0.4839874312907001, 0.00030546197926010165], [-0.0008266300429398275, -0.002125725438979898, 0.99999739898366]]}