{"translation": [[532.4592399999965], [2301.0026505999267], [24.2342484]], "rotation": [[0.5012016934207799, 0.8652154430995599, 0.014110382912639828], [-0.86532617812284, 0.50108104691832, 0.0113310744036801], [0.002733375061760175, -0.0178892373748799, 0.9998362385151]]}