{"translation": [[538.0485446000239], [2304.5598766002804], [24.2384569]], "rotation": [[0.5544764120908001, 0.8321250877522798, 0.011125167213839998], [-0.8321879270578797, 0.5543488229604803, 0.012675138076839999], [0.004380076641359998, -0.016286294833959998, 0.99985777565432]]}