{"translation": [[544.1946410000091], [2309.755867799744], [24.2785329]], "rotation": [[0.72115967919318, 0.69276211604236, 0.0030637758574799993], [-0.6927468201404401, 0.72109435015062, 0.01117141041356], [0.005529858162919999, -0.01017879176676, 0.9999329041848]]}