{"translation": [[516.3830063000205], [2291.581941000186], [24.1317521]], "rotation": [[0.47542788744632003, 0.8796495990344398, 0.013603119787959826], [-0.8797546178696399, 0.47538017063830007, 0.006756021358380102], [-0.0005237236488398276, -0.015179407303979896, 0.9998846490159801]]}