{"translation": [[550.2907834000653], [2334.0663040000945], [24.3292604]], "rotation": [[0.970080917007, -0.24272652301868, 0.00518112983176], [0.24260415762871998, 0.969966550307, 0.01755302226004], [-0.009286107060039999, -0.01577088813176, 0.99983250961004]]}