{"translation": [[545.5283417999744], [2345.3661314006895], [24.360641]], "rotation": [[0.8851275445128799, -0.46534259428044006, 0.0023494291832800007], [0.46520365328244, 0.88496668021006, 0.02048306234664], [-0.01161080711272, -0.01703715993864, 0.99978743959718]]}