{"translation": [[551.2711128000519], [2326.885931599885], [24.3447767]], "rotation": [[0.99974626386662, 0.02233921696996, 0.0028926236540999977], [-0.022390680095959997, 0.99956520316412, 0.0191849438681998], [-0.0024627893283000017, -0.019244843765399797, 0.9998117676135]]}