{"translation": [[546.2614044000511], [2312.241724400781], [24.3015831]], "rotation": [[0.79191289699632, 0.61062068665584, 0.0040368678984], [-0.61061720624784, 0.7918246989903199, 0.0126581668412], [0.004532847732, -0.012489146554000002, 0.9999117333499999]]}