{"translation": [[551.2689160999143], [2327.38320290111], [24.3430784]], "rotation": [[0.9999932429580001, 0.0018974138142, 0.0031486283146], [-0.0019583968562, 0.99980833997022, 0.019479426045060002], [-0.0031110643194, -0.01948546068506, 0.99980530011222]]}