{"translation": [[550.325331399974], [2320.3256272003055], [24.3467304]], "rotation": [[0.95548042663622, 0.29505369336952003, -0.000686219470799802], [-0.29498734348952005, 0.9553100122782201, 0.01911141463979997], [0.006294445897199802, -0.018058156537800032, 0.999817124742]]}