{"translation": [[549.9717785000103], [2319.189903100021], [24.3449968]], "rotation": [[0.9397413174675, 0.3418752540489, 0.0027512566971999654], [-0.34187042821030006, 0.93958959627438, 0.0172047491848798], [0.003296825703599966, -0.017108586972879803, 0.9998482020778799]]}