{"translation": [[538.2051800001063], [2357.7457992993295], [24.3874132]], "rotation": [[0.86632503584924, -0.49935526901407995, -0.011191029857559806], [0.4994705216867599, 0.866232704055, 0.01304193107968005], [0.0031814787996798074, -0.016888141052439947, 0.9998523235334]]}