{"translation": [[547.9999336000183], [2314.8747939998284], [24.3192668]], "rotation": [[0.8559870124314201, 0.5169917439939398, 0.002398808315699999], [-0.5169793594669398, 0.8559094159674201, 0.0123043335801], [0.004308076645499998, -0.011772484096499999, 0.999921421455]]}