{"translation": [[551.2005964000709], [2328.8466542996466], [24.341878]], "rotation": [[0.99836640519238, -0.05705529399672, 0.0030355384292400003], [0.05698643905272, 0.9981883884043999, 0.01929992515956], [-0.00413120208876, -0.019095412381559998, 0.99980913098702]]}