{"translation": [[549.7030516000232], [2318.454054599628], [24.3433247]], "rotation": [[0.9281415303512001, 0.37222400993624, 0.0016085614055200003], [-0.37219485310471995, 0.92799427508784, 0.01725161253064], [0.00492872855464, -0.01661063633752, 0.9998498859320001]]}