{"translation": [[548.9339130999288], [2316.6553164003417], [24.3342014]], "rotation": [[0.89530658125086, 0.44544666905860003, 0.00183842684552], [-0.44541650554052, 0.8951797476483, 0.01604198239336], [0.0055001255204, -0.01518135803, 0.9998696289887999]]}