{"translation": [[548.5798017000197], [2315.942589599639], [24.3283386]], "rotation": [[0.8804162659431, 0.47419823722882, 0.0017904279327399996], [-0.47417221825209993, 0.88031336544956, 0.01445894835982], [0.005280270919699999, -0.0135788644175, 0.9998938609463]]}