{"translation": [[546.2518640999915], [2344.0140599999577], [24.3644871]], "rotation": [[0.89394527487452, -0.448175510597, 0.000732077050799999], [0.44803758844999997, 0.893708395403, 0.0234008970066], [-0.0111419734158, -0.0205911229884, 0.99972589344652]]}