{"translation": [[546.5865468999837], [2343.3678400991485], [24.3641583]], "rotation": [[0.8985455090491999, -0.43887925486807994, 0.0009846251334399998], [0.4387360409956, 0.89830530666584, 0.02362761147808], [-0.0112541624176, -0.020798493673599996, 0.9997203441432]]}