{"translation": [[548.3880427000113], [2315.573537499644], [24.325064]], "rotation": [[0.87232990633148, 0.488913834755, 0.00195447840228], [-0.4888939786918, 0.87224112650606, 0.0133460903445], [0.00482031114828, -0.012597726530699998, 0.9999090268135801]]}