{"translation": [[541.1063621999929], [2352.933620900847], [24.3733989]], "rotation": [[0.86866574281326, -0.49534192768933993, -0.0074958494310799996], [0.49539818818021997, 0.8685450568151001, 0.01449500740876], [-0.0006695023824399996, -0.01630474670252, 0.9998668446284]]}