{"translation": [[549.7189834999735], [2335.9897501999512], [24.3300069]], "rotation": [[0.95529885828152, -0.2955750195125201, 0.00628520083448], [0.29540563763668004, 0.9551695460683199, 0.01966347051212], [-0.01181546282728, -0.016927807308920004, 0.9997868993938399]]}