{"translation": [[551.2263447999721], [2325.4954647999257], [24.343757]], "rotation": [[0.99685186753334, 0.0791701456882, 0.0042944679465598], [-0.07923397740843999, 0.99670055105264, 0.017606492958600006], [-0.0028863900071998, -0.017891333152439994, 0.9998357709957401]]}