{"translation": [[551.2336174999946], [2328.360719599761], [24.3432063]], "rotation": [[0.99928977048758, -0.03756179249311979, 0.0030110494830000055], [0.0374956857371198, 0.99910410426008, 0.0196230093737998], [-0.003745427263799994, -0.0194961711749998, 0.9998029161315]]}