{"translation": [[545.8808664000244], [2344.7166687007993], [24.3629024]], "rotation": [[0.8891068668126201, -0.4576954023050398, 0.0019723388475600028], [0.45754357422023983, 0.8889079523975001, 0.02228277058632], [-0.011951949693239997, -0.018909333252719998, 0.99974976268888]]}