{"translation": [[539.8796326000011], [2354.974880799651], [24.3793805]], "rotation": [[0.8676276879059001, -0.49713240514566, -0.009032422201279755], [0.49721233105338, 0.86753389242286, 0.012839823843359858], [0.001452840388639858, -0.015631218185279756, 0.9998767695518]]}