{"translation": [[550.6392338000587], [2321.481700199656], [24.3479892]], "rotation": [[0.96941524602332, 0.24538624057036, 0.0044352406733200005], [-0.24542630401564, 0.96925040528478, 0.017876766579860003], [8.785389868000036e-05, -0.01841853481886, 0.9998303605331]]}