{"translation": [[545.1152645000257], [2310.8010790003464], [24.2896559]], "rotation": [[0.7523100753786199, 0.6588062618427, 0.0019687888145599997], [-0.6587744895645, 0.7522363978398999, 0.01251359091], [0.006763037156559999, -0.0107110884264, 0.9999197637402799]]}