{"translation": [[544.7661462000106], [2346.7269552005455], [24.3599675]], "rotation": [[0.87822318564478, -0.47824793467914, 0.0017153930818200004], [0.47813547170694, 0.87808420781246, 0.018830509307259997], [-0.010511911998779998, -0.01571719950646, 0.99982121868668]]}