{"translation": [[543.5578271999839], [2348.810925600119], [24.3681255]], "rotation": [[0.87246508018278, -0.48866806650248007, -0.0028611558105001433], [0.48861948537648003, 0.87225904932528, 0.020374761863599756], [-0.007460827183899756, -0.01917428463599986, 0.9997883190135]]}