{"translation": [[548.7533194000134], [2316.2833449002355], [24.331480300000003]], "rotation": [[0.8876602882243, 0.46049285889102, 0.0023502909467399994], [-0.46047282523374, 0.88754428226876, 0.01516273275598], [0.00489634337202, -0.014541600797260001, 0.9998822768962999]]}