{"translation": [[541.9291534000658], [2351.5548759000376], [24.3688272]], "rotation": [[0.86962211522646, -0.49367994318620007, -0.006121407644999807], [0.49371356969100005, 0.86949576977238, 0.01496658476548005], [-0.0020661652538001936, -0.01603749519851995, 0.99986925629808]]}