{"translation": [[544.3581437000539], [2347.4388595996425], [24.3629852]], "rotation": [[0.87569767791926, -0.48285965148509996, 0.00037202454664000094], [0.48275947987314, 0.87553119458566, 0.019708283889599998], [-0.0098420540128, -0.01707890010936, 0.99980570369996]]}