{"translation": [[536.9166471000062], [2359.8705345997587], [24.3878613]], "rotation": [[0.8656417308111001, -0.5005697058348, -0.0097151130034], [0.5006557353476, 0.86557581614358, 0.011061696188040001], [0.0028720173678000002, -0.01443939262796, 0.99989162186352]]}