{"translation": [[536.0574053999735], [2361.2826764006168], [24.3953798]], "rotation": [[0.86540135719856, -0.5009630996954, -0.010792319223719808], [0.50107172875828, 0.8653061563544, 0.013129694342040052], [0.0027611682017998065, -0.016770181212599947, 0.99985555806]]}