{"translation": [[549.9193322000792], [2335.3597160000354], [24.3281533]], "rotation": [[0.96030368066438, -0.27888849282452005, 0.0061677354543799995], [0.27873322681228, 0.96018466804988, 0.01879316299508], [-0.01116336245858, -0.01632799052588, 0.9998043688752599]]}