{"translation": [[548.2056334000663], [2315.2367724999785], [24.3213845]], "rotation": [[0.8646358521459799, 0.50239296168326, 0.00247750134038], [-0.5023814332598601, 0.86455366492806, 0.012642734781139999], [0.004209688532179999, -0.01217601240554, 0.9999170081730799]]}