{"translation": [[550.4304150000098], [2320.692456400022], [24.3459062]], "rotation": [[0.9602411988323, 0.2791715005762, 0.0003405949608999994], [-0.27912932636692, 0.96007344903084, 0.018595545516199997], [0.004864349991939999, -0.01795127898308, 0.9998270298874999]]}