{"translation": [[546.9406173001043], [2342.666586400941], [24.3624513]], "rotation": [[0.9035395182924001, -0.42849899264707975, 0.002225115870759807], [0.4283512370832398, 0.9033425974167001, 0.022076420358379957], [-0.011469765885079804, -0.018993787063660048, 0.99975380995566]]}