{"translation": [[551.2650358999963], [2326.432024500333], [24.3457548]], "rotation": [[0.9991595218642401, 0.04086753815112, 0.0031771431056800002], [-0.04092040060488, 0.99898396988464, 0.01888249935912], [-0.00240223379032, -0.01899663899688, 0.99981666168824]]}