{"translation": [[531.6645650999853], [2368.508798599243], [24.4164206]], "rotation": [[0.8630658532115001, -0.50505075686726, -0.0064062411703199994], [0.5050911768236199, 0.8629845676331, 0.011853818978640001], [-0.0004582936341599995, -0.01346636243592, 0.99990921939564]]}