{"translation": [[536.9567964000744], [2333.0362190995365], [24.4620173]], "rotation": [[-0.78973289383674, 0.6133135020815799, 0.0129895853521], [-0.6134439169302999, -0.7894446031401999, -0.021540754136299998], [-0.00295667793358, -0.024979821295939997, 0.9996835832519]]}