{"translation": [[518.8164349999861], [2361.590642200783], [24.4183147]], "rotation": [[-0.8644764435232198, 0.5026045923536199, 0.008290850570919807], [-0.5026673794400199, -0.8644270241559399, -0.009542611285880053], [0.002370676072519807, -0.012416904940519948, 0.99992009698328]]}