{"translation": [[519.9118158000056], [2359.777169399895], [24.4254707]], "rotation": [[-0.86442631481226, 0.5026740076165199, 0.009272745598839807], [-0.50275778035876, -0.8643248873370599, -0.013307851173480052], [0.0013251539257198072, -0.016165601778759947, 0.9998684499902399]]}