{"translation": [[527.1011673000176], [2347.9793380992487], [24.4169758]], "rotation": [[-0.8609171403382799, 0.50867984637678, 0.00815622815302], [-0.5087446146756199, -0.8607804938518799, -0.015358747868819998], [-0.0007919634736200001, -0.01737204615578, 0.99984878097084]]}