{"translation": [[532.5483890000614], [2339.2446472002193], [24.420954100000003]], "rotation": [[-0.8487510143180798, 0.5286388965696, 0.01275140525376], [-0.5287833236159999, -0.8486325439572998, -0.014524724183999999], [0.003142923461759998, -0.0190706051472, 0.99981319957678]]}