{"translation": [[544.340013900015], [2325.8048395998776], [24.4388195]], "rotation": [[-0.6010110205481597, 0.7990688854351199, 0.01657850658432], [-0.79924084331352, -0.6008798851088797, -0.01255449751828], [-7.021812191999877e-05, -0.020795609101879997, 0.9997837454847199]]}