{"translation": [[520.653027900029], [2358.549275999889], [24.4214088]], "rotation": [[-0.8642336139807992, 0.50302915208144, 0.00787350226688], [-0.5030907557868799, -0.8641244392124993, -0.013736972374659998], [-0.00010641195855999987, -0.01583303901542, 0.99987464392094]]}