{"translation": [[539.2930350999814], [2330.3130794009194], [24.4563448]], "rotation": [[-0.7426203722665997, 0.66961324924386, 0.01155140546382], [-0.66969100004814, -0.7423462259256397, -0.02089021514954], [-0.005413223220180001, -0.023249367121539997, 0.9997150413998]]}