{"translation": [[540.7150481999852], [2328.861781200394], [24.4554407]], "rotation": [[-0.7061579259923999, 0.7079197467972399, 0.01380638704608], [-0.70804084346028, -0.7058896783188, -0.019948100299360002], [-0.00437586800416, -0.02386199505552, 0.99970568517504]]}