{"translation": [[542.7336092999321], [2327.0587450992316], [24.4455573]], "rotation": [[-0.6485248708321601, 0.7610180478248798, 0.016345102264719913], [-0.7611935362983198, -0.6483803508577601, -0.01369162072567982], [0.00017827196552008644, -0.02132114127447982, 0.9997726627454401]]}