{"translation": [[513.3084931999911], [2370.636964100413], [24.447053600000004]], "rotation": [[-0.86198939494308, 0.50684287866664, 0.00918677331232], [-0.50692598638624, -0.8618339879050599, -0.01637189929574], [-0.00038050665687999925, -0.01876941941366, 0.99982376651702]]}