{"translation": [[516.7899558999925], [2364.934029799886], [24.4276652]], "rotation": [[-0.8637516996957, 0.50381907119276, 0.009978896384180001], [-0.5039130884938, -0.86366050713, -0.0127421055934], [0.0021986621434999997, -0.016034510057319998, 0.9998690216165399]]}