{"translation": [[532.9958298000274], [2338.5627691997215], [24.4257077]], "rotation": [[-0.8458974911706401, 0.5331445516922398, 0.014649249597919998], [-0.5333193130759198, -0.8458099934084, -0.013275707859360001], [0.005312608881760001, -0.01904261326128, 0.9998045584496]]}