{"translation": [[529.6167546000215], [2343.9021899001673], [24.4257608]], "rotation": [[-0.8584744594539601, 0.51265724546132, 0.01428026717104], [-0.51284964723424, -0.8582704621434001, -0.018889893006919997], [0.0025722920090799992, -0.02354012323904, 0.9997195836222]]}