{"translation": [[530.3228576999973], [2370.703551599756], [24.4260995]], "rotation": [[0.86201396916318, -0.5068351250187201, -0.00707782775954], [0.50688367216832, 0.8619025703263999, 0.01388973733264], [-0.0009394081617400008, -0.01556078279744, 0.99987848240222]]}