{"translation": [[525.8401847999776], [2350.0384265994653], [24.4204262]], "rotation": [[-0.8616266141172999, 0.5074449077749797, 0.009953807791959805], [-0.5075420513424597, -0.8614333588979399, -0.018261138672120054], [-0.0006919793385201907, -0.020786260841159945, 0.9997837028606]]}