{"translation": [[521.0179046000121], [2357.9499351000413], [24.4203663]], "rotation": [[-0.8641803048401795, 0.5031071671551199, 0.0087082674555], [-0.50318241891112, -0.8640620418326795, -0.014300209268399998], [0.0003299449658999993, -0.016739804166, 0.9998598252315]]}