{"translation": [[529.4073657000554], [2372.1937245000154], [24.4283245]], "rotation": [[0.8613162611425199, -0.5080080870025401, -0.007879475688019947], [0.50806918333994, 0.86121001088924, 0.013528724750259806], [-8.681811321994753e-05, -0.015655829364859805, 0.99987743622572]]}