{"translation": [[523.7984310999746], [2353.3826099010184], [24.4155021]], "rotation": [[-0.8628640125455999, 0.50536433568288, 0.008528942230959806], [-0.5054359387878399, -0.8627607458483999, -0.013362858153720052], [0.0006053242375198067, -0.01584116208435995, 0.99987433769304]]}