{"translation": [[522.9871397999814], [2354.710425400175], [24.4130961]], "rotation": [[-0.8632484419920399, 0.5047317420089, 0.00694588258158], [-0.50477951526142, -0.8631630613833998, -0.01214165154006], [-0.0001328481153000001, -0.0139873992699, 0.9999021627269999]]}