{"translation": [[536.0397592000081], [2334.195435200818], [24.4529387]], "rotation": [[-0.8044956509771599, 0.5939133039516601, 0.0073139583135], [-0.5939258619813, -0.8042619040531599, -0.020362200959659998], [-0.006211043934660001, -0.0207252538555, 0.99976591597964]]}