{"translation": [[518.1196394999861], [2362.74175870046], [24.4217241]], "rotation": [[-0.8643361322932993, 0.5028453121812, 0.008360013590999806], [-0.50290895665224, -0.8642868042312993, -0.009547185011680049], [0.0024246914866798055, -0.012456301219999945, 0.9999194774789599]]}