{"translation": [[543.2779395000543], [2326.6187107004225], [24.4427707]], "rotation": [[-0.6328876220634002, 0.7740557415738598, 0.017056072253979995], [-0.7742430524014998, -0.6327605024418003, -0.012719480622900002], [0.0009468221583000033, -0.021255547884020003, 0.99977362697964]]}