{"translation": [[534.780167400022], [2363.3882479006425], [24.3988202]], "rotation": [[0.8648169669179, -0.50201382962548, -0.008585652740860001], [0.5020851473906, 0.86473630442924, 0.011900142859480002], [0.0014502889320999997, -0.014602174327, 0.9998923307811001]]}