{"translation": [[530.7592112999992], [2369.990874099545], [24.4237925]], "rotation": [[0.86231636657004, -0.50632284868914, -0.0069033481661800004], [0.5063690256959801, 0.86220928264764, 0.01362211828626], [-0.00094505888346, -0.01524221723422, 0.9998833840388399]]}