{"translation": [[536.5165908000199], [2333.586453700438], [24.4570588]], "rotation": [[-0.7969641627021601, 0.60392853341172, 0.010879189936360001], [-0.6040116994775601, -0.7966891936422601, -0.02135655674922], [-0.00423050076612, -0.02359156953494, 0.99971272908534]]}