{"translation": [[524.6163994000526], [2352.0388438999653], [24.4211467]], "rotation": [[-0.8623337025716002, 0.50626568780424, 0.008709658851719947], [-0.50634031178808, -0.8621872225172003, -0.015902872860839808], [-0.0005417227736399469, -0.018123632609879807, 0.99983560673584]]}