{"translation": [[528.0104984000209], [2374.4724412998185], [24.431352]], "rotation": [[0.86026501434844, -0.50980143096396, -0.0068281762578], [0.5098442044589999, 0.86013730665134, 0.014923766895540001], [-0.0017349880340399998, -0.016319700545100003, 0.9998653195345399]]}