{"translation": [[519.5330529999919], [2360.4039733996615], [24.424048000000003]], "rotation": [[-0.8645018078773798, 0.50254732341828, 0.009116507830079999], [-0.50262776501028, -0.8644099056286598, -0.01269423846652], [0.001500943258079999, -0.01555639979548, 0.9998778653487199]]}