{"translation": [[528.7738291000132], [2345.259136199951], [24.424612]], "rotation": [[-0.8594615955164797, 0.51108726179064, 0.01075025070624], [-0.51120008827464, -0.8592907499940997, -0.01714257699468], [0.0004762382822399991, -0.020228915773320002, 0.99979526112238]]}