{"translation": [[539.7494825000176], [2329.8301202002913], [24.4559496]], "rotation": [[-0.7318153429504, 0.68139313763712, 0.01225045200896], [-0.6814836466022399, -0.7315397053402399, -0.020738289112079998], [-0.0051692366067199996, -0.02352507603864, 0.9997098828427999]]}