{"translation": [[515.8589990999899], [2366.4666794007644], [24.4275849]], "rotation": [[-0.8632951180931401, 0.5046460023349, 0.00735236027858], [-0.50469816778642, -0.8632353344170001, -0.01022852097406], [0.0011850347220999998, -0.0125409543373, 0.9999206569331001]]}