{"translation": [[535.6050634999992], [2334.7690530000255], [24.4487203]], "rotation": [[-0.8111620244390801, 0.5847844939421998, 0.006590446465639998], [-0.5847981267653999, -0.8109768898565002, -0.0181053380283], [-0.005243021221639998, -0.018540441693899998, 0.99981436415342]]}