{"translation": [[530.4562077000155], [2342.552443499677], [24.4211562]], "rotation": [[-0.8573597581724202, 0.51450408322466, 0.01481333751108], [-0.51470607967106, -0.8571758886411401, -0.01807730826036], [0.0033967885882799998, -0.023123275491240002, 0.99972685064728]]}