{"translation": [[527.9330371000106], [2346.6185912992805], [24.4195057]], "rotation": [[-0.86035678934562, 0.5096396225532401, 0.0073135420964], [-0.50968848069476, -0.86020806737448, -0.016111214454800002], [-0.0019197451060000005, -0.01758902237, 0.9998434581758999]]}