{"translation": [[535.1416494000587], [2335.401466000825], [24.4449843]], "rotation": [[-0.8191137021556001, 0.5735902179461999, 0.006856089579999809], [-0.57361543675452, -0.8189441158493601, -0.01720078426920006], [-0.00425144737936019, -0.01802215689047994, 0.9998285488304001]]}