{"translation": [[513.5813260999857], [2370.1930272001773], [24.4446298]], "rotation": [[-0.8622247373489799, 0.5064463701121801, 0.008996752351579948], [-0.50652610576782, -0.8620739096833798, -0.016132062438779807], [-0.000414159831579948, -0.018466549841219808, 0.99982939296764]]}