{"translation": [[611.6185411000042], [2340.088224099949], [24.1037896]], "rotation": [[0.56077987618652, 0.8278685418826399, 0.012636291071919999], [-0.8279647423474399, 0.56072582697774, 0.007810276867659998], [-0.000619613169679999, -0.014842249031859999, 0.99988965578222]]}