{"translation": [[588.702387999976], [2325.5664111999795], [24.1635237]], "rotation": [[0.45241215133021995, 0.8916578576285601, 0.016415909982020003], [-0.8918042159634401, 0.4523931201738799, 0.005067252778959999], [-0.002908188633020001, -0.01693226476696, 0.9998524095291]]}