{"translation": [[548.2609350000275], [2323.365859700367], [24.4190423]], "rotation": [[-0.47838577686724004, 0.8779327712356202, 0.01951365682641983], [-0.8781447484039802, -0.47833892990244, -0.0073043905525801], [0.002921380274019829, -0.020630134788179898, 0.99978290795036]]}