{"translation": [[604.2199346999987], [2334.958030000329], [24.0864696]], "rotation": [[0.54562260941496, 0.8379782174672, 0.00940792043071973], [-0.8380288202492799, 0.5455610280384, 0.00841991347903992], [0.0019231089248000818, -0.012478203471999728, 0.9999202948716001]]}