{"translation": [[565.3030588000547], [2319.2954467004165], [24.3078856]], "rotation": [[-0.05857338810489976, 0.9979651186759001, 0.025196000439099864], [-0.9982585952617401, -0.058730256939399705, 0.005531025271180148], [0.006999536983820132, -0.02482815258309986, 0.99966722930166]]}