{"translation": [[582.0734257000149], [2322.3800800004974], [24.1890987]], "rotation": [[0.3729566159713402, 0.9276260684782999, 0.0203259805241], [-0.9278414132848999, 0.37295118005502015, 0.00419939159858], [-0.0036851320537000017, -0.020425478594419996, 0.99978458659532]]}