{"translation": [[552.5776863999781], [2321.492210100405], [24.392874]], "rotation": [[-0.3459875097603995, 0.93796822387524, 0.02254658856507972], [-0.93821544998388, -0.3460497223624994, -0.0012056676786599465], [0.0066713617156399455, -0.021570702893819724, 0.99974506636814]]}