{"translation": [[598.0087606000016], [2330.9282392999157], [24.1160577]], "rotation": [[0.5106718892951003, 0.8596472319732998, 0.014859998194199824], [-0.8597725550120198, 0.5105473271300602, 0.011512684333800099], [0.0023101155363601713, -0.0186554231554799, 0.9998233036588]]}