{"translation": [[593.5797921000049], [2328.2752069998533], [24.1383777]], "rotation": [[0.48413384831791995, 0.8747739163121201, 0.01962432356268], [-0.8749901796377201, 0.4840763192350399, 0.007899653613720001], [-0.0025892610697200013, -0.02099557881132, 0.99977621568112]]}