{"translation": [[613.3112343000248], [2341.2785667004064], [24.1069095]], "rotation": [[0.5610285115299001, 0.82765728461378, 0.015181109048159823], [-0.82779649562046, 0.56093209134366, 0.010401362565280094], [9.319159568017647e-05, -0.018402329484959904, 0.9998306584614]]}