{"translation": [[589.3592086000135], [2325.9160322993994], [24.1628638]], "rotation": [[0.45773040492518, 0.88894070587124, 0.01635252660186], [-0.8890853684784399, 0.4577160673628, 0.00482871747132], [-0.00319237195194, -0.01674904176372, 0.9998546286286201]]}