{"translation": [[602.633062399982], [2333.8986214008182], [24.0868302]], "rotation": [[0.5380003464663801, 0.84289005893286, 0.00959138682984], [-0.84293595824346, 0.5379083786323002, 0.010656709071120003], [0.003823146523439999, -0.01381823795592, 0.99989721464492]]}