{"translation": [[557.7982404999784], [2320.100338799879], [24.3567538]], "rotation": [[-0.20217951731609995, 0.9789815162943599, 0.02680589811068], [-0.97932556614124, -0.20228611639194005, 0.0012981725780400032], [0.006693349061880004, -0.025989238232359997, 0.9996398144088]]}