{"translation": [[555.1551678000251], [2320.702517800033], [24.3772266]], "rotation": [[-0.27197865321668013, 0.9619925704239598, 0.02445129660216], [-0.9622698829365599, -0.2720930475914001, 0.0014160169501199991], [0.008015226115560005, -0.02314362028392, 0.99970001949628]]}