{"translation": [[549.4563185999868], [2322.7735812002793], [24.4097939]], "rotation": [[-0.44116237230730015, 0.8971835887760401, 0.020917817450419998], [-0.89741418816228, -0.44116252112520016, -0.004857019174440001], [0.00487051752686, -0.020914678605480002, 0.99976940056574]]}