{"translation": [[553.1889443999971], [2321.2837610002607], [24.3868016]], "rotation": [[-0.32789003604426015, 0.94444684850776, 0.022540835110819883], [-0.9446915836260799, -0.3279591187080002, -0.0006655174805598393], [0.006763928576060119, -0.021512355315679837, 0.9997457015679]]}