{"translation": [[590.0773784000194], [2326.303536400199], [24.16014]], "rotation": [[0.46351917692021993, 0.8859223824038401, 0.017073145000120003], [-0.8860797253854401, 0.4635068169410399, 0.004913064913559999], [-0.003560924761080002, -0.01740546758596, 0.99984217229982]]}