{"translation": [[601.0744809000171], [2332.8703519003466], [24.0981819]], "rotation": [[0.52931225336318, 0.84830198867062, 0.014572119100719826], [-0.8484243338676201, 0.5291882566100601, 0.011662374729520099], [0.0021818200887201754, -0.018536377761519902, 0.99982580602188]]}