{"translation": [[592.1518064999836], [2327.460148598999], [24.1536265]], "rotation": [[0.47673896752349987, 0.8788117780085001, 0.020242696158500002], [-0.87904197845758, 0.4766701771140599, 0.008407938070699998], [-0.002260093717060001, -0.02180257202158, 0.9997597410414]]}