{"translation": [[590.7465581999859], [2326.670584999956], [24.1563264]], "rotation": [[0.4685357216434999, 0.8832584432139801, 0.018133642276139828], [-0.88343685394186, 0.4685187015073399, 0.0054387850747801], [-0.0036920980879798287, -0.018568192615259896, 0.9998207792622]]}