{"translation": [[560.4929542000173], [2319.673960299231], [24.3318483]], "rotation": [[-0.14065831251112015, 0.9898050543583601, 0.022384415479559848], [-0.9900523750583601, -0.14069865131290016, 0.00022961615117986743], [0.003376733779559849, -0.02212944755117987, 0.9997494111982199]]}