{"translation": [[554.4782870999188], [2320.8910532994196], [24.3816174]], "rotation": [[-0.2909578881693, 0.95643670440872, 0.023923501477839882], [-0.95669739882712, -0.29107942646688, 0.0016884063150401606], [0.008578492909360119, -0.02239629652975984, 0.99971236631358]]}