{"translation": [[576.240271000017], [2320.3515347996727], [24.2352652]], "rotation": [[0.2408114067031799, 0.9700279208629801, 0.032492697920960004], [-0.9705527542499801, 0.24088230170429992, 0.0017731910774399992], [-0.0061068723350399985, -0.03196288058144, 0.99947039997612]]}