{"translation": [[568.0880425000214], [2319.236920500174], [24.2866613]], "rotation": [[-0.006703973352579773, 0.9997128798724799, 0.02300404150284], [-0.99997717982688, -0.006683395562499861, -0.0009712965171599988], [-0.0008172722139600016, -0.02301002843364, 0.99973490018608]]}