{"translation": [[561.1470466000028], [2319.596492400393], [24.3268357]], "rotation": [[-0.12757942955808, 0.99161350776064, 0.02064345065592], [-0.9918234693753599, -0.12761654247762, 0.00048513645063999987], [0.003115513532080002, -0.02041276531464, 0.9997867835643]]}