{"translation": [[586.0050238000113], [2324.1857623998076], [24.1695248]], "rotation": [[0.42755804768357997, 0.9038375247786199, 0.01648945389874], [-0.90398110764718, 0.42755454131147996, 0.0039151817422599985], [-0.003511453374139999, -0.016580121626659998, 0.99985637432406]]}