{"translation": [[578.2081209999742], [2320.935597299598], [24.203135]], "rotation": [[0.29074568044399984, 0.9565139228026002, 0.023412920818199998], [-0.9567820702634001, 0.29080460622871984, 0.0009225419390399992], [-0.005926162243799998, -0.022669286400959998, 0.9997254543592801]]}