{"translation": [[573.585069200024], [2319.7517299000174], [24.2609657]], "rotation": [[0.16097300281195992, 0.98652320835082, 0.02931979076138], [-0.9869384432511801, 0.1610894789087599, -0.0016393283540200015], [-0.00634034526062, -0.02867294107202, 0.9995687382423599]]}