{"translation": [[559.1393074999796], [2319.865314600058], [24.3482295]], "rotation": [[-0.1699459784235403, 0.9850917054559801, 0.02669648662128], [-0.9854434725433802, -0.17000339407442033, -0.00012067953072000294], [0.004419612849120003, -0.02632838741232, 0.9996435780018801]]}