{"translation": [[547.0995692000142], [2324.003745100461], [24.4268209]], "rotation": [[-0.5148154359030402, 0.85706806180728, 0.0199896989488], [-0.8573007063828001, -0.5146987522589003, -0.010994404155000002], [0.0008657191827199998, -0.02279726994804, 0.9997397336531]]}