{"translation": [[574.9251877000206], [2320.02285100054], [24.2484166]], "rotation": [[0.20273910980230003, 0.9786431065953, 0.0339775710216], [-0.9792044466663, 0.20287504413477997, -0.000565832913839999], [-0.0074469489036000005, -0.03315627318384, 0.99942243544252]]}