{"translation": [[548.8782246999908], [2323.0511531000957], [24.4129973]], "rotation": [[-0.4589162421704399, 0.8882576716646401, 0.019852539605839895], [-0.8884708147002401, -0.45889595822442, -0.005834627653619829], [0.0039275979657601035, -0.020316008044819832, 0.99978589396998]]}