{"translation": [[601.8823820999824], [2333.4011099003255], [24.090453600000004]], "rotation": [[0.5339433739715, 0.8454299240643999, 0.0123597253197], [-0.8455146399178399, 0.5338294479151999, 0.011452517451119998], [0.0030843148543800002, -0.016565324259599997, 0.99985802844606]]}