{"translation": [[607.4474328000215], [2337.1698393002152], [24.0935519]], "rotation": [[0.5567915001212602, 0.8305834085141197, 0.01069405242992], [-0.8306522392469198, 0.5567432284543802, 0.00733286171128], [0.00013671278287999931, -0.01296591407752, 0.99991592965088]]}