{"translation": [[550.6806853999733], [2322.2308307001367], [24.4057188]], "rotation": [[-0.4037630601782599, 0.91454258176998, 0.02423319432474], [-0.91482414401094, -0.40384994957236, -0.001412128411220001], [0.00849512285562, -0.02273927662654, 0.99970533567854]]}