{"translation": [[574.2838062000228], [2319.88551849965], [24.2537596]], "rotation": [[0.18284316567878012, 0.9826402155448799, 0.03140939385166], [-0.9831171481348799, 0.1829727047448001, -0.0012762564333600023], [-0.00700116214334, -0.030645759596639996, 0.99950578844102]]}