{"translation": [[545.9666870000074], [2324.6930580995977], [24.4324054]], "rotation": [[-0.5502746501606596, 0.8347797434460599, 0.018453677060519997], [-0.8349836849782198, -0.5501385527578595, -0.012237951974439998], [-6.391491516000158e-05, -0.02214275458172, 0.99975481710584]]}