{"translation": [[561.8604919000645], [2319.522539900616], [24.3208384]], "rotation": [[-0.11402274312519978, 0.9932829410190399, 0.019691756065879865], [-0.9934719044017598, -0.11406971882015982, 0.0012753575178401488], [0.0035130244422801327, -0.01941778702695985, 0.999805285142]]}