{"translation": [[580.1146389999776], [2321.5979089001194], [24.198944]], "rotation": [[0.33384597235934, 0.9423650053356201, 0.022251368035799884], [-0.9426082442599, 0.3338976189563, 0.0014621303489998367], [-0.006051819060120115, -0.021462448385159837, 0.9997513384926]]}