{"translation": [[618.4838647000142], [2371.0967877004296], [24.1068024]], "rotation": [[-0.32551964440163983, -0.9454161031152, -0.015011355502559998], [0.9455300430945599, -0.3254240248659398, -0.008492900650699998], [0.0031442692559999997, -0.016958293732939996, 0.99985125385886]]}