{"translation": [[616.7431855999748], [2343.6835595993325], [24.098602300000003]], "rotation": [[0.5587598486446199, 0.82923580322636, 0.01246441569898], [-0.82932947520916, 0.5586971658386399, 0.008369342521959998], [-2.3674515619999392e-05, -0.01501356028676, 0.99988728986502]]}