{"translation": [[606.4447187000187], [2368.4383174004033], [24.0710254]], "rotation": [[-0.03175548111779991, -0.9992861049245201, -0.020461764652439863], [0.9994418590834802, -0.031534878276899936, -0.011015248183539859], [0.010362124283559863, -0.020800141479539857, 0.99972995376054]]}