{"translation": [[655.4029692001059], [2390.5118931997567], [24.1796482]], "rotation": [[-0.45340247411657986, -0.89116772897454, -0.01569171457336], [0.8913053837788599, -0.4533503160148199, -0.00693962712528], [-0.0009294722750400001, -0.017132554163919997, 0.9998527949976]]}