{"translation": [[628.771471199987], [2375.7646917002276], [24.1565398]], "rotation": [[-0.4470897694989, -0.8943250710931401, -0.017124679585679897], [0.89447780532414, -0.44690640990402, -0.013563407224239831], [0.004476965397679896, -0.02138170824023983, 0.99976136118012]]}