{"translation": [[648.4650460000266], [2386.738137099892], [24.1897863]], "rotation": [[-0.4720054682996999, -0.88151274330052, -0.01209265538676], [0.8815886720732399, -0.47190260336423995, -0.01046218059328], [0.0035159902805199997, -0.01559895347184, 0.9998721470631]]}