{"translation": [[627.3679402000271], [2375.043647300452], [24.1508598]], "rotation": [[-0.4382931568736804, -0.8986469501598402, -0.018247850678880004], [0.8988214327006403, -0.4380981996733604, -0.013791880940160001], [0.004399682255520002, -0.022446443600640003, 0.99973836577632]]}