{"translation": [[619.1768493999843], [2371.3541294010356], [24.1076404]], "rotation": [[-0.3377825147418001, -0.9410955816165, -0.015566713999099833], [0.94121808701734, -0.3376739002722001, -0.009224603770620116], [0.0034247619256201614, -0.017767580173099887, 0.99983627866284]]}