{"translation": [[638.833363600017], [2381.2758288998157], [24.1740342]], "rotation": [[-0.4760778387537793, -0.87930416128584, -0.013197939596159999], [0.8793898474682399, -0.47593427925009935, -0.012655441959119997], [0.0048466311974400015, -0.017631108496079996, 0.99983281311968]]}