{"translation": [[641.7666042000055], [2382.9432827001438], [24.1803515]], "rotation": [[-0.4789910314874398, -0.87768294249264, -0.015494500235880001], [0.8778041905291201, -0.47880301779129986, -0.014398214816239997], [0.005218253502360001, -0.020497754946319998, 0.9997762808987]]}