{"translation": [[595.9796939999796], [2369.4922657003626], [24.0714425]], "rotation": [[0.20883768781830003, -0.97780549802376, -0.01683020680698], [0.97794781569408, 0.20884524675056004, 0.00132678881656], [0.0022175675495400005, -0.01673614722368, 0.9998574817319]]}