{"translation": [[600.5350189000019], [2368.728321299888], [24.0597301]], "rotation": [[0.1439513848632602, -0.9894214850142999, -0.01797790472037985], [0.98957259993838, 0.1440160698302001, -0.0023499671923398685], [0.004914215830899851, -0.01745215994389987, 0.9998356227959]]}