{"translation": [[634.4724857999827], [2378.83579529915], [24.1693319]], "rotation": [[-0.4679592942307602, -0.8835820532020601, -0.0172354947869], [0.8837386498531, -0.4677647653134601, -0.01422431501894], [0.00450619319794, -0.021888070750300002, 0.99975027212654]]}