{"translation": [[599.2387400000007], [2368.916193800047], [24.0600679]], "rotation": [[0.1688748848342001, -0.9855180876441599, -0.015343849190319999], [0.9856333491967199, 0.1688990312359001, -0.00028232354826], [0.00286979668864, -0.01507573154202, 0.9998822363629399]]}