{"translation": [[614.1299062999897], [2341.851352499798], [24.1058451]], "rotation": [[0.5608789250759602, 0.8277512253432198, 0.015578090342899906], [-0.8278973970408998, 0.5607979259687002, 0.009566751836499824], [-0.0008172691332200945, -0.01826285056053982, 0.9998328862047]]}