{"translation": [[602.4692941000103], [2368.5200981004164], [24.060737300000003]], "rotation": [[0.09441719697995998, -0.9953358589314799, -0.01979809429236], [0.99550380901476, 0.09454739353349995, -0.005744589182180001], [0.00758965411468, -0.019166689669859998, 0.9997874950047]]}