{"translation": [[643.9523405000218], [2384.1910284003243], [24.195798100000005]], "rotation": [[-0.47871756129828014, -0.8777706817848401, -0.01866775521652], [0.87795634033324, -0.47848742176426007, -0.015582362064139998], [0.00474545619628, -0.02384901964046, 0.99970430877302]]}