{"translation": [[635.1650242001051], [2379.2190461000428], [24.1718714]], "rotation": [[-0.46954761047016, -0.8827396854696, -0.017188915985199997], [0.8828950245688, -0.46935074093328, -0.01435364907792], [0.004602904232399999, -0.021915732869919997, 0.9997492254991199]]}