{"translation": [[594.688401899999], [2369.7527681002393], [24.0706922]], "rotation": [[0.2203583979918201, -0.9752787280916799, -0.016540800535959875], [0.9754171900347199, 0.2203588357242201, 0.0018187960422398428], [0.0018710786371601259, -0.016534967981439844, 0.99986153736504]]}