{"translation": [[615.1705237000715], [2370.007352099754], [24.110014000000003]], "rotation": [[-0.26378561739175976, -0.96431973606072, -0.0224700751686], [0.9645627477444, -0.2635636776864997, -0.0123775195748], [0.00601359277572, -0.02493880451896, 0.9996708922499]]}