{"translation": [[615.0198119999841], [2342.4761987002566], [24.102014]], "rotation": [[0.5603161111450801, 0.8281498164954401, 0.014618619806159907], [-0.8282787550562402, 0.5602363627755, 0.009459849670819826], [-0.0003557090850400957, -0.017408798691419824, 0.9998483921014201]]}