{"translation": [[653.050286700076], [2389.2558869002387], [24.1821819]], "rotation": [[-0.4597738918190797, -0.8879256412461198, -0.013990858143399829], [0.8880358599141198, -0.45971681423057964, -0.0072444684833001035], [7.152482001714436e-07, -0.015755203416099893, 0.9998758790675]]}