{"translation": [[618.4864892999758], [2344.896851799451], [24.1010284]], "rotation": [[0.5556681738847, 0.83132316389184, 0.01160252468988], [-0.8314040017176, 0.5556063364220001, 0.008302151415800001], [0.00045533534820000037, -0.01425962717012, 0.99989822266526]]}