{"translation": [[619.8175887999823], [2371.599114499986], [24.1123395]], "rotation": [[-0.3490809912299404, -0.93694201734006, -0.01679518248264], [0.93708512350326, -0.34895087051602036, -0.01023336351208], [0.0037273745138399978, -0.019310788762479998, 0.9998065813500799]]}