{"translation": [[605.1104327000212], [2368.408053599298], [24.068372]], "rotation": [[0.01237572730971992, -0.9996824445840001, -0.0219496831188], [0.99986887683, 0.01260127544949996, -0.0101673124767], [0.010440677428800001, -0.0218209781367, 0.9997073757602201]]}