{"translation": [[612.502899700019], [2369.3094882005826], [24.0881896]], "rotation": [[-0.20860225527730025, -0.9778217528712001, -0.0187039574781], [0.9779689122700801, -0.20840333438596026, -0.012040604248800001], [0.00787559818206, -0.02080358452992, 0.9997525623115]]}