{"translation": [[657.7078216000227], [2391.7175957001746], [24.181747]], "rotation": [[-0.4471888359316001, -0.89427586783012, -0.017109884939559894], [0.89443953084892, -0.44710786484658016, -0.00850962859233983], [-4.000903804010636e-05, -0.019109169021739827, 0.99981740235398]]}