{"translation": [[603.1522841000115], [2368.4703706996515], [24.0615561]], "rotation": [[0.07447287378668, -0.9970155125050999, -0.020343368723979998], [0.9971891504688999, 0.07462301902699997, -0.006722869648900002], [0.008220888878979999, -0.0197855152421, 0.9997704488386799]]}