{"translation": [[617.1484589999891], [2370.6281699007377], [24.110474]], "rotation": [[-0.30135048121002006, -0.9533346798559799, -0.01845893068702], [0.9535032367754199, -0.3012015639829201, -0.010442786658179999], [0.0043956111076199995, -0.020747590662219997, 0.99977508273606]]}