{"translation": [[605.802806599997], [2368.4176970003173], [24.0705269]], "rotation": [[-0.010725758677000208, -0.9997046462048, -0.021806752059399998], [0.99989459655188, -0.0105093315104402, -0.0100152745856], [0.009783141887839998, -0.02191187566612, 0.9997120384526]]}