{"translation": [[649.9837568000075], [2387.582070200704], [24.1882908]], "rotation": [[-0.46812291862314004, -0.8835635359592799, -0.01329524900246], [0.88366031320976, -0.46802743160100013, -0.00975329519768], [0.002395116058179999, -0.01631422178096, 0.9998640455679]]}