{"translation": [[619.3307166000013], [2345.48036579974], [24.1043164]], "rotation": [[0.5538533312030001, 0.83253036159068, 0.011819623970239824], [-0.8326141623281599, 0.5537905696316401, 0.008347493400680094], [0.000403945148120176, -0.014464473208159905, 0.999895302443]]}