{"translation": [[633.7247479999787], [2378.425379799679], [24.1667936]], "rotation": [[-0.46603267365284007, -0.88460601535098, -0.01689329578698], [0.88475982788502, -0.46586527664804, -0.01300883413158], [0.0036376913770200005, -0.02100905541558, 0.99977266752796]]}