{"translation": [[604.4731758999988], [2368.4139417000115], [24.0654828]], "rotation": [[0.03299598206936005, -0.99922793632076, -0.02132740112908], [0.99940311045188, 0.033205257062700055, -0.009533902908259999], [0.010234724318359999, -0.02100008956438, 0.9997270860959]]}