{"translation": [[646.9546520999866], [2385.888715200126], [24.1936509]], "rotation": [[-0.47502184020852, -0.8799023982630598, -0.011240693815419998], [0.8799580625595398, -0.4748970275833799, -0.012122443748459999], [0.005328395912219998, -0.01564976156014, 0.9998633372571]]}