{"translation": [[638.072993299982], [2380.8473644005135], [24.173878100000003]], "rotation": [[-0.47484956097130004, -0.87996616120212, -0.01333282312516], [0.8800556251913999, -0.47471127037226, -0.012313444235880001], [0.004506173793399999, -0.0175806563922, 0.9998352939128]]}