{"translation": [[609.8232460999279], [2368.783389799297], [24.0785988]], "rotation": [[-0.14089160493459985, -0.9898624567158201, -0.017942561017740003], [0.9899642780857001, -0.14065899513843982, -0.013632250014180001], [0.010970270079300001, -0.0196831631277, 0.9997460809014]]}