{"translation": [[649.2534901999752], [2387.1772257993], [24.1893956]], "rotation": [[-0.47010601215930026, -0.88251663965352, -0.01282913503406], [0.8826043473627201, -0.4700019178990802, -0.010374576439440002], [0.003126017832660001, -0.01620020229904, 0.99986388145878]]}