{"translation": [[656.9584983999957], [2391.3283930998296], [24.1802902]], "rotation": [[-0.44909530220168004, -0.89332209507996, -0.01700564482764], [0.8934837378591599, -0.4490267653025001, -0.007869065374620001], [-0.0006063788228400004, -0.01872822603978, 0.99982442752318]]}