{"translation": [[613.145954800013], [2369.4607100998983], [24.0901275]], "rotation": [[-0.22251025513620004, -0.9747639754203797, -0.018007231987259842], [0.9748955777766598, -0.22230851722116007, -0.012546610853380127], [0.008226822758420153, -0.020346922004339876, 0.9997591320558]]}