{"translation": [[653.8532458000118], [2389.6869943998754], [24.1801175]], "rotation": [[-0.4575003361058597, -0.8890956290492399, -0.014226448479899999], [0.8892094117925998, -0.45744584443335967, -0.00706458479924], [-0.00022673833673999937, -0.0158823419074, 0.99987384194414]]}