{"translation": [[614.4788599999738], [2369.809759099968], [24.1011445]], "rotation": [[-0.25029876201376033, -0.9679489404080003, -0.02062927344416], [0.9681451672361602, -0.2500871400105604, -0.012310400161600003], [0.0067567238416, -0.02305340664416, 0.99971140193984]]}