{"translation": [[641.0004874999868], [2382.5087716998532], [24.1785048]], "rotation": [[-0.47877713764819996, -0.8777939691128401, -0.015811604892720002], [0.8779263887066401, -0.4786081914278799, -0.013388865803639998], [0.004185101274120002, -0.02029171023144, 0.99978534265868]]}