{"translation": [[624.5929928999976], [2373.6793892001733], [24.1383088]], "rotation": [[-0.41318692190291995, -0.91043620341716, -0.01955745747576], [0.91063371159096, -0.4129732836257999, -0.014117981141320003], [0.00477681375404, -0.02364304516728, 0.99970905190812]]}