{"translation": [[635.9182794999797], [2379.6384426997975], [24.1761896]], "rotation": [[-0.4710309891978599, -0.8819627358341801, -0.01647267986706], [0.88210445565474, -0.47084458656515993, -0.01403260515098], [0.004620161920220001, -0.02114041847166, 0.99976584097494]]}