{"translation": [[529.7164537999779], [2395.364534200169], [24.2927747]], "rotation": [[0.7987758107099999, -0.6015234717132001, -0.011256339921399936], [0.6015976029748, 0.79878508096182, 0.004765135264799811], [0.006125055534600063, -0.01057806207279981, 0.99992529135582]]}