{"translation": [[538.5446679000161], [2386.485737600364], [24.228174300000003]], "rotation": [[0.60481693065462, -0.79624576437806, -0.013755834417299911], [0.79633394017194, 0.6048549454987799, 0.001676456719899821], [0.0069854134273000905, -0.011968186449899821, 0.9999039786534]]}