{"translation": [[573.600537499995], [2374.8420139998198], [24.1192342]], "rotation": [[0.25743160153980005, -0.96619212208942, -0.01420248563574], [0.9662952567877799, 0.2574270466926001, 0.00217926536614], [0.0015505145366600005, -0.014284806629459999, 0.9998967647703599]]}