{"translation": [[533.7742674999754], [2390.55295199994], [24.2664501]], "rotation": [[0.7284465567516001, -0.68474208545952, -0.02222319915404], [0.68497719039728, 0.7285505969148001, 0.004500733436760002], [0.013108883077559998, -0.01850092880284, 0.9997429033502401]]}