{"translation": [[560.0130711999955], [2378.158964499831], [24.1483704]], "rotation": [[0.25123652400206, -0.9678231871314601, -0.014088234808519843], [0.96791910678918, 0.2511543889890999, 0.007352992921560124], [-0.0035780751463601592, -0.01548361208411988, 0.9998737195934]]}