{"translation": [[590.1556922000018], [2370.763843900524], [24.0817813]], "rotation": [[0.24504360998342012, -0.9693807427699799, -0.015956765161379997], [0.9695118916465799, 0.24502019708534006, 0.0034363611499799995], [0.0005785875592200004, -0.01631233180158, 0.99986677766092]]}