{"translation": [[530.5914004000952], [2394.264445900917], [24.2917237]], "rotation": [[0.79136826135462, -0.6112480824280001, -0.01058712756282], [0.6113348371740001, 0.79131272572764, 0.009691108732000003], [0.00245405773718, -0.014141515446000001, 0.9998969922730201]]}