{"translation": [[547.3077511999873], [2381.7359309010208], [24.1659054]], "rotation": [[0.3704182566355001, -0.9287343199954198, -0.01558197453743983], [0.9288352588026597, 0.37048856211470016, -0.0017908860500798875], [0.007436200161119832, -0.013809711455839885, 0.99987698982476]]}