{"translation": [[533.2896420999314], [2391.0808684993535], [24.2707277]], "rotation": [[0.7421960035759201, -0.6699963591513199, -0.01581019848476], [0.67013614695788, 0.7422162859410201, 0.005702701225060001], [0.00791379760916, -0.01482750770666, 0.9998587484329401]]}