{"translation": [[534.760614000028], [2389.568815400824], [24.2620848]], "rotation": [[0.6982473195872001, -0.71544550357072, -0.02425786383584], [0.71564520481568, 0.6984637216835001, -0.0006341464077400001], [0.017396935412960002, -0.01691723197754, 0.99970553361054]]}