{"translation": [[592.09635539999], [2370.313974400051], [24.0770243]], "rotation": [[0.23718485186597993, -0.9713392596357, -0.015601976680699875], [0.9714629726646999, 0.23718284972597992, 0.0020053623302998423], [0.001752634428300123, -0.01563238391869984, 0.999876270771]]}