{"translation": [[578.5223797999788], [2373.6102245002985], [24.1066182]], "rotation": [[0.25593920436875994, -0.9665721917067799, -0.01527211258933984], [0.96669213327634, 0.25592612612556, 0.0028377743430201222], [0.0011656180457798402, -0.015489729524259878, 0.9998793475215599]]}