{"translation": [[536.8867436000146], [2387.743494099006], [24.2431329]], "rotation": [[0.6398414694383601, -0.7683774917145, -0.01410384000278], [0.76846867225878, 0.6398849681973999, 0.0017667263184600003], [0.0076673224217, -0.0119687840481, 0.9998989750838]]}