{"translation": [[542.7456406999845], [2383.783671799116], [24.1808263]], "rotation": [[0.4980695207807, -0.86703936389848, -0.0130166404962601], [0.8670060717646401, 0.4981990805048, -0.009903874654319827], [0.0150719276317799, -0.006352689228960173, 0.99986623121334]]}