{"translation": [[594.0679229000234], [2369.882487400435], [24.0717816]], "rotation": [[0.22484216240304, -0.9742571786675601, -0.016400561549], [0.9743925736262001, 0.22484886908294, 0.001457783411439999], [0.0022673920055600004, -0.016308356296399998, 0.99986443903814]]}