{"translation": [[550.7942943000235], [2380.570039400831], [24.1549546]], "rotation": [[0.3114239353506201, -0.9501738833366601, -0.01358847210822], [0.95027100693206, 0.31138814288773997, 0.0047286898613400005], [-0.00026178929201999945, -0.014385358820940001, 0.99989649109612]]}