{"translation": [[537.4163034000667], [2387.3254057001323], [24.23802]], "rotation": [[0.62797397239612, -0.7781097757815599, -0.01392519606431982], [0.7781906784806399, 0.62802778665068, 0.0006413839015600867], [0.008246343316919818, -0.011239229539359914, 0.9999028340557999]]}