{"translation": [[535.2609281999758], [2389.117703099735], [24.2604244]], "rotation": [[0.68338660936176, -0.7298473840018, -0.0174793661454], [0.7299809302733999, 0.68346469293318, 0.0019608629408800014], [0.0105153988178, -0.014099631627120001, 0.9998453014195801]]}