{"translation": [[531.4675109999953], [2393.1754234004766], [24.2826549]], "rotation": [[0.78045720188028, -0.6250673259549201, -0.01331793656936], [0.6251803312935201, 0.7804487597222, 0.00701856028516], [0.006006893924840001, -0.01380379832936, 0.9998866797609199]]}