{"translation": [[561.446793399984], [2377.815428400412], [24.147782100000004]], "rotation": [[0.25162926105371997, -0.9677268735451601, -0.013689418749239879], [0.9678176957703601, 0.25155273203670003, 0.007079388597579842], [-0.0034073040564398787, -0.015030243100979841, 0.99988123398198]]}