{"translation": [[588.1369184000068], [2371.2435127999634], [24.0839388]], "rotation": [[0.24903704948832017, -0.9683486088620799, -0.01678077038192], [0.9684936098099199, 0.24901506150752017, 0.0034207396164800015], [0.0008661969099200001, -0.01710395910448, 0.99985334139584]]}