{"translation": [[585.4454993000254], [2371.896109700203], [24.0878487]], "rotation": [[0.2521877905698402, -0.9675759684679198, -0.014074768945439999], [0.9676781844357599, 0.2521691027682401, 0.00311617827792], [0.0005340829636800003, -0.014405708705759999, 0.99989608975984]]}