{"translation": [[571.4383976000245], [2375.3810096997768], [24.127421]], "rotation": [[0.25623034045915993, -0.96649240221402, -0.01543921075513972], [0.96661562238966, 0.25620446972475985, 0.00366447547577996], [0.00041390629237996347, -0.015862732766939718, 0.99987409326236]]}