{"translation": [[541.5120699000545], [2384.5098494002596], [24.2035704]], "rotation": [[0.5341081392814999, -0.8452959766946601, -0.01425821740288], [0.84538729392182, 0.5341534144191, 0.0007365851629600002], [0.006993443731760002, -0.012447130833280001, 0.99989807515484]]}