{"translation": [[593.3953007999226], [2370.027203700505], [24.074957]], "rotation": [[0.2291693289306198, -0.9732522819235, -0.016170425072899876], [0.9733847315375, 0.22916987444299985, 0.0018442603528998408], [0.001910844317900123, -0.01616269214209984, 0.99986754926262]]}