{"translation": [[586.797214500024], [2371.5674972003326], [24.0864849]], "rotation": [[0.25087156089614016, -0.96789260361844, -0.0157291898789], [0.9680203070318, 0.2508456303538401, 0.003632427261560001], [0.0004297994750599998, -0.0161374475822, 0.99986969054214]]}