{"translation": [[534.2329355999827], [2390.070610700175], [24.2640478]], "rotation": [[0.7145759393483999, -0.6989926740195199, -0.02811478932504], [0.69927374708832, 0.71485393296768, 0.00023235228256000134], [0.019935554790640003, -0.01982596836384, 0.9996046741567199]]}