{"translation": [[566.4819643999799], [2376.600727599114], [24.1314563]], "rotation": [[0.2529818990734999, -0.9673974440263999, -0.0119275830174], [0.9674679291135999, 0.25293095500501994, 0.005626840670999998], [-0.002426537057400001, -0.012963043257, 0.99991303192752]]}