{"translation": [[557.1469314999995], [2378.8473583003506], [24.153354500000003]], "rotation": [[0.2574738227095801, -0.96615117859788, -0.01609473118384], [0.96628421601332, 0.2574137386264801, 0.005735041515840001], [-0.0013979132577599989, -0.017028708453439997, 0.9998540238000599]]}