{"translation": [[530.9963704000693], [2341.6641662996262], [24.4447879]], "rotation": [[-0.8582919601812001, 0.51292572503572, 0.015551459417639999], [-0.5131236197876399, -0.8582023867211401, -0.01387625525882], [0.006228812845720001, -0.01988970187206, 0.9997827772167]]}