{"translation": [[512.6677521999809], [2371.427232400514], [24.4546891]], "rotation": [[-0.8588461302658001, 0.51219227272858, 0.006518966633259807], [-0.51223375008022, -0.8587745704098001, -0.011086890180340054], [-8.029687634019322e-05, -0.012861166830739946, 0.99991728855164]]}