{"translation": [[527.5671259000083], [2398.207024999894], [24.3182389]], "rotation": [[0.8104353660764001, -0.5857079948288398, -0.011860809112879999], [0.5858203896089998, 0.8103623254444001, 0.011286682936800001], [0.003000852810800002, -0.01609543062288, 0.99986595701984]]}