{"translation": [[526.1042245000135], [2349.5828120997176], [24.441814]], "rotation": [[-0.8628493644345001, 0.50536901706558, 0.00963445211694], [-0.5054604775839, -0.86266899136324, -0.01765244326642], [-0.0006096540656999987, -0.0201012373447, 0.9997977638231]]}