{"translation": [[526.6980381999747], [2399.3837016001344], [24.320148100000004]], "rotation": [[0.81417314969246, -0.58049645526086, -0.012080250152059999], [0.5806085330144599, 0.8141202669226799, 0.01009490299538], [0.0039747207394599995, -0.01523289549842, 0.9998760725607799]]}