{"translation": [[516.6418615999864], [2365.000834800303], [24.4485399]], "rotation": [[-0.8621481388643399, 0.5065633141616198, 0.009711599782779998], [-0.5066537776472199, -0.86204693928292, -0.01330953921938], [0.0016297302066200017, -0.01639521222878, 0.9998642612895801]]}