{"translation": [[524.4929681000067], [2402.4341612998396], [24.3266545]], "rotation": [[0.82175388086552, -0.56969059883324, -0.013159627664799998], [0.5698088920732399, 0.82173724288752, 0.0081071007274], [0.0061952169872000005, -0.014160514431399998, 0.9998805424220001]]}