{"translation": [[518.5923703999724], [2361.823912399821], [24.441544600000004]], "rotation": [[-0.8628613392276, 0.5053644442923598, 0.008785191860119999], [-0.5054357822682799, -0.86279986783554, -0.010542767539260001], [0.002251922244840001, -0.01353729624442, 0.9999058307967]]}