{"translation": [[522.803131899971], [2354.9541306002066], [24.438769600000004]], "rotation": [[-0.8630995461857001, 0.50496493649802, 0.008324596993439754], [-0.5050335289978201, -0.8629869362036201, -0.01394256722343986], [0.00014351153495986008, -0.016238026367839754, 0.99986814424892]]}