{"translation": [[532.106703300029], [2339.885987199843], [24.4448189]], "rotation": [[-0.8530061378347601, 0.5217653104603598, 0.011890002526439998], [-0.5218906579019599, -0.85291002684658, -0.01321021759722], [0.0032484695679600023, -0.017473678906019998, 0.99984204651582]]}