{"translation": [[513.1879454000737], [2370.5834550000727], [24.454834]], "rotation": [[-0.8592650306625002, 0.51149094903142, 0.006373972980939947], [-0.5115289011887799, -0.8591626653610002, -0.013330757285539807], [-0.0013422820954599466, -0.014715124876939807, 0.99989082573014]]}