{"translation": [[513.4367587000015], [2370.180543200113], [24.4544715]], "rotation": [[-0.8595076360517201, 0.5110826743733801, 0.0063938547969799465], [-0.5111202287421801, -0.8593976372163401, -0.013840909900179808], [-0.0015789852288199467, -0.015164398164019807, 0.99988376715438]]}