{"translation": [[518.2441037999815], [2362.3919230001047], [24.442088100000003]], "rotation": [[-0.86277595346576, 0.50551617791112, 0.008414499749999946], [-0.5055817166436, -0.8627189199364, -0.010146368888399806], [0.0021301952071200525, -0.013008261837839806, 0.9999131199164]]}