{"translation": [[510.2129847999313], [2375.374169600196], [24.4514704]], "rotation": [[-0.8559304587042001, 0.5170546555025199, 0.006102593547959999], [-0.51709003426116, -0.8558882705361001, -0.00853659156598], [0.0008092543689200002, -0.01046232053334, 0.99994494095814]]}