{"translation": [[526.246622000006], [2400.0010406002402], [24.3194358]], "rotation": [[0.8157747682251, -0.5782631774038, -0.011099907165], [0.5783545498450801, 0.8157420660960599, 0.008418968148799999], [0.00418628160844, -0.013287663829919999, 0.9999029518044]]}