{"translation": [[520.6602329000598], [2358.443798500113], [24.4465826]], "rotation": [[-0.8631521560974399, 0.5048583844662, 0.00928228025204], [-0.50494367997804, -0.8630124679534399, -0.0155291303934], [0.00017071242939999988, -0.018091032992040002, 0.9998363292881599]]}