{"translation": [[509.979072200018], [2375.749695200473], [24.4526451]], "rotation": [[-0.8557472104991999, 0.51734864142272, 0.006858819457759947], [-0.51739303316432, -0.8556972291449799, -0.009308583751939808], [0.0010532897574400536, -0.011514500271739808, 0.9999331511967801]]}