{"translation": [[511.54547020001337], [2373.229511000216], [24.4525394]], "rotation": [[-0.8575726688891402, 0.51434103968534, 0.00474185426988], [-0.51436261154838, -0.8575260295535402, -0.00896020031036], [-0.0005423353608399999, -0.010123055066280001, 0.99994861349496]]}