{"translation": [[509.700617399998], [2376.195414000191], [24.4569367]], "rotation": [[-0.8558409201819401, 0.5171721413188801, 0.00833886983646], [-0.51723812708544, -0.8557629115776402, -0.011610349329120001], [0.0011315456911800002, -0.01424979178944, 0.9998978263060601]]}