{"translation": [[529.1026903999737], [2344.7127467999235], [24.450191600000004]], "rotation": [[-0.8612453840096999, 0.50802120836462, 0.013072491161739998], [-0.5081849290952599, -0.8610604317105999, -0.01797388186522], [0.0021250914963799996, -0.02212316524846, 0.99975299427014]]}