{"translation": [[512.2107914999942], [2372.16260209959], [24.4543082]], "rotation": [[-0.8582821013102399, 0.51314371871432, 0.00594971006808], [-0.51317820985608, -0.8582242821242398, -0.00996228063032], [-5.896142319999995e-06, -0.011603708479919999, 0.99993267469176]]}