{"translation": [[511.9749708001036], [2372.54179580044], [24.4528731]], "rotation": [[-0.8581001796191403, 0.5134529101162401, 0.005501905326900001], [-0.5134823772072, -0.8580487989128402, -0.009390799280240001], [-0.00010083007773999987, -0.010883377538400003, 0.99994076921046]]}