{"translation": [[510.64613810001174], [2374.6803139010444], [24.4519327]], "rotation": [[-0.8564389684039201, 0.51621463477204, 0.0058738243830400005], [-0.5162469671227601, -0.8564050548848801, -0.007694704353680001], [0.0010582543481599998, -0.009622389812720001, 0.9999531437552]]}