{"translation": [[516.3156306999736], [2365.528721499257], [24.4489327]], "rotation": [[-0.861975797525, 0.5068744364421001, 0.00872985588029995], [-0.5069485085391001, -0.861881972821, -0.012761458699099809], [0.0010556477487000523, -0.015425654593899808, 0.9998804602550001]]}