{"translation": [[516.0180317001068], [2366.0103120990098], [24.448587]], "rotation": [[-0.86172648532224, 0.50731539174352, 0.007656718025440001], [-0.50737274045264, -0.8616472308624, -0.01170552546808], [0.0006589964948800005, -0.013971770862160001, 0.999902172888]]}