{"translation": [[519.2733455999987], [2360.7125007994473], [24.4471396]], "rotation": [[-0.8629366037041, 0.50520811457226, 0.010272045540679807], [-0.5053078351761, -0.8628379079180999, -0.013231489446600053], [0.0021784533253998064, -0.016608478969319947, 0.99985969655384]]}