{"translation": [[523.533408200019], [2353.769149100408], [24.4402917]], "rotation": [[-0.86304072008548, 0.50504784272978, 0.009369862296019948], [-0.5051338588208201, -0.86292559055698, -0.014128414664419806], [0.000949967493580053, -0.016926428510979807, 0.9998562864785401]]}