{"translation": [[511.7645445999806], [2372.8791057998314], [24.4531072]], "rotation": [[-0.8579152014160798, 0.51376455310468, 0.005215427388599999], [-0.51379097881332, -0.8578666503037798, -0.0091296179933], [-0.0002163324938000001, -0.0105120791379, 0.99994472316414]]}