{"translation": [[513.9756735999836], [2369.3155821999535], [24.4520766]], "rotation": [[-0.8600954834662802, 0.51006490836474, 0.0083342755017], [-0.51013293540426, -0.8599883792744202, -0.0135752460841], [0.00024312363510000084, -0.0159275969713, 0.9998731182202999]]}