{"translation": [[522.4270714999875], [2355.564444099553], [24.44092]], "rotation": [[-0.8629846602608401, 0.5051497736933, 0.009019967661059808], [-0.50523029737494, -0.86284651134084, -0.015440919426100055], [-1.712975390019255e-05, -0.01788243596105995, 0.99984009631836]]}