{"translation": [[510.80177080002613], [2374.4296899000183], [24.452394100000003]], "rotation": [[-0.85668435053594, 0.51580798599858, 0.00583541689056], [-0.5158402180566599, -0.8566478598985, -0.00795741979688], [0.0008943966991200006, -0.00982713969856, 0.9999513125048]]}