{"translation": [[525.0045953000081], [2351.3725175997242], [24.4442591]], "rotation": [[-0.8630735731986602, 0.5049865821848001, 0.00960486497416], [-0.5050778862318401, -0.8629108795950602, -0.016758195443], [-0.00017452058359999998, -0.01931476347884, 0.99981343730904]]}