{"translation": [[517.9258465999737], [2362.908861200325], [24.4462681]], "rotation": [[-0.8626154491079201, 0.5057860746186398, 0.008665835803479998], [-0.5058566672410398, -0.8625476431407401, -0.010984468390040001], [0.0019189049202800014, -0.01385904253156, 0.99990211758318]]}