{"translation": [[563.1923457999947], [2321.251713900827], [24.3622195]], "rotation": [[0.08104439051238022, 0.9964510736045399, 0.02274097071444], [-0.9967102678271399, 0.08100651445430018, 0.002583350093080002], [0.0007320140888400009, -0.02287552408388, 0.99973805298092]]}