{"translation": [[561.1477640000521], [2321.110377199948], [24.3646084]], "rotation": [[0.02019377971512004, 0.9996259874449199, 0.018442445600359854], [-0.99979564854868, 0.020172834304620024, 0.0013210654650601412], [0.0009485347004401425, -0.018465353925859858, 0.99982905088374]]}