{"translation": [[574.248494700063], [2324.2479525990784], [24.3027271]], "rotation": [[0.3969480994323199, 0.91760387637392, 0.020864226652], [-0.91781995536208, 0.3969905177235199, 0.002245420023199997], [-0.0062224938231999994, -0.020040919028000002, 0.9997797968198401]]}