{"translation": [[563.8367031000089], [2321.3235526997596], [24.3609753]], "rotation": [[0.09925516101702003, 0.9947607557713, 0.02448234849322], [-0.9950615955925001, 0.09920341310444003, 0.003322258338700002], [0.000876120619220001, -0.024691196829500002, 0.99969474200342]]}