{"translation": [[554.488983999996], [2321.611556599848], [24.4126103]], "rotation": [[-0.2170371284125201, 0.9759256903569401, 0.021542565001419847], [-0.9761547689347402, -0.21707529131124015, -0.0005790577528601258], [0.004111239651819844, -0.021154553250939876, 0.99976776434028]]}