{"translation": [[582.6687299999758], [2329.0238217003644], [24.263789000000003]], "rotation": [[0.5120806355526201, 0.85885198380822, 0.0121068089236199], [-0.85892286655158, 0.51193940993452, 0.013016607016619827], [0.0049813882045799006, -0.017064367907819827, 0.99984198405614]]}