{"translation": [[562.4923140999745], [2321.1879901997745], [24.3617775]], "rotation": [[0.06074695497430016, 0.9979479788869798, 0.020241972773639996], [-0.9981532406438998, 0.060732039383740166, 0.0013513515325199975], [0.00011924117459999849, -0.020286680218199998, 0.9997941970269999]]}