{"translation": [[543.1438292000093], [2326.898684799671], [24.4767379]], "rotation": [[-0.6201083620660004, 0.7843670358224001, 0.015298989540799822], [-0.7845162222032002, -0.6199890606247204, -0.012163406976640086], [-5.536972960017844e-05, -0.019544935007359914, 0.99980897798528]]}