{"translation": [[588.8887244000216], [2332.8653038004413], [24.2383598]], "rotation": [[0.50614615881902, 0.86235057897996, 0.0129460748144], [-0.86242798266996, 0.50597590052952, 0.0143672828988], [0.0058392317984, -0.0184370020068, 0.9998129726855001]]}