{"translation": [[578.7289508000249], [2326.6125897001475], [24.2802234]], "rotation": [[0.4886404252217399, 0.8723537315814002, 0.015149868584840001], [-0.8724827623648402, 0.48860700453623984, 0.006086146436400002], [-0.002093059566599999, -0.016191936210160005, 0.99986671127094]]}