{"translation": [[548.1926944999723], [2323.7786075994372], [24.4552402]], "rotation": [[-0.45308019256449983, 0.8912617830770999, 0.0192490354697], [-0.8914672420124998, -0.4530232688784198, -0.007471714502939998], [0.0020610091975, -0.020545172795939995, 0.99978680131292]]}