{"translation": [[539.1829805001034], [2330.480647000484], [24.4834872]], "rotation": [[-0.7388057507747401, 0.6738509747025001, 0.00952606401902], [-0.67389435026902, -0.7385864967861, -0.01887354880614], [-0.0056821368075, -0.0203634491561, 0.9997764966414]]}