{"translation": [[580.0265704001067], [2327.386326700449], [24.27501]], "rotation": [[0.5023813380077999, 0.8645097847757, 0.0153551765913], [-0.86464602908082, 0.5023110885564601, 0.0084126631739], [-0.00044024521226000094, -0.017503157828819997, 0.9998467110699]]}