{"translation": [[573.6427986000199], [2323.9730853000656], [24.3080008]], "rotation": [[0.38062478877485995, 0.9244552476277801, 0.02252120271258], [-0.9246955548514202, 0.38070668580685996, 0.0006996399642200009], [-0.007927185893220001, -0.02109155735158, 0.99974612072636]]}