{"translation": [[595.5394125999301], [2336.8851570002735], [24.2034669]], "rotation": [[0.49538877940109993, 0.8685338837142802, 0.015453529143839899], [-0.8686686814748401, 0.4952647436844, 0.011292340671519829], [0.0021541930212798993, -0.019018095942239827, 0.99981681895494]]}