{"translation": [[581.3390012999298], [2328.195186600089], [24.2709759]], "rotation": [[0.51024214797974, 0.8599058139758401, 0.01465909084704], [-0.8600274848606401, 0.51011908703992, 0.011453808865320003], [0.0023713157097599996, -0.01845143744508, 0.99982694567582]]}