{"translation": [[571.0935361000011], [2322.9831501003355], [24.3213466]], "rotation": [[0.3072618344833401, 0.9514075185510401, 0.02034474992288], [-0.9516229581747201, 0.3072354267056, 0.004488673205840002], [-0.0019800706217600016, -0.02073972894968, 0.9997829479275]]}