{"translation": [[549.4089660000172], [2323.2239680998027], [24.4470639]], "rotation": [[-0.4127973339492996, 0.91055196358236, 0.022217287463579996], [-0.91080659609676, -0.41281335971667954, -0.0040742740532399985], [0.005461753616219997, -0.02191750028484, 0.99974486367838]]}