{"translation": [[541.0986560999881], [2328.5952139003202], [24.483652]], "rotation": [[-0.6861881607213002, 0.7273182125243601, 0.01240915908602], [-0.7274076898394001, -0.6859584039538001, -0.0184141854518], [-0.0048808054006999994, -0.02166211424852, 0.9997534348724599]]}