{"translation": [[582.0277601000271], [2328.624684800394], [24.2659807]], "rotation": [[0.51187242527772, 0.858962898669, 0.01301323660032], [-0.8590516051631999, 0.511735229291, 0.012545124203], [0.004116464890680001, -0.0176005450168, 0.9998366244177199]]}