{"translation": [[557.8299040999264], [2321.15843619965], [24.3923235]], "rotation": [[-0.08686812105348041, 0.9959040226066802, 0.02508719643236], [-0.9962155761218803, -0.08691481745730045, 0.0007749413238599991], [0.002952212924760002, -0.024924935260460003, 0.99968496643518]]}