{"translation": [[553.8630633000284], [2321.74957720004], [24.4172906]], "rotation": [[-0.24205123473416013, 0.9700260010315203, 0.021472576356480002], [-0.9702510261940802, -0.24210161650336015, -0.0002606098012799974], [0.004945743818880001, -0.020896867490880003, 0.99976940371544]]}