{"translation": [[545.8590210999246], [2325.0485189007595], [24.4658105]], "rotation": [[-0.5312181757299397, 0.8470661191033797, 0.0169156323073199], [-0.8472347823577797, -0.5310977688116197, -0.011326186891079823], [-0.0006101740597199024, -0.020348189439479823, 0.99979276795768]]}