{"translation": [[580.6545475000166], [2327.7721442002803], [24.2739494]], "rotation": [[0.5069609825406001, 0.86183376437604, 0.01527154469832], [-0.86196814288968, 0.5068550510798, 0.010439021662359996], [0.0012562401699600005, -0.01845576092648, 0.99982888875164]]}