{"translation": [[593.2604695999762], [2335.51899900008], [24.212536]], "rotation": [[0.4995254671003799, 0.86617684144872, 0.014560125725840001], [-0.8662932121280801, 0.49938891852797995, 0.01211564608836], [0.0032231264397600008, -0.01866541178876, 0.99982059083736]]}