{"translation": [[542.1066990999971], [2327.7240514997393], [24.4815076]], "rotation": [[-0.6540022753249001, 0.75636178850122, 0.01407990340764], [-0.75648832859338, -0.6538209077389, -0.01562063312556], [-0.00260911608156, -0.02086720806636, 0.99977885164216]]}