{"translation": [[538.2664579000557], [2331.4782385006547], [24.4816448]], "rotation": [[-0.7587274565609998, 0.6513532855786, 0.008466481549], [-0.6513799309069999, -0.7585090033213798, -0.019194133435180002], [-0.0060802594886, -0.02007801067582, 0.99977992775862]]}