{"translation": [[553.1899095000117], [2321.9151659002528], [24.4223921]], "rotation": [[-0.26895189951940013, 0.96289826647172, 0.02217217738755988], [-0.9631375550841201, -0.2690086612141801, -0.00043754873053983984], [0.005543195011240121, -0.021472537997739842, 0.99975407129078]]}