{"translation": [[534.8379152999842], [2335.7732739998028], [24.4657198]], "rotation": [[-0.8227997691264999, 0.56828913715152, 0.00695488598714], [-0.56832308785896, -0.8226583575145999, -0.015571400289119998], [-0.0031275629442200003, -0.01676476352616, 0.99985456996694]]}