{"translation": [[535.6537863999838], [2334.655940200202], [24.470664000000003]], "rotation": [[-0.80712296082996, 0.5903715132504, 0.003725138741799938], [-0.5903456310122001, -0.8069842009462801, -0.01638321069551981], [-0.006666052881599938, -0.01542238601251981, 0.99985884690732]]}