{"translation": [[538.7036095000221], [2330.9957210002467], [24.4827543]], "rotation": [[-0.7496708316116799, 0.6617469992523201, 0.009182202461999814], [-0.66178675291832, -0.74945351853418, -0.01890705897990007], [-0.0056300553576001874, -0.02025073327049993, 0.9997790807215]]}