{"translation": [[561.8468160000048], [2321.144287600182], [24.3620767]], "rotation": [[0.041494438852439974, 0.99895722286654, 0.01904077848581986], [-0.9991384240651799, 0.04147348819013996, 0.0014940379399398553], [0.0007027937995398616, -0.019086368842379856, 0.99981759165414]]}