{"translation": [[575.5181450999808], [2324.849286799319], [24.292535600000004]], "rotation": [[0.4283497773176601, 0.90337686914926, 0.02065389692664], [-0.90356382131806, 0.4284529167531801, -0.0006339181252799989], [-0.00942188820144, -0.01839057729288, 0.9997864845284801]]}