{"translation": [[555.1729915000033], [2321.481002099812], [24.4083721]], "rotation": [[-0.1900267223173201, 0.98152460049994, 0.02234595721314], [-0.98177113591914, -0.1900667247237, -0.00033943355642000045], [0.003914060088940002, -0.02200311688218, 0.99975024030462]]}