{"translation": [[567.814959499985], [2322.030808999203], [24.329609]], "rotation": [[0.20954583425270012, 0.9776212852244799, 0.018629887949939875], [-0.9777980556687198, 0.20953079943920017, 0.002777249847839844], [-0.0011884357206601252, -0.018798230296559845, 0.99982259133174]]}