{"translation": [[584.7370135000092], [2330.3022491000593], [24.2546843]], "rotation": [[0.5112245078212801, 0.8593534866446798, 0.012692969692759999], [-0.8594341427310798, 0.5110794966348002, 0.013066228216239999], [0.004741391787559999, -0.01758854750504, 0.99983406733752]]}