{"translation": [[551.9075199000072], [2322.281605400145], [24.4325267]], "rotation": [[-0.31963427267940037, 0.9472601447022603, 0.023070141795179723], [-0.9475314215925003, -0.3196459529581004, -0.0032789187562999537], [0.004268287559699956, -0.02290773825517972, 0.99972847176926]]}