{"translation": [[591.8578335000202], [2258.7785400990397], [23.9943962]], "rotation": [[0.85940065761702, -0.5113004743782801, -0.00153279488296], [0.51129276968452, 0.85936123304622, 0.008831176702840001], [-0.00319816008664, -0.008373226031240001, 0.99995982962424]]}