{"translation": [[590.2467127999989], [2261.4758823001757], [24.0110819]], "rotation": [[0.86001318039646, -0.5102315843557799, -0.006406887877319805], [0.5102682591388199, 0.8598925803224601, 0.014527296854280053], [-0.001903050687720191, -0.015762898345319947, 0.99987394676696]]}