{"translation": [[597.7943437999929], [2338.2207980006933], [24.1949798]], "rotation": [[0.4921736119652599, 0.8703145761753202, 0.01782427945882], [-0.8704969898285202, 0.49207969878967983, 0.009622447745480002], [-0.0003964100636199997, -0.020251896155720005, 0.99979483073958]]}