{"translation": [[603.2461545999977], [2341.4556175991893], [24.1768606]], "rotation": [[0.49295301060344, 0.86993904547556, 0.01426117378512], [-0.87005449233892, 0.49285615770584, 0.009898623890160002], [0.0015824921870400011, -0.017287554804720003, 0.99984930672864]]}