{"translation": [[590.7683437999804], [2260.610730100423], [24.0134512]], "rotation": [[0.86047922636588, -0.50946361869434, -0.004726326770939807], [0.5094771931348601, 0.86037499628252, 0.013706618995620052], [-0.002916609898860193, -0.014202216578219948, 0.9998948896974]]}