{"translation": [[591.5465775000048], [2259.2989627001807], [24.004832]], "rotation": [[0.8597778433161399, -0.51066390278904, -0.0021131293493999465], [0.5106578847636, 0.85972659335264, 0.009936609359039807], [-0.0032575537059599466, -0.009622362758399807, 0.99994839791294]]}