{"translation": [[591.111293599999], [2260.0301323002204], [24.0121447]], "rotation": [[0.8602435426277999, -0.5098701967171, -0.0036621330311], [0.5098715534690599, 0.8601526034982001, 0.012979945981419999], [-0.00346809482558, -0.013033132175299998, 0.99990905075004]]}