{"translation": [[591.6968695999822], [2259.047015200369], [24.0014878]], "rotation": [[0.85960495293902, -0.5109553237226201, -0.0020003678431801926], [0.5109498541317801, 0.85955884816382, 0.009426162616379949], [-0.0030969137392198075, -0.009124863750780053, 0.99995357191884]]}