{"translation": [[589.8273045999813], [2262.1431106999516], [24.004654]], "rotation": [[0.8596761088954199, -0.5108238869069199, -0.003991536337019999], [0.5108249908078799, 0.8595666271951201, 0.014248865630919998], [-0.003847669834179999, -0.014288385876119998, 0.99989051273454]]}