{"translation": [[602.4339006000082], [2340.973887000233], [24.1759829]], "rotation": [[0.49334457977005997, 0.86972321747416, 0.013875675404179827], [-0.8698333350224801, 0.4932633436518, 0.009007044160240101], [0.0009892750867401719, -0.0165131022896799, 0.9998631600155]]}