{"translation": [[608.7221414999804], [2344.671006700024], [24.1656961]], "rotation": [[0.49015885466349995, 0.8714636612580002, 0.017184847348799902], [-0.8716330613988001, 0.4900679865678199, 0.009439781931279827], [-0.0001953155280001017, -0.01960587445527983, 0.99980776728032]]}