{"translation": [[606.3848004000611], [2343.3020820003003], [24.1734077]], "rotation": [[0.4913702883226999, 0.87078763369406, 0.01685523226288], [-0.8709505680953801, 0.49129053120493993, 0.008870398651040001], [-0.0005565819534399975, -0.01903872483632, 0.9998185921253999]]}