{"translation": [[603.9986816999735], [2341.898462300189], [24.1754719]], "rotation": [[0.4925174737042399, 0.8701754177203598, 0.014877548124519724], [-0.8703025239638797, 0.49243878217109993, 0.008810422941139925], [0.0003403308691600736, -0.017287254423379722, 0.9998505063394999]]}