{"translation": [[590.6247358000255], [2260.848907499574], [24.012959]], "rotation": [[0.86029671384942, -0.5097581178371999, -0.006021340651759946], [0.5097906590115999, 0.8601909506187, 0.013603072669199806], [-0.0017547731157599466, -0.014772301804399807, 0.99988934382528]]}