{"translation": [[591.147074599925], [2259.9688122998923], [24.011773]], "rotation": [[0.8601994493813601, -0.5099458100378399, -0.003491163979439999], [0.5099466503901599, 0.8601153617816001, 0.01248952786632], [-0.0033661783874399985, -0.012523792369679999, 0.9999159082012]]}