{"translation": [[615.1025611999794], [2348.374360400252], [24.1495064]], "rotation": [[0.48603941811158013, 0.8737903802813198, 0.01600240584762], [-0.8739368992409198, 0.48595703909036014, 0.008948403795719997], [4.254705401999896e-05, -0.018334369723319997, 0.99983191041478]]}