{"translation": [[590.4720669999951], [2261.104488500394], [24.0114105]], "rotation": [[0.86022526333086, -0.5098794414167399, -0.005955754743319754], [0.50991068739722, 0.8601171187455001, 0.01377143423003986], [-0.0018991240359601392, -0.014883438554679754, 0.9998874319644]]}