{"translation": [[590.9827035999042], [2260.2478592004627], [24.0136627]], "rotation": [[0.86037884858636, -0.5096406594235999, -0.00382736568196], [0.5096427206719599, 0.86028161126156, 0.0134111953724], [-0.0035422777796, -0.01348929788804, 0.99990274083036]]}