{"translation": [[589.9779315000051], [2261.909268900752], [24.0078563]], "rotation": [[0.8597882469360001, -0.5106273236382399, -0.004891343814319806], [0.51064042929808, 0.8596705259315001, 0.014593056087440052], [-0.0032466685285601924, -0.015044655986319946, 0.99988155172766]]}