{"translation": [[591.8153005000204], [2258.8497184999287], [23.997704]], "rotation": [[0.8594930392755, -0.5111439971412, -0.001882758144299947], [0.5111372422811999, 0.85944672495548, 0.009490083045679809], [-0.003232668384299947, -0.009119008145679808, 0.9999531956799801]]}