{"translation": [[591.0791125000105], [2260.085316901095], [24.0126489]], "rotation": [[0.8602950341471, -0.5097839939207399, -0.0035672083962199996], [0.5097828936223799, 0.8601999801015, 0.01331866393734], [-0.0037211293334599997, -0.013276482263820001, 0.99990493958636]]}