{"translation": [[589.7431778999744], [2262.2712446004152], [24.0040411]], "rotation": [[0.8596193037411801, -0.5109190509481598, -0.0040459881119799986], [0.5109213023125598, 0.85951105277616, 0.01414803874304], [-0.003750931192179999, -0.01422910873064, 0.9998917256259799]]}