{"translation": [[607.9627079999773], [2344.226334299892], [24.1696095]], "rotation": [[0.4905864743780799, 0.87121486362156, 0.01759330382412], [-0.87139220140524, 0.4905026046303199, 0.009098238860239999], [-0.0007030396225199999, -0.01979414118104, 0.9998038296044]]}