{"translation": [[591.7905579999788], [2258.8910977002233], [23.9987634]], "rotation": [[0.85950459676848, -0.511124511548, -0.00188977421544], [0.5111177623068001, 0.8594580917223, 0.009508472115100001], [-0.0032358316174400004, -0.0091384726455, 0.99995300774982]]}