{"translation": [[617.5477801000234], [2349.7811526004225], [24.1471646]], "rotation": [[0.48454120887543994, 0.87464275287792, 0.014826786786119827], [-0.87476839284048, 0.48446783216864, 0.0084344734520801], [0.00019405038252017295, -0.0170568547295199, 0.9998545024354399]]}