{"translation": [[589.8855963000096], [2262.0533175002784], [24.0060487]], "rotation": [[0.8597220245669601, -0.5107437642771998, -0.0043419804782399984], [0.5107492660882399, 0.8596086111269601, 0.0144301052952], [-0.0036376823447999986, -0.01462354267824, 0.99988645318896]]}