{"translation": [[591.0144317000522], [2260.194313599728], [24.0131643]], "rotation": [[0.8603744180663, -0.50964865736474, -0.0037580558360199995], [0.50964965702962, 0.86027695469996, 0.01344635687966], [-0.0036199484719399997, -0.01348419334118, 0.9999025315071]]}