{"translation": [[590.042009399971], [2261.8090167995542], [24.0083847]], "rotation": [[0.85987428102008, -0.51048235727068, -0.0048968338072399465], [0.5104947495462799, 0.8597528007707, 0.014840063148259806], [-0.0033655239780399464, -0.015260396585059807, 0.99987788931462]]}