{"translation": [[590.8627266000258], [2260.451446299441], [24.013546100000003]], "rotation": [[0.8605005045935, -0.5094326390852401, -0.004158062267179947], [0.50943833705988, 0.8603985134998, 0.013674807847559808], [-0.003388802271339947, -0.013885455363479807, 0.99989784986486]]}