{"translation": [[591.7608244000585], [2258.9406420998275], [23.9996597]], "rotation": [[0.85954511484878, -0.5110561709417399, -0.00194241775536], [0.5110496875907399, 0.8594978105611, 0.009576938685119999], [-0.0032248500393599997, -0.00922448283312, 0.99995225348732]]}