{"translation": [[589.7995894000051], [2262.185443200171], [24.0040639]], "rotation": [[0.8596523766597599, -0.51086418673276, -0.003948637303360001], [0.51086473034236, 0.8595432713448801, 0.01423410380728], [-0.0038776687462400007, -0.01425360069752, 0.99989089333088]]}