{"translation": [[590.5852548999828], [2260.9148904010653], [24.0128722]], "rotation": [[0.86029160888406, -0.50976478666168, -0.0061826008145], [0.5097994095920001, 0.8601828239478, 0.013787166698799999], [-0.0017100446508199994, -0.01501287000224, 0.9998858382303]]}