{"translation": [[589.6116927000112], [2262.4741785004735], [24.0037075]], "rotation": [[0.85944158978534, -0.5112229875659801, -0.0033439694374400005], [0.51121829951354, 0.85934579955974, 0.01343943459608], [-0.0039969225623200004, -0.013259907386240001, 0.99990409512444]]}