{"translation": [[591.1811847999343], [2259.9113787990063], [24.0114017]], "rotation": [[0.8601959612583, -0.5099520676243801, -0.0034356943923399474], [0.5099523825259, 0.86011268171916, 0.012439828843379809], [-0.0033886319504999474, -0.012452731070499807, 0.9999167198655]]}