{"translation": [[589.9166214999859], [2262.0051316004246], [24.0066909]], "rotation": [[0.8597557479183, -0.5106855136276399, -0.004512441396579807], [0.51069337417396, 0.85964110003404, 0.014472689583640053], [-0.003511912769380193, -0.014747451977959947, 0.9998850829623]]}