{"translation": [[591.2554715999868], [2259.785659299232], [24.0108992]], "rotation": [[0.86011873422076, -0.5100814495074, -0.0035583309071999998], [0.5100836583168, 0.86003648308268, 0.01232449120012], [-0.0032262003294, -0.012415572222879999, 0.99991771920908]]}