{"translation": [[591.2958954001078], [2259.716758401133], [24.0102539]], "rotation": [[0.8600579446299, -0.51018309080754, -0.00367763323002], [0.5101879894163399, 0.85998025885532, 0.01192262873906], [-0.0029200320925799996, -0.012130435886740001, 0.99992215993358]]}