{"translation": [[589.6898250000086], [2262.3542060004547], [24.0044854]], "rotation": [[0.8595555070256, -0.5110272308948799, -0.0039380224829599466], [0.51102866927504, 0.8594503898459, 0.013954747371319808], [-0.0037467207191199466, -0.014007322339639808, 0.99989487297966]]}