{"translation": [[590.6608639999758], [2260.788939799182], [24.013286800000003]], "rotation": [[0.860345499192, -0.50967987437048, -0.005662744673359807], [0.50970722566264, 0.8602408845987, 0.013571425195820053], [-0.002045757277520193, -0.014562456394539947, 0.9998918690316599]]}