{"translation": [[590.922933600028], [2260.349310800433], [24.0136971]], "rotation": [[0.8604315626488801, -0.5095503650118799, -0.003995288655639999], [0.50955382725572, 0.86033025752678, 0.013665867640939999], [-0.0035261798351599997, -0.013794358469739998, 0.99989863573166]]}