{"translation": [[591.2194449999952], [2259.8472519004717], [24.011112]], "rotation": [[0.8601562993596, -0.51001927686944, -0.0033916422062799994], [0.51001872647504, 0.86007204707798, 0.012529877829559999], [-0.0034734219525199995, -0.01250745438604, 0.99991574592062]]}