{"translation": [[590.0736509999842], [2261.7585964007303], [24.0086737]], "rotation": [[0.8598754799164, -0.51047946420432, -0.0049893647840398075], [0.5104932257222401, 0.85975348062296, 0.014853860134680055], [-0.0032929662889201934, -0.015319507004759949, 0.9998772270103999]]}