{"translation": [[589.6385027000215], [2262.434014200233], [24.0039612]], "rotation": [[0.8594576385059001, -0.5111944932603397, -0.0035686880594799986], [0.5111916314273798, 0.8593569012975001, 0.01374081494684], [-0.003957452814039999, -0.013633931828119998, 0.99989922214904]]}