{"translation": [[589.562008399982], [2262.5499333003536], [24.0035486]], "rotation": [[0.8593626405548, -0.51135724724528, -0.0031006207295599998], [0.5113512552462399, 0.8592739318295001, 0.012969193283679998], [-0.00396760850812, -0.012730746484959999, 0.9999110891345401]]}