{"translation": [[569.9590414999984], [2293.3154117995873], [24.2599448]], "rotation": [[0.82280918207736, -0.56829796963624, -0.004736571133160001], [0.56831055347464, 0.82272842635478, 0.01187513250092], [-0.00285170267044, -0.012462811476279999, 0.99991826971358]]}