{"translation": [[569.2221297000069], [2294.3247170997784], [24.2674475]], "rotation": [[0.81335663879222, -0.58174961837952, -0.00428430239146], [0.58175744732712, 0.8132849815384, 0.01121636665344], [-0.0030407583152599997, -0.011615331108240002, 0.9999279163371799]]}