{"translation": [[589.1798419000697], [2263.1320690996945], [24.0008727]], "rotation": [[0.85838805332502, -0.5129999678454599, -0.0009882578049], [0.51299323790154, 0.85836306437708, 0.0071261022607], [-0.0028074063165, -0.0066239306075, 0.9999741206710999]]}