{"translation": [[582.4788689999841], [2273.647935400717], [24.0823633]], "rotation": [[0.8543015137327801, -0.5197755417342799, -0.001516934974159999], [0.5197673881370798, 0.854262403902, 0.00880901523344], [-0.003282850291759999, -0.008314008363039999, 0.99996004928022]]}