{"translation": [[575.5946975000552], [2284.7377377999946], [24.1586164]], "rotation": [[0.8587031175003801, -0.51244723677152, -0.0051761882792], [0.51247336607648, 0.85865709414558, 0.0088910709626], [-0.00011163382160000014, -0.0102874489478, 0.99994707656696]]}