{"translation": [[588.2744354999741], [2264.5462170997635], [24.013360100000003]], "rotation": [[0.8551952379110002, -0.5183058974289798, 0.00034531317586005425], [0.5182945165367798, 0.8551805173554801, 0.006090514083339807], [-0.0034520542804599456, -0.005029604779059808, 0.99998139302652]]}