{"translation": [[587.8621855999809], [2265.188516699709], [24.0218335]], "rotation": [[0.85391579218294, -0.5204107788501, -0.0006762657317399999], [0.5204010604992599, 0.85389028476454, 0.0073575836343000005], [-0.0032515088733, -0.00663468630174, 0.99997270394284]]}