{"translation": [[583.7651313000242], [2271.619332799688], [24.0780223]], "rotation": [[0.85194855899612, -0.52360304560074, -0.004849357138979807], [0.5236163476583401, 0.85184237059534, 0.013802497427340054], [-0.003096141465180192, -0.014298220445939947, 0.99989298167822]]}