{"translation": [[588.3908909999882], [2264.363201599568], [24.0104936]], "rotation": [[0.8556624986796, -0.51753411057472, 0.00038318488975980745], [0.51752427776576, 0.8556503694527999, 0.005575057411519946], [-0.003213154533279807, -0.004572060120640053, 0.99998438583096]]}