{"translation": [[576.6231309999712], [2283.0826498996466], [24.1471831]], "rotation": [[0.8606718285366, -0.50914357275762, -0.00410549406754], [0.50915960041054, 0.86063138944716, 0.008375082982979998], [-0.00073080210162, -0.009298549607259999, 0.9999565005102]]}