{"translation": [[578.53100670001], [2279.987426499836], [24.1188579]], "rotation": [[0.86221627791558, -0.5065375544798799, -0.0016741849698599998], [0.50653406308812, 0.86218448698668, 0.007820500553959999], [-0.0025179208111399997, -0.007590994599959999, 0.99996801792726]]}