{"translation": [[567.3340518000186], [2296.7463210998103], [24.2824964]], "rotation": [[0.77998591041798, -0.6257747259940198, -0.00528818061462], [0.62578930939422, 0.7799063058344601, 0.011570970689019999], [-0.0031165357384199998, -0.01233448101422, 0.99991907061548]]}