{"translation": [[584.486104200012], [2270.4860319998115], [24.069854100000004]], "rotation": [[0.85143055293822, -0.5244593621748801, -0.00290125386624], [0.5244498144523202, 0.85134371571072, 0.012895587607360003], [-0.004293246767360001, -0.012501259373760003, 0.99991263946494]]}