{"translation": [[583.3857572000707], [2272.215921900235], [24.082774800000003]], "rotation": [[0.85257444230582, -0.52256674184834, -0.00638783404126], [0.52260026113526, 0.85244555708838, 0.015017424222219999], [-0.0024023261823399996, -0.01614175588102, 0.9998668273982]]}