{"translation": [[588.1407861000043], [2264.7553179999813], [24.0155289]], "rotation": [[0.85476384071294, -0.5190169941446999, 0.00040900065508005386], [0.5190039094675799, 0.8547473908351, 0.006470757631559807], [-0.0037080250677999456, -0.0053186968289998075, 0.9999789807884]]}