{"translation": [[584.8582836000132], [2269.9023337997496], [24.0654329]], "rotation": [[0.8513331432896599, -0.5246221195757801, -0.0018755735154199998], [0.5246045847207801, 0.8512619061507799, 0.01196677974542], [-0.0046814329145799995, -0.01117165069958, 0.9999266365138799]]}