{"translation": [[572.8464728000108], [2289.0589574007317], [24.2139967]], "rotation": [[0.84903305310768, -0.52833128127588, -0.0029875537460398076], [0.5283394188733199, 0.84902509991288, 0.003719099828240055], [0.0005715912884398074, -0.004736081113839946, 0.99998862134456]]}