{"translation": [[579.4252669999842], [2278.559285500087], [24.1081094]], "rotation": [[0.86084535268718, -0.5088485694891399, 0.004289478216240051], [0.50877516782414, 0.8608198462955, 0.011705057225519806], [-0.009648569843759947, -0.007893863945519806, 0.9999222929833199]]}