{"translation": [[581.8669162999722], [2274.6126119000837], [24.083471300000003]], "rotation": [[0.8556929045051, -0.5174837134586401, -0.0005220339975199999], [0.5174776108332, 0.8556769388400001, 0.0058233718775999995], [-0.0025668075116, -0.00525315892752, 0.99998290776494]]}