{"translation": [[587.5599641000153], [2265.6620147991925], [24.0256709]], "rotation": [[0.85320245197596, -0.5215795606454998, -0.0006034911990199453], [0.5215687574249799, 0.8531760714726, 0.007526532538139807], [-0.003410800923899945, -0.006736418242099807, 0.9999714931493999]]}