{"translation": [[584.3076455999981], [2270.765250099823], [24.0726115]], "rotation": [[0.85158787179756, -0.52419763698296, -0.0038667207698399996], [0.52419794474664, 0.8514882187203, 0.013577395053379999], [-0.0038247707682399993, -0.013589272037819998, 0.9999003464474999]]}