{"translation": [[570.3361782999709], [2292.780683000572], [24.2569616]], "rotation": [[0.82710396185648, -0.56201797173856, -0.005903443719199809], [0.56204841790256, 0.82704271649648, 0.01009633360160006], [-0.0007919205136001908, -0.011668738656799942, 0.999931604364]]}