{"translation": [[574.5754292000202], [2286.360625400208], [24.1772544]], "rotation": [[0.8553612924660601, -0.51801044891772, -0.00471604337582], [0.51803189123828, 0.85532863379736, 0.00747628050972], [0.00016097562318000006, -0.00883798179628, 0.99996093132006]]}