{"translation": [[580.2211114000529], [2277.2546955989674], [24.1013409]], "rotation": [[0.85924142742896, -0.5115697821480399, 0.0007380863102000004], [0.5115447064174, 0.85921195730166, 0.00876602295104], [-0.00511860476404, -0.007154566028000001, 0.9999613052888601]]}