{"translation": [[571.7760739000514], [2290.6910102004185], [24.2370279]], "rotation": [[0.8416972599851, -0.53994155054986, -0.0029696286838199436], [0.53994630105046, 0.84165964263038, 0.008186092732259807], [-0.0019205953849799435, -0.008493651871139807, 0.99996208387372]]}