{"translation": [[586.8883273000247], [2266.714716200717], [24.0362557]], "rotation": [[0.85217260894332, -0.5232598794916, -0.0009794554829199997], [0.5232465255002, 0.85213405086684, 0.0089804878124], [-0.0038645013359199995, -0.008165422451799999, 0.9999591949225201]]}