{"translation": [[585.97314070008], [2268.1516959005967], [24.0509274]], "rotation": [[0.85149585484662, -0.52435874365252, -0.0016502015908201376], [0.52434168183372, 0.85143246486444, 0.011338628679879753], [-0.004540473755619752, -0.010520064814679861, 0.99993435401382]]}