{"translation": [[579.9490631999797], [2277.701998900622], [24.102001]], "rotation": [[0.8597730425182399, -0.51066840670868, 0.0028457918165200003], [0.51062285688548, 0.85975030246512, 0.009680920438519999], [-0.00739041051332, -0.006870268120279998, 0.99994908932912]]}