{"translation": [[586.702139800007], [2267.0048129009083], [24.0392565]], "rotation": [[0.8520003591176601, -0.5235391850984799, -0.001456346545639999], [0.5235300163733598, 0.851960654702, 0.00890932176548], [-0.003423628915479999, -0.00835318649564, 0.9999592506914999]]}