{"translation": [[589.3743763000239], [2262.8348024999723], [24.0030889]], "rotation": [[0.85889623996088, -0.5121421231363598, -0.002770494458159999], [0.5121388331388398, 0.8588304845790201, 0.01113531720132], [-0.0033234803066399987, -0.01098295986372, 0.9999341623639]]}