{"translation": [[585.0516104000271], [2269.5981676997617], [24.062645]], "rotation": [[0.8513460030527, -0.52460140908394, -0.0018328812508200001], [0.52458528544946, 0.85127945589356, 0.01155772687134], [-0.00450290533362, -0.01080112714806, 0.9999315274071]]}