{"translation": [[566.9236298999749], [2297.230278899893], [24.2877538]], "rotation": [[0.7699007656486001, -0.6381260725684801, -0.006920093510759745], [0.6381611034358801, 0.7698222021162799, 0.01114200651775988], [-0.0017827639694401208, -0.012994374016039745, 0.9999139802913201]]}