{"translation": [[583.9398703000043], [2271.3432598002255], [24.0757583]], "rotation": [[0.8517478469707, -0.5239320386033398, -0.004561457691179998], [0.5239423880200199, 0.8516476709329401, 0.013438802375660001], [-0.003156264754259999, -0.01383641204798, 0.9998992907702]]}