{"translation": [[585.6022126000025], [2268.732927900739], [24.0561493]], "rotation": [[0.85147151792702, -0.5243970349837399, -0.0019998585949199997], [0.5243831225314599, 0.85140518909198, 0.011469104782439999], [-0.00431167465068, -0.010814308143239998, 0.9999322278030001]]}