{"translation": [[589.0462350000162], [2263.3358485996723], [24.001362300000004]], "rotation": [[0.857988046134, -0.5136683808807201, -0.0011482432060400001], [0.5136662324012, 0.85797199902086, 0.00557331823072], [-0.0018776767126, -0.005371654188800001, 0.9999838097003]]}