{"translation": [[586.3531126999878], [2267.5514169009402], [24.0452618]], "rotation": [[0.85181872472472, -0.52383175253648, -0.0022773715245999995], [0.5238257106764799, 0.85176463598022, 0.010181400556599999], [-0.0033935557725999995, -0.009865653428599998, 0.9999455748555]]}