{"translation": [[571.0622638000059], [2291.74571570009], [24.2490291]], "rotation": [[0.83450500817558, -0.5509884225823399, -0.00362429728692], [0.5509945856930599, 0.8344481691846201, 0.01006009429836], [-0.00251870751228, -0.01039216727076, 0.9999428278492001]]}