{"translation": [[589.1181049000006], [2263.224970200099], [24.0011059]], "rotation": [[0.8582136156940401, -0.51329078603502, -0.0013935746947], [0.5132885679740999, 0.8581927167486001, 0.0063316779609], [-0.00205403650798, -0.006149238184860001, 0.9999789836798001]]}