{"translation": [[586.1633560999762], [2267.8514449996874], [24.0477261]], "rotation": [[0.8516248180038201, -0.52414798239216, -0.00201221927166], [0.5241365607542401, 0.85156439232188, 0.010905893688479999], [-0.0040027681529399995, -0.010342407391679999, 0.9999385043347]]}