{"translation": [[568.8624126000213], [2294.798891399987], [24.269894]], "rotation": [[0.8084223120536, -0.58858487288524, -0.00460647673611981], [0.5886011676420401, 0.80837619742488, 0.008751898783040061], [-0.0014274689774801902, -0.009786607816159937, 0.99995109112472]]}