{"translation": [[588.8913552999729], [2263.5808241004124], [24.003062]], "rotation": [[0.8574433319083801, -0.5145783647117999, -0.00013195401153994618], [0.5145705341353999, 0.8574288112182, 0.005742592255799808], [-0.002841872787539946, -0.004991847026599808, 0.99998350247382]]}