{"translation": [[573.1841226000106], [2288.5389754995704], [24.2021839]], "rotation": [[0.85036718730878, -0.52618772955506, -0.0014632027645999999], [0.5261897624980599, 0.85036410448478, 0.0022901079778000002], [3.922849100000019e-05, -0.002717354965, 0.999996307215]]}