{"translation": [[539.121122700104], [2306.496788199991], [24.2287895]], "rotation": [[-0.14669942819338, -0.98907204837816, -0.01469046082456], [0.9891000423069599, -0.14648105896999997, -0.014981802848279999], [0.012666208216240002, -0.016728156660119998, 0.99977984374238]]}