{"translation": [[563.0807580000255], [2301.0306290993467], [24.2937944]], "rotation": [[0.6515359190300001, -0.758519587969, -0.012207464388], [0.7586130518746, 0.6515044851915199, 0.006941513543639999], [0.0026879443728000003, -0.01378338681564, 0.9999013917455201]]}