{"translation": [[526.7422149999766], [2302.8008295996115], [24.1779568]], "rotation": [[-0.36786250419690014, -0.9296539685458801, -0.02051847372516], [0.9298674551454001, -0.3676515175575402, -0.013386875629880002], [0.004901515942200001, -0.024003986015, 0.9996998468888]]}