{"translation": [[566.5390021000057], [2297.670282999985], [24.289403]], "rotation": [[0.75967319023712, -0.65025743368856, -0.00786860106168], [0.65030415937016, 0.75959663704334, 0.01083744497346], [-0.0010701662344799997, -0.01334990039106, 0.99991031343022]]}