{"translation": [[507.3740688000107], [2291.964480799623], [24.0571149]], "rotation": [[-0.49466332962330006, -0.8689774359729, -0.013655314679199726], [0.86908470645094, -0.4946051080857, -0.00759088856807993], [-0.00015767722391992704, -0.015622558885599727, 0.99987794795004]]}