{"translation": [[511.253251200018], [2294.2868327992037], [24.058596]], "rotation": [[-0.49866228185908, -0.8666995969581399, -0.01294901615782], [0.86679607775186, -0.49859521809412, -0.00820413469706], [0.0006542024528199989, -0.01531524941794, 0.9998825006718]]}