{"translation": [[521.2848920000251], [2300.206132700667], [24.1424346]], "rotation": [[-0.4529777297306402, -0.8910762361997601, -0.02817795040116], [0.8915196769538402, -0.4528169393652002, -0.01221328392428], [-0.0018764895047599997, -0.030653547595080002, 0.9995283081048]]}