{"translation": [[540.4109890000545], [2306.689202999696], [24.2347451]], "rotation": [[-0.11916887262112019, -0.9927356619395201, -0.01657863820216], [0.9927727726316801, -0.11890157251272027, -0.016272795349960005], [0.01418335828856, -0.018398028720440003, 0.99973013605016]]}