{"translation": [[505.01929849997396], [2290.5665915003046], [24.0555152]], "rotation": [[-0.4915014628772202, -0.87072008715864, -0.016518990129879826], [0.8708767507250401, -0.49141693711944023, -0.009116698067640101], [-0.0001796192006798293, -0.0188668745559599, 0.99982198854878]]}