{"translation": [[551.7125557999825], [2306.4969052001834], [24.2780093]], "rotation": [[0.21470196701366007, -0.9765240950179199, -0.01742470177546], [0.97665166640424, 0.21479646019440013, -0.0037237395619199995], [0.007379084790979999, -0.016218371556239997, 0.9998412441503]]}