{"translation": [[542.9777404000051], [2306.9644387997687], [24.2503551]], "rotation": [[-0.06207901020529982, -0.9978732621438, -0.019880408747999855], [0.9979990798184399, -0.06182262080679979, -0.013262039059920133], [0.012004775509920147, -0.020663922593999857, 0.99971440306214]]}