{"translation": [[525.4054020000622], [2302.220098800026], [24.1664899]], "rotation": [[-0.3890490924097597, -0.92106738707988, -0.016597753115239887], [0.92120726443836, -0.3888993639368997, -0.011587663745879832], [0.004218162707319889, -0.01979814291635983, 0.9997950993143001]]}