{"translation": [[527.3829093999811], [2303.0654841000214], [24.1840311]], "rotation": [[-0.35762330449881996, -0.93365345914174, -0.01992782032452], [0.93384809903134, -0.35740247192433994, -0.01383938782956], [0.005798941780680001, -0.023558840222040002, 0.99970563337048]]}