{"translation": [[508.18616689997725], [2292.450164599344], [24.057398000000003]], "rotation": [[-0.4955945772200201, -0.8684470509779798, -0.013638255939499999], [0.8685535396419799, -0.4955514957725201, -0.006612953395900001], [-0.001015456945900002, -0.015122897370499998, 0.9998851268235]]}