{"translation": [[551.1309352000244], [2306.6098879007623], [24.2777881]], "rotation": [[0.19374233833015997, -0.9808941336792801, -0.01762416883031987], [0.9810262942656801, 0.19383709172407992, -0.003820772900880156], [0.007163991396720126, -0.016549527479279846, 0.99983738196208]]}