{"translation": [[523.3368247000035], [2301.252524599433], [24.1508019]], "rotation": [[-0.42190868228916, -0.9064829674829199, -0.0167920543588], [0.9066369177332, -0.4218011379762, -0.0096736239994], [0.0016860692370800007, -0.01930567951144, 0.9998122063398]]}