{"translation": [[529.3895921999938], [2303.8469090992585], [24.1954274]], "rotation": [[-0.3257543667364199, -0.9452973055457201, -0.017240198434759837], [0.94543534429372, -0.3255775133616998, -0.012305295538840112], [0.006019142321240164, -0.020307995127159882, 0.99977565247472]]}