{"translation": [[506.616633299971], [2291.514000000432], [24.0568261]], "rotation": [[-0.4937877954100802, -0.8694576252351602, -0.01473609171164], [0.8695824619471602, -0.49372149687720024, -0.00809486041872], [-0.00023738663363999987, -0.016811389345280002, 0.99985865043288]]}