{"translation": [[532.0073912999942], [2304.7478587003425], [24.2013157]], "rotation": [[-0.2841798118691998, -0.9586610571436, -0.0145215681018], [0.9587409102707999, -0.2840182208869798, -0.012230333891839999], [0.007600355053400001, -0.01739803466784, 0.9998197552567799]]}