{"translation": [[543.6416342000011], [2307.007968099788], [24.252122600000003]], "rotation": [[-0.04577989430439988, -0.99875191934716, -0.01996982120772], [0.99887335098028, -0.045517040977059886, -0.01342447638234], [0.012498754343160001, -0.02056189351878, 0.9997104529171]]}