{"translation": [[545.5215518000186], [2307.0733780004084], [24.2613333]], "rotation": [[0.005086302382619756, -0.9997934470125002, -0.019676140187619998], [0.9999250366945002, 0.005304119474999758, -0.0110338103625], [0.01113589571262, -0.019618544555500002, 0.9997455198826201]]}