{"translation": [[564.8688696000027], [2299.4192303996533], [24.2923759]], "rotation": [[0.70988503234556, -0.7042440813659802, -0.01017563138446], [0.7043167141444601, 0.7098328602927, 0.00867786793802], [0.0011116608459800009, -0.013327155592460001, 0.9999105715727]]}