{"translation": [[549.9107784000225], [2306.8039798000827], [24.276966]], "rotation": [[0.1503936739134999, -0.98845257236736, -0.01852912741151985], [0.98858785090944, 0.15052655803255988, -0.005990816731239872], [0.008710764406079846, -0.017416688296039873, 0.9998103728051]]}