{"translation": [[509.7320326999761], [2293.373844199814], [24.0572059]], "rotation": [[-0.49723309549107997, -0.8675169371919202, -0.013174418591440001], [0.8676169135920802, -0.49718107094657993, -0.007199084297059998], [-0.00030474419655999833, -0.01500997171594, 0.99988729758734]]}