{"translation": [[528.0720055000274], [2303.342175499536], [24.189256]], "rotation": [[-0.34676948948641984, -0.93776385473082, -0.01870720361424], [0.93793227837318, -0.34656972439921985, -0.01313593727904], [0.005835057186240001, -0.02210123125296, 0.9997387097143601]]}