{"translation": [[562.5969806999783], [2301.4236805001274], [24.2931944]], "rotation": [[0.63438310064246, -0.77290367082698, -0.01334159390258], [0.7730104661126199, 0.63436195841126, 0.006302847567219999], [0.003591905626819999, -0.014311611694179998, 0.9998911320663599]]}