{"translation": [[524.0529958999832], [2301.59456279967], [24.151469100000003]], "rotation": [[-0.41065797950404037, -0.91170838938606, -0.01216257437829989], [0.9117809729360999, -0.4105598642032403, -0.009805453253939835], [0.003946249375059891, -0.015116290712099833, 0.99987795499196]]}