{"translation": [[557.5015339999809], [2304.586038299836], [24.291498]], "rotation": [[0.43520374630848, -0.9001926432469598, -0.015842743419759997], [0.9003121475005598, 0.43524372851390003, 0.0010110004688799997], [0.005985360301839999, -0.01470340447208, 0.99987398474942]]}