{"translation": [[514.2225073999725], [2296.075549799949], [24.065821300000003]], "rotation": [[-0.49981711335201984, -0.8660236145004999, -0.013630226827199728], [0.8661286855314999, -0.4997186151920199, -0.010111206484799927], [0.0019452648528000731, -0.016859286004799728, 0.9998559798309999]]}