{"translation": [[523.2154760999838], [2284.2974184006453], [24.0036576]], "rotation": [[0.2831985763482199, 0.9588838398851001, 0.018447085773920003], [-0.9590420915371001, 0.28301889321733986, 0.011769440976400002], [0.006064653863920002, -0.0210246209944, 0.99976056396912]]}