{"translation": [[499.88516599999275], [2272.08762429934], [23.9072464]], "rotation": [[0.47574895244942017, 0.8794040642212, 0.01764649133086], [-0.879563352598, 0.4757710387398002, 0.003193751078000003], [-0.005587091517140002, -0.0170406311684, 0.9998391877143801]]}