{"translation": [[530.3766255999799], [2285.50937889982], [24.0267067]], "rotation": [[0.020759255691200185, 0.9996789125287998, 0.014533905279199861], [-0.9997717702596799, 0.020830321493040094, -0.004755454202800142], [-0.005056673734240139, -0.014431867449679855, 0.9998830687964]]}