{"translation": [[499.21728909999365], [2287.1780807999894], [24.0246712]], "rotation": [[-0.48281605844499964, -0.8755811738579999, -0.015697845166], [0.875721071226, -0.4827136441084996, -0.0100151805255], [0.0011915402620000012, -0.018582422221499997, 0.9998266218875]]}