{"translation": [[526.1923127999762], [2285.037305800244], [23.9992063]], "rotation": [[0.17022261027128005, 0.9853048421092001, 0.014095649335], [-0.9854055787508, 0.17019929075750007, 0.002846586658600001], [0.000405685607, -0.0143744845114, 0.9998965994647799]]}