{"translation": [[531.3291915999143], [2285.5328727001324], [24.02865]], "rotation": [[-0.007747827832500054, 0.9998680561625002, 0.01427977678949986], [-0.9999434848017001, -0.007642800035880137, -0.007394957629540141], [-0.007284844676900144, -0.01433626386245986, 0.99987069293262]]}