{"translation": [[502.51461840001866], [2273.5657617002726], [23.9200333]], "rotation": [[0.4755773448210201, 0.8795639295422399, 0.013913000364039725], [-0.87966125357856, 0.47559600157528015, 0.0021472943386799306], [-0.004728285472839931, -0.013259930942279724, 0.9999009038723]]}