{"translation": [[535.5174157000729], [2285.373751799576], [24.0454048]], "rotation": [[-0.10816647884899977, 0.99384290820564, 0.02401014426348], [-0.9941328891992399, -0.10813228378081985, -0.002721796340939997], [-0.0001087684186800008, -0.02416367878254, 0.99970800979582]]}