{"translation": [[538.0165177999297], [2285.0707995994017], [24.0361612]], "rotation": [[-0.15814231098865972, 0.9871119209715599, 0.02451250847652], [-0.9874132182166798, -0.15815438757849964, -0.0014574976337599962], [0.0024380498259599995, -0.024434469182079997, 0.9996984608252]]}