{"translation": [[503.3983638000209], [2289.6115290001035], [24.0499164]], "rotation": [[-0.48900636718369994, -0.87207775803312, -0.01879056061464], [0.8722801631572801, -0.48888955530879996, -0.01068868786976], [0.00013485768216000074, -0.02161747048096, 0.99976630607966]]}