{"translation": [[518.2760539000737], [2282.25094659999], [23.9937192]], "rotation": [[0.43334688356599993, 0.9008788578542402, 0.025054531813679896], [-0.9012228998289602, 0.4332630997270399, 0.008963192708639834], [-0.0027804526687201063, -0.026463889942559833, 0.9996459031036]]}