{"translation": [[520.7222245999146], [2283.3878485988826], [23.9791124]], "rotation": [[0.37015533713813986, 0.9289437438323602, 0.00696478155028], [-0.9289664542017202, 0.3701232996286399, 0.0054800581276400005], [0.0025128380783600002, -0.00849852127828, 0.9999607296181401]]}