{"translation": [[507.1565517000272], [2276.1699189003557], [23.9556143]], "rotation": [[0.47434382107375994, 0.8801847926484, 0.01651446982224], [-0.88033138258224, 0.47433743894565994, 0.0045506449965], [-0.0038280234923999982, -0.01669677572274, 0.9998532712016599]]}