{"translation": [[505.6188182000187], [2275.3088324004784], [23.9484002]], "rotation": [[0.47479307246271985, 0.8799598618939201, 0.01556544904608], [-0.8800900000636801, 0.47478785804701984, 0.0042643929255799995], [-0.0036377927764799983, -0.01572369914318, 0.9998697574057399]]}