{"translation": [[530.8329619999859], [2285.5278820004314], [24.0277924]], "rotation": [[0.006405638557500093, 0.9998796721781, 0.014124255114799998], [-0.9999701845980999, 0.0064656662055001535, -0.004208408859999999], [-0.0042992246248, -0.014096877501999998, 0.999891391452]]}