{"translation": [[513.4347044000751], [2279.6613285997882], [23.9880418]], "rotation": [[0.46695324800750004, 0.8841189541105, 0.016978124795999826], [-0.8842685121416599, 0.4669659535427, 0.0034516999411201036], [-0.004876491957119827, -0.016625004669599895, 0.99984990324684]]}