{"translation": [[519.4872377999709], [2282.8380794003606], [23.9888849]], "rotation": [[0.40719659022639987, 0.9131328040860001, 0.019475663483999893], [-0.9133399697544, 0.40712616201861984, 0.007633498094939833], [-0.0009586527708001086, -0.020896237608059833, 0.99978119015878]]}