{"translation": [[527.5577650999767], [2285.2627012003213], [24.0069359]], "rotation": [[0.11835611999328, 0.9929061685034399, 0.01136493216032], [-0.99297115005416, 0.11834442988631999, 0.001698042977159999], [0.0003410209804800002, -0.01148602357876, 0.9999339753036001]]}