{"translation": [[503.558958599926], [2274.1540249995887], [23.9289057]], "rotation": [[0.47529443060685983, 0.8797196373757202, 0.013734700666440003], [-0.8798193459411602, 0.4752969271568598, 0.003290546354079998], [-0.0036333035290799995, -0.013648032941440002, 0.99990026018456]]}