{"translation": [[506.6322981999838], [2275.8770369002596], [23.9525702]], "rotation": [[0.47447037410957993, 0.8801275343965, 0.01591713341604], [-0.8802634437981001, 0.47446562157509997, 0.004314081884199999], [-0.0037551899759599976, -0.016058175081, 0.99986400752952]]}