{"translation": [[511.088701199973], [2278.362705600448], [23.9741437]], "rotation": [[0.47161138852637996, 0.88166706402212, 0.015679124127800002], [-0.8817898710921199, 0.47163704740087986, 0.0022510582852], [-0.005410171359799999, -0.014887318182800001, 0.9998745410255]]}