{"translation": [[510.58885449997615], [2278.083176200278], [23.9713255]], "rotation": [[0.47232406574142005, 0.88126262736206, 0.01691598580475983], [-0.8814029063844601, 0.47236103188950007, 0.0019910321957201035], [-0.006235830165639828, -0.015850211578919898, 0.99985493208408]]}