{"translation": [[533.6892965000006], [2285.497655099258], [24.0444922]], "rotation": [[-0.06740598467764003, 0.9975029470623801, 0.021077362147259998], [-0.99771925627646, -0.06731514511570003, -0.00499081766058], [-0.003559529233979999, -0.02136570166506, 0.9997653907459]]}