{"translation": [[500.95557450002525], [2272.690426099114], [23.9148367]], "rotation": [[0.47564041949309976, 0.8794725500955601, 0.01715285466202], [-0.8796262814754802, 0.4756507982690398, 0.0037307497839599987], [-0.004877676933059998, -0.01686259721228, 0.9998459186702999]]}