{"translation": [[498.40157779998844], [2286.708090700209], [24.0246984]], "rotation": [[-0.48188945312499976, -0.8760614764085999, -0.0172885049902], [0.8762314589178, -0.4817724329133798, -0.010667763066779998], [0.0010164914145999997, -0.02028941396022, 0.99979363192262]]}