{"translation": [[502.01058100006776], [2273.284084099345], [23.9190212]], "rotation": [[0.4754891411828598, 0.8795993099208402, 0.01466676351543983], [-0.8797108391496403, 0.47549963746157975, 0.0029862359124801013], [-0.004347349522639829, -0.014322433769119899, 0.9998879779452801]]}