{"translation": [[529.4296815000125], [2285.4477115999907], [24.0187494]], "rotation": [[0.05299774673771995, 0.99848986463524, 0.014469124073519999], [-0.9985623765981599, 0.05310704063627991, -0.007276589374360001], [-0.00803401352932, -0.014062678656240002, 0.999868839255]]}