{"translation": [[512.9873643000028], [2279.413915700279], [23.9841391]], "rotation": [[0.4679680208412599, 0.8835979908695801, 0.016140878965159998], [-0.8837277332926601, 0.4679961022786998, 0.002224327686919998], [-0.005588457027079998, -0.01530505653316, 0.9998672533862]]}