{"translation": [[516.1329718999914], [2281.1319883000106], [23.9994242]], "rotation": [[0.4565411097910199, 0.8894124205760802, 0.0227095432425], [-0.8896932943399202, 0.4565025706723199, 0.007155915871599999], [-0.004002403760900001, -0.023471498682000002, 0.9997164945593401]]}