{"translation": [[514.350904800056], [2280.16968580056], [23.9953007]], "rotation": [[0.46417021795269975, 0.8855652162920999, 0.0178987334304], [-0.88574339280138, 0.46412379986373975, 0.006917276722799997], [-0.0021815301021599967, -0.01906447749312, 0.9998158763799999]]}