{"translation": [[535.0895939000184], [2285.4057519007474], [24.0437525]], "rotation": [[-0.09916988439700025, 0.9947645447483402, 0.024672734475619865], [-0.9950670536297401, -0.09907406716868028, -0.005079103206539853], [-0.0026080827258198654, -0.025054720520939853, 0.9996826790826799]]}