{"translation": [[513.914397799992], [2279.9271979006007], [23.9921639]], "rotation": [[0.46557728417309996, 0.8848237429266801, 0.018017761481659726], [-0.88499909650172, 0.4655635150334, 0.005207299874439932], [-0.003780868515139934, -0.018370104356359725, 0.99982410666446]]}