{"translation": [[496.586622599978], [2270.2337015001103], [23.8872173]], "rotation": [[0.47591058092976013, 0.87935115416244, 0.01583190394707983], [-0.87947989967588, 0.47592672462576013, 0.002973449838840103], [-0.0049201194608398295, -0.015338937741079898, 0.9998702462865601]]}