{"translation": [[540.9736182999332], [2284.5416545998305], [24.0286542]], "rotation": [[-0.2063398303873598, 0.9783337602571601, 0.016942068121159844], [-0.97847276999924, -0.20623870331079985, -0.007532685659920124], [-0.003875371098440156, -0.018131644280719873, 0.9998280977196]]}