{"translation": [[541.5453712000162], [2284.4279856998473], [24.0214921]], "rotation": [[-0.20984881664127997, 0.9776424508468802, 0.013359321623679846], [-0.9777275027611201, -0.20977915359647992, -0.0064339795312801235], [-0.0034876233516801577, -0.014411941236719874, 0.99989006016224]]}