{"translation": [[544.7041229999741], [2283.791441800073], [24.0336916]], "rotation": [[-0.20371292817969988, 0.9789077827935599, 0.015503032648479999], [-0.97902395246916, -0.20362794254567984, -0.006892740144239999], [-0.0035905050852800017, -0.01658198303064, 0.99985606268198]]}