{"translation": [[572.659999000025], [2250.4656322998926], [23.8395727]], "rotation": [[-0.8252340032317801, 0.56474471277034, 0.00721295731299994], [-0.56477959162666, -0.8250700060400201, -0.01683078965299981], [-0.0035539045113999407, -0.01796307312979981, 0.9998323348172]]}