{"translation": [[560.5039028999745], [2268.8608544999734], [23.9275997]], "rotation": [[-0.8545741288693, 0.5192662466866399, 0.008113199321619805], [-0.5193289892530398, -0.85444435683972, -0.014914511594960055], [-0.0008123254758201906, -0.016958973632559948, 0.9998558562894201]]}