{"translation": [[561.3592513999902], [2267.5017050998285], [23.9229514]], "rotation": [[-0.8544810938440002, 0.5194042730548399, 0.009032808114119946], [-0.5194814256646, -0.8543094816040002, -0.01716648558419981], [-0.0011995330457999446, -0.019360810164119807, 0.99981184239024]]}