{"translation": [[549.8179743000073], [2282.3087142994627], [24.0441502]], "rotation": [[-0.4525089682333001, 0.8913992918240402, 0.025353240801179833], [-0.8917198793955602, -0.4525747217611602, -0.0034100618619601047], [0.00843451090997983, -0.0241510738215599, 0.9996727387627]]}