{"translation": [[565.0492344999802], [2261.6939537003636], [23.8954299]], "rotation": [[-0.8480947963102599, 0.52981181260706, 0.0058843860952600005], [-0.52983007899134, -0.8479375201892999, -0.01679331892022], [-0.00390770696534, -0.017360051450020002, 0.9998416666838]]}