{"translation": [[577.6441692999797], [2243.5410714000463], [23.8154595]], "rotation": [[-0.8187953177876199, 0.57400458433116, 0.00966287449728], [-0.57408469619196, -0.81864295448354, -0.015839224926359998], [-0.0011813445403199988, -0.018516387738839995, 0.9998278591080799]]}