{"translation": [[554.9023749000626], [2277.477791299112], [23.9710375]], "rotation": [[-0.8250281171418002, 0.5649193345909, 0.013961424536499942], [-0.56505890492402, -0.8249949198851403, -0.009590942130099811], [0.00609999473614006, -0.01580182300401981, 0.9998565359427]]}