{"translation": [[558.1054121999769], [2272.6509005995467], [23.9541387]], "rotation": [[-0.8520351487396202, 0.5233628935336999, 0.01129116983638], [-0.5234815927469, -0.8519059684450001, -0.0149447819563], [0.001797470280620001, -0.018644198148099998, 0.99982456610438]]}