{"translation": [[558.8825267999782], [2271.435022799298], [23.9508375]], "rotation": [[-0.8534821685088998, 0.5209503889283, 0.0133639810937], [-0.5211144574490201, -0.8533253928144399, -0.0165895122779], [0.00276151277986, -0.02112301956298, 0.9997730702799]]}