{"translation": [[539.7875442000222], [2284.778464600444], [24.0425098]], "rotation": [[-0.18875221266599995, 0.9816655291627199, 0.026564824207039872], [-0.9820230235822398, -0.18873563766336, -0.0031526249092798473], [0.0019189022563201267, -0.026682330166239845, 0.9996421215419999]]}