{"translation": [[540.6763552000048], [2284.601455900818], [24.0318129]], "rotation": [[-0.2026722323241602, 0.9790448640031202, 0.019882879829760003], [-0.9792428382578402, -0.20257233852520018, -0.00693684109108], [-0.0027637586620800018, -0.020876070336760002, 0.9997782510955999]]}