{"translation": [[560.9107439999934], [2268.2136199995875], [23.9251232]], "rotation": [[-0.8544354387954002, 0.5194908003416199, 0.008342981875339805], [-0.5195561967846998, -0.8542828871328402, -0.016196393810380055], [-0.001286611350500191, -0.018173418783099946, 0.9998340219758]]}