{"translation": [[567.0737868000288], [2258.602508000098], [23.878787]], "rotation": [[-0.84136636474612, 0.5404157834482799, 0.007327148305719998], [-0.5404553101618799, -0.8411901952675401, -0.017532224803620003], [-0.0033111659786799977, -0.01871101784298, 0.99981945070958]]}