{"translation": [[575.1007234000135], [2247.050331599079], [23.8243422]], "rotation": [[-0.82097299926138, 0.5709256620232999, 0.006846981716339999], [-0.5709569537018999, -0.8208297974865, -0.0156926363683], [-0.0033391218626599986, -0.016792565616900002, 0.99985341924588]]}