{"translation": [[3436.7308239000267], [2117.5719539001584], [21.0449314]], "rotation": [[0.26507957960918005, 0.9640928583651198, 0.016052255336299996], [-0.9641618760711199, 0.26521780197168, -0.007161860463999999], [-0.011162042063499997, -0.0135785110988, 0.9998455044815]]}