{"translation": [[542.9517175999936], [2284.1487519005314], [24.0313172]], "rotation": [[-0.20696965538388012, 0.9782089659741802, 0.01645614635762], [-0.9783454388906201, -0.20690650354068008, -0.00547038464542], [-0.001946295747820001, -0.01723199912878, 0.99984962376444]]}