{"translation": [[562.2377293001045], [2266.103650400415], [23.9140497]], "rotation": [[-0.8537886677723202, 0.52056989105296, 0.00722583283824], [-0.5206097669569599, -0.8536024040020002, -0.01813063007928], [-0.0032702721777599993, -0.01924156249272, 0.99980951567032]]}