{"translation": [[3436.175347500015], [2117.419996299781], [21.0452086]], "rotation": [[0.23864247848368003, 0.9709799768856, 0.01573732867848], [-0.9710497209204001, 0.23877372126950003, -0.007039963995899999], [-0.01059332464848, -0.013601694008099999, 0.99985137665318]]}