{"translation": [[551.924384700018], [2280.8952907007188], [24.0220746]], "rotation": [[-0.6499535096093803, 0.75942327644552, 0.028922746126], [-0.75989549059048, -0.6499621587065803, -0.010384523723800002], [0.010912443858799999, -0.028727724335, 0.9995277066530399]]}