{"translation": [[553.9245987000177], [2278.7799872001633], [23.9827541]], "rotation": [[-0.7906746771955598, 0.6120034702408799, 0.016890928016999998], [-0.6121973790485999, -0.7906351284025999, -0.0105099484476], [0.00692243614488, -0.018650531988839997, 0.9998020991846001]]}