{"translation": [[549.4468999999808], [2282.490141299553], [24.045443]], "rotation": [[-0.4167518382598798, 0.9087037403706, 0.02398929099124], [-0.9089839301917999, -0.4168261948088998, -0.0020509794170999983], [0.008135631435239998, -0.0226606288523, 0.99971011168998]]}