{"translation": [[569.7477016000194], [2254.6345002995804], [23.8583195]], "rotation": [[-0.83248083019506, 0.55402685584184, 0.005460440408180001], [-0.55403216094808, -0.83232091252836, -0.01703435519944], [-0.0048926514945400006, -0.01720603463512, 0.99983999436174]]}