{"translation": [[575.7031492000679], [2246.2162379007787], [23.820832]], "rotation": [[-0.8201205680161595, 0.5721463625877999, 0.007135464508199999], [-0.5721835643901999, -0.8199833933972794, -0.015274958089079997], [-0.0028885494497999996, -0.016610101759079995, 0.99985787030512]]}