{"translation": [[543.5213594000088], [2284.0265802005306], [24.0325157]], "rotation": [[-0.20568629210692002, 0.9784928501523399, 0.015649595637859844], [-0.97860132285146, -0.20556316070458003, -0.009124487723020127], [-0.0057112657310601535, -0.01719149683957987, 0.9998359034775]]}