{"translation": [[557.356332299998], [2273.8189510004595], [23.9592911]], "rotation": [[-0.8502942142266593, 0.5261837538093199, 0.011415734651359807], [-0.5262961991772399, -0.8502184008935993, -0.011869879314280053], [0.0034601303571198056, -0.016100948123559944, 0.9998643842847]]}