{"translation": [[541.2487648000242], [2284.487150400877], [24.0244641]], "rotation": [[-0.20882282670052, 0.97784118652844, 0.014820132379000001], [-0.97794721972844, -0.20874325628801993, -0.006744162384499998], [-0.003501117035000002, -0.0159016423525, 0.9998674311875]]}