{"translation": [[540.0869463000563], [2284.723387800157], [24.0381342]], "rotation": [[-0.19381454157300004, 0.9807314589664999, 0.024531432052499996], [-0.9810361295860199, -0.19380512532114003, -0.0027835473600999992], [0.0020244041068600022, -0.02460571239498, 0.9996951839043]]}