{"translation": [[573.2357814999996], [2249.6534278001636], [23.8360251]], "rotation": [[-0.82408524988962, 0.5664148254347999, 0.0075866978418], [-0.5664552665388, -0.82391523641962, -0.0170858352368], [-0.0034268742222000005, -0.0183777115808, 0.9998252428459999]]}