{"translation": [[555.5774191999808], [2276.511148300022], [23.9712568]], "rotation": [[-0.8375720866114601, 0.5461407762093001, 0.01425937052731981], [-0.5462988736768201, -0.8375081525621001, -0.011735091212760057], [0.0055333268265998084, -0.017618862274199943, 0.9998294644556001]]}