{"translation": [[559.6794042999973], [2270.173639100045], [23.9370625]], "rotation": [[-0.8544875793164999, 0.5193725249193799, 0.01017185682884], [-0.51947058137278, -0.8543689152208198, -0.01429619849716], [0.00126546461996, -0.01749990177436, 0.99984606418332]]}