{"translation": [[3435.0241923999856], [2132.707296599634], [21.0493119]], "rotation": [[-0.5218230022504998, -0.85285757560512, -0.018301116555659823], [0.8530406768459999, -0.5218143098808398, -0.005625874189120098], [-0.004751713411499824, -0.018547305659599903, 0.9998166925487]]}