{"translation": [[3440.178197100002], [2118.8517180001363], [21.0432464]], "rotation": [[0.39121349957816, 0.92024998137872, 0.009587663740679998], [-0.92022937413328, 0.39129127586486, -0.008306033707920001], [-0.01139519661132, -0.005573417815920001, 0.99991954001406]]}