{"translation": [[3483.3806855999865], [2162.551750799641], [21.1881439]], "rotation": [[-0.51165096324922, -0.8589429935395599, -0.020737690132519998], [0.85917969471244, -0.51162961479888, -0.006724254131959999], [-0.004834266911480001, -0.021257874990039997, 0.9997623380519001]]}