{"translation": [[3471.717326199985], [2137.6738040996715], [21.2017771]], "rotation": [[0.5212012940191801, 0.8533491795593199, 0.012018106832939902], [-0.85343278833732, 0.5211707146092002, 0.005797245996439826], [-0.0013164107260600988, -0.013278178180439824, 0.99991097456502]]}