{"translation": [[3443.3552240999998], [2120.4150560004637], [21.0635575]], "rotation": [[0.4530813109062001, 0.8914115670177398, 0.01013862582378], [-0.8914325976834598, 0.4531364850471601, -0.003911207063739999], [-0.008080676576619998, -0.007265806242539998, 0.9999409536221999]]}