{"translation": [[3488.3638760999893], [2165.6204826999456], [21.20364]], "rotation": [[-0.5111815051177802, -0.8592535475392999, -0.0194035948877999], [0.8594647820463, -0.5111428893937802, -0.007274935060599829], [-0.0036669981658001005, -0.020395521546599828, 0.9997852648350001]]}