{"translation": [[3444.7397896000184], [2138.786978200078], [21.061104800000003]], "rotation": [[-0.5139343429365003, -0.8575582004678202, -0.021570846875740003], [0.8578234241741001, -0.5138624899614603, -0.009175610538820003], [-0.003215830027300002, -0.023219640413500005, 0.9997252156038]]}