{"translation": [[3463.889335200016], [2150.5981552004814], [21.1161403]], "rotation": [[-0.5093952569809802, -0.86032313284486, -0.01898620324214], [0.86053005781654, -0.5093234588957202, -0.008805139064380001], [-0.002094854603260001, -0.02082349566442, 0.9997809728122999]]}