{"translation": [[3436.067566199985], [2133.365425599739], [21.0438784]], "rotation": [[-0.52047748945794, -0.8537013305131599, -0.01724084914974], [0.8538653032443598, -0.52046344469892, -0.0056455539230800015], [-0.004153614662060002, -0.017659746423479998, 0.9998354268799801]]}