{"translation": [[3468.123167600017], [2153.1894875997677], [21.1278667]], "rotation": [[-0.5089347811016401, -0.8605902492712, -0.0192355210260799], [0.86080136958992, -0.5088720508941001, -0.008392362461059826], [-0.0025660323320001004, -0.020829126119299827, 0.9997797572523]]}