{"translation": [[3438.379024899972], [2118.115493999794], [21.0410078]], "rotation": [[0.33396738163740014, 0.9424873171604199, 0.013545653803539883], [-0.9425058989273799, 0.33409075811270006, -0.008126227068140162], [-0.012184343737060113, -0.010052963295739835, 0.99987523206854]]}