{"translation": [[3475.2715334999957], [2157.561314499937], [21.1479016]], "rotation": [[-0.5089357596501797, -0.8605519858330798, -0.020851151261159995], [0.8607950648626798, -0.5088945908424998, -0.007632168597240001], [-0.0040431594363599995, -0.021832850665559997, 0.99975345936368]]}