{"translation": [[3446.864807999984], [2122.3743626996875], [21.079807]], "rotation": [[0.48547978879800013, 0.874222037319, 0.006720087842999828], [-0.8742268640933999, 0.4855070635611801, -0.003199496543739898], [-0.006059720473799828, -0.004321590740739898, 0.9999723014358199]]}