{"translation": [[3453.0255276000244], [2126.034622799605], [21.1240734]], "rotation": [[0.5010825369743601, 0.8653063019094398, 0.012701139686519997], [-0.8653958160321198, 0.5010693199646001, 0.004431943043040001], [-0.0025291634246400003, -0.01321228219668, 0.9999095153741999]]}