{"translation": [[3470.1034025999834], [2154.401973900385], [21.1329472]], "rotation": [[-0.50881418966932, -0.8606476475226, -0.019843512921159826], [0.8608684512906001, -0.5087732328269, -0.007438073069700101], [-0.0036942879911598253, -0.020867251191299903, 0.99977542981742]]}