{"translation": [[3480.3108117000666], [2160.656943500042], [21.1732467]], "rotation": [[-0.5108174332580196, -0.8594264989297199, -0.02125206435776], [0.8596788286273199, -0.5107767067052997, -0.007711998406439999], [-0.004227163590559999, -0.022209372950759997, 0.99974440475672]]}