{"translation": [[3459.8460084000835], [2130.2013559993356], [21.1442745]], "rotation": [[0.5116990075093399, 0.85911595075518, 0.00916035189202], [-0.85916341280982, 0.5116881649020399, 0.0036681280024199996], [-0.0015358963979800002, -0.00974721663258, 0.99995131521014]]}