{"translation": [[3478.2845176000264], [2159.4103415003046], [21.1671235]], "rotation": [[-0.5100167873317204, -0.8599104091469002, -0.020907946633900006], [0.8601535854319001, -0.5099823321997204, -0.007348990443500003], [-0.004343208523900003, -0.021732152049500002, 0.999754394907]]}