{"translation": [[3440.768962399976], [2119.1195599995553], [21.0481693]], "rotation": [[0.40617007631948, 0.9137539080342599, 0.00892075862486], [-0.9137253809340599, 0.4062412951534, -0.00859381398762], [-0.01147661183594, -0.004660574434980001, 0.9999232802649201]]}