{"translation": [[3479.3389058000175], [2160.058789799921], [21.1687498]], "rotation": [[-0.5103592272449, -0.8596980857375999, -0.021272576634899825], [0.8599490047965598, -0.5103277159688, -0.007293383161920101], [-0.004585879085579829, -0.022015577840399897, 0.9997471100344599]]}