{"translation": [[3464.330563800002], [2133.0006412994117], [21.170273]], "rotation": [[0.51821491631942, 0.85514984886726, 0.01311647240486], [-0.85524887413026, 0.5181823204903, 0.0060374988664200005], [-0.0016337579281400002, -0.014346570180420001, 0.99989574794588]]}