{"translation": [[3442.0404259000206], [2119.732824300416], [21.0552196]], "rotation": [[0.4327993587570801, 0.90144226778576, 0.009298811235160106], [-0.9014277451859599, 0.43286778072300003, -0.00730887219871983], [-0.010613682211039891, -0.005218932182680169, 0.99993005379692]]}