{"translation": [[3457.184651800024], [2128.5645946003497], [21.1364187]], "rotation": [[0.5071537814055, 0.8617785061055799, 0.01152459262856], [-0.8618554329089799, 0.50711568222902, 0.0062342132542399994], [-0.0004717903073599983, -0.013094237818959999, 0.9999141554874801]]}