{"translation": [[3448.340177199978], [2123.2367127994075], [21.09592]], "rotation": [[0.4908509579459799, 0.8711869690051802, 0.009928335459059828], [-0.8712183065536202, 0.49089160081957994, -0.002017002467939899], [-0.006630922655459827, -0.0076597002996598995, 0.99994867860956]]}