{"translation": [[3469.1142548000207], [2153.7961727995425], [21.1302083]], "rotation": [[-0.5088722206957802, -0.86062037459352, -0.01953849066196], [0.8608367152472801, -0.5088184689184801, -0.00800213372724], [-0.003054744688440001, -0.02089151254516, 0.99977708178174]]}