{"translation": [[3442.718547000026], [2120.0807802006602], [21.0591848]], "rotation": [[0.44390396132828014, 0.8960212076912999, 0.009757384265179895], [-0.8960271500096999, 0.44396601409486014, -0.005427968712300169], [-0.009195522049820106, -0.006333385056299829, 0.99993766335758]]}