{"translation": [[3482.3318709000596], [2161.903733700514], [21.1846461]], "rotation": [[-0.5114736456968999, -0.8590425574806, -0.020991440885599826], [0.85928754628028, -0.5114402800331399, -0.0073347912006000975], [-0.004434970223039826, -0.0217892356802799, 0.9997527495612001]]}