{"translation": [[3384.5655143000185], [2080.1150037990883], [20.9388961]], "rotation": [[0.5141029433498998, 0.85755682714516, 0.01715653831908], [-0.8577249353528401, 0.5140550881296598, 0.007429440290239998], [-0.0024482369849199966, -0.01853508904176, 0.9998252130108]]}