{"translation": [[3373.2590966999996], [2073.070918899961], [20.958748100000005]], "rotation": [[0.51149699566662, 0.8591392885684, 0.01582876356362], [-0.8592850896560001, 0.5114110660440001, 0.0093754852684], [-4.0157807620001124e-05, -0.018396952664, 0.99983076094662]]}