{"translation": [[3403.7334124000627], [2112.387414799072], [20.9496318]], "rotation": [[-0.5291584290907602, -0.848278574016, -0.0203656356754], [0.8485227458754, -0.5290247609302802, -0.01191190113888], [-0.0006693154360000002, -0.02358398867988, 0.9997216349985201]]}