{"translation": [[3377.211108700023], [2075.5271872999147], [20.9541209]], "rotation": [[0.5123840819054999, 0.8586029084464599, 0.01623786754178], [-0.8587563818069, 0.5122993850583, 0.009321314937099999], [-0.0003153425856999969, -0.01872046509878, 0.99982470702156]]}