{"translation": [[3367.767721100012], [2069.665761099197], [20.977432]], "rotation": [[0.5086020565165399, 0.86079849787204, 0.01870387193844], [-0.86099802406324, 0.5085431627514201, 0.008136020401319999], [-0.0025082510732400004, -0.02024199422028, 0.99979196352112]]}