{"translation": [[3407.0133669999777], [2114.509955099784], [20.9763746]], "rotation": [[-0.5305202247629199, -0.84745172771892, -0.01933632693804], [0.84767149801908, -0.53035034547442, -0.01347500401854], [0.0011643879620400008, -0.02353961498046, 0.9997222267876601]]}