{"translation": [[3420.95676630002], [2123.590622300282], [21.0764698]], "rotation": [[-0.5349430288001799, -0.8448264346729198, -0.010197703024399997], [0.8448431338729198, -0.5347513117521798, -0.0167587496664], [0.008704999535599998, -0.017580438573599998, 0.999807557048]]}