{"translation": [[3385.294897100015], [2100.6024507004768], [20.8940446]], "rotation": [[-0.52262446681122, -0.85237869104754, -0.017725117222419998], [0.85255883177726, -0.52257372420018, -0.007751591973539999], [-0.0026553890599799995, -0.01916287733126, 0.9998128490046]]}