{"translation": [[3389.563191000023], [2083.240299000405], [20.9340649]], "rotation": [[0.5144819862799002, 0.8573650720217999, 0.015278513606099827], [-0.8574987868542, 0.5144410985705201, 0.006797098923240102], [-0.002032300305899828, -0.0165982916967599, 0.99986017346038]]}