{"translation": [[3387.477590699971], [2101.9892207002267], [20.886302]], "rotation": [[-0.5222147176883999, -0.8526350321064401, -0.01747055501508], [0.8528093994078, -0.5221695995925, -0.007413985652899999], [-0.0028011692902000004, -0.01877074655958, 0.99981989003814]]}