{"translation": [[3383.7089236999745], [2079.5799299003556], [20.9356869]], "rotation": [[0.5139839667831001, 0.8576457746006599, 0.0162565649844199], [-0.85779700715386, 0.5139385963474801, 0.007175124683659825], [-0.002201161815820099, -0.017632731098139825, 0.99984210838662]]}