{"translation": [[3382.0690453000134], [2078.5577937997878], [20.9373874]], "rotation": [[0.5135469633735801, 0.8579278714679799, 0.015138856348799998], [-0.8580607600680199, 0.51348867460238, 0.007811163684], [-0.0010722148199999995, -0.017001458908799998, 0.99985488983196]]}