{"translation": [[3392.069790999987], [2084.8037389004603], [20.9356063]], "rotation": [[0.5148887806832, 0.85713612655776, 0.01439732131952], [-0.85724549918112, 0.5148963569088, 0.0034604276582399993], [-0.004447071545440001, -0.01412377341312, 0.99989036528864]]}