{"translation": [[3396.392135299975], [2087.519028900191], [20.9427095]], "rotation": [[0.5168820475981399, 0.85592482510396, 0.0150205054337], [-0.8560518429482, 0.51685816118924, 0.005732044810039999], [-0.0028572710264599998, -0.0158211226994, 0.99987075568374]]}