{"translation": [[3399.858726700011], [2089.696304799989], [20.9513538]], "rotation": [[0.5185047879980402, 0.8549613895767798, 0.0139245159530999], [-0.8550652237916998, 0.5185072092846001, 0.0037177910104998274], [-0.0040413950112201, -0.013834060896539824, 0.9998961375582]]}