{"translation": [[3387.0166507000104], [2081.64747050032], [20.9369935]], "rotation": [[0.5144889819071601, 0.85734419691736, 0.01618777537864], [-0.8574943246349599, 0.5144429026263799, 0.00721191530302], [-0.002144592832239999, -0.01759137617218, 0.9998429597767801]]}