{"translation": [[3370.8725129999802], [2071.5887850001454], [20.9653269]], "rotation": [[0.5111724690955199, 0.8592914204230802, 0.01791766958228], [-0.8594774432606802, 0.5110887138110399, 0.009323755261080001], [-0.0011456971933200017, -0.02016587893868, 0.9997959915595199]]}