{"translation": [[3394.019552999991], [2106.149254599586], [20.8903604]], "rotation": [[-0.5238752352954597, -0.8515564276136399, -0.020159612600079826], [0.85178966442412, -0.5238091409735995, -0.008852850273960097], [-0.003021087641039826, -0.0218095384550799, 0.9997575791487]]}