{"translation": [[3427.49736009998], [2127.86985119991], [21.0502453]], "rotation": [[-0.5313238710217998, -0.8470983159442799, -0.01091935425084], [0.8471644362121199, -0.5312362214364998, -0.01001699309266], [0.00268462107036, -0.01457275737746, 0.99989020774334]]}