{"translation": [[3398.1222607999807], [2088.604829000309], [20.9469284]], "rotation": [[0.5177298756873601, 0.8554095136938398, 0.015179192151519997], [-0.8555378016687198, 0.5177130335187001, 0.005324754891439999], [-0.003303620462239998, -0.01574315663608, 0.9998706111939]]}