{"translation": [[3365.4916357001057], [2068.273755500093], [20.9817786]], "rotation": [[0.5055155344539002, 0.8626305871939398, 0.017958298717679996], [-0.8628150901462198, 0.5054537637809402, 0.008160816350960002], [-0.0020373196522400026, -0.01962011072808, 0.9998054313606]]}