{"translation": [[3378.046519799973], [2076.047939600423], [20.9513815]], "rotation": [[0.5126340528059001, 0.8584671282194999, 0.0155052088959], [-0.8586071342446199, 0.5125482725532402, 0.009378226953300003], [0.00010373322533999835, -0.018120482419380003, 0.9998358051803]]}