{"translation": [[3372.4398812999716], [2072.561804899946], [20.9576669]], "rotation": [[0.5113450671099002, 0.8592201527042198, 0.016338118934559824], [-0.8593752355613797, 0.5112666621587003, 0.008977041112960101], [-0.000639880618239828, -0.0186309406702399, 0.99982622419916]]}