{"translation": [[3367.028260299994], [2069.2117912005633], [20.9799642]], "rotation": [[0.5077119507969201, 0.8613114077624799, 0.019264521068840003], [-0.86152239578812, 0.50765406533772, 0.008148581730159999], [-0.0027612441570400003, -0.02073395010436, 0.99978121546364]]}