{"translation": [[3395.497352299979], [2086.954202800058], [20.9478724]], "rotation": [[0.5165234892224001, 0.8561069929500799, 0.0168595046433599], [-0.8562642084745599, 0.5165072150425402, 0.005642985538319827], [-0.003877055620320099, -0.017350925690639826, 0.9998419444083]]}