{"translation": [[3386.3424078000244], [2101.2677303999662], [20.8924644]], "rotation": [[-0.5222655654823202, -0.8526009482864, -0.017610234748880002], [0.8527791310256, -0.5222124963880002, -0.0078536988176], [-0.0025002147911200017, -0.0191193587504, 0.99981408222968]]}