{"translation": [[3417.772341499978], [2121.5051896004006], [21.0668766]], "rotation": [[-0.5341899081082597, -0.84523126096546, -0.015013348410099825], [0.8453129786161, -0.5338768153683597, -0.020534294109460095], [0.009340948930460176, -0.0236601888862999, 0.9996764187301399]]}