{"translation": [[3415.6226417999715], [2120.103015099652], [21.0459661]], "rotation": [[-0.5336026510906599, -0.8455535895912, -0.017529221675839902], [0.8456950069041599, -0.5332603825389598, -0.020814789458999824], [0.008252380292799903, -0.025931203062839824, 0.99962966688254]]}