{"translation": [[3395.063812599925], [2106.8160402001813], [20.8986883]], "rotation": [[-0.5245642405574797, -0.8511224903281599, -0.020561645481799725], [0.8513658922231598, -0.5244903773254798, -0.00926708881039992], [-0.0028969581271999223, -0.022366667913399724, 0.9997456375429999]]}