{"translation": [[3398.3651030000183], [2108.9312957003713], [20.9103102]], "rotation": [[-0.5265738696798602, -0.8498619902007999, -0.021316824219119825], [0.8501219019988798, -0.5265082647168002, -0.0090359584798401], [-0.0035441676963998275, -0.0228800003447999, 0.9997319362875]]}