{"translation": [[3394.6735262], [2086.436159499921], [20.9461541]], "rotation": [[0.5162720585685601, 0.8562334824206399, 0.01809422002524], [-0.85641485128896, 0.5162519696902999, 0.006125516987319999], [-0.004096304213159999, -0.01865859181388, 0.9998175219755]]}