{"translation": [[3416.739450199995], [2120.8317890996113], [21.0580518]], "rotation": [[-0.5339871526678801, -0.84531810790916, -0.01716917955628], [0.84544807395244, -0.53364096963642, -0.021086330384660002], [0.00866247862148, -0.025775482921940002, 0.9996302245767]]}