{"translation": [[3369.314879200014], [2070.6223282003775], [20.9655603]], "rotation": [[0.51029413377968, 0.85982170499676, 0.0175095730746799], [-0.8599978345071599, 0.51023246924856, 0.008161156589039827], [-0.0019168139681200987, -0.019222784666639826, 0.99981338778488]]}