{"translation": [[3485.336327099998], [2156.8311480991542], [21.2401831]], "rotation": [[-0.5154819701445004, -0.85667942024924, -0.01945137494582], [0.8568995557898, -0.5153205076180004, -0.012944974435400002], [0.0010659986398999979, -0.02334077970668, 0.99972699852806]]}