{"translation": [[3475.5455745999934], [2150.708746300079], [21.2017344]], "rotation": [[-0.5171909543210402, -0.8556371992142798, -0.019953737863879998], [0.8558697466818798, -0.5170399520320201, -0.01250265242282], [0.00038085258627999774, -0.023544063448219996, 0.99972272754198]]}