{"translation": [[3428.273854899977], [2108.231034900993], [21.0564176]], "rotation": [[0.54471700771916, 0.83857235201938, 0.00893405625954], [-0.8385751229690599, 0.5445468472679, 0.01614062293098], [0.008670067473179999, -0.01628394914814, 0.9998298169887]]}