{"translation": [[3430.0800078000175], [2109.4553076000884], [21.059121]], "rotation": [[0.5451141935566002, 0.8383029685660799, 0.009929496576839822], [-0.8383310630305199, 0.5449546172566002, 0.015014656031040094], [0.007175706731040173, -0.016508907623159902, 0.99983796946444]]}