{"translation": [[3462.970305899973], [2142.82649199944], [21.1581988]], "rotation": [[-0.5174899180233, -0.8554815467382199, -0.01885679797253982], [0.8556884927408998, -0.5173326258330601, -0.012815167860220099], [0.0012079032251001726, -0.0227672643692999, 0.9997400625438]]}