{"translation": [[3461.8708141000243], [2130.7274489998817], [21.1581224]], "rotation": [[0.5339759119810399, 0.8453959330338402, 0.013247863829240002], [-0.8454997231517601, 0.5339119769951, 0.008263355398880002], [-8.738702515999949e-05, -0.015613497429920003, 0.9998780981091]]}