{"translation": [[3458.9452240000246], [2128.8072990998626], [21.1449647]], "rotation": [[0.53513275148984, 0.8446834109330399, 0.01195094884812], [-0.8447662746448799, 0.53504995948984, 0.00956209521204], [0.001682589212040001, -0.01521274915188, 0.99988286371184]]}