{"translation": [[3458.025451799971], [2128.2030062004924], [21.151359]], "rotation": [[0.5355462066824801, 0.8444058916488, 0.01299734174208], [-0.8445021337272001, 0.535434321968, 0.011234465704800002], [0.00252722649792, -0.0169928584488, 0.99985241705048]]}