{"translation": [[3417.5363076999784], [2101.0255132000893], [21.0169384]], "rotation": [[0.53465790767814, 0.84501071084252, 0.00988695923924], [-0.84506371785644, 0.5345786947366999, 0.009636572469879999], [0.0028576501238799998, -0.01350738049124, 0.9999046877048]]}