{"translation": [[3459.1808872999973], [2140.4583155000582], [21.1503608]], "rotation": [[-0.5174717416042598, -0.8554607262347999, -0.020251882506259998], [0.8557004018457598, -0.5173301957537598, -0.012103183806], [-0.00012311061549999912, -0.023592597293759995, 0.99972164837654]]}