{"translation": [[3446.670770100027], [2120.649413799867], [21.104145000000003]], "rotation": [[0.5387536054386802, 0.8424048432770598, 0.0099331430791], [-0.8424626543930597, 0.5387314065511802, 0.0050181900432999995], [-0.0011239488767000013, -0.011071869835899998, 0.9999380733034999]]}