{"translation": [[3459.9431780999876], [2129.4625746998936], [21.1490083]], "rotation": [[0.5346829737341401, 0.84498031352674, 0.011061280778819824], [-0.84505242720918, 0.53462628551094, 0.007816308958340096], [0.0006909761857401761, -0.013526609704979903, 0.99990827248044]]}