{"translation": [[3464.5097585999756], [2143.7905110996217], [21.166034600000003]], "rotation": [[-0.5176380116983196, -0.85535678275928, -0.020383268685959827], [0.8555992390960799, -0.5174684981624995, -0.013270647986560098], [0.0008034381364401752, -0.024309303311039903, 0.99970416235182]]}