{"translation": [[3466.661221700022], [2133.8583209011704], [21.1708347]], "rotation": [[0.5316527790267802, 0.8468665117490598, 0.012741169486259998], [-0.8469623087500598, 0.5315974121807002, 0.00767740040298], [-0.00027143814474000095, -0.014873002324979998, 0.9998893539289201]]}