{"translation": [[3413.9794857000234], [2098.696645900607], [21.0030394]], "rotation": [[0.53022818340542, 0.84776305658562, 0.012485660365559727], [-0.8478549543760201, 0.5301661277071, 0.008116136894039921], [0.00026108656476007703, -0.014889433389239728, 0.9998891121576801]]}