{"translation": [[3482.8949150000117], [2155.305692099966], [21.2279066]], "rotation": [[-0.5163538375847998, -0.8561505777526399, -0.01962425913407983], [0.85637490806976, -0.5161919694506397, -0.012964428339440098], [0.0009696191267201757, -0.0234999529250399, 0.999723367782]]}