{"translation": [[3465.314778900065], [2144.295354099013], [21.1732332]], "rotation": [[-0.5175997455050001, -0.85537442223984, -0.02061543719088], [0.85562268771504, -0.5174363589720201, -0.013012521351539998], [0.0004634004772799995, -0.024374314810739997, 0.9997027948430199]]}