{"translation": [[3427.337068699999], [2107.594654499553], [21.0611765]], "rotation": [[0.54412455677574, 0.8389568332909001, 0.008935578435299905], [-0.8389636207527, 0.5439622134250199, 0.015655649903379826], [0.008273798461899904, -0.016015248823619824, 0.99983751482172]]}