{"translation": [[3445.702653599903], [2120.0009281001985], [21.1005679]], "rotation": [[0.53927777302286, 0.84204287198704, 0.011966967102260001], [-0.84212675843104, 0.53924602561728, 0.006014119004320001], [-0.0013889925262600003, -0.013320984527680001, 0.9999103070055799]]}