{"translation": [[3440.1258150999784], [2116.254584999755], [21.0635684]], "rotation": [[0.542461456796, 0.8399858531442801, 0.01262124739796], [-0.8400798570533201, 0.5424205883830999, 0.0067602178668400015], [-0.0011675365852400008, -0.01427001365836, 0.99989749652646]]}