{"translation": [[3449.449019599997], [2122.500774299726], [21.1198171]], "rotation": [[0.5380059607518, 0.84283657374298, 0.01326983668886], [-0.8429369067013001, 0.53798589498806, 0.005342333145020001], [-0.002636271116300001, -0.0140598422389, 0.9998976802199]]}