{"translation": [[3479.62287989998], [2153.2603227002546], [21.2166409]], "rotation": [[-0.5169467705472404, -0.8557932311424001, -0.019601874911760003], [0.8560174771317601, -0.5167948887783403, -0.0125448515655], [0.0006056518656000001, -0.023264565043740002, 0.99972915994486]]}