{"translation": [[3484.5424329000525], [2156.3348781000823], [21.2328149]], "rotation": [[-0.5157706936754597, -0.8565009210548998, -0.0196715703655199], [0.8567261019439799, -0.5156051254128997, -0.013112885884639821], [0.0010884376007999023, -0.02361638754039982, 0.9997205017309999]]}