{"translation": [[3438.2780857000616], [2115.006286700256], [21.0593168]], "rotation": [[0.5437068660411801, 0.83916338682004, 0.01369559450928], [-0.83927416600244, 0.54365868868286, 0.007349813613960001], [-0.001278033313919999, -0.015490503541560001, 0.99987919815768]]}