{"translation": [[3460.7036152000655], [2141.4102789005265], [21.149876000000003]], "rotation": [[-0.5174793901478605, -0.85549513787592, -0.018525468303], [0.8556954911556, -0.5173430046641004, -0.011894749690800004], [0.0005918793469199962, -0.022007447032560003, 0.9997576316092]]}