{"translation": [[3441.976308399986], [2117.500672900118], [21.0652702]], "rotation": [[0.54139088373454, 0.84072250887936, 0.009027889064939823], [-0.84076976895216, 0.54137711318972, 0.004116507815680095], [-0.001426651150739824, -0.009819016450719904, 0.99995077457582]]}