{"translation": [[3486.1980432000128], [2157.369184599258], [21.2460641]], "rotation": [[-0.5152077365097001, -0.8568353075023001, -0.0198514475831], [0.8570649847123, -0.5150515173773201, -0.01270363560154], [0.0006604042781000012, -0.02355899392654, 0.99972223024262]]}