{"translation": [[3420.174401999975], [2102.7723157992586], [21.0238365]], "rotation": [[0.5378875283375002, 0.8429872927744998, 0.007034107610499999], [-0.8430052300644998, 0.5378181130670001, 0.009690559234700002], [0.0043859472245, -0.0111422203847, 0.9999283046295]]}