{"translation": [[3473.1779957999825], [2149.2244004998356], [21.1889872]], "rotation": [[-0.5171614020869798, -0.8556705327808799, -0.019290491909380002], [0.8558874252307199, -0.5170047430086798, -0.012763643068080002], [0.0009481980539800001, -0.02311135181952, 0.99973244738534]]}