{"translation": [[3430.4170142000075], [2112.7622109996155], [20.9707364]], "rotation": [[-0.9887711742706597, -0.14943317983441998, -0.0010874019297000001], [0.14941254181849997, -0.9884502553185998, -0.025335308804100003], [0.00271109308542, -0.02521329588606, 0.9996784181263]]}