{"translation": [[3431.000923099986], [2102.752988100052], [20.895882]], "rotation": [[-0.9767479005747999, 0.21431357125647982, 0.005733630890159998], [-0.2143873738715198, -0.9765240588135999, -0.02093941614096], [0.0011114280741600026, -0.021681752676959997, 0.99976430536696]]}