{"translation": [[3432.7169819999835], [2119.8924743998796], [21.0437482]], "rotation": [[-0.8687840949121, -0.49493321470216, -0.01597918622881995], [0.49517837609936, -0.8685406376411199, -0.020870112277839806], [-0.0035492607047800497, -0.026044168780639806, 0.99965449232502]]}