{"translation": [[3430.19786309998], [2109.3127160007134], [20.9416857]], "rotation": [[-0.9999641057285799, -0.00787949594168, 0.0030603493983199998], [0.007804041431919999, -0.9996829880801799, -0.02393084344108], [0.0032479427432799994, -0.023906105374520002, 0.99970893211224]]}