{"translation": [[3436.1813612999977], [2089.5682297004387], [20.801332100000003]], "rotation": [[-0.8981976525537, 0.43951494355544, 0.00822820757798], [-0.43958712201344, -0.89794262259268, -0.02150164500056], [-0.00206183617898, -0.022929739842560002, 0.9997349528139801]]}