{"translation": [[3434.1970088000526], [2122.261403799057], [21.0597272]], "rotation": [[-0.7977655576368402, -0.60257873473556, -0.02165451063028], [0.60291059915372, -0.7976696695703402, -0.014894361916940001], [-0.008298121127560003, -0.02493794364622, 0.99965456040566]]}