{"translation": [[3456.886172199971], [2139.019008600153], [21.1409009]], "rotation": [[-0.5175102754836797, -0.8554430940885597, -0.020001944987279998], [0.8556768877874398, -0.5173642268855196, -0.01229515019176], [0.00016950953927999737, -0.023478070364239996, 0.9997243377307999]]}