{"translation": [[3447.903073000023], [2133.3527274997905], [21.1033632]], "rotation": [[-0.5198249765943398, -0.85411429742296, -0.016452788650359998], [0.8542662207613599, -0.5196493033924198, -0.013919740139319996], [0.0033393686219599997, -0.021290890942519996, 0.9997677463140799]]}