{"translation": [[3435.0604151000152], [2123.375810400583], [21.070716600000004]], "rotation": [[-0.7584483187237202, -0.6513090756606601, -0.02350244329778], [0.6516927828597401, -0.7583087654062802, -0.01624998928554], [-0.00723834562842, -0.027641153111059996, 0.999591703119]]}