{"translation": [[3437.441966800019], [2087.175746200606], [20.7746576]], "rotation": [[-0.8906728278305601, 0.4545534255231598, 0.009122678983799998], [-0.4546424944709998, -0.8904225907469602, -0.02116455183384], [-0.0014973803348399977, -0.0229982472876, 0.99973438396984]]}