{"translation": [[3437.588728100003], [2126.03281939961], [21.0846065]], "rotation": [[-0.6593249349525002, -0.7514172852988, -0.025747404865400003], [0.7518136235876, -0.6592722978499203, -0.011685376397120003], [-0.008193954552200003, -0.027061707034880006, 0.99960018166158]]}