{"translation": [[3442.0046651000157], [2129.484924999997], [21.0971428]], "rotation": [[-0.5579869931496001, -0.8295948282741998, -0.020570063758599905], [0.8298489790993999, -0.5578500570757801, -0.012416796603639825], [-0.0011740996618000953, -0.02399845517763982, 0.99971130616518]]}