{"translation": [[3430.210986100021], [2108.574223300442], [20.9315271]], "rotation": [[-0.9997849698538002, 0.02049390601912, 0.0031554517147599995], [-0.020565192566839998, -0.9994878493608401, -0.02451641997128], [0.00265139852408, -0.02457604137364, 0.9996944474525999]]}