{"translation": [[3435.3764854000183], [2091.1657820995897], [20.8134493]], "rotation": [[-0.9049805606213001, 0.4254042456797398, 0.006414413750879998], [-0.4254399930709798, -0.9047348073373, -0.02134180805904], [-0.003275552148959998, -0.02204287261488, 0.9997516604087601]]}