{"translation": [[3438.1368808000116], [2126.519734799862], [21.0875869]], "rotation": [[-0.6405691367390801, -0.76747589074138, -0.025541161444580004], [0.76785595635182, -0.6405366827174801, -0.01050719372698], [-0.008296028703220002, -0.02634251232722, 0.9996185512724399]]}