{"translation": [[3445.672707299993], [2131.9255642993376], [21.0964087]], "rotation": [[-0.5260390335875597, -0.85030208560212, -0.016409167337279998], [0.8504529667468799, -0.5258558225275596, -0.014330655238279998], [0.00355652969172, -0.021493709517279996, 0.99976265760524]]}