{"translation": [[3443.421881599992], [2130.4549132008106], [21.0970882]], "rotation": [[-0.5412029081512402, -0.84062783399286, -0.02106962974926], [0.84089176782186, -0.5410226515533202, -0.013971317998620003], [0.0003455296302600011, -0.02527860031062, 0.99968038537708]]}