{"translation": [[3440.6422383000026], [2128.506144099869], [21.0946434]], "rotation": [[-0.5795407200953996, -0.8146364643299199, -0.022354190620039904], [0.81493946051852, -0.5794021865029196, -0.012903762724639823], [-0.0024401934377600906, -0.02569557134443982, 0.99966683600652]]}