{"translation": [[3437.0216251999955], [2125.4981682002544], [21.0876837]], "rotation": [[-0.6802080110434602, -0.7325474610091001, -0.026292647256819998], [0.7329810798851801, -0.6801005877114001, -0.014210958509740001], [-0.007471443033700001, -0.0289384204913, 0.9995532728999]]}