{"translation": [[3434.2348901000223], [2093.565848699771], [20.8359415]], "rotation": [[-0.9169954482252999, 0.39886179034388003, 0.0053087295742600005], [-0.39887491354244, -0.9167227799225999, -0.022753255847480003], [-0.00420877090478, -0.02298215631364, 0.9997270160780599]]}