{"translation": [[3458.393623800017], [2139.9652014011517], [21.146919]], "rotation": [[-0.5174739433827998, -0.8554568453144, -0.0203599683084], [0.85569902005616, -0.5173374088143998, -0.01189189139088], [-0.00035997182087999825, -0.0235757462376, 0.9997219886802401]]}