{"translation": [[3434.63491339999], [2122.847021399997], [21.0654312]], "rotation": [[-0.7773618481176398, -0.6286329494560999, -0.02299782561138], [0.6289976202083799, -0.7772603981745998, -0.015099511607339999], [-0.008383250975700002, -0.026203364988299997, 0.9996214807158]]}