{"translation": [[3430.2041747000185], [2109.9896972998977], [20.9497852]], "rotation": [[-0.9994122193445001, -0.03418558962432, 0.0025987392882600036], [0.03411346327248001, -0.9991294221856001, -0.0240179407609598], [0.0034175440608599965, -0.0239151691793598, 0.9997081499636601]]}