{"translation": [[3432.0759425999713], [2098.9483711002395], [20.871428100000003]], "rotation": [[-0.95181233861968, 0.3066685719676398, 0.002806709756120195], [-0.30664706662003977, -0.95152890682506, -0.02367561147843997], [-0.0045899003966798, -0.02339540580716003, 0.99971575351862]]}