{"translation": [[3448.6897425000207], [2133.8499445002526], [21.1033256]], "rotation": [[-0.51874489015812, -0.8547787268417, -0.016024470225459827], [0.8549202377701, -0.5185640270193, -0.014228616892700097], [0.0038526040855401756, -0.021080669497099903, 0.99977035501782]]}