{"translation": [[3444.1009856999735], [2075.3274768004194], [20.6841388]], "rotation": [[-0.8771359382573203, 0.47994583842594, 0.01685556215182], [-0.48023954059806, -0.8766974625334802, -0.02776895593794], [0.0014496358151800002, -0.03245186351106, 0.9994722482342]]}