{"translation": [[3433.0736136999913], [2120.523459499702], [21.0439964]], "rotation": [[-0.8514062414665001, -0.5242715712752, -0.0157144696506], [0.5244943403336, -0.8512118520791201, -0.01855485994476], [-0.0036485561237999987, -0.02403987150924, 0.9997043426183799]]}