{"translation": [[3440.0110836999957], [2128.0319242002442], [21.0941507]], "rotation": [[-0.5913688540659597, -0.8060452008318199, -0.023964506749659907], [0.8063951255840599, -0.5912200028194597, -0.013641649490619821], [-0.0031725072153800885, -0.02739210438333982, 0.9996197316397399]]}