{"translation": [[3430.458036899974], [2105.700354599394], [20.9076529]], "rotation": [[-0.9922939250976398, 0.12379413872598, 0.00530571962162], [-0.12387227430161998, -0.9921247718656397, -0.01855990052502], [0.0029663281940199996, -0.019074104572619998, 0.99981367237436]]}