{"translation": [[3442.7345215000096], [2129.9899620004], [21.0988504]], "rotation": [[-0.5487202184557, -0.8357366830034798, -0.021224517884159903], [0.8360060796882798, -0.54855374543938, -0.013519788845759825], [-0.00034380417024009596, -0.025162405460159822, 0.99968331744768]]}