{"translation": [[3430.333276899997], [2112.0474815005437], [20.966122100000003]], "rotation": [[-0.9929997183720998, -0.11811716720839979, 0.0003630728483000141], [0.1180688953735998, -0.9926728992229198, -0.025699975738159797], [0.003396020684299985, -0.0254771980081598, 0.9996696351618201]]}