{"translation": [[3430.2995632999227], [2107.1435245005414], [20.9208163]], "rotation": [[-0.9972844283197001, 0.07336218467158, 0.0064407956045598], [-0.0734957979695, -0.99701139905026, -0.023798378915920005], [0.0046756463331998005, -0.024207127429999992, 0.9996960304368]]}