{"translation": [[3433.8694840000244], [2094.3818479003385], [20.839774]], "rotation": [[-0.9216472498325801, 0.38800782867291994, 0.0040003732321000005], [-0.38800167550708, -0.9214135694830801, -0.0212477064706], [-0.0045582783118999996, -0.021135044714600003, 0.9997662386533399]]}