{"translation": [[3452.412348599988], [2136.201605499722], [21.1193796]], "rotation": [[-0.5178057504028798, -0.8553314781446398, -0.016889768553919996], [0.8554920693433598, -0.5176262525779197, -0.014013524549759999], [0.00324362104992, -0.021705346682239997, 0.9997591494192]]}