{"translation": [[3431.3757429000107], [2101.256429299712], [20.8887628]], "rotation": [[-0.9674327315961001, 0.25308134622429995, 0.0048566601481], [-0.25312771970554, -0.9672283780537001, -0.01988636061122], [-0.00033536721921999984, -0.020468073064700002, 0.9997904507932399]]}