{"translation": [[3439.7166553999996], [2090.7334177996963], [20.8414856]], "rotation": [[0.8399245794068402, -0.5425186261982199, -0.01414998853834], [0.5426464958398599, 0.83992807162604, 0.007456278367420003], [0.007839802316380002, -0.013941153552260001, 0.99987208267964]]}