{"translation": [[3450.0455252000247], [2073.6906323004514], [20.7512445]], "rotation": [[0.87115605100686, -0.49083633793632003, -0.0129166649047], [0.490983983956, 0.8710656507006, 0.013393123473600001], [0.00467743195482, -0.018009375862240003, 0.9998268770307001]]}