{"translation": [[3435.7380491999793], [2096.2901817997918], [20.8725022]], "rotation": [[0.8029526674059002, -0.5956767691964598, -0.02088624610658], [0.5959260752347398, 0.8029958886169402, 0.008351673065860004], [0.01179667292402, -0.019152655882339997, 0.9997469751518]]}