{"translation": [[3470.43184450001], [2038.9859730992466], [20.765073]], "rotation": [[0.86376672005436, -0.50354659705244, -0.01865139009884], [0.5037459652032399, 0.86381559052998, 0.00791356615298], [0.012126512160039998, -0.016231037696619998, 0.99979472948838]]}