{"translation": [[3455.695067099994], [2063.993126999587], [20.7485029]], "rotation": [[0.8719459372254, -0.48936283818636, -0.015307497050679807], [0.48956229868996, 0.8718477662770201, 0.014500085015460054], [0.006250005213479809, -0.020137263126939954, 0.99977768934438]]}