{"translation": [[3453.335369999986], [2068.053494299762], [20.7316308]], "rotation": [[0.8714095332931799, -0.49047377323647995, -0.008995775542879999], [0.4905457111340799, 0.8713645349861601, 0.00942196308212], [0.0032173744587200006, -0.01262322730252, 0.9999151477239799]]}