{"translation": [[3466.2801482001087], [2045.9267226001248], [20.765887]], "rotation": [[0.8660666472154199, -0.49970305794152, -0.015013797087979947], [0.49988748575392, 0.86598982511664, 0.013195530219919807], [0.00640794863662005, -0.018933417944319807, 0.99980021198022]]}