{"translation": [[3438.852180299931], [2092.004179299809], [20.8516155]], "rotation": [[0.8332554944111, -0.5526934943305801, -0.014669761241060002], [0.5528276794905, 0.83326343744316, 0.00732257776542], [0.008176634965900001, -0.014211427818300001, 0.9998655799535]]}