{"translation": [[3439.301983500016], [2091.346042700112], [20.8437854]], "rotation": [[0.83676376058108, -0.54736313862612, -0.014832576701399999], [0.5475022404838799, 0.83676932145118, 0.0076420693029], [0.0082284581406, -0.014515475585099998, 0.99986078703326]]}