{"translation": [[3446.918586700107], [2079.044555099681], [20.7666664]], "rotation": [[0.8694910215109399, -0.49379176328738006, -0.01245263054016], [0.49392341819474006, 0.86942542959734, 0.011793613495920001], [0.00500304473832, -0.01640508671136, 0.99985291052464]]}