{"translation": [[3451.900932700024], [2070.509725799784], [20.7467022]], "rotation": [[0.8706409916643201, -0.49173847000568, -0.013324333803359999], [0.49189854986632003, 0.87053216758382, 0.014476151417639999], [0.0044807805393599996, -0.01915775135364, 0.99980643284814]]}