{"translation": [[3449.1292327999836], [2075.256854900159], [20.7470096]], "rotation": [[0.87223818517976, -0.4888553479222799, -0.0148653477114], [0.48903375085619993, 0.8721742849327001, 0.012569353875300001], [0.006820577564280001, -0.018233127573540002, 0.9998104984211]]}