{"translation": [[3454.7334995999117], [2065.6452931994572], [20.7407398]], "rotation": [[0.87192110450012, -0.4893900212455001, -0.01584328968494], [0.4896123671581, 0.871785493095, 0.0164255644183], [0.00577344338794, -0.0220788665005, 0.9997395616041199]]}