{"translation": [[3446.658296599984], [2070.928112800233], [20.6538199]], "rotation": [[-0.8745708742877802, 0.48467513079608, 0.014682864104440002], [-0.48488004269991997, -0.8743952107613802, -0.01800396268084], [0.0041125541735600015, -0.02286517152116, 0.99973009897584]]}