{"translation": [[3437.9771678000106], [2093.25799059961], [20.8586688]], "rotation": [[0.82582535677404, -0.56372136280946, -0.015188460809739998], [0.5638612954081399, 0.8258389385558, 0.00710431048142], [0.008538370463859999, -0.01443110525938, 0.9998594098262]]}