{"translation": [[3460.13917520002], [2056.3583230003715], [20.7508547]], "rotation": [[0.87232059155174, -0.48871453845874, -0.0146597119722], [0.4889081428187, 0.87219213868454, 0.01580262084324], [0.005063115801239999, -0.020952203679, 0.99976765803804]]}