{"translation": [[3437.5509249001043], [2093.853656800464], [20.8648069]], "rotation": [[0.82190067802584, -0.56939317343792, -0.01645194807052], [0.56955529548832, 0.82191915245622, 0.00745984594972], [0.009274585394119999, -0.01550154710588, 0.99983682872862]]}