{"translation": [[3432.412407100026], [2100.3098004003987], [20.8932703]], "rotation": [[0.75718868351022, -0.65271166072216, -0.025155275378999996], [0.65305309381416, 0.75726733656672, 0.008236503271999998], [0.013673206713399997, -0.022664317411199997, 0.9996496246875]]}