{"translation": [[3449.1940510999993], [2066.606181900017], [20.6315445]], "rotation": [[-0.8720786420052001, 0.48924704667748, 0.01078818486755995], [-0.48936407175707997, -0.8719247992264202, -0.016436703033139807], [0.0013648768092400518, -0.019613445659339805, 0.9998067062602201]]}