{"translation": [[3449.6000221000286], [2074.4445599997416], [20.7455829]], "rotation": [[0.87176566483606, -0.48957082945746005, -0.01857466641083995], [0.48981807488274004, 0.8717370813731, 0.01235735206147981], [0.01014242604636005, -0.01987092288091981, 0.9997511078252]]}