{"translation": [[3443.9125635999953], [2084.0994235994294], [20.8067219]], "rotation": [[0.864831032263, -0.50186276522412, -0.014178776412839806], [0.50202494152068, 0.8647683274655, 0.012111361681740053], [0.006183114920759807, -0.01759238108465995, 0.99982612348406]]}