{"translation": [[3459.6191251000273], [2057.2551185004413], [20.7508904]], "rotation": [[0.87245958444524, -0.48846356184426, -0.01475201144702], [0.48866566706298, 0.8723024145627, 0.01715700915474], [0.0044876413857399995, -0.022177598599980003, 0.9997439748226999]]}