{"translation": [[3448.706364599988], [2076.0055245989934], [20.7479645]], "rotation": [[0.8715456944000001, -0.49021741917359984, -0.0097467075352], [0.4903094296967998, 0.8714534521006201, 0.01286692575552], [0.002186211197600001, -0.01599301618752, 0.99986971347662]]}