{"translation": [[3447.338604999997], [2078.315223299898], [20.7536857]], "rotation": [[0.8703016683828401, -0.4923335974883398, -0.013514459538899999], [0.4924281266702998, 0.87034058896924, 0.0046695906996600004], [0.00946318637766, -0.0107188524345, 0.9998977719300399]]}