{"translation": [[3436.1777314000065], [2095.7146003004164], [20.8723822]], "rotation": [[0.80787142401004, -0.5890064930434801, -0.020374239008279938], [0.58925909321868, 0.80788776141662, 0.009543699870619808], [0.010838797057080064, -0.01971578810857981, 0.99974687204942]]}