{"translation": [[3452.8402594000218], [2068.891675299965], [20.7340018]], "rotation": [[0.8712934965521202, -0.4906054629963599, -0.012405868564320001], [0.49070218479455985, 0.8713040115580402, 0.0063771712244400005], [0.007680607694280001, -0.011643974970239999, 0.9999027083169201]]}