{"translation": [[3466.779576800007], [2045.0903104003519], [20.767894]], "rotation": [[0.8656147250155201, -0.50047290494048, -0.015427508160240001], [0.50066501747928, 0.8655408129207001, 0.013176880744339998], [0.006758465807360001, -0.019130115893939998, 0.9997941597091801]]}