{"translation": [[3450.5175245000282], [2072.8636287990957], [20.7443351]], "rotation": [[0.8710576172847799, -0.49093072498976, -0.01567240708748], [0.4911126614521599, 0.8710248279416601, 0.01113896658664], [0.008182593981320001, -0.01739959988824, 0.99981513243288]]}