{"translation": [[3456.6629727000254], [2062.333337300457], [20.7472987]], "rotation": [[0.8720618764439, -0.48917145681404006, -0.014811616642680001], [0.48936538794572004, 0.87194504060966, 0.015276705999240001], [0.005441987676840001, -0.02057052512412, 0.999773593516]]}