{"translation": [[3449.728704100009], [2065.701627999544], [20.633725100000003]], "rotation": [[-0.87175020809892, 0.48982462599004, 0.011109272965439806], [-0.48994858424544, -0.8715873912762, -0.01690590596132005], [0.0014017731600398063, -0.020180699546879947, 0.9997953662617199]]}