{"translation": [[3453.7860109999892], [2067.27839929983], [20.7379378]], "rotation": [[0.87153316453958, -0.49018140103334, -0.012334967255340001], [0.49032218312546, 0.8714245228554199, 0.01426435914762], [0.003756869878140001, -0.018479969908020002, 0.999822172519]]}