{"translation": [[3461.6313877999783], [2053.7930920999497], [20.7558123]], "rotation": [[0.8712950597281199, -0.49052603111092, -0.01513746486588], [0.49071665094732003, 0.87121216621734, 0.01365800394422], [0.006488337463719999, -0.01932835717962, 0.99979213644822]]}