{"translation": [[3463.1787069999846], [2051.152298000641], [20.7567034]], "rotation": [[0.8695388387558001, -0.49361685519188, -0.015639182803439997], [0.49381781696295995, 0.86945610569036, 0.013784766427320001], [0.00679318910508, -0.019709297450639998, 0.9997826744525999]]}