{"translation": [[3446.125533499988], [2071.8445962006226], [20.6458769]], "rotation": [[-0.8750913219888999, 0.48378864196634, 0.01280589972842], [-0.48393439284766, -0.8750039611306599, -0.013260256269740001], [0.00479005038142, -0.01780114832074, 0.9998300728421999]]}