{"translation": [[3401.6377408999833], [2109.1183622004464], [20.880027]], "rotation": [[-0.4415952882985005, -0.8970271707087403, -0.01833262869131983], [0.8971976437586602, -0.4416199981150605, -0.0028972770980401066], [-0.005497117278119832, -0.017727413543639894, 0.9998277454332001]]}