{"translation": [[3379.2520709999953], [2073.461990199983], [20.7993046]], "rotation": [[0.51670061326812, 0.8560077913633201, 0.016466672749319827], [-0.85616613566028, 0.51660942296942, 0.009709077616820098], [-0.0001957924549198277, -0.019114893798219904, 0.9998172745585401]]}