{"translation": [[3420.255308700027], [2110.546632400714], [20.9283843]], "rotation": [[0.4699365145579798, -0.8824155711643801, -0.022416405698599998], [0.8826162862146202, 0.47009053652477983, -0.0018552500910000002], [0.012174842360999997, -0.018913233748600003, 0.9997469994117599]]}