{"translation": [[3404.2377789000748], [2110.3626615004614], [20.8911865]], "rotation": [[-0.3891411632122599, -0.9209529269117401, -0.02037531674362], [0.92115359557938, -0.38919749592985986, -0.0012862934514600004], [-0.006745403685739997, -0.01926934384878, 0.9997915742596399]]}