{"translation": [[3413.035851599998], [2112.3347924007103], [20.9272311]], "rotation": [[0.035216865463999936, -0.9991924738275999, -0.0193445274464], [0.9993797061404, 0.03520802085997987, 0.0007977036752000004], [-0.0001159765984000017, -0.0193606204112, 0.99981255889998]]}