{"translation": [[3419.508945700014], [2110.9066007994115], [20.9273285]], "rotation": [[0.4306639836130802, -0.9022855763274198, -0.020229160635979997], [0.9024738859328199, 0.4307442978303603, 0.00042670066118000345], [0.00832858918762, -0.01844005465378, 0.99979527852828]]}