{"translation": [[3383.226022800023], [2075.9560799002647], [20.7995468]], "rotation": [[0.5164721255243803, 0.8561300945229599, 0.017254935019319996], [-0.8563004416797598, 0.5163073770917601, 0.01327305123996], [0.0024546098389199985, -0.02163057008676, 0.9997630185663801]]}