{"translation": [[3390.3301399999764], [2102.674501599744], [20.8561064]], "rotation": [[-0.5282061093221805, -0.8489758578306001, -0.015429918782859904], [0.8490579919350001, -0.5282952951194004, 0.0020954645070001745], [-0.009930554070860098, -0.011994059404199826, 0.99987875595878]]}