{"translation": [[3423.722870800004], [2108.401399500668], [20.9321584]], "rotation": [[0.6082967156467199, -0.7932512399211199, -0.02697329101248], [0.79354549948848, 0.6085108110079199, 0.0003398069222800004], [0.01614398668288, -0.02161123760388, 0.9996360968306399]]}