{"translation": [[3386.9804509999813], [2100.3928482001647], [20.8665967]], "rotation": [[-0.5638993264070801, -0.82573237149208, -0.013536094821080001], [0.8258134530770801, -0.5639425667571601, -0.00074001432392], [-0.00702252873608, -0.01159558426108, 0.99990810902492]]}