{"translation": [[3417.8877717999276], [2111.534219699912], [20.9292741]], "rotation": [[0.33254889744318017, -0.9429423271380598, -0.016464921767499998], [0.9430743995289398, 0.3325809355585202, 0.0008327061945000002], [0.0046907260077, -0.0158045606689, 0.9998640972507]]}