{"translation": [[3371.3093555999803], [2068.4928287006915], [20.821787]], "rotation": [[0.5151951543948802, 0.8569021885086399, 0.0171069841417599], [-0.8570725314478398, 0.5150729985203002, 0.011248943793519825], [0.0008278978889599015, -0.020457326999919825, 0.9997903842214201]]}