{"translation": [[3418.721903000027], [2111.239389900118], [20.9285582]], "rotation": [[0.3836944633980598, -0.9232795761558201, -0.0182607352211], [0.9234456394045001, 0.38372423068829986, 0.0019842589666999987], [0.005175061555179999, -0.01762414458526, 0.999831289911]]}