{"translation": [[3429.1789685999975], [2103.6905562998727], [20.9048315]], "rotation": [[0.7114554269276401, -0.70223304990014, -0.026455861382059923], [0.7025870732612599, 0.7115677282643, 0.006539576424219816], [0.014232830347340075, -0.023240163544579813, 0.9996285916931]]}