{"translation": [[3385.2706754999817], [2099.1561994999647], [20.8750439]], "rotation": [[-0.5744756503728798, -0.8184279651045598, -0.01237446171792], [0.8185156340954398, -0.5744631546647199, -0.00489641863504], [-0.003101307682080001, -0.01294156516496, 0.9999114449624]]}