{"translation": [[3407.341279699991], [2111.51901440043], [20.909145]], "rotation": [[-0.2694845499668801, -0.96273574445264, -0.022760491531039997], [0.96297137077904, -0.2695967237460002, 0.001954969172719997], [-0.00801827172464, -0.021390867157519998, 0.99973903501688]]}