{"translation": [[3426.6493155999924], [2106.037012499757], [20.9169843]], "rotation": [[0.67423478292716, -0.73813002402436, -0.02390702176668], [0.7383807443838799, 0.6743790052643001, 0.00261804077994], [0.01418993936076, -0.01941765815478, 0.9997107582651]]}