{"translation": [[3405.4888122000266], [2110.8824813999236], [20.8984607]], "rotation": [[-0.34778315125012005, -0.9373166903726599, -0.02200974336158], [0.9375413923256598, -0.3478737835448401, 0.0003091185439399978], [-0.007946353255580001, -0.02052753826094, 0.99975770848028]]}