{"translation": [[3409.6945459999843], [2112.0674149999395], [20.9152491]], "rotation": [[-0.15325347668849976, -0.9879638667206001, -0.02100035058], [0.9881727537990002, -0.15333090518897974, 0.002118246156320001], [-0.005312750634399996, -0.020427343732320004, 0.99977722436352]]}