{"translation": [[3375.286649800022], [2070.976557499729], [20.8146038]], "rotation": [[0.5163756499743599, 0.8561618309289201, 0.01852294616208], [-0.85636217076528, 0.5162576912919601, 0.01103724706108], [-0.00011294362011999952, -0.021561716094719997, 0.99976751279436]]}