{"translation": [[3411.951106200053], [2112.3175737001], [20.9209828]], "rotation": [[-0.02905121825364021, -0.9993904636897202, -0.019354755156679858], [0.9995745762854802, -0.0290953354583402, 0.002001658367579859], [-0.002563572669479857, -0.019288371589219862, 0.9998106754752599]]}