{"translation": [[3402.956098800001], [2109.77034450043], [20.884049]], "rotation": [[-0.41983985708033966, -0.9073970008669001, -0.01910063907564], [0.9075808307478601, -0.41986842041993966, -0.0026837240497999976], [-0.005584554983799996, -0.018462110754360002, 0.9998139642789601]]}