{"translation": [[3400.2780466999975], [2108.4123005000874], [20.8749648]], "rotation": [[-0.45805725798945973, -0.8887535696255799, -0.017346182065379828], [0.8889049797153799, -0.4580845064129798, -0.0026021486335801036], [-0.0056333463994198306, -0.016611039043379894, 0.99984615757452]]}