{"translation": [[3398.8727542000124], [2107.647117299959], [20.867308]], "rotation": [[-0.46864374864935976, -0.8832388639602399, -0.0161904436534], [0.8833784903707999, -0.46864197615935976, -0.00413827926424], [-0.0039324325392399995, -0.0162416684884, 0.9998603623394401]]}