{"translation": [[3423.0491838000016], [2108.8854080000892], [20.9328991]], "rotation": [[0.58640077075896, -0.80965971543992, -0.02419279897832], [0.8098967780984799, 0.5865724329489601, 1.0651407199996354e-06], [0.014189966679280002, -0.01959429430168, 0.9997073114085601]]}