{"translation": [[3420.6028682999895], [2110.368570299819], [20.9321997]], "rotation": [[0.48608249862221986, -0.87361556638346, -0.02279613386908], [0.8738212968650602, 0.4862438936605399, -0.0017983412496399998], [0.012655539970119999, -0.019045604707960004, 0.99973851694232]]}