{"translation": [[3377.2689738000045], [2072.2179821999744], [20.806601]], "rotation": [[0.51663795876428, 0.85602161161952, 0.017668653435879998], [-0.8562038152941199, 0.5165388500583601, 0.01012938094288], [-0.0004555762395199985, -0.020361191586279997, 0.99979258564508]]}