{"translation": [[3430.081045500003], [2102.7856635991484], [20.8998043]], "rotation": [[0.7239410167310001, -0.68930283076994, -0.02776650615542], [0.68964189103106, 0.72414006111966, 0.003898861051940001], [0.01741934288758, -0.02197149232406, 0.9996068326955]]}