{"translation": [[3424.4136064000195], [2107.8857114007697], [20.9301479]], "rotation": [[0.6274037911646999, -0.7782795967311001, -0.0254043233101], [0.7785508140585801, 0.6275802647453399, 0.0012917880914999989], [0.014937880019940002, -0.020589028627580004, 0.9996764234814]]}