{"translation": [[3398.1812076999922], [2107.26502959989], [20.8669412]], "rotation": [[-0.4715704084361998, -0.88168983435044, -0.01563263419832], [0.8818234236570399, -0.47155324884131977, -0.004997635302759998], [-0.0029652552438799995, -0.01614195997816, 0.9998653131241201]]}