{"translation": [[3382.270171899989], [2075.357917100191], [20.7981686]], "rotation": [[0.51660056572188, 0.8560888490037402, 0.015351334028099827], [-0.8562227026487401, 0.5164620119338801, 0.0122310680587001], [0.002542501500100174, -0.019462737947699902, 0.9998073501870001]]}