{"translation": [[3428.303510800004], [2104.527823500335], [20.9067223]], "rotation": [[0.69958963616088, -0.7141030517258401, -0.025123223011279998], [0.71437696550024, 0.69975494042736, 0.0029288821077599995], [0.01548857583192, -0.01999646727736, 0.9996800714824801]]}