{"translation": [[3386.09500390006], [2099.756949200295], [20.8720177]], "rotation": [[-0.5701929827080398, -0.8214083140600797, -0.012967277546759906], [0.8214958836308398, -0.5702063694720397, -0.003002601028719824], [-0.004927663907280092, -0.012364628111239822, 0.99991141312076]]}