{"translation": [[3378.299790900026], [2072.8647857997566], [20.8031674]], "rotation": [[0.51666095998486, 0.85602367075902, 0.016878720446159998], [-0.85619004325266, 0.5165642538608601, 0.009997256475520001], [-0.0001610548195199995, -0.01961658487816, 0.99980756330636]]}