{"translation": [[3422.364748299995], [2109.3393474994227], [20.931313600000003]], "rotation": [[0.5617248341496002, -0.8269913946762799, -0.023461667693639825], [0.8271929444578798, 0.5619148776388803, -0.0018732177011599044], [0.014732595110439827, -0.018355092939959905, 0.99972298223472]]}