{"translation": [[3414.576232900028], [2112.241411199793], [20.9305763]], "rotation": [[0.12938812247029985, -0.99140581590034, -0.019321575118879872], [0.9915929771149001, 0.12939244585589982, 0.0010315007595998477], [0.0014774310484001307, -0.019292601078879854, 0.99981278885744]]}