{"translation": [[3391.9696626000223], [2103.707669599913], [20.8544798]], "rotation": [[-0.5081925708125005, -0.8610726500680801, -0.017150518271940002], [0.8611781577405602, -0.5082984583656405, 0.0021899430623199996], [-0.010603282644420002, -0.01365673917064, 0.9998505207611]]}