{"translation": [[3384.3692534000147], [2098.4957780996338], [20.8773671]], "rotation": [[-0.57761852201044, -0.8162273071811601, -0.01139896357936], [0.81630224606336, -0.57760605876372, -0.00468980584892], [-0.00275616233284, -0.01201391771152, 0.99992403179228]]}