{"translation": [[3415.5708459001034], [2112.1026334995404], [20.9289949]], "rotation": [[0.19017785798639997, -0.9815810980065602, -0.01819418312368], [0.9817453301291201, 0.19019966607960004, 0.0005401127973600015], [0.002930363964960001, -0.01796477075848, 0.99983432627544]]}