{"translation": [[3475.9161960000056], [2164.5510600004345], [21.0871396]], "rotation": [[-0.5085210208268801, -0.8607750298857598, -0.021740456062559997], [0.8610452043849598, -0.5084364141172001, -0.00966938140668], [-0.002730478035360001, -0.023636599930919995, 0.99971688773368]]}