{"translation": [[3468.7695519999834], [2160.168409800157], [21.065874800000003]], "rotation": [[-0.5069781976570003, -0.8616929019112799, -0.021409208824039825], [0.8619581935081199, -0.5068514239386003, -0.011384684008560103], [-0.0010411872898398282, -0.024225630672359902, 0.99970597413884]]}