{"translation": [[3452.408232200076], [2120.62638780009], [20.968185100000003]], "rotation": [[0.5283985261279802, 0.8488640459162397, 0.014991551169819997], [-0.8489826907594397, 0.5284080079047603, 0.0036449203874399996], [-0.00482761293258, -0.014653538974639998, 0.99988097688078]]}