{"translation": [[3453.3806890000124], [2121.254874699749], [20.9731372]], "rotation": [[0.5281508972615, 0.84902117742622, 0.014824725506039999], [-0.8491385005766199, 0.52815605867438, 0.003884199476760001], [-0.004532002098839999, -0.01463968745844, 0.9998825633711199]]}