{"translation": [[3462.551753800013], [2127.150660400279], [21.009834]], "rotation": [[0.5243234417046201, 0.8514078186621801, 0.013772843980219999], [-0.85151905511722, 0.52426451096492, 0.007877674204780001], [-0.0005135004108200005, -0.01585828803838, 0.99987411759054]]}