{"translation": [[3470.8859282999765], [2161.4656611997634], [21.0725812]], "rotation": [[-0.5074429988806602, -0.8614244562351201, -0.02119918570094], [0.86168485099736, -0.5073133366761602, -0.011501842827280003], [-0.0008466616872200017, -0.02410354801256, 0.99970910874974]]}