{"translation": [[3449.3275045999326], [2118.635605700314], [20.9507894]], "rotation": [[0.5291450503131, 0.84843392809134, 0.01285765684232], [-0.84852281273774, 0.52914694353582, 0.0035330379885599996], [-0.0038060398855200017, -0.012779505361839999, 0.99991109519328]]}