{"translation": [[3445.2867303999956], [2116.011445599608], [20.9266586]], "rotation": [[0.5326165882181599, 0.8462581365632799, 0.012915699175799999], [-0.8463503756307998, 0.5326095471262999, 0.0042650920998], [-0.0032696566117199977, -0.013202864895959999, 0.9999074925811]]}