{"translation": [[3466.7624258000287], [2158.938702900894], [21.0558194]], "rotation": [[-0.5065387075161799, -0.8619603956587798, -0.021040109710499896], [0.8622163027402199, -0.5064215377958798, -0.010961088833699825], [-0.0012071411913001009, -0.023693342845499822, 0.99971854453694]]}