{"translation": [[3471.565663099929], [2161.88238970004], [21.0764552]], "rotation": [[-0.5075854525985805, -0.86135551820496, -0.02058801493642], [0.86160131505984, -0.5074572432979204, -0.011423961073440004], [-0.0006074440811800023, -0.023537295029760003, 0.9997227749675]]}