{"translation": [[3472.995334199979], [2162.759074200876], [21.0765383]], "rotation": [[-0.50786746675946, -0.8612066981639401, -0.019831974864360002], [0.86143429930794, -0.50776210481858, -0.010403888348520001], [-0.00111002941164, -0.02236774361652, 0.99974919445912]]}