{"translation": [[3400.278221799934], [2086.564610400237], [20.7887452]], "rotation": [[0.51514920217766, 0.85700201912638, 0.012996842236339826], [-0.8571005436554601, 0.5150865674351001, 0.0080352549903801], [0.00019172981878017373, -0.015278955152539901, 0.999883251579]]}