{"translation": [[3406.348060599994], [2090.331484299153], [20.8136067]], "rotation": [[0.5170729285047599, 0.8557808957195799, 0.01657302403862], [-0.85592913970178, 0.5170720664722801, 0.0046696766882199986], [-0.004573227936820001, -0.016599897360979998, 0.99985175351148]]}