{"translation": [[3408.375373499992], [2091.5956977996975], [20.8167983]], "rotation": [[0.5196077896175599, 0.8542446826090999, 0.0165433315669], [-0.8543793563819, 0.5196444679927799, 0.0023359999937799993], [-0.006601134274099999, -0.01534808592622, 0.99986042088878]]}