{"translation": [[3414.4293872999842], [2095.459491699934], [20.8434079]], "rotation": [[0.5294021195784602, 0.8483065129155, 0.010463829708739998], [-0.8483705107407399, 0.5293476613224601, 0.007652827142700002], [0.0009529388882999991, -0.01292862726374, 0.99991596772476]]}