{"translation": [[3430.3689822999877], [2106.053215400316], [20.9434067]], "rotation": [[0.5461674278383201, 0.8375977038614799, 0.01145306320492], [-0.8376216298341199, 0.54592514952582, 0.01885952603918], [0.00954418172668, -0.01989379235758, 0.9997565431601401]]}