{"translation": [[3450.381886099989], [2119.316415499896], [20.959347]], "rotation": [[0.52892556961518, 0.8485469942244602, 0.014343497018760002], [-0.8486573425265401, 0.52892879279462, 0.0038784836577200003], [-0.004295612864760002, -0.014224143289720001, 0.9998896046348]]}