{"translation": [[3413.383620599925], [2094.784278099425], [20.8362977]], "rotation": [[0.52763374478422, 0.849391908669, 0.0116658160305], [-0.849471839949, 0.5275927170687199, 0.006602457664600001], [-0.0005467263344999997, -0.0133934611354, 0.9999101541155]]}