{"translation": [[3392.2480011999724], [2081.5763490004465], [20.7836222]], "rotation": [[0.5156513823287, 0.8566648595411799, 0.01513045445774], [-0.8567983326402999, 0.5155610205183601, 0.00966496879318], [0.00047896723190000035, -0.017947503009100002, 0.9998388158663]]}