{"translation": [[3460.517398200056], [2125.8529047993943], [21.0077459]], "rotation": [[0.52530616791936, 0.85079401751008, 0.014242907514879999], [-0.8509132273404799, 0.52523230864128, 0.008808642284479999], [1.3506603519999535e-05, -0.016746713437119996, 0.99985976385408]]}