{"translation": [[3436.3209890999715], [2110.0606630994007], [20.9211467]], "rotation": [[0.5451256032783, 0.8381990700129401, 0.016135996038179903], [-0.83835436496874, 0.54502692218358, 0.010372440199659827], [-0.0001003820817800944, -0.019181965678139824, 0.9998160041257199]]}