{"translation": [[3474.4448156], [2163.647938400507], [21.0788383]], "rotation": [[-0.5081941435508001, -0.8610001804096801, -0.020428208946840002], [0.8612406199701601, -0.5080994601581601, -0.00997211269812], [-0.0017935717693200008, -0.022661373584760003, 0.999741589228]]}