{"translation": [[3459.4606414000737], [2125.1783019006252], [21.0043537]], "rotation": [[0.5258070007064002, 0.8504845659763599, 0.014249293934119998], [-0.8506036060953198, 0.5257184851439003, 0.00967579541096], [0.0007379967859599979, -0.01720810144088, 0.9998516573064601]]}