{"translation": [[3469.487949799979], [2160.6082031000406], [21.0686256]], "rotation": [[-0.5071346741379398, -0.8616041828649399, -0.021280812041919825], [0.86186673887902, -0.5069972486684998, -0.0118208646553601], [-0.0006044051353598281, -0.024335991798079902, 0.9997036532096]]}