{"translation": [[3384.2609264000203], [2076.6026159003377], [20.7967445]], "rotation": [[0.51621856086876, 0.85627912339044, 0.0174486408394399], [-0.8564545157701601, 0.5160620931198, 0.012867527613719825], [0.002013613256039902, -0.021586423874479826, 0.9997649582094]]}