{"translation": [[3441.266570399981], [2113.3705858001485], [20.9177234]], "rotation": [[0.53841289942712, 0.8425609956017199, 0.014231247679039903], [-0.84267980865812, 0.5383656349379, 0.007293366042559822], [-0.0015165090761600957, -0.01591922733535982, 0.99987213102678]]}