{"translation": [[3464.593705300009], [2128.4479283001274], [21.014357500000003]], "rotation": [[0.5232784593500002, 0.8520402863011999, 0.014386010993399902], [-0.85216010129096, 0.5232358536416, 0.006881572476719824], [-0.0016638991297200966, -0.015860163673199826, 0.99987283523224]]}