{"translation": [[3475.206430900027], [2164.115577299148], [21.0815547]], "rotation": [[-0.5084366425611596, -0.8608368613715598, -0.02126429277236], [0.8610964187555599, -0.5083453827641796, -0.00990055378058], [-0.0022868426916399977, -0.023344409668579997, 0.9997248666030201]]}