{"translation": [[3436.1087652000715], [2140.393475900404], [20.9092414]], "rotation": [[-0.4787702208008202, -0.8778267339700001, -0.014110232564639898], [0.8779382143628001, -0.4786737538336001, -0.009784018940399828], [0.0018344745633598987, -0.01707221112599983, 0.99985257627822]]}