{"translation": [[3446.351717100013], [2146.5107372002676], [20.9613635]], "rotation": [[-0.5050181614365002, -0.8628057388574999, -0.022869556654599825], [0.8631045973278999, -0.5049208581988203, -0.010270541770920103], [-0.0026858329169998293, -0.024925628405079902, 0.99968570029368]]}