{"translation": [[3450.1087651000125], [2148.788576600142], [20.9863657]], "rotation": [[-0.5056959580125, -0.8623461326396, -0.025118397750300003], [0.8627089042788001, -0.50555628637728, -0.012098599059920001], [-0.0022655820641, -0.02778807554808, 0.99961126946622]]}