{"translation": [[3460.4229256000253], [2155.0666869003326], [21.0361124]], "rotation": [[-0.5056594498921, -0.86243234963828, -0.02277962451596], [0.8627326752902, -0.50551025532816, -0.012315072499720001], [-0.0008944173002000018, -0.0258799598426, 0.9996646576151]]}