{"translation": [[3460.9987579999724], [2155.418067299761], [21.0357579]], "rotation": [[-0.5056418997336398, -0.86245670762148, -0.02224996272324], [0.8627430170072399, -0.5055049722307399, -0.011814133520579998], [-0.0010582852705199996, -0.025169716413059998, 0.99968263238126]]}