{"translation": [[3431.5807254000683], [2138.2684787996113], [20.8916235]], "rotation": [[-0.28856838307002, -0.9573689684808602, -0.013149015524580001], [0.9573909678083401, -0.2883565625693799, -0.015905273257539997], [0.011435610100980001, -0.017178508325259998, 0.9997870401566]]}