{"translation": [[3459.247754000011], [2154.3515235995874], [21.0303058]], "rotation": [[-0.5057352974816997, -0.8623789689719799, -0.023109226180939996], [0.8626876623186199, -0.5055915782657997, -0.01211886446954], [-0.001232778606139998, -0.026064985471339997, 0.99965949038886]]}