{"translation": [[3439.3990688999766], [2142.3302310993895], [20.9192158]], "rotation": [[-0.4971733526691998, -0.8673879536774799, -0.02137799844616], [0.8676462401817199, -0.49710412205169985, -0.008815743536239998], [-0.002980419583760002, -0.02293149037384, 0.9997325961917399]]}