{"translation": [[3446.76729649998], [2146.761743700132], [20.9631357]], "rotation": [[-0.5050773733954597, -0.8627709017648799, -0.0228807508832799], [0.86307118438072, -0.5049686982141596, -0.010726383469719825], [-0.002299648848880096, -0.025165366647319824, 0.99968065701134]]}