{"translation": [[3445.97119140008], [2146.2824657009915], [20.958944100000004]], "rotation": [[-0.5050769225136997, -0.8627591112390997, -0.023326646098199996], [0.8630663588296997, -0.5050043655893798, -0.009336224439960001], [-0.003725144388599999, -0.024847953723959995, 0.99968430142668]]}