{"translation": [[3445.1919828000246], [2145.8114521000534], [20.9546753]], "rotation": [[-0.5047701914529804, -0.8629383764813401, -0.023326089082620002], [0.8632444697783401, -0.5047047128782604, -0.00904612759754], [-0.003966539203620003, -0.024702336390460003, 0.99968698154972]]}