{"translation": [[3435.7768355999724], [2140.204552399926], [20.9123805]], "rotation": [[-0.4739794551613198, -0.880408670306, -0.014973347626399828], [0.8805316434439999, -0.47385515886249985, -0.011201120682500102], [0.0027663663764001725, -0.018493605942499894, 0.99982515160118]]}