{"translation": [[3454.340683599934], [2151.360459700227], [21.0098214]], "rotation": [[-0.5062002461917805, -0.8621076532983001, -0.023055232009680002], [0.8624147440977001, -0.5060620481905005, -0.011910138624800004], [-0.0013995575803199996, -0.025912089141200002, 0.9996632457177199]]}