{"translation": [[3459.807120500016], [2154.6919526997954], [21.033405]], "rotation": [[-0.5056806777945002, -0.8624025355090001, -0.0234266392378], [0.8627198734570001, -0.5055304615436202, -0.0123798617918], [-0.0011664564578000008, -0.0264708855782, 0.99964890415088]]}