{"translation": [[3427.3833390999935], [2137.610168600455], [20.886422600000003]], "rotation": [[0.0018607326169199911, -0.9998914792587, -0.014614519121019858], [0.9999274122215, 0.002034385873499911, -0.011876377746299857], [0.011904820507019858, -0.014591359299499859, 0.99982266801942]]}