{"translation": [[3433.868957299972], [2139.191916800104], [20.9121331]], "rotation": [[-0.4218850942868796, -0.9065026097563598, -0.016308885854839996], [0.9066230210716397, -0.4216676379764196, -0.015201801919479997], [0.006903543716839998, -0.021199425076519996, 0.9997514318367]]}