{"translation": [[3434.8358439999865], [2139.6874692998827], [20.9137164]], "rotation": [[-0.45543664211536006, -0.8901141171355599, -0.01656320895331983], [0.8902600312682799, -0.4552738954209, -0.012758262766160103], [0.00381551320924017, -0.020556143086479895, 0.9997814195326999]]}