{"translation": [[3440.091433900059], [2142.745451300405], [20.9236424]], "rotation": [[-0.4992995002305999, -0.86612247974948, -0.02306599960996], [0.86641802799892, -0.4992532698708998, -0.008133539943459998], [-0.00447113227916, -0.024045868380259995, 0.99970085787006]]}