{"translation": [[3451.4406919999747], [2149.595710400492], [20.9970012]], "rotation": [[-0.5059345027338399, -0.8622406535769598, -0.023899755196839997], [0.8625703185662399, -0.5057910611747999, -0.012153683103720002], [-0.0016088840316400028, -0.026764188828119997, 0.9996404802008001]]}