{"translation": [[3440.794408100017], [2143.1649422002956], [20.9291328]], "rotation": [[-0.5012428549048198, -0.8649783919601, -0.023834924603539823], [0.8652950421559, -0.5011890154004998, -0.008612934447700098], [-0.004495799056459826, -0.024941412580299898, 0.99967880529468]]}