{"translation": [[3437.3946738999803], [2141.1432958003134], [20.9129108]], "rotation": [[-0.4901328725832399, -0.8715204572812199, -0.01489758288066], [0.8716453437821399, -0.4901002888777999, -0.00601495844982], [-0.0020591498896200015, -0.01593353703894, 0.9998709328238]]}