{"translation": [[3439.04326950002], [2142.11730539985], [20.9167443]], "rotation": [[-0.49608760813172004, -0.8680308074127001, -0.02048837706293983], [0.8682693726789001, -0.4960116898546, -0.0089928383037001], [-0.0023564125289398264, -0.0222506641568999, 0.99974964630812]]}