{"translation": [[3432.5770085999975], [2138.620973900892], [20.8995477]], "rotation": [[-0.35369863420104, -0.93524159654296, -0.014846704115560001], [0.9353089615565601, -0.35347010282951996, -0.01600078754212], [0.009716736041960002, -0.019545712208920003, 0.9997617467044799]]}