{"translation": [[3447.972556499997], [2147.4936547996476], [20.971097]], "rotation": [[-0.5052049055850004, -0.8626843145418, -0.0233135093546], [0.8629946454213999, -0.5051062916116205, -0.010373961019020005], [-0.0028263490362000036, -0.025360412787980003, 0.99967437756438]]}