{"translation": [[3454.8722635000013], [2151.685021499172], [21.011447]], "rotation": [[-0.5061837581082401, -0.8621369818783601, -0.0223070758360399], [0.86242394897444, -0.5060628853093001, -0.011183313141819829], [-0.0016472370852401007, -0.02489897056441983, 0.9996886154343]]}