{"translation": [[3444.793309599976], [2145.5696992008016], [20.9520767]], "rotation": [[-0.5046820114463998, -0.862997220842, -0.0230639311372], [0.86329871153384, -0.5046028522383997, -0.009559129182879999], [-0.00338862280712, -0.0247353816568, 0.99968829049184]]}