{"translation": [[3428.197800200025], [2137.637199900113], [20.8824205]], "rotation": [[-0.0548671862197202, -0.99840513950728, -0.013289301703519999], [0.99840511630768, -0.05468030377594013, -0.01404009959422], [0.01329104454008, -0.014038449751180002, 0.99981311755478]]}