{"translation": [[3448.404501700017], [2147.755121799186], [20.9741616]], "rotation": [[-0.5052841111081001, -0.86263238563704, -0.023520881749120003], [0.8629485623647201, -0.5051811166638601, -0.010569562542360002], [-0.0027646592502399998, -0.02563794433692, 0.9996674709356]]}