{"translation": [[3463.478960299981], [2156.932140200399], [21.0492773]], "rotation": [[-0.5058420208508998, -0.8623469374272198, -0.021940479466439997], [0.8626252373638198, -0.5057118654601799, -0.01153187769076], [-0.0011510831143600013, -0.02475972233196, 0.99969276836028]]}