{"translation": [[3464.142133400077], [2157.336744699627], [21.0498576]], "rotation": [[-0.5059553391582602, -0.8622834321491203, -0.021830440603040003], [0.8625592890809602, -0.5058185640681602, -0.011795921942480001], [-0.00087081337712, -0.02479825791176, 0.9996920966513401]]}