{"translation": [[3433.226654900005], [2138.8921455005184], [20.9045679]], "rotation": [[-0.3910838409109203, -0.92021063895548, -0.01630337879208], [0.9203167947631201, -0.3908447097637203, -0.01604372016572], [0.00839151260668, -0.021278713141680002, 0.99973836521436]]}