{"translation": [[3456.4327597999945], [2152.634222799912], [21.020272]], "rotation": [[-0.5060897660205798, -0.8622180899058599, -0.02129000350626], [0.8624808624569399, -0.5059425857460198, -0.012207042658619997], [-0.00024638534694000104, -0.024540078117779997, 0.9996988165894]]}