{"translation": [[3426.544653800025], [2137.6364018004388], [20.8858991]], "rotation": [[0.059010257581920134, -0.9981253974521599, -0.01623347701008], [0.99821990352144, 0.05914118298288007, -0.007706490607359999], [0.00865211121728, -0.01574981729424, 0.9998385290808]]}