{"translation": [[3439.7301212999737], [2142.528913299553], [20.9214827]], "rotation": [[-0.49812298933648025, -0.8668232660590001, -0.0221537849680399], [0.8670979115770001, -0.49806805346250016, -0.008324850658999825], [-0.0038179193819601, -0.023356301472999826, 0.99971991410102]]}