{"translation": [[3429.759290600021], [2137.822769800201], [20.8868334]], "rotation": [[-0.16433178106832014, -0.9863337738848402, -0.011859450741240002], [0.9863237459199602, -0.16415197515098023, -0.01481525064408], [0.012666029852040002, -0.01413187571832, 0.9998199146647]]}