{"translation": [[3428.613490000018], [2137.6704954002053], [20.883775]], "rotation": [[-0.08383609472019982, -0.9964015195739597, -0.012480452311079998], [0.9964015417002798, -0.08366610373593975, -0.013571714052539999], [0.012478685687639997, -0.01357333841478, 0.9998300090143]]}