{"translation": [[3398.909014899982], [2167.4401602996513], [20.9867077]], "rotation": [[0.8489833743881601, -0.5283629390969599, -0.007735154566959999], [0.5284193985481599, 0.84890348506718, 0.011653767313880004], [0.00040898087176000205, -0.013981260437720001, 0.9999021737599799]]}