{"translation": [[3414.43324559991], [2143.9756644004956], [20.9189797]], "rotation": [[0.7736042479839, -0.63351649117976, -0.013903860961620001], [0.63363101577024, 0.77361197680176, 0.006019937551759999], [0.00694246356338, -0.01346696689824, 0.9998852149119]]}