{"translation": [[3399.3365452999715], [2166.7801480004564], [20.984767]], "rotation": [[0.8492691423115, -0.5279036972079599, -0.00772268015928], [0.52796017913316, 0.84917687548568, 0.012518498521840001], [-5.063948712000048e-05, -0.014708841889359999, 0.99989181786182]]}