{"translation": [[3408.483163799974], [2152.519473399967], [20.9488213]], "rotation": [[0.8477970034767199, -0.5302462062311201, -0.00889797715024], [0.53031758520952, 0.8477313808283999, 0.010711539961759999], [0.0018633403889599998, -0.01379996551856, 0.99990303974768]]}