{"translation": [[3378.554322400014], [2173.9012791998684], [20.95303]], "rotation": [[-0.8615014501789798, 0.5076033955292, 0.012413715007199753], [-0.5077530363491999, -0.8613111253744798, -0.01816742998099986], [0.0014702214871998593, -0.021954368156999752, 0.9997578927795]]}