{"translation": [[3422.1022705999203], [2138.5082425000146], [20.8817704]], "rotation": [[0.33483172292982, -0.9420835118521199, -0.019137006051739885], [0.94220305170508, 0.33499199682072, -0.005798486354760164], [0.011873401445340114, -0.016089430777639836, 0.99980005626654]]}