{"translation": [[3410.4126831999747], [2149.5862016994506], [20.9437876]], "rotation": [[0.8427473884512601, -0.5382525807874398, -0.007810885335739998], [0.5383068568254398, 0.8426982018322802, 0.00924553526888], [0.001605786032740001, -0.01199630373712, 0.99992675239398]]}