{"translation": [[3410.0191988999723], [2150.1740647004917], [20.9491916]], "rotation": [[0.84412939941182, -0.5360534430849799, -0.00960555120962], [0.53613118806658, 0.84408057678284, 0.00955680333562], [0.0029849019447800006, -0.01321701420202, 0.9999081962350199]]}