{"translation": [[3406.5165465999744], [2155.5616855993867], [20.9625917]], "rotation": [[0.84936503802444, -0.52774653525928, -0.007913365576959808], [0.52780361485024, 0.84930969468614, 0.009817398452620054], [0.0015397999703198077, -0.012515258015059944, 0.99992049550454]]}