{"translation": [[3416.7905744001037], [2141.5569236995652], [20.9126878]], "rotation": [[0.6524104419100001, -0.7576649976237599, -0.017445419809319997], [0.75776801553912, 0.6525231949751, -0.001044348079359999], [0.012174806874839997, -0.012538238025919999, 0.99984727166414]]}