{"translation": [[3378.080111599993], [2174.6833792999387], [20.9479757]], "rotation": [[-0.8623566547899201, 0.50617846850976, 0.011142540718559999], [-0.50629609472976, -0.862237082564, -0.014535342544320002], [0.0022500350985599996, -0.01817607599568, 0.99983226972592]]}