{"translation": [[3385.2322137000156], [2163.1731091998518], [20.9213742]], "rotation": [[-0.8519069956776999, 0.5236343599175199, 0.00785950434916], [-0.52367916136168, -0.8516775510515999, -0.02014271430316], [-0.00385365415844, -0.021275575144759997, 0.9997662223153401]]}