{"translation": [[3383.4701048000134], [2165.955780999735], [20.9243899]], "rotation": [[-0.8540117620641801, 0.52020777878934, 0.006886056169979946], [-0.5202391902341399, -0.85381604282356, -0.018681290802859806], [-0.0038387272684199452, -0.019536442065939807, 0.9998017761366199]]}