{"translation": [[3384.3504812999745], [2164.5556105999276], [20.9223736]], "rotation": [[-0.8527869345981001, 0.5222358857994799, 0.004924359056059998], [-0.5222223337120399, -0.8525771060836002, -0.01990572506468], [-0.006197088125179998, -0.01954695120044, 0.99978973430006]]}