{"translation": [[3419.856197200017], [2139.4760804995894], [20.8819836]], "rotation": [[0.47035987512094, -0.8824026569728199, -0.01127271489138], [0.8823683415775799, 0.4704631155241401, -0.00951325302258], [0.013697916460019999, -0.00547203515598, 0.99989120603324]]}