{"translation": [[3408.1092589001055], [2153.0998502001166], [20.9540625]], "rotation": [[0.8481844007002199, -0.5296367361412, -0.00825502670466], [0.52969995936, 0.8481114598199999, 0.011175871382000001], [0.0010820305966600008, -0.013851887121600001, 0.9999034725562199]]}