{"translation": [[3410.7698603000026], [2149.048266598955], [20.937294]], "rotation": [[0.8413712200319, -0.5404054669180199, -0.0075088574931398075], [0.5404528994187, 0.84134078541766, 0.007505185732020057], [0.0022616643552998083, -0.010372831246499944, 0.9999436430318]]}