{"translation": [[3412.2393926000223], [2146.898398499936], [20.918788600000003]], "rotation": [[0.8303029033830001, -0.5572748666330999, -0.006466746546699999], [0.5573103664381, 0.83027523585132, 0.006942287224739999], [0.0015004174317, -0.00936818607526, 0.99995499190668]]}