{"translation": [[3413.6880307000247], [2144.902950900607], [20.9176924]], "rotation": [[0.7998715234824799, -0.60001661136588, -0.013622776011679747], [0.6001478178901201, 0.7998347605727799, 0.009323115079079874], [0.005301945207679872, -0.015632974063079747, 0.9998637404552599]]}