{"translation": [[3374.45212620002], [2180.7690940005705], [20.9417128]], "rotation": [[-0.8715192182397798, 0.49025087248620003, 0.010420891029719999], [-0.4903539676794, -0.8714274905799999, -0.012937377413799998], [0.00273848943828, -0.0163850962706, 0.99986200513622]]}