{"translation": [[3413.338174799981], [2145.366432500072], [20.9215558]], "rotation": [[0.80988558491964, -0.58645047582782, -0.01269685577393994], [0.58657323068946, 0.8098286899604401, 0.010457981197819809], [0.004149190734380062, -0.01591740347945981, 0.99986470109964]]}