{"translation": [[3409.256866700016], [2151.3260957999155], [20.946500600000004]], "rotation": [[0.84639932346684, -0.5324591094162999, -0.00977236452162], [0.53253315038862, 0.8463725566491, 0.00787122387434], [0.004079956606900001, -0.011866306405499998, 0.9999212692683]]}