{"translation": [[3409.6540366000263], [2150.7237857002765], [20.948715600000003]], "rotation": [[0.84531708759222, -0.5341722250438597, -0.009952471422859998], [0.5342529072045398, 0.84527636591798, 0.00903839776358], [0.0035845277552600005, -0.012957448912779999, 0.9999096237542]]}