{"translation": [[3405.2863570000045], [2157.4822123004124], [20.9736267]], "rotation": [[0.85037885145014, -0.52611863197052, -0.0074152019796199994], [0.5261708633589199, 0.85029033376812, 0.012270369512119999], [-0.00015059567977999998, -0.01433612602148, 0.99989722112102]]}