{"translation": [[3403.2343848000164], [2160.696119699627], [20.9781849]], "rotation": [[0.85138782493004, -0.5244897206115, -0.007023214310419808], [0.52453641189642, 0.8512959745126, 0.012519480497940055], [-0.0005875042201001924, -0.014342864775899947, 0.9998969632333999]]}