{"translation": [[3416.395249400055], [2141.9054034007713], [20.913247100000003]], "rotation": [[0.6751518628795801, -0.73746410444744, -0.01779404713026], [0.73758725083584, 0.6752516038776, 0.0005387814399200009], [0.011618126620340001, -0.013488422166719999, 0.99984152823702]]}