{"translation": [[3404.0686938000144], [2159.389148400165], [20.9718927]], "rotation": [[0.85099999355222, -0.52512666172456, -0.0064037013247], [0.52516509879344, 0.8509172072388801, 0.0118967520196], [-0.0007982818504999999, -0.013487136291999999, 0.9999087257871]]}