{"translation": [[3407.6992079999764], [2153.732430900447], [20.960396600000003]], "rotation": [[0.8485923349842801, -0.5289861367561599, -0.008044571541559999], [0.5290462331803598, 0.8485230796590001, 0.01089336719248], [0.0010635643686400017, -0.013499978181879998, 0.99990830550572]]}