{"translation": [[3374.021897299972], [2181.5095357997343], [20.9400612]], "rotation": [[-0.8734332690969998, 0.4868388557886, 0.010115169860199998], [-0.4869369177114, -0.8733436895701797, -0.01277895875826], [0.0026127258898, -0.01608701686674, 0.99986718195782]]}