{"translation": [[3398.0109074001084], [2168.828858700581], [20.9886758]], "rotation": [[0.8480484296487, -0.5298588395587, -0.007965805071699944], [0.52991861134438, 0.84794306821196, 0.01337166215769981], [-0.0003305446663399449, -0.015561045579379809, 0.9998788649567]]}