{"translation": [[3404.890888600028], [2158.095944199711], [20.968065300000003]], "rotation": [[0.8506966268663, -0.52559959348764, -0.0077676369491199455], [0.52565655590724, 0.8506219870987201, 0.011288938201559807], [0.0006738619179200542, -0.013686570776039806, 0.99990610744358]]}