{"translation": [[3376.260592799925], [2177.7036904999986], [20.9470922]], "rotation": [[-0.8658623546740002, 0.5001565412696001, 0.0112248518508], [-0.5002778094088001, -0.8657332798940801, -0.01510568766864], [0.0021625186644, -0.01869498895536, 0.99982289477592]]}