{"translation": [[3373.5584846999845], [2182.3141358001158], [20.9386557]], "rotation": [[-0.8759427894380998, 0.48231932771434, 0.00961368903572], [-0.48241091698197996, -0.8758444693380998, -0.013277799971559999], [0.0020159564215599998, -0.01626834068572, 0.99986562948236]]}