{"translation": [[3398.4429137000116], [2168.1613325998187], [20.9845192]], "rotation": [[0.8484037981872, -0.5292939208103999, -0.0076771008276], [0.52934959063344, 0.8483161572044, 0.01219448986292], [5.813925192000094e-05, -0.014409721717, 0.99989617287896]]}