{"translation": [[3384.8081887000008], [2163.8336789999157], [20.9215966]], "rotation": [[-0.8522293079161, 0.5231372542875398, 0.005730889166219998], [-0.5231361955494999, -0.8520033196080999, -0.020471625261299996], [-0.0058267332302999976, -0.020444552118779998, 0.99977400921196]]}