{"translation": [[3376.733209799975], [2176.9158626999706], [20.9446842]], "rotation": [[-0.8648067256141, 0.5019823238606198, 0.011089427908639999], [-0.5020984701950597, -0.8646957694524999, -0.01408027243408], [0.002520933880480002, -0.01774469992784, 0.99983937235356]]}