{"translation": [[3396.9356993000256], [2145.065947400406], [20.821703600000003]], "rotation": [[-0.85110070515882, 0.5249398843536798, 0.008123622551479998], [-0.5250001103247198, -0.8509455891332199, -0.01633322442932], [-0.0016612006638799985, -0.01816611890228, 0.99983360243696]]}