{"translation": [[3393.0020784000517], [2151.157504099421], [20.858734]], "rotation": [[-0.8460854371731403, 0.5329893330289398, 0.007845573281679999], [-0.5330159706878198, -0.8457854317213003, -0.02325355155064], [-0.005758223204559998, -0.023856310388720003, 0.9996988142832]]}