{"translation": [[3401.7831426999765], [2137.0066049005836], [20.8307504]], "rotation": [[-0.8860537073624999, 0.46346302641410003, 0.010534554408699805], [-0.4635822203417, -0.88579000252612, -0.021626890912780045], [-0.0006918616669001941, -0.024046217469219953, 0.99971060851238]]}