{"translation": [[3404.8050188000198], [2127.2757647000253], [20.8088203]], "rotation": [[-0.9952907649416399, -0.09653763885522, 0.008746838037339999], [0.09639020309906, -0.9952157124371399, -0.01594817056698], [0.010244590666020001, -0.01502995948666, 0.9998345606436599]]}