{"translation": [[3389.472981399973], [2156.555354900658], [20.8951455]], "rotation": [[-0.8478978586000802, 0.53013831949092, 0.00475882632064], [-0.53005889722492, -0.8475275103717002, -0.02710622552964], [-0.01033681253136, -0.02550576791836, 0.99962123132838]]}