{"translation": [[3404.3670546999783], [2131.327087599784], [20.8115665]], "rotation": [[-0.95621775591562, 0.29255164989594, 0.007794796628699801], [-0.29264705346605996, -0.9560530682117799, -0.017884527720900028], [0.002220092104499802, -0.019382630815499968, 0.9998096742766]]}