{"translation": [[3403.6568984999903], [2133.2037495998666], [20.8207809]], "rotation": [[-0.9208475745861001, 0.3898313255969, 0.008441757513499999], [-0.38992002395914, -0.9205449094962, -0.02365218440098], [-0.0014493454580199994, -0.025071667168299998, 0.99968460571326]]}