{"translation": [[3404.5381849000114], [2130.701329400763], [20.8114495]], "rotation": [[-0.9698674110955599, 0.24351390127324, 0.0076197231258], [-0.24361605572299996, -0.9696949787974598, -0.018513262783740003], [0.0028805707412399998, -0.0198116983527, 0.9997995793697401]]}