{"translation": [[3395.9169660999323], [2146.656266999431], [20.8315055]], "rotation": [[-0.8489356063604, 0.5283951309296401, 0.010327135993079946], [-0.52848865508412, -0.84865835429554, -0.021873889618459808], [-0.0027938459780399447, -0.024027301336419806, 0.9997073987783001]]}