{"translation": [[3404.587069200061], [2130.499273800291], [20.8139515]], "rotation": [[-0.97389528834922, 0.22686138236963999, 0.0078645146793], [-0.22697171826036, -0.97372315107368, -0.018628855206599997], [0.0034316922567, -0.0199275770154, 0.9997955366771]]}