{"translation": [[3398.546772199974], [2142.4877044996247], [20.8278986]], "rotation": [[-0.85705762566034, 0.51519347394934, 0.0052906702759], [-0.5151836956672999, -0.8568280172547401, -0.020774721428660003], [-0.0061698063616600005, -0.0205307995915, 0.99977018347596]]}