{"translation": [[3393.7545414000633], [2150.0055574001744], [20.8541246]], "rotation": [[-0.8465697528736, 0.5321768109274398, 0.010375448540719997], [-0.5322627122842398, -0.8462372318812801, -0.02406464135824], [-0.0040265535071199975, -0.025894859779040002, 0.99965656259168]]}