{"translation": [[3401.1796234999783], [2138.092001499608], [20.8417839]], "rotation": [[-0.87770645857812, 0.4790817834016198, 0.010580002904219997], [-0.4791970323712198, -0.87743330038834, -0.021930039363579998], [-0.0012230353003799977, -0.02431804417702, 0.99970352450078]]}