{"translation": [[3404.8293288000277], [2127.6013059001416], [20.8085137]], "rotation": [[-0.9979717657568399, -0.06319861438502, 0.007641275979779999], [0.06307780420938, -0.9978939053408399, -0.01513418324438], [0.008581641737379998, -0.014621491926779999, 0.99985627337436]]}