{"translation": [[3400.7347083999775], [2138.881938700564], [20.8453896]], "rotation": [[-0.87351169257192, 0.4865577002382398, 0.015446057881599999], [-0.48679618871023983, -0.87322549142592, -0.0225025611688], [0.0025390987360000023, -0.027175336996, 0.99962745759]]}