{"translation": [[3404.82585809991], [2128.9465140998363], [20.8119305]], "rotation": [[-0.9968206211680798, 0.07916293554223999, 0.009045604250359999], [-0.07931219539023998, -0.9966953996111998, -0.017544234539919996], [0.00762685926836, -0.01820588200408, 0.99980516945688]]}