{"translation": [[3404.6744143000105], [2130.0706409001723], [20.8115516]], "rotation": [[-0.98169088463386, 0.19032618321446, 0.007662702417359999], [-0.19044028483754, -0.9815150795353, -0.01898453515632], [0.00390780453936, -0.02009623465032, 0.9997904132326]]}