{"translation": [[3394.4888145999867], [2148.8729373002425], [20.8468414]], "rotation": [[-0.8474681243664401, 0.5307195315468202, 0.01160582355078], [-0.5308361508029801, -0.8471132235747402, -0.02474480837862], [-0.003301106821020001, -0.027131225105819997, 0.99962642989566]]}