{"translation": [[3400.9541927999235], [2138.4968355996534], [20.846197600000004]], "rotation": [[-0.8754029918345801, 0.48319295173976, 0.0139455687453], [-0.48339219847624, -0.8751171331907202, -0.0224118543036], [0.0013747548579000008, -0.026360579470799998, 0.9996515542707]]}