{"translation": [[3404.7481545999763], [2129.637298299931], [20.8128763]], "rotation": [[-0.9886435644296199, 0.15004270638756, 0.00844103239924], [-0.15018268936356, -0.9884644584200999, -0.01957898100888], [0.00540597665524, -0.02062432887912, 0.9997726804095199]]}