{"translation": [[3403.272855899995], [2134.0545714003965], [20.8258999]], "rotation": [[-0.9114581461445201, 0.41129505344107997, 0.00898295561372], [-0.41138772465868, -0.9111168205755401, -0.025030898240420003], [-0.00211056315068, -0.026510090182180004, 0.99964631779998]]}