{"translation": [[3403.898063300003], [2132.634807500057], [20.8146568]], "rotation": [[-0.9290734616413, 0.36981551454276, 0.007687959704879999], [-0.36989530365372, -0.928856213234, -0.02009268786096], [-0.00028957878456000027, -0.021511321996320002, 0.99976856281046]]}