{"translation": [[3397.2815777001088], [2144.5185468997806], [20.8194197]], "rotation": [[-0.8520724038967201, 0.5233812792135198, 0.006659925675159999], [-0.5234165090072799, -0.8519253371140201, -0.01606479471296], [-0.0027342530627599984, -0.01717428599264, 0.99984877243326]]}