{"translation": [[3389.0814295000164], [2157.1582957003266], [20.8982186]], "rotation": [[-0.8483190123225, 0.5294561739001, 0.0055665547577999994], [-0.5293841863977, -0.84790433495058, -0.02847095450948], [-0.0103542167666, -0.027099298472520003, 0.99957912053592]]}