{"translation": [[3399.1500062000123], [2141.53839790076], [20.8345655]], "rotation": [[-0.8614553454586, 0.5077176377929801, 0.01084142934626], [-0.50782724690658, -0.86135349842018, -0.013479116866259997], [0.0024947175465399995, -0.01711723009506, 0.99985037721758]]}