{"translation": [[3404.8482710000244], [2128.4440609002486], [20.8066163]], "rotation": [[-0.9996448045056398, 0.02541045312378, 0.0080231008320598], [-0.025531889111459996, -0.9995550545428998, -0.015414669484380002], [0.0076278380500198004, -0.015614040763259998, 0.9998489975003]]}