{"translation": [[3404.8486229000264], [2128.184264499694], [20.8056737]], "rotation": [[-0.9999716638639402, -0.002190806447639999, 0.0071810082977998], [0.0020834443758000016, -0.9998863022799402, -0.01492437031764], [0.0072128893376398, -0.014908988461800003, 0.9998628387281601]]}