{"translation": [[3395.553109499975], [2147.228540099226], [20.8329728]], "rotation": [[-0.8485436559702599, 0.5289772512761, 0.0125273398182], [-0.5291248069526999, -0.84826443218898, -0.02178518803388], [-0.0008973727246000002, -0.02511420679188, 0.99968418581772]]}