{"translation": [[3392.60639239999], [2151.7624653000385], [20.8627952]], "rotation": [[-0.84600496031956, 0.53312464081096, 0.00732058777212], [-0.5331365388045199, -0.8456996506939599, -0.023609285465039997], [-0.0063956732781599995, -0.023876447156519997, 0.99969445862844]]}