{"translation": [[3404.0438092999975], [2132.265185800381], [20.8163689]], "rotation": [[-0.93565735353604, 0.35282880299686, 0.007560855915699964], [-0.35290979068909994, -0.93544874721034, -0.019756896753139803], [0.00010199093414003588, -0.0211539856608998, 0.99977622420726]]}