{"translation": [[3403.955628400028], [2124.0224500000477], [20.8137264]], "rotation": [[-0.9180972511301194, -0.3962453752526399, 0.009318376813799802], [0.39611205743364, -0.9181039732301194, -0.013421042517599957], [0.013873266062399803, -0.00863070202620004, 0.9998665128190001]]}