{"translation": [[3404.772246700013], [2126.963081800379], [20.807859]], "rotation": [[-0.9917047315940998, -0.12812941568761976, 0.01022181213966], [0.12795010549529978, -0.9916415529363598, -0.01660446538262], [0.012263894634699997, -0.015158845683300002, 0.9998098850667]]}