{"translation": [[3404.4278623000137], [2131.116070999764], [20.8127697]], "rotation": [[-0.9610713186592802, 0.27618623498432, 0.00792091015608], [-0.27628705517568003, -0.9609073169140802, -0.017951273883519997], [0.0026533667039200007, -0.01944090267648, 0.99980748692664]]}