{"translation": [[3392.2396606000257], [2152.324043300003], [20.867146]], "rotation": [[-0.8460465754190402, 0.53306030652572, 0.0072116612682], [-0.5330663113242, -0.8457299199729001, -0.024110504048], [-0.00675323498428, -0.024242901660960003, 0.9996832876238999]]}