{"translation": [[3404.6613139000256], [2126.279625400901], [20.8077684]], "rotation": [[-0.98054243534568, -0.19600521056232, 0.010880208921640001], [0.19582545702631998, -0.9805133981904, -0.01567658695536], [0.01374088403964, -0.01324093767664, 0.99981791625528]]}