{"translation": [[3371.5063565999735], [2075.820156500675], [20.9559154]], "rotation": [[0.5152637025015002, 0.8568766391486198, 0.01630001352215982], [-0.8570293858825797, 0.5151253267935002, 0.012102796778560097], [0.0019740550105601723, -0.0202057228898399, 0.99979389468396]]}