{"translation": [[3379.585822000052], [2080.8364450000226], [20.9404556]], "rotation": [[0.5117007487519002, 0.8590356428848198, 0.014837047468559999], [-0.8591620372500599, 0.5115887889319002, 0.010841346400320001], [0.0017226353203199972, -0.01829495277144, 0.99983114936524]]}