{"translation": [[3382.797363099933], [2103.695566901006], [20.8683371]], "rotation": [[-0.5595085332646799, -0.8287317123114398, -0.012407011290159906], [0.8288197837338399, -0.5593916763348998, -0.011777192179819823], [0.0028197537474399063, -0.016872616086379823, 0.99985367120078]]}