{"translation": [[3372.965774399985], [2076.7296708002687], [20.9508312]], "rotation": [[0.5146890702294, 0.8572333504653001, 0.015688899627900002], [-0.85737469064694, 0.5145599667182, 0.011690946220420002], [0.001948989369419998, -0.019468467723500003, 0.99980857177964]]}