{"translation": [[3367.1499652001075], [2073.0975437993184], [20.9689951]], "rotation": [[0.5151976999663599, 0.8568972783112201, 0.01727190819906], [-0.8570711926716601, 0.5150815924343599, 0.010947979384420003], [0.00048485295857999926, -0.02044362940006, 0.99979088958956]]}