{"translation": [[3389.7553256999818], [2108.90349279996], [20.8387445]], "rotation": [[-0.60959858529122, -0.79267556092254, -0.00740066085576], [0.79270309496286, -0.6095273569049799, -0.00989718575272], [0.0033343517013599997, -0.01189983889208, 0.9999236350448]]}