{"translation": [[3382.107048099977], [2103.212971000001], [20.8704684]], "rotation": [[-0.5555682463803199, -0.83137257122388, -0.012786317847479823], [0.8314668579709199, -0.5554519625147198, -0.011657612714920093], [0.002589633848280176, -0.017107999732279906, 0.99985029386096]]}