{"translation": [[3391.849149800022], [2088.3826205004007], [20.9555002]], "rotation": [[0.51102611762766, 0.8593607248669799, 0.018746452177319996], [-0.8595639583444199, 0.51094049805926, 0.00946502853028], [-0.0014444474410799987, -0.02095065168212, 0.99977946756056]]}