{"translation": [[3369.3541105000186], [2074.4766392996535], [20.9648492]], "rotation": [[0.5155746351416601, 0.85665824164136, 0.01787435654926], [-0.85684282457264, 0.5154176991192001, 0.012845599307919998], [0.0017915279782599984, -0.02193837895408, 0.9997577196383001]]}