{"translation": [[3381.3578839999973], [2102.6952687008306], [20.8767135]], "rotation": [[-0.5515557754036805, -0.8340281630257601, -0.013539981039360001], [0.8341359829862401, -0.5514454831963205, -0.01118580046352], [0.001862711531359999, -0.01746377749248, 0.9998457614999999]]}