{"translation": [[3389.1155433999957], [2108.3951225001365], [20.8393434]], "rotation": [[-0.6052921052123598, -0.7959693095353799, -0.0073825428385799995], [0.79599524086278, -0.6052173939918797, -0.01018129749498], [0.00363595720518, -0.012039126739379999, 0.99992091649852]]}