{"translation": [[3385.419131500006], [2084.4254015004262], [20.9438679]], "rotation": [[0.5094313540191001, 0.86033883144034, 0.01722775003832], [-0.8605112871860598, 0.5093329112160602, 0.010015732212640004], [-0.00015773681488000062, -0.019927001335760003, 0.9998014251534]]}