{"translation": [[3399.1713277000235], [2117.2637857003137], [20.8169624]], "rotation": [[-0.7184460730430801, -0.6955609457968001, -0.005483036302679925], [0.6955589034902, -0.71833431617236, -0.013909524439199815], [0.005736268852319924, -0.013807019116199814, 0.99988822446972]]}