{"translation": [[3397.4249949000077], [2091.8322959998623], [20.9704777]], "rotation": [[0.5136332688299801, 0.8578405296521998, 0.01704513774666], [-0.8580072386501998, 0.5135793976270001, 0.007734768630599997], [-0.00211883426166, -0.018597685553399995, 0.99982480297798]]}