{"translation": [[3401.7547395000583], [2120.3219317998737], [20.8266524]], "rotation": [[-0.7951078409881001, -0.60644628122442, -0.0051004194193401894], [0.6064297162177801, -0.7949357270442001, -0.017882233821659935], [0.00679010877705981, -0.017311354294260065, 0.99982709074886]]}