{"translation": [[3396.811779199983], [2114.9277290003374], [20.8245855]], "rotation": [[-0.6711662784805001, -0.74127630658614, -0.006734701190979999], [0.7412926872965401, -0.6710694586254802, -0.012289252659060002], [0.00459027959878, -0.01324051601166, 0.99990180421598]]}