{"translation": [[3390.4232242999715], [2087.501873099245], [20.9457121]], "rotation": [[0.5103869159895, 0.85982732626928, 0.014218515447959826], [-0.8599436239497601, 0.51034466397414, 0.0067296935721201], [-0.0014699690733198266, -0.0156618692384399, 0.9998762648663999]]}