{"translation": [[3389.7377353999764], [2087.0795625997707], [20.945718600000003]], "rotation": [[0.51011453944302, 0.85998669829982, 0.0143543155434], [-0.8601050638198201, 0.5100730032010201, 0.006694891816600001], [-0.0015642310726, -0.0157613810406, 0.9998745581580001]]}