{"translation": [[3378.122024399985], [2079.931073900312], [20.944118300000003]], "rotation": [[0.5125660654851802, 0.8584994429456397, 0.015963867233239823], [-0.8586456858987598, 0.5124343890410202, 0.0117768046309201], [0.001929943642360171, -0.0197436952441199, 0.9998032115672001]]}