{"translation": [[3365.0113308000145], [2071.7644790001214], [20.9730025]], "rotation": [[0.51459127675646, 0.8572535597719, 0.01766558413698], [-0.85743496655398, 0.5144574650054001, 0.01177775561286], [0.0010083328172999992, -0.021207820611899998, 0.9997745803795001]]}