{"translation": [[3388.3064788000192], [2086.1997408000752], [20.9437391]], "rotation": [[0.5096953044846999, 0.8601992141914201, 0.016368999079559902], [-0.8603547740871, 0.50961495352094, 0.009066282754919826], [-0.0005430763650000978, -0.018704188886999824, 0.999824913854]]}