{"translation": [[3394.1194304000237], [2112.521804300137], [20.827269]], "rotation": [[-0.6401257911646606, -0.7682311136200601, -0.007751355201520001], [0.7682620727556202, -0.6400399648966606, -0.011062858930640003], [0.00353765552536, -0.013036692393520002, 0.99990876066444]]}