{"translation": [[3401.091276000021], [2119.4640600997955], [20.8221979]], "rotation": [[-0.77144606376858, -0.6362689591992, -0.00570860123594], [0.6362602316275999, -0.771280187001, -0.0173088613032], [0.006610160186939999, -0.016985010744400002, 0.99983389379142]]}