{"translation": [[3399.991921500012], [2118.164129799232], [20.8210938]], "rotation": [[-0.73929524825316, -0.67334759283006, -0.00677187840242], [0.67336225716958, -0.7391602684413, -0.015022361684459999], [0.00510976776594, -0.015665885262379997, 0.9998642259507]]}