{"translation": [[3381.751488399983], [2082.1688760994], [20.943694]], "rotation": [[0.5106091756599, 0.8596735422615399, 0.015477228695519998], [-0.8598128081597399, 0.51053229349062, 0.008864894166159999], [-0.0002807081391200004, -0.01783401692304, 0.99984092184828]]}