{"translation": [[3366.455237300019], [2072.6633915994316], [20.970737300000003]], "rotation": [[0.5151808126668, 0.8569060598049599, 0.01734228050292], [-0.85708152376272, 0.5150727874007, 0.01055012188456], [0.00010792626036000043, -0.02029896836648, 0.99979394889326]]}