{"translation": [[3386.8662385999924], [2085.3147507999092], [20.9406895]], "rotation": [[0.5095010712596599, 0.8603086023501801, 0.01666682929264], [-0.8604700294981401, 0.50940429150846, 0.00993036870112], [5.3026976319998226e-05, -0.019400840428960002, 0.99981178457996]]}