{"translation": [[3380.6630114999716], [2102.219328599982], [20.8765225]], "rotation": [[-0.5483271937257803, -0.8361480801712801, -0.0139158266571], [0.83626241569272, -0.5482192706012803, -0.010989860230000002], [0.0015602260875, -0.0176633222804, 0.99984277400894]]}