{"translation": [[3374.4283239999786], [2077.639114400372], [20.9495947]], "rotation": [[0.51411231213206, 0.85758218285478, 0.015532266678280001], [-0.85772106998298, 0.5139902794579799, 0.01133489541468], [0.0017371716629200002, -0.01914976231812, 0.99981511731308]]}