{"translation": [[3392.5849705999135], [2088.8368503004313], [20.9616884]], "rotation": [[0.5114133466406402, 0.8591055318679999, 0.019853380895199998], [-0.8593328083048, 0.5113265817502202, 0.009609064609180002], [-0.0018963623480000025, -0.02197486440182, 0.99975672500142]]}