{"translation": [[3361.377254299994], [2069.500634299591], [20.9813056]], "rotation": [[0.5133110926882402, 0.8580212406146797, 0.017645306861839995], [-0.8582025422563597, 0.5131917252195002, 0.011078525559519999], [0.00045018321127999854, -0.020829976425759997, 0.9997829311679]]}