{"translation": [[3370.051034700009], [2074.911877400242], [20.9616236]], "rotation": [[0.51554261636092, 0.8566902704339401, 0.017251883466060002], [-0.8568620960795401, 0.5153949905122999, 0.012465484010180005], [0.0017875238406599991, -0.021208972941980004, 0.99977346646238]]}