{"translation": [[3383.9698602000135], [2083.533645399846], [20.9484107]], "rotation": [[0.50980713598982, 0.86008181635616, 0.01886462220908], [-0.86028847369744, 0.50969944307078, 0.01049478170284], [-0.0005889150462799995, -0.02157933254644, 0.9997669656216]]}