{"translation": [[3387.042372900003], [2106.789319500327], [20.8542434]], "rotation": [[-0.5900919304712999, -0.80728879051028, -0.00872267774326], [0.80732898594868, -0.59000766880392, -0.01051769984924], [0.00334437402806, -0.01324848215804, 0.9999066420766201]]}