{"translation": [[3400.1042344999732], [2093.49432240054], [20.9867599]], "rotation": [[0.5162699428609402, 0.8562250551304799, 0.018548445584879898], [-0.8564166809719199, 0.5162439725718402, 0.006532465620479829], [-0.0039822631567201, -0.019257713281919827, 0.99980662234094]]}