{"translation": [[3399.470209699997], [2093.1012204000726], [20.9808333]], "rotation": [[0.51531878034518, 0.8568157007586201, 0.01770139267282], [-0.8569935629096201, 0.5152761952328601, 0.00723916411862], [-0.002918475718180002, -0.01890045764462, 0.99981711086268]]}