{"translation": [[3363.5696751999785], [2070.863939700648], [20.9745265]], "rotation": [[0.5142524066569201, 0.8574542584012, 0.01779431050056], [-0.8576388724139999, 0.5141437658475001, 0.010570385480499999], [-8.521141255999828e-05, -0.0206969387691, 0.99978579178542]]}