{"translation": [[3370.8069241999765], [2075.383654098958], [20.9581061]], "rotation": [[0.51542133040566, 0.8567804260077799, 0.01637339568442], [-0.85693501322258, 0.51528643083308, 0.011925250843819998], [0.0017803341057800008, -0.02017746526198, 0.99979482909158]]}