{"translation": [[3387.7596878000186], [2107.3386175995693], [20.8500206]], "rotation": [[-0.5956260824797798, -0.8032226401306399, -0.0079486619364], [0.8032563036693599, -0.5955555539863198, -0.0096495438722], [0.0030168626836000003, -0.012132331312199998, 0.9999218494898999]]}