{"translation": [[3397.795072000008], [2115.8677759002894], [20.817894]], "rotation": [[-0.6879409253677798, -0.72573877145102, -0.00636197103438], [0.72575434001802, -0.6878517527802598, -0.01185580039558], [0.004228121058620001, -0.01277331870642, 0.99990947856252]]}