{"translation": [[3377.7643705999944], [2100.268702299334], [20.884235]], "rotation": [[-0.5386864305754002, -0.8423702596882401, -0.015146645622280002], [0.84250635823732, -0.5385921975408402, -0.010081013629360001], [0.0003340816194399984, -0.01819164915212, 0.9998344624518]]}