{"translation": [[3378.8245850999956], [2080.366198000498], [20.9423072]], "rotation": [[0.5121831326074999, 0.8587362812537, 0.015502779126900002], [-0.8588739861529, 0.51205732984412, 0.01151803221978], [0.0019526422916999993, -0.01921427633178, 0.99981348197262]]}