{"translation": [[3388.4142388000037], [2107.8455165997148], [20.8435008]], "rotation": [[-0.6003414787545996, -0.7997090127212599, -0.00745304708837991], [0.7997376683391398, -0.6002745292224396, -0.00949186285025982], [0.003116853860819911, -0.01165884184985982, 0.9999271756614]]}