{"translation": [[3391.712610399991], [2110.493773800321], [20.8336761]], "rotation": [[-0.6230731537402598, -0.7821224903555799, -0.00803071480184], [0.78215743463446, -0.6229941503840999, -0.010405442506879999], [0.00313524261952, -0.01276463347336, 0.999913613468]]}