{"translation": [[3398.2842351999716], [2116.348183600232], [20.8173848]], "rotation": [[-0.6978386565931401, -0.71623472593644, -0.005395365121739922], [0.71623324806396, -0.6977388505690001, -0.013058101212279814], [0.005588109679859922, -0.012976787055079816, 0.9999001830347]]}