{"translation": [[3375.1899324000115], [2078.112533099018], [20.9502681]], "rotation": [[0.5138900350903002, 0.8577079222933199, 0.01593892129824], [-0.8578543121873998, 0.5137633754708602, 0.011535614483320002], [0.0017053557863999967, -0.0196013105506, 0.9998064214364]]}