{"translation": [[3367.903891700029], [2073.569185900502], [20.9679488]], "rotation": [[0.5153978533095, 0.8567652258038999, 0.0178437759796], [-0.8569504759248999, 0.51526229581158, 0.01185951141648], [0.0009665920056000019, -0.021403599046480003, 0.99977044947708]]}