{"translation": [[3381.048862800002], [2081.736634599045], [20.9448108]], "rotation": [[0.51089688704188, 0.8595170331690601, 0.014652975098339904], [-0.8596418990088602, 0.5108184186734, 0.00895643721121983], [0.00021320275913990026, -0.017172128328619828, 0.99985252538252]]}