{"translation": [[3401.3991745999083], [2094.3038680003956], [20.9950591]], "rotation": [[0.51881020445198, 0.85469569451988, 0.0181995108636], [-0.8548782711601199, 0.51879466503128, 0.005934450500400001], [-0.0043696595723999995, -0.0186372201156, 0.99981676325926]]}