{"translation": [[3414.9862136999727], [2136.462127200328], [20.8888009]], "rotation": [[0.86914881942776, -0.49455062148792, -3.9431360479999945e-05], [0.49451250919608, 0.8690808435349601, 0.01248417899088], [-0.00613978969648, -0.010870108665119999, 0.99992206882016]]}