{"translation": [[3420.33084900002], [2120.558887099847], [20.9791011]], "rotation": [[0.9992428993479, -0.03780793079334001, -0.0091754344426198], [0.0379950095109, 0.9990540419279, 0.021151849004900004], [0.0083670472898998, -0.021484455617619996, 0.99973417003244]]}