{"translation": [[3419.8165763000143], [2124.572690400295], [20.9500723]], "rotation": [[0.9842607963858201, -0.1763830810265198, -0.010940327731159797], [0.17657263583827978, 0.98408747860592, 0.019847822053160016], [0.0072654192167598015, -0.02146719578155998, 0.99974315358774]]}