{"translation": [[3418.3819301999756], [2129.606881700456], [20.9146138]], "rotation": [[0.94075518035558, -0.3390411338131398, -0.005549789760039801], [0.3390860557084598, 0.94059975236582, 0.017110015278920032], [-0.000580868108360195, -0.017978191829719964, 0.9998382105174]]}