{"translation": [[3419.3022790999967], [2111.84694040101], [21.0115267]], "rotation": [[0.9484211366279001, 0.31701198041082, -0.0008629719109400002], [-0.31693282326065997, 0.948238570743, 0.019929659230619998], [0.0071362444280200004, -0.01862820584574, 0.99980101216934]]}