{"translation": [[3419.961966999981], [2114.5656679999083], [21.0046635]], "rotation": [[0.9799368645554201, 0.19910657893248, -0.008961853027500001], [-0.19893687695352, 0.97986539774512, 0.016968335198400002], [0.0121599166059, -0.014845054302000001, 0.99981586345654]]}