{"translation": [[3410.4760210000095], [2100.296980299987], [21.0089819]], "rotation": [[0.57685105843512, 0.81662732766284, 0.019043743122039998], [-0.81683601675244, 0.5768180510631, 0.007736779649619999], [-0.004666709103559999, -0.020018584804819998, 0.99978871672398]]}