{"translation": [[3413.2187138000154], [2102.506791599095], [21.0087311]], "rotation": [[0.65227306336646, 0.75783582159116, 0.01499141132518], [-0.75797069956132, 0.65225150295116, 0.0069584193395599995], [-0.00450483149434, -0.01590183971852, 0.9998634096696599]]}