{"translation": [[3418.421921000001], [2109.481796200387], [21.012383]], "rotation": [[0.90409400571416, 0.42729837676155996, 0.005488669519840001], [-0.42732624064036, 0.9039282906511801, 0.01749082228172], [0.0025124363353600005, -0.01815880009388, 0.99983195870198]]}