{"translation": [[3419.679813500028], [2113.204082599841], [21.005370000000003]], "rotation": [[0.96665223109878, 0.25607562142686, -0.0029555026580599998], [-0.25598347290746004, 0.9665126755407, 0.018047281481820002], [0.007477999956540001, -0.01668888496862, 0.99983276632092]]}