{"translation": [[3415.2413504999713], [2104.5356874996796], [21.0111754]], "rotation": [[0.7345023852565999, 0.6784484819283201, 0.014625959892239927], [-0.6785851683868, 0.7344784467757399, 0.007974694350179813], [-0.005332033296000073, -0.015782391253499815, 0.9998612331495]]}