{"translation": [[3419.986098799971], [2123.6442090999335], [20.9585927]], "rotation": [[0.9892410189251001, -0.14593836115793998, -0.01020781598792], [0.1461262533909, 0.9890418316627, 0.0210563897244], [0.007023021760399999, -0.022321474432079998, 0.99972617696096]]}