{"translation": [[3420.3628779000137], [2118.4170107999817], [20.9972698]], "rotation": [[0.9988798757862001, 0.0461918778747, -0.010261790582100005], [-0.04597061257038, 0.99872533877294, 0.0208422809586998], [0.011211454296659996, -0.020347194255379803, 0.9997301110907]]}