{"translation": [[3418.926921400067], [2128.0446029994637], [20.9237391]], "rotation": [[0.95714865813998, -0.28952241595568, -0.006574423384159802], [0.28959259526192, 0.95701319726478, 0.01618255890776003], [0.0016065967489598022, -0.01739301878695997, 0.9998474392457599]]}