{"translation": [[3415.3220502000186], [2135.8860141998157], [20.887417300000003]], "rotation": [[0.8735826126007, -0.48667517324358, -0.0008373446267399996], [0.48664201847058, 0.8735002140594201, 0.013301441169259999], [-0.00574206030726, -0.01202739483974, 0.9999111813162801]]}