{"translation": [[3420.2607878000126], [2121.423466200009], [20.9753315]], "rotation": [[0.9975462944151601, -0.0688163809089398, -0.012872308766659991], [0.06907173779953979, 0.9973995291274801, 0.0205736349818198], [0.011423031635260008, -0.021412266054979798, 0.99970547123868]]}