{"translation": [[3418.808484499983], [2110.426131499931], [21.0092004]], "rotation": [[0.9244749509142399, 0.38123883339288, 0.001738467519359961], [-0.38120021211624, 0.9242939214249399, 0.019161167394719805], [0.005698125886079961, -0.018376723500959806, 0.99981489657214]]}