{"translation": [[3409.4743220999953], [2099.578865500167], [21.0053689]], "rotation": [[0.5604978378239602, 0.8279655846081397, 0.017751276934579997], [-0.8281439882496198, 0.5604757732526002, 0.006662255902460001], [-0.00443304120446, -0.018434794064419998, 0.9998202370878]]}