{"translation": [[3415.9517359000165], [2105.393277700059], [21.0124776]], "rotation": [[0.76956423148, 0.63841812316248, 0.01389946166136], [-0.6385550559818399, 0.7695105667139, 0.010046371792220002], [-0.004281996824879998, -0.016606899886940002, 0.9998529268748599]]}