{"translation": [[3402.66497059993], [2095.1016944004223], [21.0000715]], "rotation": [[0.5222328109534999, 0.8525449146394002, 0.0209796504323], [-0.8527920505454802, 0.52219277922456, 0.007778554205800001], [-0.004323856634860002, -0.02195349406348, 0.9997496428643]]}