{"translation": [[3406.8248417000286], [2097.7849729005247], [21.014380600000003]], "rotation": [[0.53667036638118, 0.84348109351176, 0.022903801519839728], [-0.84378339869816, 0.5365897147548, 0.01005363078851992], [-0.0038098972737599206, -0.02472133286971973, 0.99968712125262]]}