{"translation": [[3420.1222132000257], [2122.736420299858], [20.963585100000003]], "rotation": [[0.9933353338335801, -0.11481796374521978, -0.010087045139879996], [0.11501012873381979, 0.99313894207886, 0.02115917526588], [0.007588383680520001, -0.022178268884279997, 0.99972523263628]]}