{"translation": [[3414.252525100019], [2137.67844190076], [20.8927145]], "rotation": [[0.8614513467928, -0.50784008549976, -0.0001653956419199994], [0.50781085341984, 0.8613981729128599, 0.01101487810566], [-0.00545132508072, -0.00957277129494, 0.9999393207119]]}