{"translation": [[3420.3527358000283], [2120.1135742999613], [20.9827173]], "rotation": [[0.9997322844427999, -0.021299223356040002, -0.009038947657319801], [0.021485134917959996, 0.9995486992528599, 0.020994925091940005], [0.0085876928146798, -0.02118350741706, 0.9997387211626999]]}