{"translation": [[3405.0803829000215], [2096.6465915990993], [21.0059695]], "rotation": [[0.5294362745252801, 0.8481263819006398, 0.0194647328174399], [-0.8483382626606398, 0.5294089633244001, 0.006953124527279825], [-0.004407675742560098, -0.02019391390727982, 0.99978636629912]]}