{"translation": [[3413.477547500108], [2138.919456699863], [20.900602600000003]], "rotation": [[0.85569767881624, -0.5174541760984799, -0.004762219680239946], [0.51746849148264, 0.85559901018904, 0.013293409264079806], [-0.0028041791527199465, -0.013839438045839807, 0.9999002983038401]]}