{"translation": [[3408.4334354000166], [2098.8604891998693], [21.0101535]], "rotation": [[0.54828910861656, 0.8360648965709999, 0.019352065396079997], [-0.83627829972492, 0.548251532558, 0.007669601985439999], [-0.004197513855599999, -0.02038887214, 0.9997833138992]]}