{"translation": [[3419.2326967000263], [2127.0277074007317], [20.9309097]], "rotation": [[0.96644489163416, -0.25676668877156, -0.007425501362399974], [0.25686300754179997, 0.96626740533296, 0.0186733993124398], [0.0023803129574400256, -0.0199541480045998, 0.99979806265176]]}