{"translation": [[3418.571302999975], [2129.0936524998397], [20.9150221]], "rotation": [[0.9464075604995, -0.32293513112302, -0.005061665022359803], [0.32297424378418, 0.9462607069091, 0.01668239554764003], [-0.0005976774027601967, -0.017423132775959967, 0.99984802705084]]}