{"translation": [[3420.363957000023], [2119.7043719002977], [20.9878427]], "rotation": [[0.99993030399996, -0.005438752318600002, -0.0104788886393198], [0.005656051017319998, 0.9997672413675, 0.02081999391026], [0.0103632147901998, -0.0208778119723, 0.9997283234523]]}