{"translation": [[3392.858722999983], [2162.379000999965], [20.9758767]], "rotation": [[-0.8467076813939203, 0.5319945185641599, 0.008241197624319945], [-0.53205243859424, -0.8465237039264802, -0.01782706174015981], [-0.0025075299635199445, -0.019479059578239807, 0.9998071206636]]}