{"translation": [[3407.835554599995], [2147.60133219976], [20.9018935]], "rotation": [[0.8471450144453401, -0.5312708238452398, -0.009831286526459999], [0.5313613928732398, 0.8470217502255201, 0.014465226813079999], [0.0006423610944600016, -0.017478110702919998, 0.9998470398198199]]}