{"translation": [[3411.400788799976], [2142.1567804003134], [20.8974194]], "rotation": [[0.84851259947676, -0.52912369470462, -0.00738129810466], [0.52917517587934, 0.8484291767163, 0.01189809478818], [-3.305521661999943e-05, -0.01400168306494, 0.9999019710843]]}