{"translation": [[3380.914218800026], [2180.7180449003354], [20.9949912]], "rotation": [[-0.8446216681422797, 0.5352925462747798, 0.00871515906822], [-0.5353630749625798, -0.8444888780947597, -0.014991302269380002], [-0.0006648770809799991, -0.017327754608820002, 0.99984964211852]]}