{"translation": [[3404.141327599995], [2153.207394699566], [20.9046217]], "rotation": [[0.8465963846814001, -0.5322080561400201, -0.0053967105021400005], [0.5322341913773, 0.84652914904094, 0.01073048943698], [-0.0011423806432999998, -0.011956707501099999, 0.9999278634491]]}