{"translation": [[3412.2481341999955], [2140.8561527002603], [20.9076987]], "rotation": [[0.85043000885078, -0.52604649956848, -0.006623586142179999], [0.5260785130703199, 0.85027055600688, 0.01677412352528], [-0.00319212896902, -0.01774974439448, 0.99983736521366]]}