{"translation": [[3393.38833430002], [2161.559822401032], [20.9762744]], "rotation": [[-0.8459095073864998, 0.5332568920638999, 0.0086029387245], [-0.5333195006715, -0.8457073453309198, -0.018687280485979996], [-0.0026895523510999993, -0.020395865140019998, 0.9997883650915801]]}