{"translation": [[3395.465010099986], [2166.287923200056], [20.9459825]], "rotation": [[0.8443166900595, -0.53578653215294, -0.00788017447442], [0.53584367779102, 0.8441986999244401, 0.01414518646334], [-0.00092636796914, -0.01616555882782, 0.9998688996723001]]}