{"translation": [[3388.2636718000285], [2169.4929164005443], [20.9959192]], "rotation": [[-0.8475942223790398, 0.5305253057407199, 0.01126627502984], [-0.5306449100962399, -0.8473994930723998, -0.01816792021128], [-9.150565991999926e-05, -0.02137741575976, 0.9997714727484]]}