{"translation": [[3412.67528570001], [2140.189531800337], [20.9083796]], "rotation": [[0.8517571641974999, -0.5238901254973, -0.0069914095624], [0.5239249118123, 0.8515722513855, 0.01809413243], [-0.0035256465676000003, -0.019074780532, 0.999811843587]]}