{"translation": [[3408.7420067000203], [2146.213980000466], [20.892778]], "rotation": [[0.8473491862138799, -0.53095337977818, -0.00937238313678], [0.5310259105525801, 0.8473102572356599, 0.00876280433962], [0.0032886753166199993, -0.01240213369622, 0.9999176824527799]]}