{"translation": [[3399.4501579999924], [2152.2622584011406], [20.9542475]], "rotation": [[-0.8463926694878801, 0.53241720973154, 0.01229212607246], [-0.53255899158554, -0.8461531859097001, -0.020135516766820002], [-0.0003194731485400004, -0.02358883922018, 0.99972169355318]]}