{"translation": [[3396.4461423999746], [2156.8781179999933], [20.9700848]], "rotation": [[-0.8443410684204999, 0.53567896007576, 0.01166514755468], [-0.53580582009352, -0.8441251420575999, -0.019097944205840003], [-0.0003835221383600004, -0.02237543409928, 0.9997495650617401]]}