{"translation": [[3379.2794799000258], [2183.197515799664], [20.9859833]], "rotation": [[-0.8445583983609, 0.5354067436144799, 0.007784264428759999], [-0.5354604997695199, -0.8444174385080999, -0.015527616135960001], [-0.0017404215392399988, -0.01728214594396, 0.9998491377969599]]}