{"translation": [[3406.4843537000124], [2149.656804400496], [20.9046333]], "rotation": [[0.8471417322998, -0.5313098411128399, -0.007792351838519999], [0.5313666180952399, 0.84703293064478, 0.013590959473139999], [-0.0006206323822800001, -0.01565406471246, 0.99987727499902]]}