{"translation": [[3401.3849988], [2149.2757294997573], [20.9434884]], "rotation": [[-0.8454660219758594, 0.5339277543698999, 0.010406154158039943], [-0.53402214182946, -0.8451945534190594, -0.021597411038599804], [-0.0027362322125999454, -0.023816994798039805, 0.99971259058844]]}