{"translation": [[3387.7284048000583], [2170.31972009968], [20.998134]], "rotation": [[-0.8474077066257002, 0.53081355623182, 0.01169327545116], [-0.5309422779924601, -0.8472123717309002, -0.01819560631012], [0.00024821447492000097, -0.02162755578756, 0.99976606622136]]}