{"translation": [[3394.0095104000065], [2168.4776240997016], [20.9523535]], "rotation": [[0.84416665057084, -0.5360022407395201, -0.0091805197986], [0.5360806785186, 0.8440286463134, 0.015269849208800002], [-0.0004360511395199995, -0.01781179659764, 0.999841262291]]}