{"translation": [[3405.5615093000233], [2151.0612267004326], [20.902427]], "rotation": [[0.8467841166718402, -0.5318985342875199, -0.006370250933519998], [0.5319295371944798, 0.8466499674445401, 0.015322244705579998], [-0.0027565076155199983, -0.016363158177419998, 0.99986231486854]]}