{"translation": [[3397.940664900001], [2154.59041829966], [20.9578938]], "rotation": [[-0.8454497078528994, 0.5339144033524998, 0.012247911491499997], [-0.5340543857112998, -0.8452573836646794, -0.018046562952139997], [0.0007173183990999985, -0.021798514275139996, 0.9997621268107799]]}