{"translation": [[3400.42372229998], [2150.7523365002126], [20.9442497]], "rotation": [[-0.8461681853578, 0.53280065357908, 0.01110015601356], [-0.5329050914594001, -0.84583196063554, -0.02409990934158], [-0.003451581444600001, -0.026307901461900002, 0.9996479285091]]}