{"translation": [[3393.4992418001057], [2169.2484905999154], [20.9530439]], "rotation": [[0.84414774989468, -0.53604608119784, -0.008316532782759808], [0.53610906366596, 0.84400673909052, 0.015481787780080055], [-0.001279742277040192, -0.017527484990679944, 0.9998455628342]]}