{"translation": [[3394.9933726000017], [2166.997359400615], [20.9485452]], "rotation": [[0.84424503081048, -0.53588870054544, -0.00857890522436], [0.5359571548534401, 0.8441223681015, 0.01439877922092], [-0.0004744981923600006, -0.01675402367692, 0.99985952889102]]}