{"translation": [[3396.953113500029], [2164.0516109997407], [20.9398439]], "rotation": [[0.8444511366300601, -0.5355725042780399, -0.00802404624528], [0.53563115173788, 0.84431912531006, 0.014983282309840003], [-0.0012497778801600005, -0.016950578815280004, 0.99985554754016]]}