{"translation": [[3382.493513400026], [2178.320261099376], [20.9979218]], "rotation": [[-0.8446848191425805, 0.5352011351907, 0.0081975900638], [-0.5352632388227001, -0.8445603993685805, -0.014522268156600002], [-0.0008489742641999989, -0.016654608910600003, 0.99986094195]]}