{"translation": [[3401.8423334999825], [2148.580327999778], [20.9400553]], "rotation": [[-0.8452458572278598, 0.5343167839984999, 0.00804990280346], [-0.53436606845146, -0.8450338085011598, -0.019249757423899998], [-0.0034830281903, -0.02057237493946, 0.9997822992425399]]}