{"translation": [[3399.9208345000516], [2151.5368625996634], [20.9496652]], "rotation": [[-0.8464593051862798, 0.5322897313988799, 0.013214501993559998], [-0.53245361982148, -0.8462148067137998, -0.02034650202944], [0.00035207191375999976, -0.024258591326359998, 0.9997056551034801]]}