{"translation": [[3378.2003410999314], [2184.8379122000188], [20.983790300000003]], "rotation": [[-0.8446760705039399, 0.5352158577463001, 0.00813444404878], [-0.53527527408178, -0.8445292862592999, -0.01582761081854], [-0.0016014118039000005, -0.0177233722649, 0.9998416462334]]}