{"translation": [[3398.9366837000125], [2153.0528172003105], [20.9568814]], "rotation": [[-0.8460436529313, 0.53297138074422, 0.01231595134544], [-0.53311350976774, -0.84580022633994, -0.02029780374072], [-0.0004013141728800001, -0.023738627617759998, 0.9997181185271999]]}