{"translation": [[3392.3687369999825], [2163.13576020021], [20.9793967]], "rotation": [[-0.8472319927316199, 0.53115433375224, 0.008559473065], [-0.53121797601576, -0.8470414066189799, -0.018126162219], [-0.0023775619142000002, -0.0199040080206, 0.9997990686584001]]}