{"translation": [[3385.657840300002], [2173.5053534004837], [21.0043581]], "rotation": [[-0.8464775509815402, 0.53229052516986, 0.01193446683078], [-0.53242300095858, -0.8463123110890003, -0.01676601205206], [0.0011758972745400005, -0.02054623868898, 0.9997882122367]]}