{"translation": [[3402.7821635999717], [2147.1420125998557], [20.9364133]], "rotation": [[-0.8434949502275401, 0.53703917217448, 0.010239560022060001], [-0.5371314405477601, -0.8432482822800001, -0.02053782247768], [-0.0023951230415799997, -0.022823543265360003, 0.9997366399251]]}