{"translation": [[3410.5250206000055], [2143.49641709961], [20.9007253]], "rotation": [[0.847695450503, -0.53035402598892, -0.011704836175439999], [0.53048110378392, 0.84754739111852, 0.01591198246764], [0.0014814184904400002, -0.01969770989736, 0.99980488375948]]}