{"translation": [[3398.3972089000745], [2161.8806889010593], [20.9341155]], "rotation": [[0.8449991883975, -0.5347227941569199, -0.006922403611939999], [0.53476542983468, 0.8448880797516, 0.01378703786436], [-0.0015235867157400002, -0.01535189787484, 0.99988099188174]]}