{"translation": [[3394.4829124999815], [2167.767591699958], [20.9523878]], "rotation": [[0.84414021730862, -0.53605117415424, -0.008743123573479807], [0.53612194660896, 0.84400433249158, 0.015164270776560055], [-0.0007495906749201923, -0.01748815118375994, 0.9998467896091999]]}