{"translation": [[3398.4595888999756], [2153.7888345001265], [20.9565777]], "rotation": [[-0.8457620799216399, 0.53342340507808, 0.012074114676999807], [-0.5335600342738, -0.8455431128225999, -0.019244307479200057], [-5.617889408019317e-05, -0.022718372730439945, 0.9997419028718]]}