{"translation": [[3395.429487800051], [2158.4330785991624], [20.9710093]], "rotation": [[-0.8442732104793, 0.53580415389406, 0.010801501955179944], [-0.5359126824669399, -0.84407859294964, -0.01813679687865981], [-0.0006004545828199427, -0.02110107342765981, 0.9997771672511001]]}