{"translation": [[3379.839491999999], [2182.3477297993377], [20.9878491]], "rotation": [[-0.8445900308251397, 0.53535653162928, 0.0078166559934], [-0.5354116794359999, -0.8444579625000997, -0.015003977118400002], [-0.0014316398197200004, -0.016857338096960002, 0.9998568800396]]}