{"translation": [[3410.9812265000073], [2142.79563240055], [20.895554]], "rotation": [[0.8479964215676401, -0.52990911593922, -0.009918286378979999], [0.5299998812164199, 0.8478966561882201, 0.01309048778378], [0.0014729123401799995, -0.01635737767342, 0.9998651242554201]]}