{"translation": [[3395.973904100014], [2165.5220312001184], [20.9461311]], "rotation": [[0.84444079325016, -0.53557707203144, -0.008772611907640001], [0.53564877534136, 0.8443155442550999, 0.014548653706719998], [-0.00038507240043999993, -0.016984515406879997, 0.9998556785691]]}