{"translation": [[3408.307427600026], [2146.8783424999565], [20.8942343]], "rotation": [[0.84717673704542, -0.5312357003487002, -0.00895579188836], [0.5313085390863, 0.8471053562463, 0.0111243443286], [0.00167685041164, -0.0141825744414, 0.99989801617688]]}