{"translation": [[3403.195811100013], [2154.6403198000044], [20.9193897]], "rotation": [[0.846373246518, -0.5325250684181599, -0.008329930751879808], [0.53258971956888, 0.84624761764704, 0.014600304957440056], [-0.000725844087160192, -0.016793742928319946, 0.9998587116972001]]}