{"translation": [[3395.9188315999927], [2157.6858172006905], [20.9710127]], "rotation": [[-0.8442113582851999, 0.5358749749282798, 0.012039840752039942], [-0.5360101555553998, -0.8440085104598599, -0.018507063954779808], [0.00024425641260005654, -0.022077353110499805, 0.9997562356831]]}