{"translation": [[3409.6385062999907], [2144.8516690004617], [20.8986922]], "rotation": [[0.8475108131715, -0.53066296697316, -0.011055379237619806], [0.5307758823461999, 0.8473837872428001, 0.014753446855000057], [0.001539040758899807, -0.018371634596119946, 0.99983004274646]]}