{"translation": [[3392.5160166000132], [2170.731342599727], [20.9560122]], "rotation": [[0.8440863623586801, -0.53614584841288, -0.00811453843952], [0.53620613547952, 0.8439570715531801, 0.01481368545862], [-0.0010939737528799995, -0.01685509514602, 0.99985734432086]]}