{"translation": [[3406.8872372999904], [2141.0415150988847], [20.9177052]], "rotation": [[-0.8296896023940998, 0.5580779698063197, 0.012817753519639999], [-0.5582249394832798, -0.8294903613583998, -0.018188151231359997], [0.0004817959344400021, -0.02224570797216, 0.9997524175364599]]}