{"translation": [[3412.3199688000022], [2133.997350299731], [20.9103614]], "rotation": [[-0.7750230815776, 0.6317123363404, 0.016706551245999998], [-0.63188342011816, -0.7750230161781, -0.007939111485879998], [0.00793272456088, -0.016709584877, 0.99982891620974]]}