{"translation": [[3426.5194193000207], [2121.398939100094], [20.9493924]], "rotation": [[-0.5113201546969005, 0.8592130801579001, 0.0174532475535], [-0.8593900259517402, -0.5112314977570005, -0.009548432210820003], [0.0007185118351800013, -0.019881452376300002, 0.99980208621334]]}