{"translation": [[3424.8361516000004], [2122.443530499935], [20.9466125]], "rotation": [[-0.5608864561743998, 0.8276855235590399, 0.018523932367279727], [-0.8278745853695999, -0.5608820696372998, -0.005920604504399917], [0.0054893422795999165, -0.01865627908727973, 0.99981088730894]]}