{"translation": [[3418.247149300005], [2127.722872200422], [20.9087322]], "rotation": [[-0.6993788598488399, 0.7144570376895599, 0.020501176767039997], [-0.71464397095504, -0.6994829366681999, -0.0027500256013200004], [0.012375448702439997, -0.01657435244752, 0.9997860466638]]}