{"translation": [[3433.4672634999733], [2118.7675430998206], [20.9647243]], "rotation": [[-0.18145786229159988, 0.9832537106818001, 0.016891969900799848], [-0.98334512465676, -0.18124172312129994, -0.013563096612680127], [-0.010274435772320154, -0.019071764638199873, 0.99976532436054]]}