{"translation": [[3444.528335900104], [2120.6131069995463], [20.9784192]], "rotation": [[0.4115240277903002, 0.9112298316855999, 0.0175546430828], [-0.91127557918384, 0.4117088647820002, -0.008522120643879999], [-0.014993012728880001, -0.0124900601818, 0.99980958585374]]}