{"translation": [[3406.419601199974], [2141.715304000303], [20.9093918]], "rotation": [[-0.8329410322065002, 0.5532716618183401, 0.00998260619388], [-0.55336171189578, -0.8328054094909001, -0.01503040469324], [-2.328399960000241e-06, -0.018043433327480003, 0.99983720400056]]}