{"translation": [[3417.7085615000105], [2128.2403681995347], [20.9069004]], "rotation": [[-0.7076825975262601, 0.7061952453497801, 0.021760218979179922], [-0.70640061024098, -0.7078072742806801, -0.0026326497497798154], [0.013542877679020076, -0.017234513015979815, 0.99975975214542]]}