{"translation": [[3450.422562699998], [2124.0092054000124], [21.0157542]], "rotation": [[0.52531695422486, 0.8508391889632401, 0.010713942198079826], [-0.8508837110390801, 0.52535359384766, -0.0007267376243599022], [-0.006246944966239827, -0.008734551138279903, 0.99994233998616]]}