{"translation": [[3448.416063499986], [2122.747542599216], [21.0040214]], "rotation": [[0.50748774046476, 0.8615425070631402, 0.014167531254660002], [-0.8616000732137401, 0.5075767124146799, -0.003348430946979999], [-0.01007592460126, -0.01050745806978, 0.99989402892108]]}