{"translation": [[3432.290404499974], [2119.0109212007374], [20.9625811]], "rotation": [[-0.2521568797641799, 0.96756505641852, 0.015323291120340001], [-0.9676463397241201, -0.2519707707961999, -0.013089138368039998], [-0.00880357151646, -0.01812804243516, 0.99979691498398]]}