{"translation": [[3442.6307432000176], [2119.800963399932], [20.9691946]], "rotation": [[0.3404203950570801, 0.94011887341584, 0.01704686003204], [-0.9401096484944399, 0.34064351706780016, -0.012489195388319997], [-0.01754823060256, -0.011774338245479998, 0.99977668736972]]}