{"translation": [[3455.997835099988], [2127.6094129998237], [21.0419198]], "rotation": [[0.5265256678575, 0.8500894274184799, 0.01089359102664], [-0.8501588261829599, 0.52646981084286, 0.007713130318519999], [0.0008217039287199994, -0.01332244374804, 0.999910914678]]}