{"translation": [[3411.389338499983], [2135.1046777004376], [20.907638100000003]], "rotation": [[-0.7845177921542799, 0.61992461961796, 0.015003807403279935], [-0.6200822567722399, -0.7844703274973199, -0.010203654694359809], [0.005444546015320066, -0.01730854483783981, 0.9998353720374]]}