{"translation": [[3422.0035574000212], [2124.4822086002678], [20.9255431]], "rotation": [[-0.6270094725944201, 0.7787953250499601, 0.01835267580191982], [-0.77894528352804, -0.62708939025298, -0.0017319487509600863], [0.010159935934079819, -0.015381679277039914, 0.9998300753775999]]}