{"translation": [[3439.4570356999757], [2118.866941900924], [20.958368]], "rotation": [[0.17937144744440014, 0.98359835601672, 0.01897300650524], [-0.98357005201176, 0.17969924503800017, -0.01726126543332], [-0.02038758740572, -0.015565106487959997, 0.99967098270704]]}