{"translation": [[3437.642771099927], [2118.6140005998313], [20.9599727]], "rotation": [[0.07238970946310008, 0.9971839931586399, 0.019590979006719998], [-0.9972780545386399, 0.07264446755672005, -0.01261966629644], [-0.014007305446719995, -0.018624119576439998, 0.99972843190638]]}