{"translation": [[3414.691192500002], [2131.3264549998567], [20.9105201]], "rotation": [[-0.7488067940388, 0.66238641084228, 0.02307588408615993], [-0.6626490359565199, -0.7489091732388, -0.005583356563439813], [0.013583403136560071, -0.01947206861383981, 0.9997181251142401]]}