{"translation": [[3431.7290539000533], [2119.1601602006704], [20.9583384]], "rotation": [[-0.2837335356033599, 0.9587834648160001, 0.015146180844479842], [-0.9588801265315201, -0.2835820273059999, -0.011401542586640119], [-0.006636425366400162, -0.017758373401999882, 0.9998202828572]]}