{"translation": [[3419.818824600021], [2126.2946282997727], [20.91207]], "rotation": [[-0.6718607844066, 0.74040170477378, 0.020204789931739818], [-0.7405799310076601, -0.67196482723476, -0.0021138422660200804], [0.012011817381019816, -0.016383470588259917, 0.9997936277621999]]}