{"translation": [[3447.787751200027], [2122.36811519973], [20.9985228]], "rotation": [[0.4973762163901999, 0.8674273131888601, 0.013666187261420002], [-0.86746885221306, 0.49747107297051996, -0.00450898735446], [-0.010709751652820001, -0.009612328581660001, 0.99989644681868]]}