{"translation": [[3443.910479000013], [2120.3289668001235], [20.9781714]], "rotation": [[0.39035998538118, 0.9204913668311799, 0.017741334773979888], [-0.92053309835062, 0.39055557429788, -0.009229722285620166], [-0.01542485692978011, -0.012728571079579833, 0.99980000864006]]}