{"translation": [[3404.1912165000103], [2145.0131149999797], [20.9342833]], "rotation": [[-0.84082580695858, 0.5410252101929398, 0.017420344051799805], [-0.5413049620979398, -0.84034011004658, -0.028587088182600057], [-0.0008273205822001885, -0.03346648380539994, 0.999439497887]]}