{"translation": [[3407.318902899977], [2140.431058900431], [20.9195766]], "rotation": [[-0.82652977886898, 0.5627164252748001, 0.014093566180800002], [-0.5628921357132001, -0.8263105093125, -0.019059512202400004], [0.0009205617711999991, -0.023686413386400002, 0.99971901370752]]}