{"translation": [[3419.3030017000274], [2126.7493879999965], [20.9122601]], "rotation": [[-0.6812346476264401, 0.7317856715155802, 0.020225027974179924], [-0.7319725008896201, -0.6813278972504401, -0.002918952994379818], [0.01164382812738008, -0.01679265642117982, 0.99979119217596]]}