{"translation": [[3423.1219522000174], [2123.638249400072], [20.9343931]], "rotation": [[-0.6022372223132998, 0.79808275523696, 0.01934113982181991], [-0.79826085586384, -0.6023055848409598, -0.0027247557281598195], [0.009474697449220087, -0.01708022516335982, 0.9998092298019]]}