{"translation": [[3420.3789863000275], [2125.8091246997938], [20.9144314]], "rotation": [[-0.6610009387945801, 0.7501464331192, 0.01891877350318], [-0.7502985768200001, -0.6610973024490001, -0.0014948265592], [0.01138581284782, -0.015182811436000001, 0.9998199065254201]]}