{"translation": [[3443.2438899999834], [2120.0452592000365], [20.9738197]], "rotation": [[0.3654669479039001, 0.9306624445062799, 0.017357056026039888], [-0.9306882082285999, 0.3656688222206401, -0.010281758440280165], [-0.015915780613400113, -0.012396365514999834, 0.9997964883071]]}