{"translation": [[3437.0182737000287], [2118.5719770994037], [20.9637882]], "rotation": [[0.03458233772293984, 0.9991778944251001, 0.021159868930439862], [-0.9993358630619401, 0.03481573431973983, -0.010762910889000145], [-0.01149075973020014, -0.020773606927559855, 0.9997181701548401]]}