{"translation": [[3434.6499939999776], [2118.6209199996665], [20.9644944]], "rotation": [[-0.10979400280612006, 0.9937666418178801, 0.019316743575079853], [-0.9939185768285201, -0.10960440321802012, -0.010617695383220133], [-0.008434311323480149, -0.020365029587379867, 0.99975703446486]]}