{"translation": [[3440.702070500003], [2119.1688497001305], [20.959745]], "rotation": [[0.24874156433943995, 0.9684203555213999, 0.017017154966399998], [-0.9683873788194, 0.24899734334061996, -0.015038017034280001], [-0.0188003482584, -0.012738619424280001, 0.99974210397382]]}