{"translation": [[3441.3590604999335], [2119.3601999999955], [20.9622206]], "rotation": [[0.28197962124956, 0.95927262372898, 0.01683806121066012], [-0.95922891583094, 0.28223053767116, -0.01502678884841984], [-0.01916700224381988, -0.01191430708914016, 0.9997453052199601]]}