{"translation": [[3458.187638800009], [2129.0219561001286], [21.0479711]], "rotation": [[0.5250306234699, 0.8510295921415999, 0.009569560592799727], [-0.8510818414779199, 0.52497500056814, 0.00781323674479992], [0.001625514438560077, -0.012246667349919728, 0.9999236855168]]}