{"translation": [[3413.7261143000214], [2132.3897059997544], [20.9100331]], "rotation": [[-0.7602646156342602, 0.6492325884602801, 0.02224055919156], [-0.6494934456792401, -0.7603365523885602, -0.00681713240808], [0.012484406741880002, -0.01962792285816, 0.99972940549654]]}