{"translation": [[3467.8020310000284], [2152.909486800432], [21.1080664]], "rotation": [[-0.5111428724281002, -0.85924114677392, -0.020920864172539903], [0.85948964421272, -0.5110798959700802, -0.008657847576159828], [-0.0032530536698600985, -0.022406662495759826, 0.9997436467059799]]}