{"translation": [[3404.270129600016], [2115.394232700579], [20.8878326]], "rotation": [[-0.4854652856429198, -0.8740587009801001, -0.018577022096659897], [0.8742541144923001, -0.48530935402099984, -0.012443321054099826], [0.0018605919176599012, -0.022281835349699828, 0.9997499977770801]]}