{"translation": [[3432.3489719000063], [2131.4101943997666], [20.9937124]], "rotation": [[-0.48643201754793963, -0.87353406574502, -0.017949732061239898], [0.87371802849146, -0.4863496588463396, -0.008993365294519825], [-0.0008738347049200984, -0.02005766470203983, 0.99979844294156]]}