{"translation": [[3429.1438531000167], [2129.55236509908], [20.9927272]], "rotation": [[-0.4841887827700002, -0.8748601304308001, -0.0134541131336], [0.8749584903092, -0.48407629045288014, -0.010854657628000001], [0.0029834901464000007, -0.01702749362, 0.99985057046112]]}