{"translation": [[3421.7768362999777], [2125.3431794997305], [21.0095528]], "rotation": [[-0.47838459235386044, -0.8781305709577402, -0.005937796846299897], [0.8781044459137001, -0.4782791296890605, -0.01349190228325983], [0.009007727157739898, -0.01166832079009983, 0.99989134968204]]}