{"translation": [[3456.6840225000633], [2146.093422400765], [21.068040600000003]], "rotation": [[-0.5059558524008398, -0.86231445306202, -0.020552600171459996], [0.86255699145294, -0.5058664972313999, -0.00971974225882], [-0.0020153980032200005, -0.022645549988339998, 0.9997415252094001]]}