{"translation": [[3475.3229518000153], [2157.5629713004455], [21.1375907]], "rotation": [[-0.5139024367561803, -0.8575299193577401, -0.023379419643099898], [0.8578317437852601, -0.5138721452773203, -0.0077454519182998255], [-0.0053720769615001, -0.024036016254499824, 0.9996966593355]]}