{"translation": [[3465.2891017000074], [2133.5772277005017], [21.0822082]], "rotation": [[0.5221198899429401, 0.8528099540086798, 0.010291624256459998], [-0.8528720465595598, 0.5220806564476002, 0.006401172837479999], [8.592689201999872e-05, -0.012119618810039999, 0.9999265510243]]}