{"translation": [[3444.899677700014], [2138.908094299957], [21.0314962]], "rotation": [[-0.5064540698246804, -0.8618880089636201, -0.0255634182586199], [0.8622592660955801, -0.5063526908942805, -0.010773283456979829], [-0.0036587403091801023, -0.027498465572819826, 0.99961514997004]]}