{"translation": [[3448.4638134000124], [2141.08950849995], [21.0370669]], "rotation": [[-0.5074824484689001, -0.86137784852484, -0.022128996417320003], [0.86164243066604, -0.5074768233748801, -0.006286599179640001], [-0.005814816217080002, -0.02225762170684, 0.99973535806998]]}