{"translation": [[3455.794447500026], [2145.5528552997857], [21.064618300000003]], "rotation": [[-0.5061389447325602, -0.8621785802079598, -0.0217182606838], [0.8624498551233999, -0.5060343103182602, -0.010475808069540002], [-0.0019581660219600023, -0.024033122719899998, 0.99970924505094]]}