{"translation": [[3438.071963800001], [2134.772605200298], [21.0049072]], "rotation": [[-0.4970979764295197, -0.8674269600022798, -0.02154508894092], [0.8676877883737198, -0.49703843912641965, -0.008414980672379998], [-0.0034093552750800015, -0.022877479183619997, 0.99973246284406]]}