{"translation": [[3464.4411928000045], [2133.034031299874], [21.0786964]], "rotation": [[0.52251051526262, 0.8525670412259, 0.010593926646899999], [-0.8526327889079001, 0.52246512557612, 0.0068956120233], [0.0003440139848999999, -0.0126357588357, 0.9999201064375001]]}