{"translation": [[3439.742135000066], [2135.777492299676], [21.0090995]], "rotation": [[-0.5011025277994003, -0.8650644441492801, -0.023656912206639825], [0.8653722808095201, -0.5010702529953003, -0.0077008159063401], [-0.0051920740542398276, -0.0243309356127399, 0.99969047605526]]}