{"translation": [[3477.2340682999347], [2158.7467598002404], [21.1475597]], "rotation": [[-0.5145990473533, -0.8571099504973798, -0.023454839797039825], [0.8574125206603798, -0.51457418005202, -0.007547114066160101], [-0.0056005505389598274, -0.0239942133501599, 0.99969640967372]]}