{"translation": [[3472.5224997000187], [2155.829564999789], [21.1264705]], "rotation": [[-0.5129024948359998, -0.8581521666377998, -0.022487684566199997], [0.8584321162037998, -0.5128707374784999, -0.007597024646800001], [-0.0050138739678, -0.023200685517199997, 0.9997182549215]]}