{"translation": [[3470.6436279999907], [2154.666538000107], [21.1152632]], "rotation": [[-0.5122459336725002, -0.85856768482384, -0.0215789384561199], [0.85882825848464, -0.5122025300476202, -0.007912472006559826], [-0.0042593939594801, -0.022585733577759826, 0.9997358362111199]]}