{"translation": [[3405.2832381000044], [2115.978989000432], [20.8936051]], "rotation": [[-0.48456863922467985, -0.8745669724271999, -0.018046693405520002], [0.8747495204084, -0.48440407066745994, -0.0128767778337], [0.0025197120124800017, -0.022026021012099998, 0.99975422250822]]}