{"translation": [[3452.107914000051], [2143.311679500155], [21.0456576]], "rotation": [[-0.5069806423905998, -0.86167456898238, -0.0220788257230599], [0.86194580416422, -0.5069402776496998, -0.007803506752739827], [-0.004468563524860098, -0.022986978987539826, 0.99972577776134]]}