{"translation": [[3406.2143045000266], [2116.51632039994], [20.8997495]], "rotation": [[-0.4839116969660998, -0.8749417038006999, -0.0175106110949], [0.87511276887034, -0.48375096541329987, -0.012758613488379998], [0.0026922686856199994, -0.021497800082499997, 0.99976527060236]]}