{"translation": [[3425.9153033000184], [2127.6947599006817], [20.9964976]], "rotation": [[-0.4820132635827995, -0.8761387653312798, -0.006620574457359897], [0.8761340956698398, -0.4819209731271995, -0.011873351351919826], [0.0072121097576798975, -0.011523625788559826, 0.9999075914834401]]}