{"translation": [[3463.1974591999897], [2150.073111099191], [21.088702]], "rotation": [[-0.5086087269155998, -0.8607485036614397, -0.020713183919519998], [0.8609922015283198, -0.5085441858314398, -0.00866600303824], [-0.003074321211040001, -0.022241496034079995, 0.9997479004128]]}