{"translation": [[3413.76508490002], [2120.831738099456], [20.9658571]], "rotation": [[-0.47812504033538017, -0.87814027732986, -0.016310128646159997], [0.8782794692274599, -0.4779377843453001, -0.014162252636879999], [0.004641217399439997, -0.021096179683919997, 0.99976667792608]]}