{"translation": [[3476.313457100012], [2158.177643900737], [21.1400196]], "rotation": [[-0.5143254417205804, -0.85725795793748, -0.024039795082440002], [0.8575737503353201, -0.5143077673300803, -0.0073865687680399975], [-0.006031660679960003, -0.02441499979956, 0.99968371338534]]}