{"translation": [[3471.544985200104], [2155.2233509002253], [21.1214847]], "rotation": [[-0.5125445622685598, -0.8583870918048401, -0.02166609432728], [0.85865056275908, -0.5124967243789599, -0.008128094117439998], [-0.004126753455760001, -0.02276961710912, 0.99973222134624]]}