{"translation": [[3436.423963500012], [2133.795250800438], [21.0035983]], "rotation": [[-0.49347662892073973, -0.8694827518891199, -0.021925032464699824], [0.8697529319747999, -0.49341154072399973, -0.0086622726504001], [-0.003286366153379827, -0.0233439888098399, 0.9997220903887]]}