{"translation": [[3410.0367532999953], [2118.710410599597], [20.9335826]], "rotation": [[-0.48103714623825977, -0.87650321972706, -0.01858369660515983], [0.87669389546946, -0.4808451865957798, -0.013989432039480098], [0.0033259010807601738, -0.023021650034279896, 0.99972943440152]]}