{"translation": [[3431.578270900063], [2130.963262000121], [20.9943556]], "rotation": [[-0.48556851735300033, -0.8740336070026401, -0.016980962163520002], [0.87419830900384, -0.48549109805178026, -0.008694512278940001], [-0.0006448107248800024, -0.019066510926140003, 0.99981800962278]]}