{"translation": [[3422.5900842000265], [2125.8041352005675], [21.0058427]], "rotation": [[-0.47902575057984, -0.8777794349999202, -0.006123122204560001], [0.8777598431458402, -0.47892437483039996, -0.01299999283552], [0.008478613972880002, -0.01160196295264, 0.9998967484464]]}