{"translation": [[3459.497471700015], [2147.808049100451], [21.0733652]], "rotation": [[-0.50665257301864, -0.8619058329091599, -0.02052416868852], [0.8621469055217198, -0.50657253041074, -0.009312400131060002], [-0.0023705700812400015, -0.02241300278958, 0.99974598656806]]}