{"translation": [[3416.5240162999835], [2122.3870960995555], [20.995717000000003]], "rotation": [[-0.4767244672605001, -0.878895530043, -0.016630873850099828], [0.879028612491, -0.4764854590781201, -0.016445730854600105], [0.006529710309900172, -0.022459094185399896, 0.9997264385823801]]}