{"translation": [[3433.9610836000065], [2132.349202300422], [20.9979491]], "rotation": [[-0.4886503564345802, -0.8722614192457201, -0.01951932013884], [0.8724760776550802, -0.4885912531952802, -0.008014949860960002], [-0.0025458363747600018, -0.02094664644064, 0.9997773535861401]]}