{"translation": [[3365.380361400021], [2071.8112527998164], [20.9460938]], "rotation": [[0.5143481388351201, 0.85735245843916, 0.019816972774199998], [-0.85758128455084, 0.5142252237483801, 0.011256907358100001], [-0.0005392492338000005, -0.0227846348109, 0.9997402510675001]]}