{"translation": [[3415.2473822999746], [2104.380832700059], [20.9706988]], "rotation": [[0.7553269659942999, 0.65522423302878, 0.012744681497939999], [-0.65532712031034, 0.7553157308038999, 0.006675342757019998], [-0.005252412816419999, -0.013394001157739999, 0.9998965011004399]]}