{"translation": [[3384.146266800002], [2083.4352069003507], [20.9271949]], "rotation": [[0.5143219321623602, 0.8573447109077998, 0.020806768812239997], [-0.8575960964522398, 0.5142079682639602, 0.0109098835606], [-0.0013454738442000014, -0.02345499707624, 0.99972398829356]]}