{"translation": [[3412.4778845000546], [2101.606473200023], [20.9608943]], "rotation": [[0.6313327478328601, 0.77533541506412, 0.01654979121132], [-0.77547597675108, 0.6313653934641601, 0.00383266892692], [-0.007477360747480001, -0.01525365584028, 0.99985569710646]]}