{"translation": [[3412.916042800003], [2101.988129200414], [20.9611583]], "rotation": [[0.6489132488883, 0.7607055738278997, 0.015448006800199999], [-0.7608340324342998, 0.6489306475579801, 0.0045393059684400005], [-0.006571609901400001, -0.014698984865559999, 0.99987036849432]]}