{"translation": [[3388.3097804000136], [2105.961462499574], [20.8077069]], "rotation": [[-0.5027798912437001, -0.8642604526237401, -0.01631262934762], [0.86440652213098, -0.5027662822885002, -0.005223100346140002], [-0.00368732193446, -0.01672681411418, 0.99985329790524]]}