{"translation": [[3374.454609200009], [2077.4420670000836], [20.9234545]], "rotation": [[0.5129742073647602, 0.8582206701364598, 0.017741700898179825], [-0.8584037027132198, 0.5128462577591603, 0.011481424071460099], [0.0007548300926601727, -0.0211192159182199, 0.99977667954476]]}