{"translation": [[3370.84416410001], [2075.204623799771], [20.9301868]], "rotation": [[0.5135781410668, 0.8578372782296401, 0.01878054814308], [-0.8580422994068401, 0.5134303548479799, 0.01235698359366], [0.0009577774345199998, -0.022460781252540002, 0.99974726604982]]}