{"translation": [[3395.7791102000047], [2090.7115097995847], [20.9424676]], "rotation": [[0.51978274083992, 0.85404789931896, 0.020691387778839998], [-0.8542959287877601, 0.5196882523632, 0.010130743097280001], [-0.00210093217436, -0.02294235314688, 0.99973458204728]]}