{"translation": [[3373.5187238000217], [2076.8629009006545], [20.9245219]], "rotation": [[0.51309844542894, 0.85814593709444, 0.01776475788694], [-0.85832924518724, 0.51296479606412, 0.011750555100920003], [0.0009709947368599994, -0.02127720228748, 0.99977314319582]]}