{"translation": [[3412.0654645999894], [2101.2649167999625], [20.9592862]], "rotation": [[0.6155160417154999, 0.7879305735299998, 0.0174789026375], [-0.7880891233163999, 0.61554698328672, 0.004188486473039999], [-0.0074588505223, -0.01635301211496, 0.99983845924478]]}