{"translation": [[3414.5138980000047], [2103.5405323002487], [20.9676193]], "rotation": [[0.72062440370534, 0.6931600497459001, 0.01515511291152], [-0.69328360178802, 0.7206493650814999, 0.004733214614639999], [-0.007640648070000001, -0.0139176601848, 0.9998739516862]]}