{"translation": [[3392.5941892000264], [2088.70939300023], [20.9408647]], "rotation": [[0.5174567667566999, 0.8554149610815401, 0.022442599782679998], [-0.8557066412941402, 0.5173426761523799, 0.011073881424760002], [-0.002137749339880002, -0.024934537544840003, 0.9996868003633199]]}