{"translation": [[3361.7099267999874], [2069.5345585998148], [20.9478508]], "rotation": [[0.5145394307870002, 0.8572789333693998, 0.0179423625556], [-0.8574666723603999, 0.5144282689770802, 0.010695123124280002], [-6.13533634000029e-05, -0.020888041279279998, 0.9997818191650799]]}