{"translation": [[3385.3216100999853], [2104.145712099038], [20.8162227]], "rotation": [[-0.5058598208040399, -0.8623671228890599, -0.02070267535958], [0.8626079035409799, -0.5058109207921, -0.007920282383060001], [-0.00364144966114, -0.02186484585898, 0.9997543039815]]}