{"translation": [[3381.5628739999956], [2081.8324227007106], [20.9223985]], "rotation": [[0.5132841430875801, 0.8580496533524, 0.01703452191866], [-0.8582177076896, 0.513212998812, 0.008647436490800001], [-0.001322408098660001, -0.0190579204448, 0.9998175067995799]]}