{"translation": [[3383.3127674999996], [2082.916955000721], [20.9266606]], "rotation": [[0.5140555851324002, 0.8575118194101998, 0.020501499807199997], [-0.8577553700006799, 0.5139523973905402, 0.010422810315800002], [-0.0015991114822400017, -0.022943175710679997, 0.9997354917767001]]}