{"translation": [[3397.304747000104], [2091.6741698002443], [20.9461329]], "rotation": [[0.5205580259596401, 0.85356597541568, 0.0210829990606], [-0.8538232867378001, 0.5204631709118, 0.0101935460696], [-0.00227206095232, -0.02330748742124, 0.9997257617886001]]}