{"translation": [[3408.3857907999773], [2098.6597605003044], [20.9547667]], "rotation": [[0.5250205104405603, 0.8508789956563999, 0.01893002455536], [-0.85106784872136, 0.5250360579621602, 0.004538962023200003], [-0.006076837311200004, -0.01849378420464, 0.99981050803296]]}