{"translation": [[3403.324370699993], [2095.4786449009553], [20.9757343]], "rotation": [[0.5205060636826802, 0.85345497652776, 0.0262304262819599], [-0.8538521241507601, 0.5203705111358001, 0.01229128859527983], [-0.003159478781040101, -0.028794595536279825, 0.99958035642812]]}