{"translation": [[3366.258622399997], [2072.3558192001656], [20.9395449]], "rotation": [[0.5142781279676001, 0.8574089323126799, 0.01918147129944], [-0.8576232432111599, 0.51416540031646, 0.010784840183519996], [-0.0006154305424799986, -0.02199688305744, 0.9997578498719001]]}