{"translation": [[3393.4371759999776], [2089.238167299889], [20.940639800000003]], "rotation": [[0.5178295610256601, 0.8551999627558, 0.02203695707482], [-0.85548093422068, 0.5177231296430002, 0.010732673341240003], [-0.0022304617351000047, -0.024409891327400002, 0.9996995460047]]}