{"translation": [[3410.268163700006], [2099.9168843999505], [20.9540891]], "rotation": [[0.5604589143724599, 0.8280119135412, 0.016793922814379823], [-0.82816025351688, 0.5604764614191999, 0.0040853642061600935], [-0.006029867702699823, -0.016197738721199905, 0.9998506258147]]}