{"translation": [[3384.276608599932], [2103.507753200829], [20.8151841]], "rotation": [[-0.5066331393806399, -0.8619419424730399, -0.019471353634319996], [0.8621523275632799, -0.5066044409738398, -0.006744492904240001], [-0.004050911473840001, -0.02020425482712, 0.99978766657176]]}