{"translation": [[3410.708835700061], [2100.2314300993457], [20.9529514]], "rotation": [[0.5719932756687001, 0.8200868720372999, 0.016767037900599906], [-0.8202366465191798, 0.57200708032086, 0.004434233923799822], [-0.0059544063392400915, -0.016289292053319825, 0.999849590679]]}