{"translation": [[3413.3128329999745], [2102.349326699972], [20.958638]], "rotation": [[0.6656597433941402, 0.7461078047639398, 0.014841335236219999], [-0.7462285542800198, 0.6656728367862002, 0.004757591656260002], [-0.006329797659540001, -0.01424196515762, 0.9998785426719]]}