{"translation": [[3393.37917640002], [2109.0039181001484], [20.8157245]], "rotation": [[-0.49726693431044033, -0.8673820792867201, -0.01933914691164], [0.8675942919171601, -0.49720343493604036, -0.008304634054720001], [-0.0024121989523200014, -0.020908152626840003, 0.99977849069756]]}