{"translation": [[3382.2653135000146], [2102.274755399674], [20.8106188]], "rotation": [[-0.5083774262965202, -0.86095181688462, -0.01773340424138], [0.8611254546753799, -0.5083583381557202, -0.005904534447780001], [-0.003931403443620001, -0.01827241691722, 0.9998253161727599]]}