{"translation": [[3413.7326012999984], [2102.7477067001164], [20.9617651]], "rotation": [[0.6842392264107, 0.7291217859314401, 0.014077771921679817], [-0.7292355808250401, 0.68424127251392, 0.00542494129144008], [-0.005677150772879816, -0.013977968714959921, 0.99988618671278]]}