{"translation": [[3385.0421158000245], [2083.9928890997544], [20.9267638]], "rotation": [[0.5146247546480602, 0.8571885812439798, 0.019725477746819996], [-0.8574148338042197, 0.5145170557655603, 0.010582933525380001], [-0.0010775248903800022, -0.02235915683682, 0.99974942212726]]}