{"translation": [[3362.5909133999958], [2070.0813365997747], [20.9483417]], "rotation": [[0.5145413348170202, 0.8572796016181198, 0.017854645859019996], [-0.8574655050393197, 0.5144271789068402, 0.01083855193548], [0.00010675643981999765, -0.020886627058279997, 0.99978184488582]]}