{"translation": [[3390.32295110001], [2107.1746185999364], [20.8096278]], "rotation": [[-0.5004963662301005, -0.8655291959169401, -0.019040490978919827], [0.8657323829413001, -0.5004550815469005, -0.007217643184600102], [-0.003281829995799828, -0.0200963743430799, 0.99979266116636]]}