{"translation": [[3409.3114359001047], [2145.225679299794], [20.8699564]], "rotation": [[0.85870064723446, -0.51240060466374, -0.00887791414038], [0.51247724742942, 0.8585888457182, 0.01386590979566], [0.0005175774486600015, -0.01645639473062, 0.9998644504055001]]}