{"translation": [[3403.110775100009], [2154.8101137997583], [20.8907423]], "rotation": [[0.84507670637228, -0.53458104996, -0.008273185098919807], [0.5346438874986, 0.84494119991916, 0.015174532836000055], [-0.001121663229920192, -0.017246852178599944, 0.99985063281788]]}