{"translation": [[3413.9895315999747], [2137.375668199733], [20.8882297]], "rotation": [[0.8826427513027, -0.47004436920768, -0.00023936174825999997], [0.46999755713760005, 0.88254742801676, 0.01457142151232], [-0.006637966750499999, -0.012973858961599999, 0.9998938025483]]}