{"translation": [[3382.0866105000023], [2175.351091200486], [21.0209746]], "rotation": [[-0.8815808695640401, 0.4720276236682798, 0.0022075410286799494], [-0.4719889558918798, -0.8814256426988202, -0.017749429618819805], [-0.006432438061079949, -0.016689494593219806, 0.99984002945078]]}