{"translation": [[3405.5773398000165], [2151.062710000202], [20.8727437]], "rotation": [[0.8486326811971, -0.5289491260062, -0.005946912767699946], [0.52897292452764, 0.848495764927, 0.015574121535479804], [-0.0031919885440199456, -0.016362464429399804, 0.99986103081406]]}