{"translation": [[3407.473708399979], [2148.1293748999014], [20.874929]], "rotation": [[0.85270082583416, -0.5223341095559201, -0.008270930102439808], [0.52239815565976, 0.85255452200376, 0.015842432619080055], [-0.0012236231513201926, -0.017829573815239946, 0.99984029178416]]}