{"translation": [[3418.2265814000275], [2109.147759599611], [20.9780008]], "rotation": [[0.90687816565484, 0.4213388323076, 0.00675270429016], [-0.42139285534984, 0.90677174477774, 0.013895406450500001], [-0.00026848774839999994, -0.01544698190534, 0.99988065222174]]}