{"translation": [[3419.485719700053], [2122.948948400095], [20.9600339]], "rotation": [[0.985993048907, -0.1665892402247398, -0.008107474769179997], [0.16672262379953978, 0.98579505449638, 0.02028979602606], [0.004612246652780002, -0.02135729736474, 0.99976126800662]]}