{"translation": [[3414.355360299989], [2136.7018647007644], [20.8849841]], "rotation": [[0.88663722955742, -0.46246508650114, -0.0006809580416401936], [0.46242587228866, 0.88654082909078, 0.014410682287079953], [-0.0060607404195598055, -0.013091940016680048, 0.9998959288492]]}