{"translation": [[3410.6223980999785], [2143.1022456996143], [20.8753612]], "rotation": [[0.86367785107932, -0.5039483051987, -0.00983100781794], [0.5040439693125, 0.863495032155, 0.017775822909500003], [-0.0004690704190599996, -0.020307844980900002, 0.99979366439532]]}