{"translation": [[3419.032665200066], [2111.3026804002], [20.976622]], "rotation": [[0.94957441653696, 0.31353990292255995, 0.0010747168240000005], [-0.3135158415632, 0.94944633071456, 0.01610839717856], [0.004030239429440001, -0.015633062593600002, 0.99986967376736]]}