{"translation": [[3398.0214838000247], [2162.426602299325], [20.8979767]], "rotation": [[0.8411021490426801, -0.5408234138877399, -0.007563647463459943], [0.54087556270546, 0.84099563862972, 0.013414930840579807], [-0.0008941141947399435, -0.015374319243979808, 0.9998814084014]]}