{"translation": [[3381.2153056000243], [2176.934600099921], [21.0148423]], "rotation": [[-0.8844054766708002, 0.4667096868402, 0.0029504549020000002], [-0.46669117037964003, -0.8842659947973002, -0.01651320980652], [-0.00509788821848, -0.015981327165, 0.9998592944480601]]}