{"translation": [[3397.523444499995], [2163.1717230994254], [20.8983395]], "rotation": [[0.8415065370611802, -0.5401972568719798, -0.007325477926739807], [0.5402454927298198, 0.8413957317314801, 0.013712077827540057], [-0.0012436012146601898, -0.015496359611939944, 0.99987915084166]]}