{"translation": [[3396.9827893999754], [2163.9824307002127], [20.9015879]], "rotation": [[0.8419363893075, -0.5395105007431, -0.008458143227799999], [0.5395764676423, 0.84181508918198, 0.01430368604692], [-0.0005967961045999998, -0.01660660879892, 0.99986192265848]]}