{"translation": [[3419.702712099999], [2121.628215099685], [20.967218300000003]], "rotation": [[0.9920205801795, -0.12585567823199978, -0.0074508922509999975], [0.12598448315199978, 0.9918193917375, 0.020547583613999998], [0.004803909189000002, -0.021322322674, 0.999761111958]]}