{"translation": [[3411.9308832000243], [2140.935820900835], [20.8879562]], "rotation": [[0.8691063582027, -0.49456264065614, -0.007870003954219948], [0.49461734012018, 0.8688924255563, 0.019484456210859806], [-0.0027980971126599485, -0.020826705179179804, 0.9997791851260399]]}