{"translation": [[3410.199798799993], [2143.7921410994604], [20.8766865]], "rotation": [[0.8619954751740599, -0.50679705424414, -0.010979429577099947], [0.5069158447877, 0.8617777362372601, 0.01937681387413981], [-0.00035828417313994807, -0.022268372688699807, 0.9997519648455601]]}