{"translation": [[3412.3323015000205], [2140.257575299591], [20.8926244]], "rotation": [[0.87080665540316, -0.49154793672679997, -0.0087402123196], [0.49161771724759995, 0.87055410497838, 0.02115577682158], [-0.0027902508892, -0.02271943450642, 0.99973798656878]]}