{"translation": [[3413.578740899975], [2138.108181799762], [20.8891089]], "rotation": [[0.8789065093919001, -0.47698964480772, -0.0020614349509400004], [0.47696013029387996, 0.8787841349118001, 0.01573217657964], [-0.00569252825174, -0.014810334773160001, 0.99987411664166]]}