{"translation": [[3419.8531052999315], [2120.325385200791], [20.9783688]], "rotation": [[0.9965221599995, -0.08275804522972001, -0.009730892025539999], [0.08294738670596001, 0.9963325917836, 0.021002315370120005], [0.00795709422522, -0.02173642477524, 0.9997320703392599]]}