{"translation": [[3419.951142999984], [2119.0389700001106], [20.9797649]], "rotation": [[0.99929974678464, -0.03637455004504, -0.00876972642104], [0.036532672481839994, 0.99915934458072, 0.01860021177052], [0.00808577972824, -0.018907568473879997, 0.99978853963992]]}