{"translation": [[3417.0334839000716], [2131.138729499653], [20.9116372]], "rotation": [[0.93036152681462, -0.36663043380634003, -0.00309209607058], [0.36660934225586, 0.93012676720748, 0.02148938680366], [-0.0050026214988200006, -0.02112649004086, 0.9997642948311]]}