{"translation": [[3382.5469568999833], [2174.524825400673], [21.0196949]], "rotation": [[-0.8800745942113, 0.47483004547367996, 0.0021881082476600004], [-0.47479157618256, -0.87992222447796, -0.017592309755280002], [-0.00642799255762, -0.01652144339664, 0.9998428490471]]}