{"translation": [[3419.3508669000585], [2123.642405600287], [20.9550658]], "rotation": [[0.9824532245895801, -0.1863340082608798, -0.00808090639489998], [0.1864616358391198, 0.9822585319666801, 0.0200059229315998], [0.004209755685100021, -0.0211616624483998, 0.99976720391726]]}