{"translation": [[3411.4912530999864], [2141.671632300131], [20.8812616]], "rotation": [[0.8673110070414, -0.49772076623744005, -0.0067555750069198065], [0.497761194171, 0.8671583748006, 0.01643558464480005], [-0.002322178959200194, -0.017617426633079948, 0.99984210440556]]}