{"translation": [[3418.505161200068], [2127.0025785993785], [20.932923100000004]], "rotation": [[0.9615492129214, -0.27457760388312, -0.005500436320559972], [0.27463208022887997, 0.9613119335723, 0.021367993129539804], [-0.0005795369445599718, -0.0220569732064598, 0.9997565474137401]]}