{"translation": [[3399.5898639999796], [2160.0863324003294], [20.8940244]], "rotation": [[0.8411638106615601, -0.54072608791236, -0.007664246919839808], [0.5407791101126399, 0.8410463439886, 0.014106754592280057], [-0.0011819033948401916, -0.016010756082719946, 0.9998711210918]]}