{"translation": [[3401.629286499985], [2157.039623600431], [20.8890658]], "rotation": [[0.8430029036792599, -0.5378609385170201, -0.007190283089140001], [0.5379079188406601, 0.84289913003526, 0.013270734318380002], [-0.0010771266506200004, -0.015054977862140002, 0.99988608722636]]}