{"translation": [[3418.847583200026], [2110.730051599443], [20.9747379]], "rotation": [[0.9396948861279599, 0.34200149758459997, 0.0029161256370399996], [-0.34200389204296, 0.9395678269143599, 0.015673022167], [0.0026202988965999996, -0.01572518509496, 0.9998729182263599]]}