{"translation": [[3379.5131508000195], [2180.0834042001516], [21.0072965]], "rotation": [[-0.8891277013519998, 0.4576331008164, 0.0049023942852], [-0.4576482679308, -0.8889805699673798, -0.016485351442339997], [-0.0031861093043999995, -0.01690115349334, 0.99985208892638]]}