{"translation": [[3418.6976406999747], [2126.346758999862], [20.93664]], "rotation": [[0.9660204651575, -0.2584186135014, -0.0049281939592], [0.25846457410139995, 0.9657872631195, 0.021237522801], [-0.0007285837408, -0.021789645159, 0.999762312038]]}