{"translation": [[3389.661986500025], [2162.421153500676], [20.9987579]], "rotation": [[-0.85955836735572, 0.51098021006022, 0.007676063692379999], [-0.51103736541342, -0.85943960767354, -0.014305796495019998], [-0.0007128662614199997, -0.016219420114779996, 0.9998682024411799]]}