{"translation": [[3406.4730094000115], [2135.69536670018], [20.9577241]], "rotation": [[-0.8558508442222799, 0.51710662003816, 0.010944109487], [-0.5172219321251601, -0.8556874404382798, -0.016738423082], [0.0007091885995999993, -0.0199861299722, 0.999800005815]]}