{"translation": [[3385.292833500018], [2169.7157905995846], [21.019635]], "rotation": [[-0.8712117333718801, 0.49088206102461995, 0.00503127635526], [-0.49088194590042, -0.8710147419882001, -0.019199748147859998], [-0.005042496064339999, -0.01919680452954, 0.99980300858268]]}