{"translation": [[3412.936245100107], [2125.3746214006096], [20.9756796]], "rotation": [[-0.8575908366867598, 0.5142338463523798, 0.010079342143779998], [-0.5143018301997798, -0.8575892402998798, -0.00586578353418], [0.00562755058362, -0.01021426595258, 0.9999319974121199]]}