{"translation": [[3427.7759957999806], [2099.376975200139], [20.9392677]], "rotation": [[-0.8896900869921001, 0.45620576022292003, 0.018102516755560003], [-0.45649312202180004, -0.88955340022794, -0.017567736512920002], [0.008088653797, -0.023893517087800003, 0.9996817861176001]]}