{"translation": [[3411.291747100011], [2128.004454099573], [20.9663542]], "rotation": [[-0.85731006947876, 0.5147105690578798, 0.009611615237639998], [-0.5147874097316397, -0.8572713066742599, -0.00892960322462], [0.003643601124120002, -0.012603377804139998, 0.99991393581374]]}