{"translation": [[3430.863148799981], [2093.5685232998803], [20.8797568]], "rotation": [[-0.8902703328782801, 0.4552248840757, 0.013757045239139998], [-0.4554023371301, -0.8901535806781, -0.0153470227617], [0.0052595353301400005, -0.0199279875921, 0.9997875837511799]]}