{"translation": [[3393.863843499974], [2155.6663259007037], [20.9919362]], "rotation": [[-0.8535711305971603, 0.5209122866829001, 0.00817436292846], [-0.52097195494446, -0.8533937738827603, -0.017532668501700002], [-0.0021570321837000007, -0.019223992463460002, 0.9998128751604399]]}