{"translation": [[3400.995298200054], [2144.3686314998195], [20.935421]], "rotation": [[-0.8541285825285, 0.5200581915979, 0.0018969009013001924], [-0.5200502678895801, -0.85408007305524, -0.009731600976099944], [-0.0034408936460598076, -0.009298523619580053, 0.9999508476435001]]}