{"translation": [[3408.6297331000096], [2132.249178700149], [20.9547966]], "rotation": [[-0.8564709734700997, 0.5161270740455399, 0.00840989038138], [-0.5161951320067799, -0.8563349425916997, -0.015279495237059999], [-0.0006844790282600007, -0.017427585013019997, 0.99984789383324]]}