{"translation": [[3386.6981224999763], [2167.330604000017], [21.009832100000004]], "rotation": [[-0.8670622272832001, 0.49815775881631996, 0.00647759244464], [-0.49819234017824, -0.8669043372342601, -0.016771407953080002], [-0.00273935403088, -0.01776894110804, 0.9998383672739]]}