{"translation": [[3392.7915247000055], [2157.3722572997212], [20.993415]], "rotation": [[-0.8545726596085197, 0.5192836120762598, 0.0070876387959799975], [-0.5193262133223397, -0.8544192750305797, -0.01637441743654], [-0.0024471515991799984, -0.01767392483686, 0.9998408092499]]}