{"translation": [[3426.7466715999763], [2101.3157865004614], [20.9391528]], "rotation": [[-0.8894432601565799, 0.45669116760994, 0.017988935377559998], [-0.45693721618494, -0.8893998441824998, -0.01326781995092], [0.00994006207756, -0.02002078939908, 0.99975015034908]]}