{"translation": [[3405.905692500004], [2136.592216500081], [20.9615529]], "rotation": [[-0.8556537158203199, 0.51744902347492, 0.010142725778359946], [-0.51754796793308, -0.8554627434820199, -0.018089876098159804], [-0.0006838638043599465, -0.020728020497839804, 0.9997849175976601]]}