{"translation": [[3394.42383460002], [2154.7738071000203], [20.9898699]], "rotation": [[-0.8534119110285597, 0.5211794627836, 0.007744355213039945], [-0.52122664692504, -0.8532071335809598, -0.018980703455599806], [-0.0032848135939999453, -0.020234923794959805, 0.99978985684344]]}