{"translation": [[3425.1871626999928], [2104.2387742009014], [20.9716714]], "rotation": [[-0.8880710286110798, 0.45908345235576, 0.02392094704924], [-0.45953274150684, -0.8879626842565197, -0.018759281576879998], [0.012628832797359997, -0.02765203311132, 0.9995378320214]]}