{"translation": [[3416.757837300014], [2119.2045649001375], [21.0222721]], "rotation": [[-0.8635504757163593, 0.5040117716543999, 0.015904070500079998], [-0.50415119717208, -0.8635931551080993, -0.006217908031059999], [0.010600745947199999, -0.013387532413299999, 0.9998541884591]]}