{"translation": [[3435.495048300014], [2084.9230525996536], [20.8228307]], "rotation": [[-0.8851303946360403, 0.465241481464, 0.00971145487824], [-0.46532175104976004, -0.8846989061099403, -0.0279870956177], [-0.004429043988799999, -0.02929118376426, 0.99956110872126]]}