{"translation": [[3422.0849686000147], [2109.9575349008664], [21.0159806]], "rotation": [[-0.8833871233190598, 0.46818351526247975, 0.02076690955481995], [-0.4684947801040798, -0.8833562708526798, -0.013936208393519807], [0.01181987780058005, -0.022040256931919806, 0.99968720985262]]}