{"translation": [[3419.4811632999335], [2114.5975115997717], [21.0263209]], "rotation": [[-0.8746725462885798, 0.48428464905995994, 0.02040839589648], [-0.48455953942164, -0.8746820612123198, -0.01155559253996], [0.012254660080319998, -0.01999644089164, 0.9997249450151]]}