{"translation": [[3410.2214161999873], [2129.7155849998817], [20.965385]], "rotation": [[-0.8571307374469201, 0.51497059020922, 0.011490371033579999], [-0.51509057163078, -0.85702963926852, -0.01348105798378], [0.0029052407814200007, -0.01747361230122, 0.99984310390956]]}