{"translation": [[3386.236592400004], [2168.105630900711], [21.0167128]], "rotation": [[-0.868262905725, 0.4960769260915, 0.005187317829499807], [-0.4960862644549, -0.8680957923206799, -0.01754456970046005], [-0.004200367345700193, -0.017806659046539944, 0.99983262588332]]}