{"translation": [[3396.594774200057], [2151.313773000613], [20.9728186]], "rotation": [[-0.853126795673, 0.52169403639312, 0.00311597991384], [-0.52160703850584, -0.85283934336346, -0.02430757643898], [-0.01002368795088, -0.02236276554954, 0.9996996710759001]]}