{"translation": [[3402.1050164999906], [2142.6216367995366], [20.9565729]], "rotation": [[-0.85411107019536, 0.5199487331942398, 0.012155003147279944], [-0.5200904448112798, -0.8539041190594601, -0.018810479384539808], [0.0005987218137600558, -0.022387938010819806, 0.9997491794365401]]}