{"translation": [[3403.7225103999954], [2140.063902400434], [20.9407942]], "rotation": [[-0.8549921484444994, 0.5185884528794399, 0.007383231482079946], [-0.5186408602317599, -0.8549160249667395, -0.011415683029439804], [0.0003920013636800534, -0.013589564418239806, 0.999907580768]]}