{"translation": [[3416.2277477000025], [2120.069365499541], [21.0147806]], "rotation": [[-0.8616210518265998, 0.5073784176391197, 0.013266735092159806], [-0.5074692805871998, -0.8616579847426598, -0.0044887058683800544], [0.009153917537999805, -0.010600025192699945, 0.9999019178119001]]}