{"translation": [[3415.1247772999923], [2121.8541842997074], [21.0019016]], "rotation": [[-0.8592001001314, 0.5115396572657, 0.010103359595299809], [-0.5116010800791801, -0.8592099373160401, -0.004725396711700053], [0.006263680422739809, -0.009228952094179947, 0.9999377944358]]}