{"translation": [[3431.8941469999845], [2091.6221260996535], [20.8746549]], "rotation": [[-0.8899462138152, 0.45584052615764004, 0.01432591746508], [-0.45606012010676, -0.88965015343336, -0.023061916972960003], [0.0022324979502799996, -0.02705734426336, 0.9996313901084]]}