{"translation": [[3425.7195701000164], [2103.2381055997685], [20.9589662]], "rotation": [[-0.8886454097477801, 0.45812203323861983, 0.0208214256229], [-0.4584914604686198, -0.8884931889622801, -0.019116150631900003], [0.009742165108900004, -0.0265339254341, 0.9996004406855]]}