{"translation": [[3414.0252717999974], [2123.620557900518], [20.9887269]], "rotation": [[-0.85802130373578, 0.51353474036786, 0.00903226784738], [-0.5135962754842599, -0.85800551522196, -0.006743200160740001], [0.0042868678365799995, -0.01042474819966, 0.99993647167782]]}