{"translation": [[3431.3584825000144], [2092.634340000339], [20.8761423]], "rotation": [[-0.8901295154856999, 0.45548842908756, 0.01412240321962], [-0.45568962704867993, -0.8899404523690398, -0.01877926279236], [0.00401436241334, -0.02315141201172, 0.9997239103739001]]}