{"translation": [[3388.6959047000273], [2164.007852599025], [21.004364]], "rotation": [[-0.8618472782022601, 0.5070873342577, 0.00904119374002], [-0.5071678835589801, -0.8617177540338001, -0.01494285648814], [0.0002136238044999992, -0.0174638629501, 0.9998474722971]]}