{"translation": [[3420.538104999985], [2112.7429569996893], [21.0185579]], "rotation": [[-0.87867877860562, 0.4770018174947598, 0.01982340855224], [-0.4772321344687598, -0.8787319594276, -0.008929205198480002], [0.013160214676240003, -0.01730627001352, 0.99976362295302]]}