{"translation": [[3411.8538933999953], [2127.1091421004385], [20.9669826]], "rotation": [[-0.8574777473915199, 0.51440916311288, 0.010731555537359806], [-0.51449062739032, -0.85746741937192, -0.0070042625114400524], [0.005598902237039807, -0.011527283778959946, 0.99991788364056]]}