{"translation": [[3383.920349700027], [2172.0941312992945], [21.0198134]], "rotation": [[-0.8754919875983999, 0.4832237387616798, 0.0029147460354399975], [-0.4831908569885598, -0.8753213501307399, -0.01841270033218], [-0.006346114553679998, -0.017528551224939997, 0.9998262232571]]}