{"translation": [[3399.8857953000115], [2146.0955574009567], [20.9273608]], "rotation": [[-0.8535170752293, 0.5210517840948, -0.0036853108350000004], [-0.5209141151133599, -0.8534189707657001, -0.01801349350648], [-0.01253107736748, -0.013455094361199998, 0.99983095197656]]}