{"translation": [[3403.2015768000274], [2140.894000400789], [20.948144]], "rotation": [[-0.8549073975866399, 0.51867146037336, 0.010643770706159999], [-0.51877770440664, -0.8547918358215999, -0.01416484840568], [0.0017513055861599998, -0.017631384345680002, 0.9998430212876]]}