{"translation": [[3397.6873388999957], [2149.5676442002878], [20.9649298]], "rotation": [[-0.8530677211642, 0.5217999192775999, -0.00039996706179999935], [-0.521582276215, -0.8527335494309201, -0.02823606672224], [-0.015074643284, -0.023878663435240005, 0.9996012027457201]]}