{"translation": [[3433.9538820000016], [2087.764399900101], [20.8436591]], "rotation": [[-0.8873719316626599, 0.4609426781403, 0.010129711044899951], [-0.4610511424881, -0.88707533990138, -0.022997697162419804], [-0.0016148025956999523, -0.025077829515419807, 0.99968419754972]]}