{"translation": [[3412.373776799999], [2126.2788984002545], [20.9704014]], "rotation": [[-0.8576235874343998, 0.51416111336768, 0.010950450865039998], [-0.5142423365269599, -0.8576199076338599, -0.00653406085882], [0.00603176565632, -0.01123495120246, 0.9999186935270999]]}