{"translation": [[3399.312628799991], [2146.988011499867], [20.9394581]], "rotation": [[-0.8530946112438401, 0.5217480416983998, -0.0029155479534400024], [-0.5214688248654399, -0.8527968823194401, -0.0284196653636], [-0.017314275307999998, -0.02272429690456, 0.99959182779096]]}