{"translation": [[3472.068278999999], [2047.1723837004974], [20.6824305]], "rotation": [[0.8859425007, -0.463627222051, -0.012477496174999806], [0.46378729424899995, 0.88576295984118, 0.018036855495400052], [0.002689726884999806, -0.021766520995399954, 0.99975946304118]]}