{"translation": [[3454.42006460001], [2078.248430799693], [20.604374]], "rotation": [[0.87529415835078, -0.48353710769014, -0.007210203608740001], [0.48358912428706, 0.8751537528402199, 0.01573063688182], [-0.0012963104180600004, -0.01725571070942, 0.9998502687949999]]}