{"translation": [[3453.117864000029], [2080.5403517000377], [20.6172214]], "rotation": [[0.8756949470343001, -0.4828506759025998, -0.003687902589999806], [0.48286462859211976, 0.8756635477041601, 0.00742413546100005], [-0.00035538669784019304, -0.00828203556811995, 0.9999656402054999]]}