{"translation": [[3437.591370399983], [2081.1163549004123], [20.7849201]], "rotation": [[-0.8823617612288799, 0.47054452382704, 0.005095121738880146], [-0.47052465143824, -0.8820672883561599, -0.023753694207359757], [-0.006682930350719757, -0.023356726995839853, 0.99970485734872]]}