{"translation": [[3453.5452025000122], [2079.781904499978], [20.6170272]], "rotation": [[0.8754574497695, -0.4832809889178, -0.0037047186371000004], [0.48329472579660004, 0.87542028336988, 0.00809450578716], [-0.0006687351763000002, -0.008876866416839999, 0.9999603762306201]]}