{"translation": [[3454.656339499983], [2077.8384897001088], [20.6036192]], "rotation": [[0.8751699278207001, -0.4837866474564798, -0.005300039555939998], [0.4838096760839198, 0.8750519897414001, 0.01456797267504], [-0.0024099800927399988, -0.015313661975759998, 0.99987983466294]]}