{"translation": [[3436.0366343000205], [2083.9304553000256], [20.8156334]], "rotation": [[-0.8843081532613201, 0.46683172771902, 0.00819975221562], [-0.46686958680317997, -0.88389470699602, -0.02762143600342], [-0.00564684511482, -0.028254075874780002, 0.99958482398366]]}