{"translation": [[3463.5939374999725], [2062.2324361996725], [20.6368524]], "rotation": [[0.87392562466524, -0.4859803438178, -0.00878079752315995], [0.48605922543516, 0.87375795182934, 0.017130832025899805], [-0.0006529561869999491, -0.019239060768659808, 0.99981469892214]]}