{"translation": [[3472.413481800002], [2046.5363164003938], [20.6849701]], "rotation": [[0.88638770478774, -0.4627796545902, -0.012322459448579954], [0.46293325003092, 0.8862323636222, 0.016882494281559808], [0.0031076880951000484, -0.02066891130979981, 0.9997815453431]]}