{"translation": [[3464.332485400024], [2060.952920200303], [20.6410787]], "rotation": [[0.8739808127286, -0.48586380089435993, -0.009689475040879999], [0.48596037573271994, 0.873799649271, 0.01779511412196], [-0.00017934267683999972, -0.02026128943048, 0.9997947029036399]]}