{"translation": [[3463.241914300015], [2062.8426259001717], [20.6394384]], "rotation": [[0.873979902766, -0.48588159016956, -0.008844576448919998], [0.48596144378268, 0.87380446871366, 0.017528327729139998], [-0.00078826068924, -0.01961752916722, 0.9998072470331]]}