{"translation": [[3456.5011614999967], [2074.5976443002], [20.6123042]], "rotation": [[0.87509609383904, -0.48384727676624, -0.009932615851839806], [0.48394630425296, 0.8748352963680001, 0.021428868597280052], [-0.0016788959670401933, -0.02355917178831995, 0.9997210344752]]}