{"translation": [[3442.9407270000665], [2071.687131099403], [20.7091601]], "rotation": [[-0.8735907560006598, 0.48663235264146, 0.005317652722739806], [-0.48665629582446, -0.8734793569481798, -0.01412783598242005], [-0.0022302022907401938, -0.014929815061419948, 0.99988605692252]]}