{"translation": [[3467.306680199981], [2055.762499500066], [20.6564222]], "rotation": [[0.8782279530959, -0.47816046644915994, -0.00884573728338], [0.4782416137242, 0.8780456051451999, 0.0179134182702], [-0.0007985270427, -0.01996246419588, 0.99980041128446]]}