{"translation": [[3456.9844763000146], [2073.7492385003716], [20.6213997]], "rotation": [[0.8749208096011201, -0.48415187086092, -0.01051271361636], [0.48426273782147994, 0.8746291627698201, 0.022658389373960003], [-0.00177537696084, -0.024915212085160003, 0.99968799141494]]}