{"translation": [[3448.5085240000044], [2062.4181463001296], [20.6764547]], "rotation": [[-0.8605709493906001, 0.5092684874415601, 0.007930167471519946], [-0.50932984960928, -0.8604470499656401, -0.014615653206359809], [-0.0006198016851599471, -0.016616880593119807, 0.999861737991]]}