{"translation": [[3460.763314199983], [2067.142858300358], [20.6380163]], "rotation": [[0.87429776139612, -0.4853013756742, -0.00927300456416], [0.4853824750096, 0.874018620239, 0.0222551978822], [-0.00269569999684, -0.0239586236656, 0.99970931651612]]}