{"translation": [[3462.515993100009], [2064.0983998999], [20.6372173]], "rotation": [[0.87411937914158, -0.48563034873578, -0.00885996278828], [0.48571079591221994, 0.8739508287199801, 0.017175426929479997], [-0.0005977358637199994, -0.019316752901479998, 0.99981323546156]]}