{"translation": [[3453.3394563000184], [2080.148861799389], [20.6198533]], "rotation": [[0.8756045506335, -0.4830119737275, -0.0040124611313999995], [0.48302761480109996, 0.87555537154718, 0.00933329477188], [-0.0009949613189999997, -0.010110404917880001, 0.99994839354968]]}