{"translation": [[3455.5649064999307], [2076.2397349998355], [20.6024662]], "rotation": [[0.87521704608078, -0.48367354614091995, -0.00741708693556], [0.48372843738067994, 0.8750667608424799, 0.01627737975104], [-0.0013824920932400007, -0.01783409615824, 0.99984000405926]]}