{"translation": [[3475.639446400106], [2040.5659531001002], [20.6974457]], "rotation": [[0.8891527557751799, -0.45748687830637996, -0.01063596758648], [0.45760590337297996, 0.88900778443886, 0.01618601633512], [0.00205056753512, -0.019258922713519998, 0.99981242693468]]}