{"translation": [[3460.098739899986], [2068.2847010996193], [20.6338227]], "rotation": [[0.8745099343382, -0.48482219750020006, -0.01340844199239995], [0.4850066267116001, 0.87422868682668, 0.022197970185559808], [0.0009599746982000496, -0.025915529043439807, 0.99966367531052]]}