{"translation": [[3440.7877682999824], [2075.438549200073], [20.741276100000004]], "rotation": [[-0.8782319119371602, 0.47811321987413996, 0.010802308364539999], [-0.47823374139794, -0.8779486271518802, -0.02233671114738], [-0.0011956056827399997, -0.02478283797178, 0.99969214336572]]}