{"translation": [[3458.867095099995], [2070.437984799966], [20.6256093]], "rotation": [[0.8747185133958, -0.48451782289180007, -0.010488595227399807], [0.4846313109605201, 0.8745067039832599, 0.01924905574990005], [-0.0001541633603601945, -0.021920606988979952, 0.9997597027487]]}