{"translation": [[3458.02473200002], [2071.915647400543], [20.6196983]], "rotation": [[0.8747895502445999, -0.48439679277566, -0.01014764796497995], [0.48450290767062004, 0.8745800639246999, 0.019147559805739806], [-0.00040008659253995115, -0.021666650328419804, 0.99976517051046]]}