{"translation": [[3475.9791234000004], [2039.9348579002544], [20.6989651]], "rotation": [[0.88924611228606, -0.45730786931216, -0.010528717652140002], [0.45742456767856005, 0.88910376467388, 0.01603901366512], [0.00202635493154, -0.01907872481168, 0.99981593112318]]}