{"translation": [[3462.143677000073], [2064.7433312991634], [20.6375793]], "rotation": [[0.87414451950942, -0.48557677643324004, -0.00930397670304], [0.48566550514116, 0.87395884825848, 0.01802663209648], [-0.0006220207145599998, -0.02027650210128, 0.9997942171119]]}