{"translation": [[3465.820006200054], [2058.3704080004245], [20.6512205]], "rotation": [[0.8756766476, -0.48279860936600005, -0.009792772638], [0.48289789164200003, 0.87549032176478, 0.01806403824504], [-0.00014781540600000004, -0.020547165845040002, 0.99978887376478]]}