{"translation": [[3466.9511300000013], [2056.390228400007], [20.6548526]], "rotation": [[0.8775423891395, -0.47941500617008, -0.00897794505894], [0.47949863405456, 0.8773627179046399, 0.017768442269280003], [-0.0006415437244200002, -0.01989747370416, 0.9998018198403]]}