{"translation": [[3436.5380961999763], [2083.0174249000847], [20.800919600000004]], "rotation": [[-0.8835926526214798, 0.4682235432183598, 0.005513891947040144], [-0.4682041451425598, -0.8832582794009999, -0.025285481908919757], [-0.006969067346759755, -0.02492369756047985, 0.99966506457948]]}