{"translation": [[3475.2715830000234], [2041.2508206004277], [20.7004975]], "rotation": [[0.88892790075228, -0.45791975941646, -0.01080148090042], [0.45804304886906, 0.88877238459596, 0.01673931118586], [0.0019347962183800006, -0.01982758412446, 0.99980154203468]]}