{"translation": [[3458.584572200023], [2070.924663499929], [20.6239684]], "rotation": [[0.87489921867446, -0.48416420787908, -0.01167757964128], [0.48430003141028, 0.8747452237519799, 0.01656085686388], [0.002196732450079999, -0.020144533076919997, 0.99979466498648]]}