{"translation": [[3444.359068700054], [2106.323278799653], [20.849405800000003]], "rotation": [[0.9110803996188, 0.41221244845044, -0.0036624650706799998], [-0.41215306856516, 0.91104745331334, 0.011063307149460001], [0.00789711214452, -0.00857006623394, 0.9999320924907]]}