{"translation": [[3444.5121095000068], [2096.7432190990075], [20.7711384]], "rotation": [[0.95341455890796, -0.30156914301052, -0.00753191908052], [0.30164787921092, 0.95332049188758, 0.01373301392518], [0.003038879512119999, -0.015365242849220001, 0.99987732973638]]}