{"translation": [[3443.9339342999738], [2098.736589300446], [20.7896262]], "rotation": [[0.97637113100598, -0.2158231248033998, -0.010944900031799997], [0.21595485565859981, 0.9763199626815, 0.0127604184946], [0.007931730837800001, -0.014822508653399997, 0.99985868044848]]}