{"translation": [[3446.403671499982], [2092.3617139998823], [20.7130527]], "rotation": [[0.8953408870371801, -0.44536617049753996, -0.0036958459900399993], [0.44538063847174, 0.8952919479407, 0.00940233607708], [-0.0008786214948399999, -0.01006435420468, 0.99994896709452]]}