{"translation": [[3443.8558942999807], [2099.0789911998436], [20.7928971]], "rotation": [[0.97965283508988, -0.20043975574488002, -0.01020918997448], [0.20055919127048003, 0.97960248299886, 0.01244936317182], [0.00750560057112, -0.01424360078722, 0.9998703844999799]]}