{"translation": [[3443.564868299989], [2100.7060497002676], [20.8063788]], "rotation": [[0.9935105394987801, -0.11292996966173979, -0.013551034233119997], [0.11310923477933979, 0.9934937689144601, 0.013282801257840001], [0.01196284181208, -0.014729350081439998, 0.9998199521316801]]}