{"translation": [[3448.044277100009], [2089.436554499902], [20.6708531]], "rotation": [[0.8748438888407, -0.48440238554272, -0.0015888049593400008], [0.48438994167208, 0.8747861495928, 0.010751844575360001], [-0.0038183540427400003, -0.01017578672024, 0.99994093503014]]}