{"translation": [[3451.277502900106], [2083.806133599952], [20.6324552]], "rotation": [[0.8760998234078, -0.48206091774972, -0.00814547347876], [0.48212972472012, 0.87597741555262, 0.014644920489060001], [7.550626996000002e-05, -0.016757587330140003, 0.9998595789111799]]}