{"translation": [[3450.531519500015], [2085.1242224005982], [20.6389242]], "rotation": [[0.8762886786279601, -0.4817236489213398, -0.007776916573099755], [0.4817864197798998, 0.8761742144060601, 0.014163134577339857], [-8.783016340142401e-06, -0.016157807255299757, 0.99986945407406]]}