{"translation": [[3448.886563499982], [2111.4854244003072], [20.8950963]], "rotation": [[0.56641204740326, 0.82411677068892, 0.0029970425552600004], [-0.82411648246956, 0.56639078796376, 0.00579137912652], [0.00307527507898, -0.005750219078760001, 0.99997873860686]]}