{"translation": [[3445.4300212999806], [2094.3758725998923], [20.7446926]], "rotation": [[0.9223903905078, -0.38621543328147984, -0.005796821224639998], [0.3862548755775998, 0.9223456158359601, 0.00925918900148], [0.001770630860600001, -0.010779637453599998, 0.9999403303598]]}