{"translation": [[3448.094917899987], [2110.9131147004664], [20.8919833]], "rotation": [[0.6095620872327601, 0.79273668722898, 0.0016143739110200004], [-0.7927126858292199, 0.60952472350566, 0.009284871253979999], [0.0063764572708199995, -0.00693944017922, 0.99995559149526]]}