{"translation": [[3443.477121700009], [2102.6684766998515], [20.8188348]], "rotation": [[0.9986912989246, 0.049546762252740004, -0.012681010285379999], [-0.04938657516414001, 0.99869964998828, 0.01264814313394], [0.01329119502318, -0.012005318881660001, 0.99983959537532]]}