{"translation": [[3444.6987279999885], [2107.003848699853], [20.854371]], "rotation": [[0.8797594745803201, 0.4754161442557198, -0.0016567317217200013], [-0.47536008331667984, 0.8796999259947201, 0.01268146209868], [0.0074863988761199995, -0.010369092189080002, 0.99991821453104]]}