{"translation": [[3447.118847900012], [2091.0489089004695], [20.6957296]], "rotation": [[0.8826882513776602, -0.4699565183215798, -0.001515342167819999], [0.4699486709533798, 0.8826429973547801, 0.009463634336820001], [-0.0031099909933799993, -0.009065571838980001, 0.99995407062188]]}