{"translation": [[3444.882224800007], [2107.331562399864], [20.859153]], "rotation": [[0.8633741150742, 0.50456195326918, -0.0015500680841400005], [-0.50450450824254, 0.8633149781799, 0.01274674876982], [0.0077697207690199995, -0.010223196879539998, 0.99991755545286]]}