{"translation": [[3443.4711553999805], [2102.015324899927], [20.8122482]], "rotation": [[0.99985642648758, -0.011200050709799802, -0.012715552108759997], [0.011364263050999798, 0.9998519999448, 0.012916335440999802], [0.012569006589240003, -0.013058983881399798, 0.9998357280082201]]}