{"translation": [[3446.943466399971], [2091.361471700482], [20.6979557]], "rotation": [[0.88513947056876, -0.46532131227414003, -0.00204558023158], [0.46531929802302, 0.8850952796631, 0.00918080691066], [-0.00246149190034, -0.00907814252142, 0.9999557632127]]}