{"translation": [[3447.6784615999786], [2090.0692237997428], [20.6780987]], "rotation": [[0.87707546552934, -0.4803523000641, -0.0005596543058800001], [0.48033545473462, 0.8770336658127, 0.009477214007160001], [-0.0040615655478, -0.008581053757, 0.9999549335886]]}