{"translation": [[3449.289625699981], [2087.2997550992295], [20.650882100000004]], "rotation": [[0.87434845309964, -0.48528316350118006, -0.00387830251922], [0.48528296792902004, 0.87422799314574, 0.01502878875322], [-0.0039026972910200003, -0.01502247235558, 0.99987953988734]]}