{"translation": [[3447.4862092999974], [2090.402512599714], [20.6802862]], "rotation": [[0.878631343014, -0.47750030823712, -0.0006403746991601941], [0.4774842687495999, 0.87858911088536, 0.00948360164787995], [-0.003965796636199806, -0.00863835846740005, 0.999954824588]]}