{"translation": [[3443.721267200017], [2099.7370437998325], [20.8004864]], "rotation": [[0.9855159929792, -0.16924183946064, -0.010743677822719984], [0.16937612676911998, 0.98546390111134, 0.013138741925639802], [0.008363881746560017, -0.0147681628741198, 0.9998559630467]]}