{"translation": [[3452.2688077000203], [2082.042226499878], [20.6366819]], "rotation": [[0.87591989584944, -0.48234100740552, -0.01055928015856], [0.48245302122416, 0.87578762484534, 0.015333892434180003], [0.0018515221087200004, -0.018525617952740003, 0.99982667165814]]}