{"translation": [[3443.5031864001066], [2101.361767400056], [20.8084018]], "rotation": [[0.9977483089690999, -0.06603729184214001, -0.011721260222920001], [0.06619342989622, 0.99771583316966, 0.013473900160760001], [0.01080470701276, -0.01421943153308, 0.9998405203163999]]}