{"translation": [[3448.754940200015], [2088.2198175005615], [20.6641714]], "rotation": [[0.87362508864806, -0.48658883061684005, -0.003240520380020193], [0.48657772209228006, 0.87350322094876, 0.01530457158515995], [-0.004616429018739806, -0.01494722271372005, 0.9998776270640599]]}