{"translation": [[3443.498734899971], [2103.00755530037], [20.8210379]], "rotation": [[0.99650538779212, 0.0827054021331, -0.0116973968198998], [-0.0825611312859, 0.9965098252835, 0.012321860518899991], [0.012675655215899799, -0.011313050157100006, 0.99985566092462]]}