{"translation": [[3449.814975699992], [2086.386426099576], [20.6441282]], "rotation": [[0.8752078371527001, -0.4837229041037198, -0.004835513820839999], [0.4837401705738798, 0.8750982279608002, 0.01408996610196], [-0.0025840900916399984, -0.01467078106524, 0.99988903916934]]}