{"translation": [[3449.2830920999986], [2111.753495200537], [20.9017214]], "rotation": [[0.54871786539888, 0.83599847048484, 0.00390911669732], [-0.8360052396028399, 0.54869917615686, 0.00494702905224], [0.00199077948132, -0.005982565240239999, 0.9999801226579801]]}