{"translation": [[3452.692139199993], [2081.296760400757], [20.623453100000003]], "rotation": [[0.875720988782, -0.482772482065, -0.00659426337199995], [0.482817508015, 0.8756417757315, 0.011778730509999807], [8.77656280000496e-05, -0.013498707309999806, 0.9999088844495]]}