{"translation": [[3446.755515499972], [2091.700969499536], [20.702091]], "rotation": [[0.8882254090367, -0.45939947844948, -0.0027841172224399523], [0.45940554398148, 0.88818504558582, 0.008595366597959805], [-0.0014758954715599526, -0.008913661886039806, 0.99995918335088]]}