{"translation": [[3450.6066879000864], [2112.5857982998714], [20.9178176]], "rotation": [[0.5063217006585601, 0.8622942110006399, 0.0093325948536], [-0.8623436871047999, 0.5063081382644601, 0.003937340376860001], [-0.0013300234646399997, -0.0100414647103, 0.99994869869966]]}