{"translation": [[3445.9065636000014], [2093.350281099789], [20.7235864]], "rotation": [[0.90796840587056, -0.4190157256152, -0.004383243427919804], [0.41903843609207997, 0.9079288621679, 0.008484546086940045], [0.00042451535279980487, -0.009540447157499958, 0.9999543987919001]]}