{"translation": [[3448.5721072999877], [2088.5323342001066], [20.6647463]], "rotation": [[0.87369855956492, -0.48645920478854004, -0.00287151003282], [0.48644647502074007, 0.87359014184924, 0.014493704244060001], [-0.0045420736744200005, -0.01405996441386, 0.99989083751532]]}