{"translation": [[3446.094909599982], [2109.0407996997237], [20.8735834]], "rotation": [[0.7609109116511601, 0.6488543597639198, -0.0016209733175200705], [-0.6487586175560798, 0.76083725253246, 0.015458153889579813], [0.01126338696247993, -0.010710657790419813, 0.99987920167166]]}