{"translation": [[3446.0776489999844], [2093.001015599817], [20.723431]], "rotation": [[0.9033918033551, -0.42879607489209975, -0.004145335291699999], [0.4288161108178998, 0.9033489721467801, 0.00879691108586], [-2.7396396699999517e-05, -0.00972464388914, 0.99995271415932]]}