{"translation": [[3456.46205490001], [2115.9707114994526], [20.95766]], "rotation": [[0.4910523145287, 0.8710273796441199, 0.013378182919860001], [-0.87109611764148, 0.4911109153638, -0.0012923261731600001], [-0.007695823404940001, -0.01101908286996, 0.99990967298214]]}