{"translation": [[3447.6312223999994], [2147.2803285000846], [20.9693135]], "rotation": [[-0.5074657681706396, -0.8613431902605999, -0.02380420014984], [0.8616662619051598, -0.5073699834827397, -0.010353267993199997], [-0.0031598176323999975, -0.025765202414159995, 0.99966302820006]]}