{"translation": [[3467.8720487000537], [2122.995453200303], [21.0202501]], "rotation": [[0.53433774140492, 0.8451313542987798, 0.015365932358179825], [-0.8452397156822199, 0.5343861320130201, 0.0011066786786200957], [-0.007276051784179825, -0.013579237289619902, 0.99988132464294]]}