{"translation": [[3448.1164861000143], [2147.5758325001225], [20.9739451]], "rotation": [[-0.5081016117754598, -0.8609589518377998, -0.024138701165619822], [0.8612907808818797, -0.5080070196233998, -0.010358585738840097], [-0.003344310315699827, -0.026053651970199897, 0.9996549519023]]}