{"translation": [[3447.187654600013], [2147.009805499576], [20.96876]], "rotation": [[-0.5071195081160002, -0.8615477270541599, -0.02377193316888], [0.86187135191352, -0.5070109040296001, -0.010839846485840002], [-0.002713586102640001, -0.025985448406480004, 0.99965863817264]]}