{"translation": [[3449.064313400013], [2148.153486000374], [20.9807369]], "rotation": [[-0.5088978212073002, -0.86047672852778, -0.024552248157159826], [0.86082366053642, -0.5087675298565002, -0.011757196982440103], [-0.0023745922007598255, -0.0271183679880399, 0.9996294090466401]]}