{"translation": [[3472.796395800018], [2162.7153382999822], [21.0622855]], "rotation": [[-0.5071639879870601, -0.8615789316227999, -0.021591234529079996], [0.8618477146759199, -0.5070537592969, -0.010712116735440001], [-0.0017185844958000022, -0.024041158889999997, 0.9997094923516]]}