{"translation": [[3473.4948629000573], [2163.143390700221], [21.0614675]], "rotation": [[-0.5070254415129803, -0.86167002861456, -0.021209775028559728], [0.8619285782894399, -0.5069291107328203, -0.010094242782319929], [-0.0020539467674399285, -0.02339935034967973, 0.9997240877792]]}