{"translation": [[3451.51743409998], [2149.664179299958], [20.990848]], "rotation": [[-0.5104802324128201, -0.8595626490142, -0.02370876588106], [0.8598865527242, -0.5103572802180001, -0.011431701837399999], [-0.0022736763189400017, -0.026222505267399998, 0.99965354530518]]}