{"translation": [[3470.337909199996], [2124.6369437007234], [21.0346694]], "rotation": [[0.54690119108576, 0.83706542329776, 0.01485210655544], [-0.83717413416336, 0.5469316887512801, 0.002284225671719998], [-0.006211041589040001, -0.013683044925479998, 0.99988709225048]]}