{"translation": [[3472.8386636999785], [2126.3608544999734], [21.0373708]], "rotation": [[0.5593190981970801, 0.8288494793528398, 0.013064738985239998], [-0.8289365887292399, 0.5593363981471002, 0.002631731362380001], [-0.005126274881160001, -0.012301817774579999, 0.99991118934902]]}