{"translation": [[3467.2393421999877], [2122.5816494999453], [21.016822]], "rotation": [[0.53126119548216, 0.8470618079101598, 0.015744020660359997], [-0.8471698616797599, 0.53132205456278, 0.0003717840894799998], [-0.008050221616759999, -0.013535373725319998, 0.99987598611038]]}