{"translation": [[3462.8460209000623], [2156.608901599422], [21.0292986]], "rotation": [[-0.5076898558122005, -0.8612828013751801, -0.021046132465259902], [0.8615381545797001, -0.5075865292368406, -0.01038830458717983], [-0.0017354653059001024, -0.02340608305789983, 0.9997245337766]]}