{"translation": [[3461.6266598000075], [2155.8612588001415], [21.0272907]], "rotation": [[-0.5075857432359998, -0.8613387098428, -0.0212700021611999], [0.8615994216267999, -0.5074813856259999, -0.010447616593199826], [-0.0017951930148000991, -0.023629281970799828, 0.999719177734]]}