{"translation": [[3473.4419404999935], [2126.7850527996197], [21.041451100000003]], "rotation": [[0.5621362482545601, 0.82694638621984, 0.01274680164647973], [-0.82702943909672, 0.5621525490119, 0.0026051379906599174], [-0.005011337309759917, -0.01200642305321973, 0.9999153625671]]}