{"translation": [[3453.105945200019], [2150.6415571998805], [21.0006881]], "rotation": [[-0.5100924466295201, -0.8598214037694, -0.02265178689264], [0.8601178827666, -0.5099690096605001, -0.011361815353799997], [-0.001782575247360002, -0.0252787800942, 0.99967885130998]]}