{"translation": [[3474.0972499999916], [2127.2494907993823], [21.0457591]], "rotation": [[0.565209575655, 0.8248558227388801, 0.01228678093884], [-0.8249335810911601, 0.56522344622204, 0.00264581452928], [-0.004762360778879999, -0.01163121834436, 0.9999210142166]]}