{"translation": [[3461.9453474999755], [2119.2503927005455], [20.9909816]], "rotation": [[0.51270135638924, 0.85843770910246, 0.01490321690262], [-0.8585291595248199, 0.51276458848844, -0.0004961381603400001], [-0.008067746199059998, -0.01254047440842, 0.99988881781564]]}