{"translation": [[3453.898973100004], [2114.4934293003753], [20.9378774]], "rotation": [[0.4852273791806999, 0.87429741861394, 0.012583997301079897], [-0.8743678417093, 0.4852636201667, 0.00019753735699982664], [-0.0059338493150001, -0.011098893701079826, 0.99992079885464]]}