{"translation": [[3471.365502699977], [2161.837172700092], [21.0612284]], "rotation": [[-0.50736813206898, -0.86142450146742, -0.02292339818914], [0.8617283382837799, -0.5072307538513801, -0.011887333227659998], [-0.0013874118372600025, -0.02578499494274, 0.99966654897564]]}