{"translation": [[3472.0483811000013], [2162.2562800990418], [21.063930300000003]], "rotation": [[-0.5072155581546597, -0.8615336584310599, -0.022188119374899826], [0.8618177554134999, -0.5070957145194597, -0.011147754970940095], [-0.0016473327040598274, -0.024776427854899898, 0.9996916599404401]]}