{"translation": [[3455.269572500023], [2151.9729484999552], [21.0040045]], "rotation": [[-0.5095144507650001, -0.8601958011777, -0.0214132489359], [0.8604594685058999, -0.5094186586781202, -0.010121875368380003], [-0.0022015113627000017, -0.02358247100462, 0.99971947088588]]}