{"translation": [[3479.560898899974], [2166.8590487996116], [21.0853125]], "rotation": [[-0.5084389683789603, -0.8607869767271601, -0.02314336368792], [0.86109187631628, -0.5083533529608003, -0.009882723646360001], [-0.0032580865525600015, -0.02495332405668, 0.9996833081004001]]}