{"translation": [[3456.3386828000075], [2152.6258675996214], [21.0090489]], "rotation": [[-0.5091015289910801, -0.8604605508078599, -0.02057506621638], [0.86070591518166, -0.50898375226916, -0.010996688596140003], [-0.0010101572527799994, -0.02330751149766, 0.99972783271292]]}