{"translation": [[3474.9706800000276], [2164.048491399735], [21.0659138]], "rotation": [[-0.5072151245600401, -0.8615341282577401, -0.02216974934426], [0.8618146649810602, -0.5071291418658002, -0.009759673685820001], [-0.0028346362014599995, -0.02405647218622, 0.999706582419]]}