{"translation": [[3459.1157020999817], [2117.536895399913], [20.9780313]], "rotation": [[0.50184947084, 0.86485710179888, 0.01301354385616], [-0.86492116753712, 0.5019061165500001, -0.0012939660941599998], [-0.0076506732958399985, -0.01060631274616, 0.99991448301176]]}