{"translation": [[3454.4179366001044], [2114.790215300396], [20.9395631]], "rotation": [[0.48530437441464, 0.8742434504719201, 0.013345425863519899], [-0.87432084469272, 0.4853484338895201, -7.185607408017203e-05], [-0.0065400015547201025, -0.011633311413279827, 0.99991094326112]]}