{"translation": [[3477.9198396999855], [2130.0254494007677], [21.0780691]], "rotation": [[0.57864319265304, 0.815502711407, 0.01128454277256], [-0.8155730748975601, 0.5786424880274399, 0.0036589852335999996], [-0.0035458031380000005, -0.01132061653056, 0.99992963298144]]}