{"translation": [[3476.0250227000215], [2128.636674299836], [21.0593295]], "rotation": [[0.5731004069732603, 0.8193972747084197, 0.012001157716259998], [-0.8194742084360598, 0.5731069913732603, 0.003224314849020001], [-0.004235952574019999, -0.011682495391259998, 0.9999227850223601]]}