{"translation": [[3454.9007830999326], [2115.0674612000585], [20.9459619]], "rotation": [[0.4855950066499799, 0.8740787852626402, 0.01355318440222], [-0.8741583480382402, 0.4856409091697599, -0.00010972611016000014], [-0.00667788953998, -0.01179434773744, 0.99990814535078]]}