{"translation": [[3472.186855399981], [2125.905306299217], [21.0338003]], "rotation": [[0.55623533586572, 0.8309117457587398, 0.013709709779459905], [-0.8310051829025398, 0.5562599525254001, 0.0022990109569798233], [-0.005715887611740094, -0.012671630614379821, 0.9999033745386801]]}