{"translation": [[3461.0465490000206], [2155.5055141998455], [21.0235237]], "rotation": [[-0.50771542920706, -0.8612619353390598, -0.021288034037799997], [0.8615235980874998, -0.50760394508386, -0.010750979798440002], [-0.0015464784335600026, -0.023798579038999998, 0.99971557759644]]}