{"translation": [[3465.9836747000227], [2158.5332987001166], [21.0420355]], "rotation": [[-0.5077811378744204, -0.8611813937238602, -0.022907685219760002], [0.8614839788009401, -0.5076582076609804, -0.011328609632880004], [-0.0018732879114400011, -0.025487060064720006, 0.9996733969286]]}