{"translation": [[3450.9884608000284], [2149.336586199701], [20.9911771]], "rotation": [[-0.5103333155707199, -0.8596374542122, -0.02414913596836], [0.8599744653266, -0.5101932092423999, -0.0121092807022], [-0.001911135442359999, -0.0269474119066, 0.99963502565232]]}