{"translation": [[3458.0302486], [2116.891462999396], [20.9681784]], "rotation": [[0.49753764547963997, 0.8673462383059599, 0.0129153554041999], [-0.8674093060778, 0.49759356011534006, -0.0013254577155401735], [-0.007576228504040099, -0.010543434214099826, 0.99991571482734]]}