{"translation": [[3462.2586735999794], [2156.2496640002355], [21.0271572]], "rotation": [[-0.5077872865718802, -0.8612191676415, -0.0212957313961799], [0.8614799869251, -0.5076894523618602, -0.010175627152499828], [-0.0020481739051800996, -0.023512901720099826, 0.99972143540902]]}