{"translation": [[3427.697530800011], [2139.000957099721], [20.8916364]], "rotation": [[0.0362057503679003, -0.9992375783955598, -0.01461379418802], [0.9992224214617198, 0.03642596467100023, -0.01509499679004], [0.01561580950734, -0.01405590274908, 0.99977926470166]]}