{"translation": [[3406.499471899995], [2155.7649760991335], [20.9547613]], "rotation": [[0.82927456653772, -0.55875544115604, -0.00979990550832], [0.55882876053696, 0.8292461545602801, 0.007824283831239998], [0.0037546725793199992, -0.01196494877824, 0.999921368123]]}