{"translation": [[3443.6185434000217], [2144.866405799985], [20.9468375]], "rotation": [[-0.49986736925786, -0.86581168547718, -0.022424130868439827], [0.86609609385114, -0.49979219124586005, -0.009242563664920099], [-0.0032050849969198283, -0.0240415069924399, 0.99970582342604]]}