{"translation": [[3418.1078592999256], [2142.389207200147], [20.9062591]], "rotation": [[0.5925885297966, -0.8053294516684599, -0.016830422554379998], [0.8053659205084198, 0.5927453238510001, -0.00621849245306], [0.01498408928186, -0.00986964235122, 0.99983902064796]]}