{"translation": [[3437.313183500024], [2141.4006503000855], [20.9162852]], "rotation": [[-0.42260955900480013, -0.9061781880247199, -0.01556284120264], [0.90631180604024, -0.42254451618066013, -0.00741565373508], [0.00014391018647999954, -0.01723871330684, 0.9998513919819001]]}