{"translation": [[3440.5781898000278], [2143.1131670996547], [20.9288853]], "rotation": [[-0.47695695728025966, -0.8785884013160998, -0.024384661172219897], [0.8789203186927799, -0.4768758258744997, -0.009415402491539824], [-0.0033561907941001036, -0.02592291434069982, 0.999658310887]]}