{"translation": [[3406.0376407000585], [2156.4333949992433], [20.9608374]], "rotation": [[0.8305081830843002, -0.5569324358787399, -0.009080818229119998], [0.5570035308207798, 0.8304463320267002, 0.010295525983360001], [0.001807220717440001, -0.013608565988479999, 0.99990576601404]]}