{"translation": [[3416.6122635001084], [2143.552185200155], [20.9148275]], "rotation": [[0.6522362318991, -0.7578205122113201, -0.01720412243626], [0.7578967060202001, 0.65236805612844, -0.0029180646086800002], [0.0134347891967, -0.0111356800018, 0.9998477399462999]]}