{"translation": [[3417.094120100024], [2143.156822600402], [20.9099577]], "rotation": [[0.63375534240864, -0.7733349038344, -0.017531155206], [0.773407341252, 0.63389860171872, -0.0037008296823199996], [0.0139749557756, -0.01121330255832, 0.99983946835392]]}