{"translation": [[3418.639057799999], [2142.019246599637], [20.9020952]], "rotation": [[0.56911575852348, -0.8221229718036801, -0.014867829733960001], [0.8221263377873201, 0.5692548460258801, -0.00756205838864], [0.014680526036960002, -0.00791954817836, 0.99986087177436]]}