{"translation": [[3414.624482400017], [2145.3873310992494], [20.9179782]], "rotation": [[0.71968643691598, -0.6940664488392599, -0.017976565718219997], [0.6941941847957399, 0.71978666699612, 0.0012440357511400001], [0.012075848423219997, -0.01337454391114, 0.9998376345371001]]}