{"translation": [[3409.3563863000018], [2151.7541492003947], [20.9436829]], "rotation": [[0.8162203415322202, -0.5776181149443599, -0.011901461267299998], [0.5776951883943598, 0.81624143600172, 0.004262028342600001], [0.007252640772700001, -0.0103541715126, 0.9999200919695]]}