{"translation": [[3441.020814999996], [2143.3617102000862], [20.9343382]], "rotation": [[-0.4816534708090001, -0.87602334812418, -0.02435014706274], [0.8763540871327801, -0.4815791687373201, -0.009215219578860004], [-0.003653776997460001, -0.025777894551659998, 0.99966101756732]]}