{"translation": [[3410.7949131000205], [2149.8515784004703], [20.9400044]], "rotation": [[0.80229904524662, -0.59681015276824, -0.011571891569119936], [0.59690100968216, 0.80228346699518, 0.00710270047003981], [0.005044973949920063, -0.012605763217639811, 0.9999078172428]]}