{"translation": [[3422.7400223999866], [2139.9130734000355], [20.8799773]], "rotation": [[0.34454227305520035, -0.9385406499975597, -0.02078458709891983], [0.9385679231105997, 0.3448436176247003, -0.013155295698399882], [0.019514211912599833, -0.014975192793919881, 0.99969742377446]]}