{"translation": [[3434.915870799974], [2140.3566797999665], [20.9156688]], "rotation": [[-0.34692810798372, -0.9377006902686401, -0.0189300011478], [0.9378829482896401, -0.34676675364372, -0.011332936638400001], [0.004062607693600002, -0.021685839043800004, 0.9997565801789999]]}