{"translation": [[3419.128412100021], [2141.6956185996532], [20.8935485]], "rotation": [[0.5464192734047, -0.8373934858794799, -0.014075773167259997], [0.83735538358444, 0.5465648551628, -0.01014005003972], [0.016184534772379997, -0.00624570566596, 0.9998495146745401]]}