{"translation": [[3431.252264800016], [2139.2958794003353], [20.8980033]], "rotation": [[-0.16709364043857977, -0.9858050951576399, -0.016366813502759998], [0.9858605804103598, -0.16684504315911974, -0.015539964532079998], [0.012588654254759999, -0.01873202781192, 0.9997452860023001]]}