{"translation": [[3414.114335399994], [2145.911605699919], [20.9201132]], "rotation": [[0.7347053462197402, -0.6781212856706799, -0.018963485307099813], [0.6782754503385998, 0.7348036557678002, 0.0024573446690000734], [0.012268061078179814, -0.014667889936759923, 0.9998171571383001]]}