{"translation": [[3404.556818399986], [2158.58416269999], [20.9608442]], "rotation": [[0.8341992445040001, -0.5514078215966398, -0.007813376942479999], [0.5514620273908799, 0.8341426910611001, 0.00977841543096], [0.0011255768021600013, -0.012465927340079999, 0.99992166380126]]}