{"translation": [[3406.998983199999], [2155.0485156001523], [20.951246]], "rotation": [[0.82791009845144, -0.56077047032044, -0.01006785583612], [0.5608397345097201, 0.8279012771398999, 0.0061871421742599984], [0.00486562427764, -0.01076885090482, 0.9999301763403]]}