{"translation": [[3404.086685999995], [2159.2750534005463], [20.963502]], "rotation": [[0.8351762454168601, -0.5499321318644598, -0.007436914268899807], [0.5499818034712999, 0.8351191307360601, 0.009801611850460058], [0.00082048844545981, -0.01227624076909994, 0.99992430749516]]}