{"translation": [[3444.9201530999853], [2145.6444199001417], [20.954636800000003]], "rotation": [[-0.5042756489413801, -0.8632358100920399, -0.023018052868439998], [0.8635333813436399, -0.5042145112168, -0.008811962841080004], [-0.003999235968840002, -0.02432051723612, 0.99969621311558]]}