{"translation": [[3415.098925099999], [2144.920385500416], [20.9157891]], "rotation": [[0.7048947408918, -0.70911503677486, -0.01671228236742], [0.7092134621928601, 0.70499382532278, -5.281715134000057e-05], [0.011819509573420001, -0.011815344473340001, 0.99986033866902]]}