{"translation": [[3421.7116937999963], [2140.3117619007826], [20.8809823]], "rotation": [[0.40537303110091993, -0.91396985622584, -0.018212614875640108], [0.91391480563636, 0.40564087106827995, -0.014666409935919831], [0.02079243777783989, -0.010699413641480167, 0.9997265611302001]]}