{"translation": [[3429.05918390007], [2139.032910800539], [20.8952797]], "rotation": [[-0.04455657662279999, -0.99889898005204, -0.014686388796680001], [0.99894131416844, -0.04438033451442003, -0.012115593901940001], [0.01145046777748, -0.01521066793934, 0.9998187447706199]]}