{"translation": [[3413.6502687999746], [2146.409511500038], [20.9230263]], "rotation": [[0.74752537322134, -0.6639913169927399, -0.01792747458084], [0.66412477688106, 0.7476188211090999, 0.002103814400279999], [0.012006003468360001, -0.01347873364212, 0.9998370765532]]}