{"translation": [[3424.248703200079], [2139.4575349008664], [20.8913377]], "rotation": [[0.2524316484824002, -0.96737274942444, -0.02163792166052], [0.9674225038486799, 0.2527640946055001, -0.01428232038876], [0.01928561717804, -0.017327703238919998, 0.99966385133126]]}