{"translation": [[3401.5804294000845], [2163.0003374004737], [20.9663198]], "rotation": [[0.8397015329177401, -0.5429837938355, -0.008363916034740002], [0.5430480661422601, 0.83961281905614, 0.0122119527745], [0.0003915591661000006, -0.01479640373274, 0.9998904505652401]]}