{"translation": [[3426.742559699982], [2139.0545492991805], [20.8909238]], "rotation": [[0.09627536586565988, -0.9951975675318401, -0.017688208361199866], [0.995245718576, 0.09651263875885985, -0.013087682006840148], [0.014731964989840134, -0.01634409198699985, 0.99975789062616]]}