{"translation": [[3438.915467099927], [2142.205316499807], [20.9232326]], "rotation": [[-0.4539284158931999, -0.89078672395976, -0.02115984452791983], [0.89103799979384, -0.4538030023386399, -0.010670115910640102], [-9.760532871982974e-05, -0.023697697508239895, 0.9997191653431999]]}