{"translation": [[3423.234141700028], [2139.7527034003288], [20.8814673]], "rotation": [[0.3148207007511803, -0.9489268165743798, -0.02063600523056], [0.9490005695855799, 0.31508363427950026, -0.010965576798559997], [0.01690759746704, -0.016131389719839996, 0.99972691842432]]}