{"translation": [[3445.809202399978], [2146.180109700188], [20.9606087]], "rotation": [[-0.5057005478281005, -0.8623798780385401, -0.02382945113642], [0.86269837572906, -0.5056387193954605, -0.008996600794740003], [-0.00429060621262, -0.02510721541014, 0.9996755565782]]}