{"translation": [[3401.096873099974], [2163.723602999933], [20.9651309]], "rotation": [[0.8403631526031801, -0.54195701548856, -0.008507168975780001], [0.54202261984136, 0.84029031964896, 0.01112048119784], [0.0011216690948200004, -0.01395632059304, 0.99990197668478]]}