{"translation": [[3420.1540384999826], [2141.0807784004137], [20.8816325]], "rotation": [[0.49430288962236013, -0.8691992202107999, -0.012539870535360103], [0.86907516908064, 0.49444993983446006, -0.015082671425499825], [0.019310185280399902, -0.0034426842448601717, 0.99980761380566]]}