{"translation": [[3443.162969500001], [2144.5993239004165], [20.9456109]], "rotation": [[-0.49767684392916, -0.8670515871114202, -0.023226967984540003], [0.8673542574878601, -0.49761128242276, -0.00893260054618], [-0.00381297415022, -0.024591555916660002, 0.99969031036844]]}