{"translation": [[3403.57443410001], [2160.0316827995703], [20.9649335]], "rotation": [[0.8362084298855001, -0.5483575625444398, -0.007711357456579807], [0.5484112121727599, 0.8361451422402402, 0.010318096913640058], [0.0007898080188198098, -0.012857074357559943, 0.9999170324843001]]}