{"translation": [[3444.496975200018], [2145.3891868004575], [20.9536065]], "rotation": [[-0.5031769825788999, -0.86388848453854, -0.02257550230777973], [0.8641769079268999, -0.5031028161396999, -0.009266661537099924], [-0.0033524362254999263, -0.024171998093779727, 0.9997021934996401]]}