{"translation": [[3431.656344900024], [2139.375537900254], [20.901673100000004]], "rotation": [[-0.18919084592465985, -0.9817998977628, -0.01660850046206], [0.98186464124344, -0.18893914205855977, -0.0156168043524], [0.012194581195500001, -0.019261854927439998, 0.99974010280014]]}