{"translation": [[3383.2533667000243], [2167.079700199887], [20.9197794]], "rotation": [[-0.8675905426310799, 0.4972564020173, 0.004776698042459949], [-0.49724130421669993, -0.8673653412729999, -0.020701352177099806], [-0.006150737537459949, -0.02033546787989981, 0.99977429312092]]}