{"translation": [[3383.612773599976], [2166.471533000469], [20.9192728]], "rotation": [[-0.8653001203056998, 0.5012374483532799, 0.00413125683634], [-0.50121183632488, -0.8650896343291198, -0.02017336811296], [-0.006537739869139999, -0.01952664900776, 0.99978796150742]]}