{"translation": [[3397.046761800011], [2145.3133984003216], [20.8324181]], "rotation": [[-0.8536980039089999, 0.52067837832952, 0.00967063608664], [-0.52076785453832, -0.8535709522177798, -0.01473933394966], [0.0005801221717600001, -0.01761909832726, 0.99984460333278]]}