{"translation": [[3392.3189022999723], [2152.6878155004233], [20.8799191]], "rotation": [[-0.8491858320889, 0.5280587138207, 0.0061353625002], [-0.52803421813834, -0.8488564992577, -0.02495462759412], [-0.007969466105879999, -0.024430794529799998, 0.99966975743436]]}