{"translation": [[3378.638656200026], [2175.565750000067], [20.9363195]], "rotation": [[-0.8977227005563598, 0.44050837443336, 0.006794730150919805], [-0.44056018375092, -0.8975894574195599, -0.015483340452240044], [-0.0007216627333601951, -0.016893235104119955, 0.99985703868044]]}