{"translation": [[3377.315534399997], [2178.214128099382], [20.9371262]], "rotation": [[-0.9035421406714002, 0.42841808402125997, 0.00835505550662], [-0.42849911346793995, -0.9033971851251602, -0.01619559456226], [0.0006094474182200007, -0.01821353369306, 0.9998339341046]]}