{"translation": [[3386.675368600001], [2161.498219099827], [20.9173568]], "rotation": [[-0.8537522855096401, 0.5206572549255599, 0.0047952927184000006], [-0.5206174806632, -0.85347270105684, -0.02327497239444], [-0.00802563186156, -0.0223675748672, 0.99971760053436]]}