{"translation": [[3374.113396400062], [2184.833872400224], [20.9269429]], "rotation": [[-0.905566793917, 0.4240565044857799, 0.01117123188654], [-0.42418130162533996, -0.9054752555218, -0.01359112416342], [0.00435186971238, -0.017046298950059997, 0.9998452304815599]]}