{"translation": [[3381.4100301999715], [2170.312722799368], [20.931334]], "rotation": [[-0.8804593253781802, 0.47407207069638, 0.006828025678559951], [-0.47410739173782, -0.8802322324533801, -0.02032170995735981], [-0.0036237064701599513, -0.021129661182239808, 0.99977017664944]]}