{"translation": [[3395.10618860001], [2148.3571617007256], [20.8500233]], "rotation": [[-0.8508742679288197, 0.5252141558315, 0.01276542052188], [-0.5253640854059001, -0.8505067653567397, -0.025113843615], [-0.002333069334120001, -0.028075218426599997, 0.99960309066808]]}