{"translation": [[3379.6729304000037], [2173.55422540009], [20.9449464]], "rotation": [[-0.8920526414163399, 0.45185422165786, 0.008357079086499805], [-0.4519285987247, -0.8918281570131399, -0.020076689787140046], [-0.0016186585858601944, -0.02168626726869995, 0.99976351491516]]}