{"translation": [[3377.6558560000267], [2177.526648200117], [20.9368256]], "rotation": [[-0.9021722074921801, 0.43130395731582, 0.007894867868659956], [-0.43137572519698003, -0.9020474676769802, -0.015015800558939803], [0.0006451710857400443, -0.016952491243459804, 0.99985608804684]]}