{"translation": [[3399.5556802999345], [2166.047874400392], [20.9608769]], "rotation": [[0.84188768906718, -0.53959630280172, -0.007808432262299999], [0.53965270134828, 0.84179077741388, 0.012777778244199999], [-0.0003217750526999996, -0.0149712956042, 0.99988787210606]]}