{"translation": [[3397.3695841999725], [2144.800013099797], [20.8365519]], "rotation": [[-0.8544782379785799, 0.51939015175396, 0.010057109977480001], [-0.5194867233199599, -0.8543505340749599, -0.01480012081624], [0.0009052592954799992, -0.01787091331976, 0.9998398926786201]]}