{"translation": [[3375.717278499971], [2181.4969635996968], [20.9314983]], "rotation": [[-0.9085690384930003, 0.4176504158257398, 0.008414693463179999], [-0.4177334928925398, -0.9084382023917803, -0.01546402078686], [0.0011856733492200018, -0.01756522654806, 0.9998450165027799]]}