{"translation": [[3390.1228120999294], [2156.0965389003977], [20.8919723]], "rotation": [[-0.8488839600353798, 0.5285607806941199, 0.0044653335545], [-0.52849027305588, -0.8485548116638798, -0.025557357266999998], [-0.0097195358455, -0.024055110416999998, 0.9996633845257401]]}