{"translation": [[3385.538696200005], [2163.3209009002894], [20.916158]], "rotation": [[-0.8566553577863998, 0.5158477778819199, 0.0065487711202399995], [-0.5158644909629599, -0.8564204613512998, -0.02068909586642], [-0.0050639226323199995, -0.02110170084446, 0.9997645097405401]]}