{"translation": [[3376.6672927999753], [2179.538274200633], [20.9340298]], "rotation": [[-0.9059504024412802, 0.42328968345384005, 0.008916327539039957], [-0.4233818668245601, -0.9058057477568202, -0.016233634517519805], [0.0012049312785600433, -0.018481881047279807, 0.9998284693859]]}