{"translation": [[3387.447433900088], [2160.2839209996164], [20.9113953]], "rotation": [[-0.8522641813712998, 0.5230822200927799, 0.005559291652839999], [-0.52306379912318, -0.8519940091145798, -0.02259690260284], [-0.0070835547360399995, -0.022166393103639995, 0.9997292004792799]]}