{"translation": [[3381.0675100000226], [2170.9374026004225], [20.934426100000003]], "rotation": [[-0.8830403336772003, 0.4692465292199199, 0.006886336753759999], [-0.46928711767927983, -0.8828310665796003, -0.01946450067344], [-0.003054177319839998, -0.020419608743840002, 0.99978683306736]]}