{"translation": [[3403.9254224000033], [2133.464776999317], [20.8594277]], "rotation": [[-0.92230983749098, 0.38630843578754, 0.0105085578787], [-0.38644940723354, -0.92205015171348, -0.021919102307899997], [0.0012218830351000002, -0.0242772287653, 0.9997045179335]]}