{"translation": [[3399.699798900052], [2141.064485900104], [20.8548372]], "rotation": [[-0.8619343524484, 0.5069816208604401, 0.00625695455648], [-0.50701677397948, -0.8618172800871999, -0.014328570281960001], [-0.0018719706305600002, -0.01552266512572, 0.99987776383704]]}