{"translation": [[3385.1363262999803], [2163.965207499452], [20.9177772]], "rotation": [[-0.8579501921021202, 0.5137075584506, 0.005089849137639999], [-0.5136966950581999, -0.8577304180665002, -0.0203501774891], [-0.00608832159164, -0.020074078516299998, 0.9997799576403801]]}