{"translation": [[3374.4478659000597], [2184.1452787006274], [20.9289899]], "rotation": [[-0.9073640938906001, 0.42019701370114, 0.01119014700758], [-0.42032499306902, -0.9072632802667601, -0.014162946657340001], [0.00420118018366, -0.01755444482558, 0.9998370825198]]}