{"translation": [[3402.448662900075], [2136.4490494001657], [20.8656293]], "rotation": [[-0.8847868067833801, 0.46583011496946, 0.01243942136028], [-0.46599411369006, -0.8845469965318601, -0.02064523166444], [0.0013860816910800005, -0.02406332420516, 0.99970947541052]]}