{"translation": [[3400.083953100024], [2165.2487872000784], [20.9594142]], "rotation": [[0.8415048957792001, -0.5401871763092, -0.008205032380399808], [0.54024930514472, 0.8414200116725601, 0.011960345812600057], [0.0004430529509598085, -0.014497452617719946, 0.9998948082524001]]}