{"translation": [[3382.5142704001046], [2168.3530799001455], [20.927671]], "rotation": [[-0.8726955240698001, 0.48821920671018004, 0.0066862563768600005], [-0.48824088768246, -0.8724345603528402, -0.021884949823220003], [-0.00485133178602, -0.02236339940626, 0.9997381371998]]}