{"translation": [[3395.7711812999914], [2147.323966800235], [20.8447323]], "rotation": [[-0.8515613285595399, 0.5240656037239998, 0.014085111241759752], [-0.5242545502417598, -0.85128215839474, -0.02181047997079986], [0.0005602821639998637, -0.025957146976239753, 0.9996628994697601]]}