{"translation": [[3402.836959999986], [2135.7252086000517], [20.8687776]], "rotation": [[-0.89270030265768, 0.45048001798807996, 0.012405002371680001], [-0.45064830861671995, -0.89244839073768, -0.021258712832479997], [0.0014941992075200002, -0.02456795318832, 0.99969704562864]]}