{"translation": [[3397.9457842999254], [2143.8658052999526], [20.8463828]], "rotation": [[-0.8559670118032799, 0.5170031312348, 0.00533687801864], [-0.5170064232339999, -0.8557812828515999, -0.018520245682], [-0.00500782471336, -0.018611917116399996, 0.9998142418756799]]}