{"translation": [[3399.430973300012], [2141.5115129007027], [20.8526737]], "rotation": [[-0.8608916824971601, 0.50871546770052, 0.008624353063959946], [-0.50878687530124, -0.8608088509377001, -0.012013874965379808], [0.0013122746401200524, -0.014730600555459807, 0.9998906376999]]}