{"translation": [[3378.3177188999834], [2176.202794600278], [20.934918600000003]], "rotation": [[-0.8993882172457002, 0.43709922197532, 0.006746134784159806], [-0.43715125317636, -0.8992758255112001, -0.014218895169720046], [-0.00014843279328019456, -0.015737384855159957, 0.99987614868646]]}