{"translation": [[3381.7845255000284], [2169.63919490017], [20.929337]], "rotation": [[-0.8777877710592998, 0.4789996331717998, 0.006915772087599754], [-0.47903155121531976, -0.8775381490886598, -0.021340509790199854], [-0.004153242411760143, -0.022045313314679755, 0.999748345694]]}