{"translation": [[3398.5393735999824], [2142.9180090995505], [20.843925]], "rotation": [[-0.8577826184932202, 0.5139955723253201, 0.00417147048548], [-0.51397185825028, -0.8575844998628203, -0.01953521591308], [-0.006463626133879999, -0.01890098843932, 0.99980046717296]]}