{"translation": [[3405.2020290999208], [2129.7868635002524], [20.8576475]], "rotation": [[-0.9710818460316798, 0.23858606255975978, 0.008782465769759997], [-0.23872284106343977, -0.9708540618039199, -0.02131169709612], [0.003441817451040002, -0.02279197294548, 0.9997343046604]]}