{"translation": [[3404.5120159999933], [2132.0104844002053], [20.860206]], "rotation": [[-0.9432401371392001, 0.33199973013056, 0.008625725532479967], [-0.33210789379776, -0.94303634715618, -0.019671681645039803], [0.0016033792259200338, -0.0214197893258398, 0.99976928429598]]}