{"translation": [[3405.6947631000075], [2125.2792934002355], [20.859245]], "rotation": [[-0.9977335002944802, -0.0670461912087998, 0.005711310499559802], [0.0669196349767998, -0.9975571111120001, -0.020037987975599993], [0.007040829340439798, -0.01961037357960001, 0.99978290641752]]}