{"translation": [[3398.712330500013], [2116.431592299603], [20.8468585]], "rotation": [[-0.5262406986416199, -0.8501950402539398, -0.0154518268405999], [0.8503353360670598, -0.5261628507517799, -0.009061405788199826], [-0.00042621688220009866, -0.017907718077399822, 0.9998395530955999]]}