{"translation": [[3382.2509070999804], [2106.11912540067], [20.8490323]], "rotation": [[-0.5105338549090602, -0.85965620073258, -0.01861370290097983], [0.8598531322039801, -0.5104820238917802, -0.007795172987580097], [-0.0028007914354198273, -0.0199847498089799, 0.99979636194172]]}