{"translation": [[3405.7089048000053], [2125.542987900786], [20.8565502]], "rotation": [[-0.9990849944521003, -0.042375060338760005, 0.005790456972680001], [0.042246678066600006, -0.9988919554185003, -0.0207383910282], [0.006662831455400001, -0.02047478770068, 0.99976816799984]]}