{"translation": [[3394.6537334999884], [2113.8483082000166], [20.839733]], "rotation": [[-0.5222341233704403, -0.85265865863614, -0.015652197001099905], [0.8528017593073001, -0.5221666703760404, -0.008449064441139827], [-0.0009688862248600988, -0.017760608671299825, 0.99984179851916]]}