{"translation": [[3391.8317139000283], [2112.072035200894], [20.834905]], "rotation": [[-0.51996215505202, -0.8540399712407399, -0.01597635671054], [0.8541880880309399, -0.5199030806957, -0.007978476041819999], [-0.0014922187083400004, -0.01779531783978, 0.99984053726732]]}