{"translation": [[3395.7289594999747], [2114.5295655000955], [20.844851]], "rotation": [[-0.5231173329540998, -0.85211902623854, -0.015536326541879902], [0.8522604491342199, -0.5230427401858598, -0.008852973494039823], [-0.0005823758847600972, -0.017872140902279825, 0.9998401109244]]}