{"translation": [[3393.539423700073], [2113.1447925996035], [20.8397846]], "rotation": [[-0.5213589693864996, -0.8531976761218998, -0.015442787188699899], [0.8533365899472998, -0.5212983401972197, -0.008039523821659825], [-0.0011909966749000973, -0.017369373804339824, 0.99984843170028]]}