{"translation": [[3405.683493000106], [2126.8989153001457], [20.8545329]], "rotation": [[-0.9973910055018599, 0.07196880900015999, 0.0056126898015599995], [-0.07206605076863999, -0.9972061956464999, -0.01964986815052], [0.004182831854359999, -0.02000308783212, 0.9997911683832]]}