{"translation": [[3391.222144700063], [2111.68893609941], [20.8375448]], "rotation": [[-0.5195402029249, -0.8542982979097999, -0.015890444174199825], [0.8544450989525199, -0.51947781009994, -0.0081540277246001], [-0.0012887605103598255, -0.0178138564194799, 0.999840490092]]}