{"translation": [[3386.437241800013], [2108.7017330992967], [20.8444909]], "rotation": [[-0.5152630798381, -0.8568615609103402, -0.017097980946619903], [0.8570298773575001, -0.5152049371909, -0.007986173590699825], [-0.0019659182953000974, -0.018768459881619827, 0.99982192419084]]}