{"translation": [[3390.0378461999935], [2110.946286600083], [20.8373321]], "rotation": [[-0.5185136316152198, -0.8549360357509199, -0.015106210440539902], [0.85506928771548, -0.5184445661687198, -0.008482570161239825], [-0.0005796767322600984, -0.017315183085959824, 0.99984991295206]]}