{"translation": [[3399.626371100021], [2117.020569600165], [20.8499372]], "rotation": [[-0.5315103856251403, -0.8469090013094601, -0.015552295867940002], [0.8470515429212601, -0.5314066890472203, -0.010518312713380001], [0.0006434597607399986, -0.018764188461980004, 0.9998237300610799]]}