{"translation": [[3402.4527014999767], [2119.029183799401], [20.8675436]], "rotation": [[-0.6430305756140199, -0.76578842282464, -0.00891476353324018], [0.76576944074704, -0.6427691496515999, -0.021087594386919914], [0.010418500807159819, -0.020386625194280084, 0.99973788580142]]}