{"translation": [[3396.764827899984], [2115.1855934001505], [20.8454878]], "rotation": [[-0.5239619922569794, -0.8516059615813598, -0.015212205311499999], [0.8517418160533599, -0.5238797053654795, -0.009285870861999997], [-6.146117709999836e-05, -0.0178223121572, 0.9998411681075]]}