{"translation": [[3395.2181294001057], [2114.205835500732], [20.8434406]], "rotation": [[-0.5228333952712197, -0.8522942326662201, -0.015494023097159998], [0.85243468612638, -0.5227637163916198, -0.008572379993959997], [-0.0007935215536399995, -0.01768956681324, 0.99984321249816]]}