{"translation": [[3396.2729819000233], [2114.873791599646], [20.8465757]], "rotation": [[-0.5235944526992801, -0.85182956347528, -0.015346186308960001], [0.85196774403208, -0.5235152203252, -0.009112559756639998], [-0.0002716129665600005, -0.017845739153759997, 0.99984071523808]]}