{"translation": [[3397.287996499974], [2115.517603999935], [20.8459131]], "rotation": [[-0.5241520356065, -0.85149510272382, -0.01485397336074], [0.8516246410583399, -0.5240693087858601, -0.00931328372298], [0.00014570347937999887, -0.01753158717294, 0.9998462992942]]}