{"translation": [[3405.3327951999963], [2123.156668599695], [20.8572362]], "rotation": [[-0.9577464522421199, -0.28739751604018, 0.01116054786434], [0.28723556275498, -0.9577557282672999, -0.01413694796666], [0.014752001339739999, -0.01033390453394, 0.99983778128582]]}