{"translation": [[3405.525706799992], [2128.2085719006136], [20.8518985]], "rotation": [[-0.9875095471819598, 0.15748000323159997, 0.0050117329265999995], [-0.1575471387694, -0.9873331102502798, -0.018772402985519996], [0.0019919714676, -0.019327509680519998, 0.9998112218993199]]}