{"translation": [[3376.2722492999746], [2102.4424010990188], [20.8525153]], "rotation": [[-0.5067781200498, -0.8619178595289398, -0.016539959121819825], [0.8620758876716599, -0.50670811678434, -0.008489880005860102], [-0.0010633521620198282, -0.0185611851034599, 0.9998271609099]]}