{"translation": [[3378.032943599974], [2103.5254575992003], [20.8524815]], "rotation": [[-0.5076738286309799, -0.86138698992026, -0.016726008064019998], [0.86154653363214, -0.5076262404868198, -0.007293310732939999], [-0.0022081974747799986, -0.01811285706666, 0.9998335102782]]}