{"translation": [[3387.0634055000264], [2109.0908974008635], [20.8434499]], "rotation": [[-0.5158662829300797, -0.8565052802764799, -0.0167555114750399], [0.8566673515108798, -0.5158066561191997, -0.008037818504959826], [-0.001758169962240097, -0.018500338631839825, 0.9998273082468799]]}