{"translation": [[3375.0880031000124], [2101.719626800157], [20.85048]], "rotation": [[-0.5063651435980798, -0.86214741874464, -0.017207875375359998], [0.86231814832096, -0.5062938525328199, -0.008595768764279997], [-0.0013014220262400015, -0.01919126145652, 0.9998149837731]]}