{"translation": [[3405.5640073000104], [2127.9569456996396], [20.8539855]], "rotation": [[-0.98975863269224, 0.14267152678151998, 0.004732885436639999], [-0.14273515840776, -0.9895897934010399, -0.018396497559519998], [0.00205895921232, -0.01888364408624, 0.99981956804576]]}