{"translation": [[3405.4261204000213], [2123.490930900909], [20.8541813]], "rotation": [[-0.9687940673477199, -0.24758476235699997, 0.011830328013679801], [0.24741578339879997, -0.9688067999696399, -0.014104275908999975], [0.0149533052346798, -0.010737128218800025, 0.99983054201708]]}