{"translation": [[3404.294659300009], [2132.5843863002956], [20.8628847]], "rotation": [[-0.9348936349709202, 0.35479486247828, 0.009709101703679803], [-0.35492284382432, -0.9346738972421201, -0.020353146637320033], [0.0018536527537198035, -0.022474011778079964, 0.99974570903596]]}