{"translation": [[3394.1244396999828], [2113.5124917002395], [20.841203]], "rotation": [[-0.5217015404649997, -0.85299393237, -0.015132823226], [0.8531280127428, -0.5216296613857797, -0.008674015877939999], [-0.0004948457803999997, -0.017435481579059997, 0.9998478679902201]]}