{"translation": [[3404.202970900107], [2120.8692470993847], [20.8727565]], "rotation": [[-0.8153814506084003, -0.57891374790396, 0.0034441639429200624], [0.57866483737524, -0.8151800123259403, -0.025068970354259812], [0.01732038576251994, -0.01844775804605981, 0.9996797909543]]}