{"translation": [[3384.0929172000033], [2069.2480607004836], [20.7023942]], "rotation": [[0.50976157987982, 0.86013110981846, 0.01781995518894], [-0.8603115014055399, 0.50971432827038, 0.00744105516582], [-0.0026828026049399998, -0.019123877093819998, 0.9998135225502]]}