{"translation": [[3416.303431599983], [2088.611397800036], [20.7373164]], "rotation": [[0.39353798869837986, 0.9192537529375601, 0.01002104279524], [-0.9192675272352401, 0.3933943684831199, 0.013715551809679998], [0.00866585017756, -0.01460960988008, 0.9998557207655]]}