{"translation": [[3414.6338520000572], [2087.8079950995743], [20.7325702]], "rotation": [[0.44829003307478, 0.8937863543355602, 0.0134906453339], [-0.8938723313444401, 0.44814122134812007, 0.012716109751800002], [0.0053197711259, -0.017759419864200002, 0.9998281367519]]}