{"translation": [[3419.330303200055], [2089.661226000637], [20.7534855]], "rotation": [[0.23097036944126015, 0.9728975001899599, 0.011098204724679718], [-0.9729222412629198, 0.23084464160406015, 0.011536528375359968], [0.00866189817076003, -0.01346228640111972, 0.99987186097496]]}