{"translation": [[3418.980844100006], [2089.5721963001415], [20.7494068]], "rotation": [[0.2530036181884403, 0.9673999774569597, 0.011247148067799875], [-0.9674198503205997, 0.2528618677548403, 0.012639406223039839], [0.009383385799039873, -0.01407852976259984, 0.99985686329564]]}