{"translation": [[3366.8495661999914], [2058.6571894008666], [20.7468944]], "rotation": [[0.5107821845754801, 0.8594757995975199, 0.020074754175], [-0.85969363765348, 0.51077805767948, 0.005719361914799998], [-0.0053380920852, -0.020179485344999998, 0.99978212285596]]}