{"translation": [[3372.35018150002], [2062.03913560044], [20.7257283]], "rotation": [[0.5105776369173602, 0.8596064291795599, 0.019680294279799997], [-0.8598219031773998, 0.5105472498228603, 0.006917435053940001], [-0.004101449276440002, -0.0204534350293, 0.99978239388966]]}