{"translation": [[3413.552969500015], [2087.2359955003485], [20.7346522]], "rotation": [[0.4715755604144001, 0.8816691095274399, 0.016617239953119894], [-0.8818097429341599, 0.4713699607874401, 0.01489959381715983], [0.005303642612319895, -0.02167952800723983, 0.99975090371]]}