{"translation": [[3414.2717378999805], [2087.621963799931], [20.7329257]], "rotation": [[0.45681419582981997, 0.88944383950216, 0.014509316353099998], [-0.8895424043881599, 0.45663453050731995, 0.014117002833199997], [0.0059308249603, -0.019355499097599996, 0.9997950740014999]]}