{"translation": [[3411.5531508999993], [2086.09627440013], [20.730869100000003]], "rotation": [[0.49703869169150006, 0.8675125901060199, 0.019353823945359824], [-0.8677243329245798, 0.49684397312670014, 0.0141659450453601], [0.002673302144560172, -0.023834805557839896, 0.99971233641056]]}