{"translation": [[3376.322360200109], [2064.4794410001487], [20.718569]], "rotation": [[0.5101490918175, 0.8598480104195, 0.0202311313555], [-0.8600751040681, 0.51011980230582, 0.006971243645860001], [-0.004326090676699999, -0.02095666608386, 0.99977102532732]]}