{"translation": [[3415.635587800003], [2088.305390400812], [20.7335041]], "rotation": [[0.41861419681614, 0.9081032138617999, 0.010522622633759998], [-0.9081330939027599, 0.41847590620013997, 0.013123188720399998], [0.007513745525599999, -0.015049494923759999, 0.9998585181590399]]}