{"translation": [[3420.0103150000214], [2089.8129087993875], [20.7570751]], "rotation": [[0.18640417228299988, 0.9824120451616201, 0.010951980435660001], [-0.9824286471163801, 0.1862781302997999, 0.01158875654754], [0.00934482098166, -0.012919731986459999, 0.99987286933324]]}