{"translation": [[3405.2540521000046], [2082.2694394001737], [20.7220244]], "rotation": [[0.51134053152134, 0.8592001830324799, 0.0174872975412999], [-0.8593774181163999, 0.5112603166573999, 0.009123656136799826], [-0.0011015125670200982, -0.019693484878639825, 0.9998054577183]]}