{"translation": [[3408.0917193000205], [2084.01712720003], [20.7323343]], "rotation": [[0.50853884621774, 0.86080762869108, 0.019961096873339825], [-0.86103822846804, 0.5083699781476401, 0.013157185889880098], [0.001178184097020172, -0.0238782078716399, 0.99971418068254]]}