{"translation": [[3403.3801460000104], [2081.1124059008434], [20.7146858]], "rotation": [[0.51153883543088, 0.85907813424864, 0.017686124319919998], [-0.85925911760184, 0.51146205300406, 0.00896420937234], [-0.0013448255244800002, -0.01978250457954, 0.99980340265718]]}