{"translation": [[3399.4574183999794], [2078.690471799113], [20.7021509]], "rotation": [[0.5111598987762399, 0.8593033035100801, 0.01770470466336], [-0.85948526717856, 0.5110712408396, 0.00955658982848], [-0.0008363573116800006, -0.02010187759424, 0.99979758704]]}