{"translation": [[3385.6276998000103], [2070.186851499602], [20.7075762]], "rotation": [[0.5098458745618999, 0.8600707163964801, 0.018317853344639826], [-0.8602603521424, 0.50980258704896, 0.007310645076480099], [-0.003050817225599826, -0.0194854252415999, 0.9998054864403]]}