{"translation": [[3416.970821099996], [2088.893466499634], [20.7359119]], "rotation": [[0.364138345395, 0.9313005719049, 0.0090855502003], [-0.9312924825431, 0.36399704187707993, 0.0141598909431], [0.0098800005843, -0.0136174638761, 0.99985846512108]]}