{"translation": [[3378.703694899974], [2065.9410949004814], [20.715383]], "rotation": [[0.51014522824094, 0.85982973914384, 0.02108915708886], [-0.86007737184976, 0.5101091189389999, 0.007462437508319999], [-0.004341347128740002, -0.021945232406879997, 0.9997497484490999]]}