{"translation": [[3402.7705663000233], [2080.7368882000446], [20.7136688]], "rotation": [[0.5115584286326998, 0.8590637050099602, 0.017817137612019827], [-0.8592478814214802, 0.5114719652805598, 0.009456878705240099], [-0.0009889038494598247, -0.020147084570919904, 0.9997965378122999]]}