{"translation": [[3382.5543119001086], [2068.303046499379], [20.7065178]], "rotation": [[0.5098230248923801, 0.8600609584053999, 0.0193794409262], [-0.8602706519905999, 0.50978935398, 0.007010813210199998], [-0.0038497048582000004, -0.0202458392018, 0.99978762031638]]}