{"translation": [[3410.1511641999823], [2085.258228599094], [20.7329174]], "rotation": [[0.5035268704710001, 0.8636808614556799, 0.0227159650972399], [-0.8639793694781199, 0.5033692196790001, 0.012610812148159827], [-0.0005427995161600991, -0.025976008585239827, 0.99966241917756]]}