{"translation": [[3396.763266099908], [2077.0282957004383], [20.7005307]], "rotation": [[0.5106823483042202, 0.8595715518701398, 0.018447962188059823], [-0.8597691212582598, 0.5105844934843802, 0.0100286646736201], [-0.0007988893116598252, -0.0209824498068199, 0.9997795249926]]}