{"translation": [[3381.0055451000226], [2067.3559135990217], [20.7084678]], "rotation": [[0.50983277243942, 0.8600538314591801, 0.0194413955201799], [-0.8602685048363801, 0.50977689095484, 0.008101713248179829], [-0.0029428649250201003, -0.020855338965379826, 0.99977817259142]]}