{"translation": [[3373.170794099977], [2062.5439922995865], [20.7264279]], "rotation": [[0.5106081635164399, 0.8595951318928601, 0.01937525998698], [-0.8598047740506201, 0.5105746545721399, 0.007011472294739998], [-0.0038654874503400013, -0.02023905753918, 0.9997876967177399]]}