{"translation": [[3386.3611470999895], [2070.6361795002595], [20.7065097]], "rotation": [[0.5098107793128602, 0.8600850803463799, 0.01861968173984], [-0.8602812545257398, 0.5097645021896602, 0.007508935447120002], [-0.003033330537680003, -0.01984629853376, 0.99979844137136]]}