{"translation": [[3417.640323599975], [2089.15017549973], [20.746107100000003]], "rotation": [[0.33053768139499995, 0.9437316613463, 0.0107479660019], [-0.9437407175831001, 0.33037827725262003, 0.014275088370620002], [0.009920956423700002, -0.01486174770362, 0.99984033880862]]}