{"translation": [[3419.6548959999927], [2089.7371669001877], [20.7542254]], "rotation": [[0.20993959771759974, 0.9776551030420804, 0.010761038271440003], [-0.9776787319596003, 0.20982532593573977, 0.01084273024542], [0.008342512976800002, -0.012797156757900002, 0.9998833108151001]]}