{"translation": [[3398.8071036000038], [2078.288897700608], [20.7014647]], "rotation": [[0.51099694781094, 0.8593884101137599, 0.018270433041259825], [-0.8595819874458399, 0.5109065403799999, 0.0096665771028801], [-0.0010271416801398252, -0.0206445250943199, 0.9997863514870999]]}