{"translation": [[3387.1531097000116], [2071.1216037990525], [20.7071853]], "rotation": [[0.5098770766542201, 0.8600419400361201, 0.018793174107779996], [-0.86024407829948, 0.5098127880369201, 0.008426280937080002], [-0.0023340447331800015, -0.02046308477868, 0.9997878846921401]]}