{"translation": [[3373.9148850999773], [2101.002267599106], [20.8517198]], "rotation": [[-0.5058813773173002, -0.8624580860018799, -0.015815910982539726], [0.8626026941661199, -0.5058136990132002, -0.008315946841639927], [-0.0008277485035399282, -0.01784972953563973, 0.99984033825126]]}