{"translation": [[3393.1471317000105], [2074.801209400408], [20.7002629]], "rotation": [[0.5105555814931202, 0.8596332545781599, 0.019068325802799997], [-0.8598434727421599, 0.5104669765606202, 0.009623067669600003], [-0.0014614404756000034, -0.0213088871608, 0.9997718717235]]}