{"translation": [[3390.8941241999855], [2073.4160222001374], [20.7011335]], "rotation": [[0.51021681084126, 0.85983979417516, 0.0188256227375], [-0.8600444043586001, 0.51013393167416, 0.009330813554839999], [-0.0015805853653400002, -0.020951608600599997, 0.99977924157206]]}