{"translation": [[3469.8349533000146], [2045.8650395004079], [20.7472747]], "rotation": [[0.87649808319548, -0.48128640726211996, -0.01070178185836], [0.48140309059988, 0.87634579047678, 0.01640559963634], [0.0014826702623600002, -0.01953134719534, 0.99980814569726]]}