{"translation": [[3427.6855750000104], [2088.8985369000584], [20.7673984]], "rotation": [[-0.4191904502994004, 0.907850152197, 0.0093677428344], [-0.90789405828672, -0.41919830279236037, -0.0012037181582000007], [0.002834144949960001, -0.00900950418272, 0.9999553972381999]]}