{"translation": [[3464.7404282999923], [2054.687075300142], [20.7289613]], "rotation": [[0.87273224995928, -0.48804952878867996, -0.012086554151199806], [0.48819222209331997, 0.8725843957540801, 0.016273722494600053], [0.002604156233599807, -0.02010316406419995, 0.99979451947736]]}