{"translation": [[3435.1491078999825], [2082.6313963001594], [20.7839764]], "rotation": [[-0.7937890319819599, 0.6081389276848199, 0.008118725857259935], [-0.60819302828214, -0.7937109268441999, -0.011140077723179811], [-0.00033079327097993577, -0.01378062469685981, 0.999904987963]]}