{"translation": [[3424.7994451000122], [2089.844319500029], [20.7593562]], "rotation": [[-0.19438317300841967, 0.98079413654286, 0.016063693313999844], [-0.9809024883251399, -0.19446510948537976, 0.0036916200839998735], [0.006744547226399843, -0.015039327925199873, 0.9998641556222]]}