{"translation": [[3428.967864700011], [2088.239542500116], [20.7708401]], "rotation": [[-0.5041614463930001, 0.8635704454207, 0.008210395044899727], [-0.8636033628161, -0.5041708614590801, -0.0010310232150599263], [0.003249080427299926, -0.007610326671059727, 0.99996576261708]]}