{"translation": [[3422.5034084999934], [2090.067213299684], [20.7690878]], "rotation": [[-0.0017902714761998118, 0.9997967654865997, 0.020076423937199998], [-0.9999798849114397, -0.001911774910599795, 0.00603448567308], [0.006071642947079999, -0.020065217849999997, 0.99978023692684]]}