{"translation": [[3451.694196800003], [2076.9523363001645], [20.704213600000003]], "rotation": [[0.87093483070332, -0.49132338002298004, -0.008593854595900001], [0.49139674010998, 0.8708456961193201, 0.0125305540263], [0.0013273670576999996, -0.015136288108899998, 0.999884558775]]}