{"translation": [[3450.6450963000534], [2078.7307937005535], [20.709283300000003]], "rotation": [[0.87064328526944, -0.4918168245008, -0.00982124044855995], [0.49188589177856, 0.87063518514174, 0.006528374350999806], [0.005339952734800053, -0.010514815281559807, 0.9999304593577399]]}