{"translation": [[3441.196617699985], [2073.5544910999015], [20.761225]], "rotation": [[-0.8611753649718401, 0.50823819785328, 0.00844101068], [-0.508306074492, -0.8610038507168001, -0.0172519363608], [-0.0015003509532799993, -0.01914755641104, 0.9998155430192]]}