{"translation": [[3436.908236499992], [2080.267395200208], [20.7842605]], "rotation": [[-0.8293385330245001, 0.5586711154765001, 0.0091846477164], [-0.5587465864435, -0.8292217794805001, -0.013916462998800002], [-0.00015861641639999986, -0.0166733481012, 0.9998609774949999]]}