{"translation": [[3454.8340640000533], [2071.59030930046], [20.7043567]], "rotation": [[0.87140467453206, -0.49047444444985994, -0.00941935549267995], [0.49055847365977995, 0.8713307963795001, 0.011620624794039807], [0.0025077553475600515, -0.014747011277479806, 0.9998881121564]]}