{"translation": [[3456.3841689000255], [2068.947359500453], [20.7032679]], "rotation": [[0.8714823330716, -0.49028532506940004, -0.0117825948424], [0.49041597190812003, 0.87137167110256, 0.014267854119], [0.00327169941184, -0.01821255570588, 0.9998287847324]]}