{"translation": [[3429.8480339000816], [2087.6925574000925], [20.7761427]], "rotation": [[-0.5581722651592002, 0.8296983556619999, 0.006659468665199999], [-0.8297233617799198, -0.5581694684686402, -0.0024443588460000003], [0.0016890316034400012, -0.00688989007992, 0.9999748379768]]}