{"translation": [[3445.390709900006], [2066.6311889011413], [20.7511836]], "rotation": [[-0.86169609731472, 0.5072351688884399, 0.01386558757956], [-0.50741057328996, -0.86155394995258, -0.016100827408519997], [0.0037790461448399997, -0.020909566528279997, 0.9997742289287]]}