{"translation": [[3453.784305599984], [2073.381613999605], [20.7076287]], "rotation": [[0.87144092293296, -0.49039702945647995, -0.010073992849359805], [0.49049834593976, 0.8713140412215001, 0.01494082354982005], [0.0014506764036798072, -0.017961321728859947, 0.9998376300567]]}