{"translation": [[3437.2845196999842], [2079.720970099792], [20.782165600000003]], "rotation": [[-0.8350274447315399, 0.5501304962297199, 0.009248101805859808], [-0.55020767358116, -0.8348848587770399, -0.015450315434680058], [-0.0007785893508201929, -0.017989814692359943, 0.99983786703606]]}