{"translation": [[3422.8907532999874], [2090.0625705001876], [20.769346]], "rotation": [[-0.034444131918600074, 0.9992108859756799, 0.019779261352439997], [-0.9993848070884399, -0.03456742360740006, 0.005925592203519999], [0.006604634187680001, -0.019562991332039998, 0.9997868113652401]]}