{"translation": [[3424.0179528999724], [2089.980271400884], [20.7579723]], "rotation": [[-0.12929543876707983, 0.9914587558325398, 0.017090479816499998], [-0.9915367022075399, -0.12947101696707974, 0.0095960107545], [0.0117267724785, -0.0157051179555, 0.999807897575]]}