{"translation": [[3465.276667100028], [2053.764904100448], [20.7277259]], "rotation": [[0.8730626891759201, -0.48747666894576, -0.0113152971672], [0.48760241274576, 0.8729284789779199, 0.015484044018400003], [0.0023293348727999996, -0.019035907338400004, 0.999816087302]]}