{"translation": [[3444.4265161000076], [2068.2077825004235], [20.7499074]], "rotation": [[-0.8623701046864006, 0.5062177785189601, 0.007806473286479949], [-0.5062779086522402, -0.8622600509558607, -0.013779025072139808], [-0.00024397655111994647, -0.01583486762033981, 0.9998745908434999]]}