{"translation": [[3424.422873899981], [2089.9169375002384], [20.7610199]], "rotation": [[-0.16287661415555987, 0.98650134680498, 0.0169122450347], [-0.9866027638667, -0.16300653214659988, 0.0066014768106999995], [0.00926917529998, -0.015610442577140001, 0.9998351846342001]]}