{"translation": [[3423.251715900027], [2090.0491316998377], [20.7641507]], "rotation": [[-0.06535853203363995, 0.9976903657638599, 0.01850107033254], [-0.99781931166186, -0.06551578867561991, 0.008024710193819999], [0.00921828704946, -0.017936241552179998, 0.99979663654198]]}