{"translation": [[3466.3051961999736], [2051.9954564003274], [20.731578]], "rotation": [[0.87396259755672, -0.48587955097911995, -0.01050803006496], [0.48598968298488, 0.8738338752655199, 0.015111754780159999], [0.0018397792729599998, -0.01831390293216, 0.9998305937222399]]}