{"translation": [[3463.706520500011], [2056.461010200903], [20.7229077]], "rotation": [[0.8722349394575, -0.48895110583342005, -0.01153286900256], [0.48908095111294003, 0.87209968435286, 0.015554560846320002], [0.0024523909999199997, -0.019207738256640003, 0.9998125066936]]}