{"translation": [[3455.338345600001], [2070.730387900956], [20.6978642]], "rotation": [[0.8713810696015001, -0.49052779165979976, -0.008803857551399999], [0.4905986589917998, 0.8713296324098201, 0.00988019405676], [0.002824551977400001, -0.012928574883239998, 0.99991243309168]]}