{"translation": [[3458.4836319001042], [2065.3708047997206], [20.712985600000003]], "rotation": [[0.87149506191068, -0.49025267831248004, -0.0121925825512], [0.49039044384752, 0.87138779758478, 0.0141601338997], [0.0036824237751999995, -0.0183196128907, 0.99982540052046]]}