{"translation": [[3429.4235129000735], [2087.96510040015], [20.7754767]], "rotation": [[-0.5326251287697998, 0.8463230782478599, 0.006909011488379824], [-0.84634952140094, -0.5326229115283598, -0.0023101409387400965], [0.0017247721819798243, -0.0070778776355399035, 0.9999734640525999]]}