{"translation": [[3465.771108100016], [2052.914084999822], [20.7319677]], "rotation": [[0.8734714300188001, -0.4867470875126798, -0.011178334475959999], [0.4868682761294798, 0.87335279913158, 0.01463527897406], [0.002638951011560001, -0.01822587418654, 0.99983041235822]]}