{"translation": [[3472.3816169999773], [2041.4487846996635], [20.7570306]], "rotation": [[0.8739094859324, -0.48594416854879996, -0.01185149014], [0.48607772163487994, 0.8737936476578401, 0.0145976777128], [0.00326209984016, -0.018517794625119998, 0.9998232093536]]}