{"translation": [[3461.6243512000074], [2060.018447900191], [20.7151081]], "rotation": [[0.87170921158808, -0.48986746775203993, -0.012365919833919999], [0.49001133349243997, 0.87158791571646, 0.01494656248324], [0.0034561516308799986, -0.01908849704164, 0.99981182444438]]}