{"translation": [[3432.988912900095], [2085.09494430013], [20.791226100000003]], "rotation": [[-0.7207064571408199, 0.6931351842021599, 0.012084989390759925], [-0.69323648123544, -0.72065230125578, -0.009147113418479815], [0.0023688883136400753, -0.014970137628719814, 0.9998851350844]]}