{"translation": [[3467.325737499981], [2050.231262399815], [20.7367744]], "rotation": [[0.87505868724504, -0.48389740739808007, -0.010750828923119756], [0.48401441060352, 0.87490851990464, 0.016282488854719855], [0.0015269372104798565, -0.019451689607679755, 0.99980963198744]]}