{"translation": [[3406.2750069000176], [2150.189268199727], [20.9302067]], "rotation": [[0.84797151234534, -0.5299969338952599, -0.006894686641339944], [0.5300309436705399, 0.8477992675838, 0.01742334630061981], [-0.003389010766539945, -0.01842889867077981, 0.9998244297215]]}