{"translation": [[3430.525175900024], [2112.403294299729], [20.9613604]], "rotation": [[0.85886390577484, -0.51177505611762, -0.020954460702780002], [0.51193069338402, 0.85902314973422, 0.0024898826257800004], [0.01672610710518, -0.012865701688620002, 0.99977733074462]]}