{"translation": [[3432.731739700015], [2108.8406266001984], [20.9209669]], "rotation": [[0.8613434305583, -0.5077761276120599, -0.015840047998119947], [0.50786073754422, 0.8614377465507, 0.0015774448635598069], [0.012844226497640051, -0.009403259996279806, 0.99987329425016]]}