{"translation": [[3440.697862599918], [2095.6482090000063], [20.835341600000003]], "rotation": [[0.8675306553961201, -0.49734546756542, -0.006167398092779999], [0.49738367666621996, 0.86745965732814, 0.01110000213262], [-0.00017056697857999962, -0.012697155330419999, 0.99991937332302]]}