{"translation": [[3407.3325817000587], [2148.5496100997552], [20.9239418]], "rotation": [[0.8482384901060601, -0.5295429481376999, -0.008703268582179806], [0.5296132299211798, 0.8480864919907001, 0.016098003481260056], [-0.0011434591535001912, -0.018264312230699947, 0.9998325396878]]}