{"translation": [[3448.018257400021], [2083.226119400002], [20.7465049]], "rotation": [[0.8694575211174, -0.49399033640114004, -0.00414275066538], [0.4940060272261801, 0.8694021207542999, 0.00989915949866], [-0.0012883730025400005, -0.010653442488780002, 0.99994242047046]]}