{"translation": [[3445.9265586999827], [2086.78375599999], [20.7742013]], "rotation": [[0.86894140339094, -0.49488594587926, -0.0053602479974999995], [0.4949134034083, 0.86886039205724, 0.011930484139259998], [-0.00124692189726, -0.013019750234699999, 0.9999144619845399]]}