{"translation": [[3412.908675500017], [2139.9108752999455], [20.9310348]], "rotation": [[0.84880380728184, -0.5286206003457999, -0.00961084450992], [0.52870448668692, 0.848592085806, 0.019053828429440003], [-0.0019165592264000007, -0.0212542586496, 0.9997722657216]]}