{"translation": [[3421.2290678999852], [2127.031551199965], [20.948811600000003]], "rotation": [[0.8496454877871, -0.52701934473994, -0.01879198810072], [0.52729168122854, 0.8495540970571801, 0.014876240599040002], [0.00812474332352, -0.02254839012136, 0.99971273804892]]}