{"translation": [[3397.4636215000064], [2163.5636646999046], [20.9534664]], "rotation": [[0.8414989316424599, -0.5402113287627399, -0.007159290653480001], [0.54024880666162, 0.8413290639683, 0.01722266328956], [-0.0032805589404400004, -0.01836065103652, 0.9998260470764]]}