{"translation": [[3410.1142226000084], [2144.2357905004174], [20.9217189]], "rotation": [[0.84887560947246, -0.52845537228952, -0.012046750563199999], [0.5285922413788, 0.8486832787115, 0.0180814782056], [0.0006686216595199997, -0.02171674465264, 0.9997639401152]]}