{"translation": [[3401.8536914000288], [2156.9499490000308], [20.9398122]], "rotation": [[0.84476492355862, -0.5350720214670001, -0.0083757981354], [0.535134917481, 0.84460794352112, 0.0163719289646], [-0.0016858955454000005, -0.018312613375400005, 0.9998308886735]]}