{"translation": [[3395.283331500017], [2166.8050511004403], [20.9549157]], "rotation": [[0.8404584111449599, -0.54180393263248, -0.0088413392256], [0.5418745078936, 0.8403049903883, 0.0161106298554], [-0.0012993807724799998, -0.01833121063236, 0.9998311249099]]}