{"translation": [[3436.462923900108], [2102.7245038999245], [20.8844217]], "rotation": [[0.86468657362304, -0.50216471689008, -0.012155334067840001], [0.50228153272656, 0.8646469506019, 0.00994677554532], [0.0055151534387200005, -0.01470624264036, 0.9998766471587001]]}