{"translation": [[3397.988389200007], [2162.7778401998803], [20.952472]], "rotation": [[0.84188700075308, -0.53960652460286, -0.0071469639791], [0.53964705145714, 0.8417360690121201, 0.016169493039699997], [-0.0027093064999, -0.0174697240267, 0.9998437219902]]}