{"translation": [[3421.8052551000146], [2126.1385001000017], [20.9535387]], "rotation": [[0.8498922579733601, -0.5265755833779598, -0.02003244795924], [0.5268795413444399, 0.8498035437995001, 0.01522760648158], [0.009005159285159998, -0.02349651201022, 0.9996833603783001]]}