{"translation": [[3413.4883915000246], [2139.0131887001917], [20.926556]], "rotation": [[0.84877632386742, -0.5287039615162, -0.00713153113514], [0.5287486518566001, 0.8486452498638, 0.0150362444818], [-0.00189758243114, -0.0165331958606, 0.9998615167123801]]}