{"translation": [[3398.513696399983], [2161.991848900914], [20.948982]], "rotation": [[0.842239408647, -0.5390582301491, -0.0069986608659000004], [0.5390948994531, 0.84208073569278, 0.01663436684398], [-0.003073455554900001, -0.01778306174898, 0.9998371450207799]]}