{"translation": [[3413.980892500025], [2138.2536120992154], [20.9210863]], "rotation": [[0.848712316995, -0.5288294145332, -0.0051800995334], [0.5288478840986, 0.84861049336652, 0.013421108188719999], [-0.0027015904828, -0.01413014455172, 0.99989651485052]]}