{"translation": [[3449.059995400021], [2081.4445815002546], [20.733358]], "rotation": [[0.8700182961947001, -0.4929755398627, -0.0065795205485], [0.49301880049886, 0.8699612573414, 0.00999408777998], [0.00079708734398, -0.0119388664859, 0.99992841149934]]}