{"translation": [[3405.7011018000194], [2151.0744663998485], [20.9291576]], "rotation": [[0.8475442314267799, -0.5306762825447999, -0.0071724203838], [0.5307159566688, 0.84737499326678, 0.0172098460422], [-0.0030551279598000003, -0.0183926237418, 0.999826173676]]}