{"translation": [[3434.878891100001], [2105.333388599567], [20.8946015]], "rotation": [[0.8634201779487, -0.5042692779742, -0.0147678622485], [0.50440905958764, 0.8634289193579999, 0.007874006304519999], [0.00878037982802, -0.014247619476599999, 0.9998599453260599]]}