{"translation": [[3396.3697237999877], [2165.1897465996444], [20.9539123]], "rotation": [[0.8408231186235, -0.54124068464436, -0.00865932020648], [0.5413064722606, 0.840652777998, 0.017034942424799998], [-0.0019405230011999997, -0.01901071961648, 0.99981739677126]]}