{"translation": [[3441.7470864999923], [2093.874678400345], [20.821050600000003]], "rotation": [[0.8678756959607801, -0.49675960314000006, -0.004654328168459948], [0.49678097999520004, 0.867824579375, 0.009441772373599807], [-0.000651150918539949, -0.010506466519999808, 0.99994459354478]]}