{"translation": [[3404.596724700008], [2152.7682963004336], [20.9274061]], "rotation": [[0.84688521569942, -0.5317339862514001, -0.006663277486459809], [0.5317723090062001, 0.8467683028894, 0.014200442525400056], [-0.001908605742460193, -0.015569491285799946, 0.99987696651398]]}