{"translation": [[3438.084088100004], [2100.0320303002372], [20.8520315]], "rotation": [[0.86606675658712, -0.49987370211528004, -0.007393401269759807], [0.49991911252872, 0.86604602249432, 0.00672124731744005], [0.0030432511017598075, -0.009517151389439947, 0.99995007998144]]}