{"translation": [[3425.118186799984], [2120.987103300169], [20.993649100000003]], "rotation": [[0.85260328183468, -0.52210118659386, -0.0218635500909], [0.52242379030986, 0.85258756114718, 0.0129558464827], [0.0118763287077, -0.0224682352909, 0.9996770134715001]]}