{"translation": [[3429.4831318000215], [2114.0729489009827], [20.9655817]], "rotation": [[0.8576417008098199, -0.51378270044332, -0.02186373026258], [0.5139626854686801, 0.85780661432732, 0.0031848606330799993], [0.01711852568558, -0.01396861183508, 0.99975588716214]]}