{"translation": [[3402.3826308000134], [2156.1460415991023], [20.9462742]], "rotation": [[0.8451799033755, -0.5343988853876399, -0.009420817101979943], [0.53448018999404, 0.84500105337612, 0.017439491201639807], [-0.001359044648219945, -0.019774747681959807, 0.9998035368703799]]}