{"translation": [[3409.5841348000104], [2145.0567749999464], [20.9204517]], "rotation": [[0.8488337142820401, -0.5285374722560398, -0.011377908548959998], [0.5286591322646398, 0.8486731006433201, 0.01653726070308], [0.0009155626415600013, -0.02005241979312, 0.9997985107977201]]}