{"translation": [[3412.331674200075], [2140.8061187006533], [20.9326175]], "rotation": [[0.8488222953387, -0.5285714337659999, -0.01062695479], [0.5286743171491999, 0.84856694016192, 0.02091880125576], [-0.0020393990243999993, -0.023374543112240003, 0.99972469788078]]}