{"translation": [[3444.883986199973], [2088.556963200681], [20.7817014]], "rotation": [[0.8687072975735, -0.49531071271504, -0.00386048020528], [0.49532354257424005, 0.86865372511982, 0.009760547721639997], [-0.0014810838603200001, -0.010391245827159999, 0.9999449126776799]]}