{"translation": [[3447.51871069998], [2084.079711800441], [20.7488289]], "rotation": [[0.8692518916055, -0.4943634294232, -0.002435204728], [0.4943642559832, 0.8692097227275, 0.008855616811399998], [-0.0022611898, -0.0089016398414, 0.999957823022]]}