{"translation": [[3420.694475400087], [2127.8554822001606], [20.9441659]], "rotation": [[0.8494314869653999, -0.5273554192324401, -0.01903679101392], [0.5276289006776, 0.8493535667797999, 0.0143614211166], [0.008595392700599998, -0.02224340470608, 0.9997156346431599]]}