{"translation": [[3443.294444500003], [2091.254155700095], [20.8040723]], "rotation": [[0.8683526140828399, -0.49591856003841994, -0.0053391346191], [0.4959465076513, 0.8682816596375, 0.0111358884759], [-0.0008866214185799994, -0.01231780309506, 0.9999237399030999]]}