{"translation": [[3439.1365828000125], [2098.269634598866], [20.8481717]], "rotation": [[0.866889479327, -0.49839621219544, -0.01019157136608], [0.49849522374495997, 0.8667924854768599, 0.01316513827206], [0.0022725230767200004, -0.01649316923754, 0.9998613959095]]}