{"translation": [[3403.488621400087], [2154.462586099282], [20.9379308]], "rotation": [[0.84595804977158, -0.53318673957954, -0.008176226162039998], [0.53324674235454, 0.8458057057751001, 0.016142853831479998], [-0.0016916577620399989, -0.018016123281479998, 0.99983626537852]]}