{"translation": [[3445.425838200026], [2087.635408599861], [20.778868300000003]], "rotation": [[0.868863551702, -0.49502765407367993, -0.00487426178924], [0.49504952240856, 0.86878883043766, 0.01148680444632], [-0.0014515814609200003, -0.01239346665144, 0.9999221444195]]}