{"translation": [[3399.0831919001066], [2161.136845299974], [20.9506598]], "rotation": [[0.84264558342832, -0.5384180936270401, -0.007375528550880001], [0.53846057545104, 0.84247914807224, 0.01700338226664], [-0.0029411989588800005, -0.01829925623064, 0.99982822854392]]}