{"translation": [[3432.171598099987], [2109.751333700493], [20.9351403]], "rotation": [[0.86073811711244, -0.50876544249812, -0.0169601919174], [0.5088713217841999, 0.8608394518595, 0.0023336252001000006], [0.01341273483612, -0.01063919454966, 0.9998534423179]]}