{"translation": [[3423.4438419999788], [2123.599906599149], [20.9781799]], "rotation": [[0.8510065243234799, -0.5247157132955601, -0.021478392787719944], [0.52506383305196, 0.8509092218312599, 0.01617012690385981], [0.009791443039480055, -0.025038410573259808, 0.99963853749878]]}