{"translation": [[3433.2485944000073], [2107.999596999958], [20.9099093]], "rotation": [[0.86189300962076, -0.5068848422516999, -0.014429098789179947], [0.50695865868582, 0.8619685858126, 0.0017543329247398077], [0.011548185133300052, -0.008827003795499807, 0.9998943561326]]}