{"translation": [[3435.3927236999734], [2104.4890395998955], [20.8936367]], "rotation": [[0.86383321519086, -0.50357622861728, -0.01425331822476], [0.50372014067616, 0.8638168281792, 0.00930086056592], [0.007628563823480001, -0.01521407577456, 0.9998551579659]]}