{"translation": [[3395.865134300024], [2152.5204060999677], [20.9335714]], "rotation": [[-0.8502871694409, 0.5262880700379199, 0.00567874265284], [-0.5262823002851199, -0.85005195941658, -0.02093461346996], [-0.006190411049239999, -0.020789058908359997, 0.99976471921968]]}