{"translation": [[3382.3193162999814], [2173.521134299226], [20.952268]], "rotation": [[-0.8439124630535998, 0.5364482038359599, 0.00594205684812], [-0.53648017293852, -0.8438384972775997, -0.011217989239159998], [-0.0010037341628400002, -0.01265479513412, 0.99991942109744]]}