{"translation": [[3390.5050035999157], [2160.8634757995605], [20.952914]], "rotation": [[-0.8484017848768202, 0.5292727583614, 0.009224617480719807], [-0.5293519562654, -0.8483079061005001, -0.012670348128400056], [0.0011192448992798087, -0.015632612712399945, 0.99987717682368]]}