{"translation": [[3399.471513699973], [2146.8829730991274], [20.89622]], "rotation": [[-0.8500818590445, 0.52662805066046, -0.0048473946027800556], [-0.52637580196354, -0.84989986398594, -0.024464349166939806], [-0.017003413895779945, -0.01824515087593981, 0.9996889507974]]}