{"translation": [[3390.0926829000236], [2161.501942800358], [20.9549093]], "rotation": [[-0.8483103078419999, 0.52941323435704, 0.00955130511072], [-0.52949608237752, -0.8482307145146398, -0.01176997172704], [0.0018705316246399998, -0.01504196713248, 0.999885113568]]}