{"translation": [[3394.492315999989], [2154.660701500252], [20.9429995]], "rotation": [[-0.8496242504141195, 0.5273300128586998, 0.007880449310939999], [-0.5273795857358999, -0.8494256334688994, -0.018635357402699997], [-0.00313312813806, -0.019989035367899997, 0.99979529005622]]}