{"translation": [[3389.244432199979], [2162.816746899858], [20.9575009]], "rotation": [[-0.84809072488648, 0.5297684472980001, 0.009357803389320001], [-0.5298505705988, -0.8479823171665, -0.013580002989000002], [0.0007409945566799999, -0.016475311606200003, 0.99986399827102]]}