{"translation": [[3384.4617475999985], [2170.2250704001635], [20.9582176]], "rotation": [[-0.8455841096000399, 0.53380381787582, 0.006378316427980001], [-0.5338390918488201, -0.84548035517332, -0.01335957914998], [-0.0017386527209800003, -0.01470164488198, 0.99989041334828]]}