{"translation": [[3380.6903206999996], [2176.017392099835], [20.9463659]], "rotation": [[-0.8427332437705001, 0.53829413268756, 0.00633427163808], [-0.5383313825163599, -0.8426718725784201, -0.01017124385916], [-0.00013740837648000027, -0.01198158243996, 0.99992820882392]]}