{"translation": [[3380.995492200018], [2175.5497863003984], [20.9486936]], "rotation": [[-0.8430598980135398, 0.53778213644734, 0.0063416181386], [-0.5378192604227, -0.8429891570019398, -0.01093427377516], [-0.0005343415211600004, -0.0126288931718, 0.99992010957336]]}