{"translation": [[3391.37122239999], [2159.5168104004115], [20.9546032]], "rotation": [[-0.8486363524152402, 0.5288882654494, 0.009653849964719808], [-0.52897621245272, -0.8485086065290002, -0.014729701940040058], [0.0004010092157998076, -0.017606820553199946, 0.9998449074893999]]}