{"translation": [[3399.033492000017], [2147.562675400637], [20.9042799]], "rotation": [[-0.8503242462730002, 0.52625638866244, -0.0016301526830799998], [-0.5259818665288399, -0.8499730183880202, -0.02981127211006], [-0.01707395937212, -0.02449182014366, 0.99955421593902]]}