{"translation": [[3413.92852690001], [2124.596706800163], [20.9562121]], "rotation": [[-0.8502091001264801, 0.52637039039836, 0.008860778491], [-0.52642995359636, -0.8501915278529801, -0.006759078840499999], [0.003975580476200001, -0.0104112104059, 0.9999378987975]]}