{"translation": [[3393.5962458000286], [2156.0581379998475], [20.9460389]], "rotation": [[-0.8493028058322601, 0.5278353632753998, 0.008640906545059997], [-0.5279046171475599, -0.8491480453149601, -0.0162605137962], [-0.0012454654880999982, -0.01837167359156, 0.99983045084334]]}