{"translation": [[3418.995701499982], [2116.6665067998692], [21.0007713]], "rotation": [[-0.8529876305678797, 0.5216570532384798, 0.016914735769479997], [-0.5218680528734797, -0.8529405650659597, -0.01209194914792], [0.008119413134480002, -0.01914154253708, 0.99978381487692]]}