{"translation": [[3393.1317074000253], [2156.780290099792], [20.9479496]], "rotation": [[-0.849008701917, 0.5283144203466998, 0.008274641160499998], [-0.5283780308416999, -0.8488695053249999, -0.015414012731899998], [-0.0011193553734999986, -0.017458766233099998, 0.999846957567]]}