{"translation": [[3381.6474017999717], [2174.5517805004492], [20.951333]], "rotation": [[-0.8434081589410599, 0.5372355192136998, 0.006350090939119999], [-0.5372725354916198, -0.8433321409224999, -0.01134777670016], [-0.0007411923871999985, -0.012982539228399998, 0.999915448572]]}