{"translation": [[3396.7360212000203], [2151.1579165989533], [20.9290734]], "rotation": [[-0.8507766673573, 0.52551580867878, 0.0035132906590399997], [-0.5254344133448999, -0.85048101730146, -0.02451249806928], [-0.00989371798, -0.0227006633688, 0.9996933501086]]}