{"translation": [[3386.7781189000234], [2166.6454924000427], [20.959421]], "rotation": [[-0.8473477500645001, 0.5309733457864801, 0.008305104023360002], [-0.5310381084522401, -0.8472568631712002, -0.012418269390480002], [0.0004427866243199999, -0.014932920260240002, 0.99988839968526]]}