{"translation": [[3387.162223100022], [2166.0473138000816], [20.9591089]], "rotation": [[-0.8475585131065001, 0.5306456430207, 0.0077445624241], [-0.53070213010158, -0.8474638050891601, -0.012671148408300002], [-0.00016065378494000034, -0.01484959391658, 0.9998897258014999]]}