{"translation": [[3381.967608999985], [2174.0618249997497], [20.9522597]], "rotation": [[-0.8436769231122598, 0.53681345952714, 0.0063804817168], [-0.5368510971655, -0.8436047626146599, -0.01104786987336], [-0.00054804072264, -0.0127462004944, 0.99991861370364]]}