{"translation": [[3401.342494700104], [2144.029688199982], [20.9036059]], "rotation": [[-0.8492099151412, 0.5280370741237599, 0.00439529623048], [-0.52804516597928, -0.84911235685384, -0.01328376373304], [-0.00328221937864, -0.013601619161680002, 0.9999021067032]]}