{"translation": [[3395.3949914000696], [2153.2550889011472], [20.9367085]], "rotation": [[-0.850028981041, 0.5266938035051999, 0.006667751747599807], [-0.5267148208356, -0.84981315069458, -0.019728065842740054], [-0.0047243069612001925, -0.020281430398259942, 0.99978314874542]]}