{"translation": [[3399.9525617000763], [2146.1497403001413], [20.8865851]], "rotation": [[-0.8501391365352998, 0.5265148351795601, -0.006746770855919999], [-0.5263621076678, -0.8501025293415998, -0.0163879001034], [-0.014363919822, -0.01038075113508, 0.99984294657126]]}