{"translation": [[3400.401317099924], [2145.4682176997885], [20.8917379]], "rotation": [[-0.8497507270881607, 0.5271697965596401, -0.00398915131004], [-0.5270938022920401, -0.8497202401285806, -0.012159071408520001], [-0.009799557042360001, -0.008229521703320001, 0.99991811847942]]}