{"translation": [[3404.6601521000266], [2138.9138099998236], [20.9178682]], "rotation": [[-0.84828014680704, 0.52947591107792, 0.00871170729872], [-0.5295471382859199, -0.84818577855522, -0.01267103471602], [0.0006801389892800002, -0.01536184805902, 0.99988176852318]]}