{"translation": [[3416.4568465999328], [2120.654731100425], [20.983576100000004]], "rotation": [[-0.8515225336284798, 0.52419270391008, 0.0114652056984], [-0.5242780557379201, -0.8515241116496798, -0.006266945211199999], [0.006477811816799999, -0.0113474004976, 0.99991463358584]]}