{"translation": [[3407.5408729999326], [2134.464402800426], [20.9264292]], "rotation": [[-0.8479525673443601, 0.5300149716047997, 0.007778943578159999], [-0.5300684347821598, -0.8478012374482601, -0.0161386117167], [-0.0019587077423999983, -0.01780815024966, 0.9998395037421399]]}