{"translation": [[3414.9308241999825], [2123.03815570008], [20.9699768]], "rotation": [[-0.8508070000419597, 0.5253733055415599, 0.010504489103919998], [-0.5254525672575199, -0.8507931843675598, -0.00711075126444], [0.005201348813639999, -0.01156948768952, 0.99991954322604]]}