{"translation": [[3408.515689200023], [2132.966662400402], [20.9267117]], "rotation": [[-0.8482684915794602, 0.52950304673972, 0.008184399590759998], [-0.5295661792460401, -0.8481567708552001, -0.01377129505148], [-0.0003502885358799999, -0.01601593774956, 0.9998716752807]]}