{"translation": [[3394.2015369000146], [2168.4134609997272], [20.9629008]], "rotation": [[0.8400491424251999, -0.5424253240432, -0.009602251401999943], [0.54250918345856, 0.8398797503640001, 0.01690526170207981], [-0.0011051056439199437, -0.019410560185599807, 0.99981098658264]]}