{"translation": [[3389.6828253000276], [2162.135479499586], [20.9568497]], "rotation": [[-0.8481933888468202, 0.52961548851174, 0.00868722623406], [-0.5296865306028601, -0.8480932704774802, -0.01304002761402], [0.0004613773685400004, -0.01566197148318, 0.9998772373567001]]}