{"translation": [[3396.300488799927], [2151.8394178003073], [20.9310664]], "rotation": [[-0.8504746317774602, 0.5259935606494801, 0.004836789586139945], [-0.52595528726076, -0.8502013752100002, -0.022986454926679806], [-0.007978482353819946, -0.02209333526035981, 0.9997240760903]]}