{"translation": [[3403.225018900004], [2141.1410680003464], [20.9097068]], "rotation": [[-0.8488682991571198, 0.5284973419814398, 0.010648794620639999], [-0.5285944636382398, -0.8488045772220998, -0.01090455465502], [0.0032757166118400007, -0.014885423063379997, 0.9998838401910201]]}