{"translation": [[3406.5755477001076], [2135.958426401019], [20.9249714]], "rotation": [[-0.8481151755088201, 0.5297487584102001, 0.00817667746812], [-0.5298117318102, -0.8480033036807401, -0.0137797607168], [-0.0003659615318799994, -0.0160189241832, 0.99987162182808]]}