{"translation": [[3388.4101550999912], [2164.1159985000268], [20.9580747]], "rotation": [[-0.84789272465832, 0.5300602022118398, 0.010679138613479997], [-0.5301635103441599, -0.84779461266408, -0.013072166602760001], [0.0021246811385200017, -0.01674548510124, 0.9998575270776]]}