{"translation": [[3383.3533258999814], [2171.9328928999603], [20.9555866]], "rotation": [[-0.8446761368371202, 0.53524403937536, 0.006007637269759808], [-0.53527603002496, -0.8445917351613002, -0.012017575053820057], [-0.001358334691840192, -0.013366702757379946, 0.99990973901982]]}