{"translation": [[3382.6492878000136], [2173.0139004001394], [20.953638100000003]], "rotation": [[-0.8440641475213, 0.5362108444865801, 0.00580316934036], [-0.53624073072178, -0.84398660739562, -0.01151159853084], [-0.0012748468047600004, -0.01282842315924, 0.9999168997103199]]}