{"translation": [[3424.530632400012], [2107.856270200573], [20.9723434]], "rotation": [[-0.8572983715521799, 0.51432042299562, 0.022669679270279998], [-0.5146917433453799, -0.8572358344005799, -0.01546102484652], [0.01148134141572, -0.02492260914948, 0.99962345027224]]}