{"translation": [[3427.040480400028], [2103.8002549000084], [20.9380122]], "rotation": [[-0.8601033511325799, 0.50974147392564, 0.01965166140576], [-0.51005045992596, -0.8599842068928198, -0.016613996157479997], [0.008431273047839999, -0.02431308904932, 0.9996688388636]]}