{"translation": [[3434.615030899993], [2091.2536072004586], [20.8611905]], "rotation": [[-0.8692762048244802, 0.49418198485908005, 0.01194865585196], [-0.49432624297932004, -0.8690420845837802, -0.02017784846496], [0.0004123564948399997, -0.02344666090224, 0.9997250041957401]]}