{"translation": [[3445.7335165999248], [2072.330171700567], [20.7031885]], "rotation": [[-0.8711587532029799, 0.49090653834551995, 0.009635853078079999], [-0.49099232632328, -0.8710927293232799, -0.01111956658932], [0.002935054782719999, -0.01441804005748, 0.9998917469177401]]}