{"translation": [[3385.595447300002], [2069.9407371999696], [20.6999192]], "rotation": [[0.51410351412462, 0.85753477993316, 0.018209832043880003], [-0.8577214844287601, 0.5140670709794399, 0.00698725205696], [-0.0033692621453200013, -0.019211136014560003, 0.9998097720538199]]}