{"translation": [[3450.8912092000246], [2063.6138057000935], [20.6829754]], "rotation": [[-0.8681350920346601, 0.49626834992788, 0.00771362581942], [-0.49632722386612, -0.8679961033581601, -0.015568062389080003], [-0.0010305400395799998, -0.017343661005080002, 0.9998490563257401]]}