{"translation": [[3447.792725700012], [2068.8309501996264], [20.7025333]], "rotation": [[-0.8695812343076998, 0.49369322959812, 0.009764998694339999], [-0.4937886523374, -0.8693666574282398, -0.019345929775879997], [-0.0010615900041000001, -0.021644704319, 0.9997651623191001]]}