{"translation": [[3440.1170273000025], [2081.891910299659], [20.7905711]], "rotation": [[-0.8727677511625799, 0.4879838372857399, 0.012164628290480001], [-0.48813444077245993, -0.8724446039936198, -0.02376829484984], [-0.0009855786720799993, -0.02668217862536, 0.9996434814128]]}