{"translation": [[3384.812057700008], [2069.4555745990947], [20.6995745]], "rotation": [[0.5137005490850399, 0.8577850266969601, 0.0177924422916], [-0.8579624206032, 0.5136702701566399, 0.0065814547750400005], [-0.0034939749429600013, -0.018646144072, 0.9998200405282399]]}