{"translation": [[3388.9000745000085], [2071.990866799839], [20.7010441]], "rotation": [[0.5157527325304803, 0.8565124034159999, 0.01963938179775982], [-0.856732241192, 0.5156945981376002, 0.008308549776000101], [-0.0030115486022398285, -0.0211108477279999, 0.99977260550712]]}