{"translation": [[3421.9826937000034], [2111.9400447998196], [20.9894664]], "rotation": [[-0.8549963039162398, 0.5182111978457199, 0.0209397663366], [-0.5184851482806, -0.8550213524768998, -0.010565837324299998], [0.012428612125719999, -0.01989070972146, 0.9997249067955]]}