{"translation": [[3360.337813500024], [2054.5136277005076], [20.767026]], "rotation": [[0.5045639309073602, 0.8630987113523597, 0.021814174329879896], [-0.8633569210350797, 0.5045531559704002, 0.006398735321239827], [-0.005483670360760098, -0.022061989365879824, 0.9997415655991999]]}