{"translation": [[3384.0253769999836], [2068.971410200931], [20.7015729]], "rotation": [[0.5131983838883001, 0.8580922608488399, 0.017466941142079997], [-0.8582655614410799, 0.5131550083564, 0.007222660892639998], [-0.002765538964159999, -0.018697931903519996, 0.99982135361174]]}