{"translation": [[3381.5270541000064], [2067.42993870005], [20.7032686]], "rotation": [[0.5120259441443, 0.8587397494971999, 0.019887855934099998], [-0.8589623002224799, 0.51198220836476, 0.007618187193199997], [-0.0036401890988599986, -0.020983627262479997, 0.9997731924963]]}