{"translation": [[3368.937716400076], [2059.7364584002644], [20.741426500000003]], "rotation": [[0.5072663307797403, 0.8615398893684998, 0.020733283440199826], [-0.8617810074676997, 0.5072203422262203, 0.007810246864120101], [-0.0037875035649998275, -0.0218294254398799, 0.9997545353695201]]}