{"translation": [[3375.6592337000184], [2063.8327559009194], [20.7229888]], "rotation": [[0.5095588580029999, 0.8601775688605, 0.021077460636499828], [-0.8604246026208999, 0.50952412884822, 0.0073894796014601005], [-0.0043832091336998245, -0.021900941380539902, 0.99975053699078]]}