{"translation": [[3387.2204480000073], [2070.9489014009014], [20.7025766]], "rotation": [[0.51487764208598, 0.85705490009962, 0.018918135599820002], [-0.85725855672562, 0.51482539537436, 0.007909687476420003], [-0.0029604999661800007, -0.02029025506242, 0.99978974838838]]}