{"translation": [[3383.173751000024], [2068.444449099712], [20.7015448]], "rotation": [[0.51270562378252, 0.8583617316738, 0.01865792073227983], [-0.8585578866090001, 0.51266582332094, 0.007221219391300099], [-0.0033668604937198265, -0.0197212643094999, 0.99979984796942]]}