{"translation": [[3380.7319544000784], [2066.942769999616], [20.7080231]], "rotation": [[0.51152352097518, 0.8590428905993001, 0.019722659486419825], [-0.8592652869097, 0.51145624193916, 0.008698447475300098], [-0.0026149375535798273, -0.021396457353699903, 0.99976764985998]]}