{"translation": [[3449.3625772000523], [2066.183596299961], [20.6886352]], "rotation": [[-0.8686835447324999, 0.49529093680669994, 0.0087243602154], [-0.49536665326589996, -0.8685094751188198, -0.017421190071879998], [-0.0010513687118, -0.01945525503612, 0.9998101758376801]]}