{"translation": [[3361.165392099996], [2055.015599500388], [20.7634225]], "rotation": [[0.5047587194082802, 0.8629998972484599, 0.021209665789699825], [-0.8632445163375398, 0.5047464723457202, 0.006319894072900103], [-0.005251436653899828, -0.021499148752299902, 0.999755074523]]}