{"translation": [[3435.6183001999743], [2089.5578229008242], [20.8475627]], "rotation": [[-0.8701837873531602, 0.49257215232321994, 0.012372623073779999], [-0.49272693744982, -0.8699469262934801, -0.020316036349620002], [0.0007564108516200001, -0.02377500740922, 0.99971704841932]]}