{"translation": [[3379.006034900027], [2065.880365400575], [20.7133856]], "rotation": [[0.51076926804764, 0.8594585442735201, 0.021110465974760004], [-0.8597061317315602, 0.51073610689164, 0.007340466808880003], [-0.004473048355120001, -0.021898083593240004, 0.99975020165804]]}