{"translation": [[3446.2300090999343], [2071.488362699747], [20.7073774]], "rotation": [[-0.87073521259194, 0.4916033517146599, 0.012110525865180001], [-0.49174129531997995, -0.8706175288737, -0.014695154828259997], [0.0033194473707400017, -0.01875083148318, 0.999818677371]]}