{"translation": [[3441.6490994999767], [2079.2733998997137], [20.7658505]], "rotation": [[-0.8727713682632399, 0.48802009380726, 0.010301075760859807], [-0.48812548356514, -0.8724933023753998, -0.02210282894778005], [-0.0017990041067401947, -0.02431893898897995, 0.9997026321486]]}