{"translation": [[3377.402869499987], [2064.899459999986], [20.718456]], "rotation": [[0.51006407593436, 0.85989226830376, 0.020490436804159823], [-0.86012670130336, 0.51002653326678, 0.007411188264580098], [-0.004077841832559824, -0.021404553672219898, 0.99976257994358]]}