{"translation": [[3405.7434932999895], [2082.458753099665], [20.720307100000003]], "rotation": [[0.5128918981814001, 0.8582566114292398, 0.018372407216519997], [-0.8584524856328397, 0.5128022512299801, 0.009655914433739997], [-0.0011341603633200012, -0.020724278292659996, 0.99978458579542]]}