{"translation": [[3412.0490882999147], [2086.2714127004147], [20.727455300000003]], "rotation": [[0.4940221772409401, 0.8692800763315801, 0.0171557635113], [-0.8694471607113, 0.49388047750990005, 0.0119913145005], [0.0019509125434199982, -0.020840004447060002, 0.9997809200974]]}