{"translation": [[3421.537439399981], [2090.302620800212], [20.7628387]], "rotation": [[0.11616057623749998, 0.99301961826718, 0.02045980113926], [-0.99315863687558, 0.11587997554652008, 0.014408275941740002], [0.011936822256939999, -0.021993502510460002, 0.99968685000198]]}