{"translation": [[3431.377032999997], [2086.617922099307], [20.7766465]], "rotation": [[-0.6747145098273601, 0.73796873417768, 0.012754938854239919], [-0.73807737108784, -0.6746480880858602, -0.009589701890619817], [0.0015281940471200814, -0.015884441144739816, 0.99987266647734]]}