{"translation": [[3393.6551616999786], [2074.9458929002285], [20.698495]], "rotation": [[0.51710468586614, 0.8556977978414401, 0.019597235313399998], [-0.8559184529856, 0.51703441749784, 0.00889055526756], [-0.0025248170935600004, -0.0213709827462, 0.99976842639134]]}