{"translation": [[3390.502363000007], [2072.9857949009165], [20.6992107]], "rotation": [[0.5164466582294003, 0.8560986448507398, 0.019442872388219998], [-0.8563147014276199, 0.5163859033717402, 0.008414078941740004], [-0.0028367447724600026, -0.02099463955962, 0.9997755638239]]}