{"translation": [[3419.05361120007], [2089.753521900624], [20.7525862]], "rotation": [[0.30222874242571973, 0.9531857381705603, 0.009733178508480001], [-0.9531200511881602, 0.30201754516573975, 0.01864321320726], [0.014830854281280002, -0.014911402477859999, 0.99977882345902]]}