{"translation": [[3398.8999913000152], [2078.211819000542], [20.7003044]], "rotation": [[0.5161053605702999, 0.85631876090502, 0.01880211998876], [-0.8565242830306601, 0.5160117826527, 0.009903330847080002], [-0.001221708964680001, -0.02121563350796, 0.9997741766823599]]}