{"translation": [[3403.1203478000243], [2080.8331257998943], [20.7096003]], "rotation": [[0.51463144452024, 0.8572094172864799, 0.0186120979376], [-0.8574104899852, 0.5145420952812, 0.009674853761599999], [-0.0012833306684799997, -0.020937192919359998, 0.9997799692824]]}