{"translation": [[3426.015567400027], [2089.8660887004808], [20.7589055]], "rotation": [[-0.3013515484841601, 0.9533743122506398, 0.0162705443004], [-0.9534949793963999, -0.3014072512094601, 0.0010289956458599996], [0.0058850774906400016, -0.0152037925137, 0.9998670964497399]]}