{"translation": [[3401.0183519999846], [2079.5288712009788], [20.7025444]], "rotation": [[0.5154210551525402, 0.8567568232272198, 0.01757477417108], [-0.8569369136457798, 0.5153245936153402, 0.00998399583052], [-0.0005028566469200014, -0.020206434497479997, 0.9997957026994401]]}