{"translation": [[3433.884477399988], [2084.015796499327], [20.7764172]], "rotation": [[-0.7732284414169001, 0.63400318344942, 0.01254878990374], [-0.63412498036074, -0.77301991059866, -0.01804046840238], [-0.001737249129580001, -0.02190690744234, 0.9997585055078]]}