{"translation": [[3408.7918098000227], [2084.3312089005485], [20.7266525]], "rotation": [[0.5070904105315199, 0.8616664248623999, 0.01975630926752], [-0.8618921194543999, 0.50692624269504, 0.012953101617599997], [0.0011462606275200009, -0.023596200625599997, 0.99972091376352]]}