{"translation": [[3414.444101399975], [2087.635398699902], [20.7335569]], "rotation": [[0.4709093530335001, 0.88206791109146, 0.01415965425372], [-0.8821590182544601, 0.4707219329731801, 0.014705191608760002], [0.0063057194802799985, -0.019415879343240003, 0.99979160903532]]}