{"translation": [[3438.053843199974], [2078.307809700258], [20.758721]], "rotation": [[-0.8433072554182799, 0.53738378614942, 0.007190679376260001], [-0.53741668734678, -0.8431072653445799, -0.01880451524554], [-0.00404272771666, -0.01972237349106, 0.99979732163814]]}