{"translation": [[3436.3193324999884], [2080.844341300428], [20.7678582]], "rotation": [[-0.8249220460402602, 0.56520197537574, 0.00710832663018], [-0.5652268059160199, -0.8247223868593002, -0.018757019656260004], [-0.004739108575860001, -0.019490893867980003, 0.9997988027229999]]}