{"translation": [[3409.9241804999765], [2085.0086279008538], [20.727995]], "rotation": [[0.5034009211569599, 0.8637948274206401, 0.021119590982639998], [-0.86405225916696, 0.5032815376527, 0.011018880017619997], [-0.0011110492337600003, -0.02379534428658, 0.9997162333263]]}