{"translation": [[3426.39586400002], [2089.7374593997374], [20.7578348]], "rotation": [[-0.3367901565793002, 0.9414508379409399, 0.015584116529719999], [-0.94156051660178, -0.33684308495530013, 0.0008271740584399993], [0.006028144349560002, -0.014394803945719998, 0.99987821813916]]}