{"translation": [[3435.9876003000536], [2081.303807400167], [20.7657459]], "rotation": [[-0.8201825700281999, 0.57206564616236, 0.006452494791679749], [-0.5720791746252799, -0.81999680639476, -0.01818905796595987], [-0.00511431014444013, -0.018609684319519752, 0.9998137444046]]}