{"translation": [[3404.455113200005], [2081.66070639994], [20.7146328]], "rotation": [[0.51391428178112, 0.8576334049872002, 0.018896560703200005], [-0.8578397307768001, 0.5138339446515, 0.009257429663700002], [-0.0017702138672000007, -0.020967745545300003, 0.99977858548862]]}