{"translation": [[3420.738717400003], [2090.188223700039], [20.7604455]], "rotation": [[0.18113986567710005, 0.9833411848032, 0.015114331831699999], [-0.9833323737382399, 0.18085047168000012, 0.018722428759680002], [0.01567710161982, -0.0182537900224, 0.99971047190046]]}