{"translation": [[3409.3407026000204], [2084.6607165001333], [20.7262781]], "rotation": [[0.5053456582620598, 0.8626807352574201, 0.02019184631908], [-0.8629169967617801, 0.5052036127404599, 0.011981750240679998], [0.000135431481880003, -0.023478812894120002, 0.99972432550236]]}