{"translation": [[3423.600005000015], [2090.353115799837], [20.7598938]], "rotation": [[-0.07177316158642, 0.99723527641044, 0.01924539446678], [-0.9973079155976399, -0.07204216630004001, 0.013668072390359998], [0.015016764361180001, -0.01821258353916, 0.9997213604703801]]}