{"translation": [[3434.940105799935], [2082.7084122002125], [20.7706075]], "rotation": [[-0.8013934594192398, 0.5980839386111398, 0.007996789451939998], [-0.5981266102680598, -0.8012270890617997, -0.01671923817718], [-0.0035922632688599986, -0.01818178240358, 0.9998282444582]]}