{"translation": [[3434.581398900016], [2083.166952200234], [20.7738199]], "rotation": [[-0.79283094216682, 0.60935970271206, 0.00998978673926], [-0.60943671488754, -0.7926525737541801, -0.01699217051718], [-0.0024359136908600003, -0.019560061924020003, 0.999805716275]]}