{"translation": [[3430.630855399999], [2087.2522720992565], [20.7677767]], "rotation": [[-0.63639418371402, 0.7712962679246798, 0.010224697984959999], [-0.7713629112026799, -0.6363599894536, -0.00672736733636], [0.0013177952609600002, -0.01216821004964, 0.99992509623542]]}