{"translation": [[3430.990615000017], [2086.9550997996703], [20.771708]], "rotation": [[-0.6553570809930402, 0.755232953557, 0.011421986437679998], [-0.75531749750132, -0.6553137867748002, -0.00771351715176], [0.0016594821348000005, -0.0136823331372, 0.9999050154336]]}