{"translation": [[3417.4130834000534], [2089.1236885990947], [20.7440591]], "rotation": [[0.39168862530205983, 0.9200494552010001, 0.009436197670140001], [-0.9200142568943601, 0.3914942093477599, 0.017494919209799998], [0.0124019737641, -0.015533997276359996, 0.99980242347286]]}