{"translation": [[3415.3364567000535], [2088.112146200612], [20.7371223]], "rotation": [[0.45569302123224, 0.89003438233412, 0.01351372149808], [-0.89010966694372, 0.45550762556591995, 0.014749096706679997], [0.00697160088832, -0.01874975475692, 0.9997999017103201]]}