{"translation": [[3416.19087749999], [2088.552353400737], [20.7420519]], "rotation": [[0.43521505971132, 0.9002461115575798, 0.01203291701593983], [-0.9002787959562198, 0.43501550015381996, 0.016112257562460104], [0.00927049179246017, -0.01784527717905989, 0.99979778158614]]}