{"translation": [[3401.7457562999916], [2079.981461999938], [20.7046515]], "rotation": [[0.5151511082012, 0.8569259183929201, 0.01724488559764], [-0.8570994184369201, 0.51504562707958, 0.010424439190860002], [5.106778435999895e-05, -0.020150742016140002, 0.99979695189662]]}