{"translation": [[3410.967130200006], [2085.6310904994607], [20.7264322]], "rotation": [[0.49932765862751993, 0.8661925740905603, 0.0195555751316], [-0.8664132413465602, 0.4992082888575199, 0.0109218212542], [-0.00030190678280000126, -0.022396775449400004, 0.999749115206]]}