{"translation": [[3421.1384800000233], [2090.254623199813], [20.7628]], "rotation": [[0.14903608197558005, 0.98865979066948, 0.0184433823762], [-0.9887228340394799, 0.14871683857008, 0.017622519132199997], [0.014679832731800001, -0.0208617843198, 0.9996745913055]]}