{"translation": [[3433.176050800015], [2084.8218796001747], [20.7795766]], "rotation": [[-0.7500145196194608, 0.6612964034910601, 0.01286793121077993], [-0.6614193370765801, -0.7498192612346007, -0.017199783532139818], [-0.0017255332606599281, -0.021411182642819816, 0.9997692652967]]}