{"translation": [[3427.176731100015], [2089.4162792004645], [20.7597619]], "rotation": [[-0.40615073595242, 0.9137090907485402, 0.013305000013019833], [-0.9138023738363402, -0.40614686019994006, -0.0031137402048601083], [0.0025587326824198326, -0.013422789965939892, 0.99990663643148]]}