{"translation": [[3432.8319685001043], [2085.193358499557], [20.779335600000003]], "rotation": [[-0.7376314608072401, 0.67509137185596, 0.01231450864996], [-0.6752019562263599, -0.73746569548242, -0.015711324829019997], [-0.00152505270356, -0.01990394597622, 0.99980073373118]]}