{"translation": [[3436.6783322999836], [2080.3374035004526], [20.7663841]], "rotation": [[-0.8294830766963998, 0.5584736273950399, 0.00805339799212], [-0.5585181859947199, -0.8292765229551398, -0.01891318717624], [-0.0038840221627600004, -0.02018613980488, 0.9997886947307001]]}