{"translation": [[3424.414831399976], [2090.2515516998246], [20.7553564]], "rotation": [[-0.1483361079687997, 0.9887471559251197, 0.019380868757039996], [-0.9888845493311198, -0.1485017419652197, 0.00739852021026], [0.01019335656096, -0.01806797324274, 0.9997847987714199]]}