{"translation": [[3431.7300513000228], [2086.2940735993907], [20.7792229]], "rotation": [[-0.6913088069445799, 0.7224317285886599, 0.013577218644419922], [-0.72255769561386, -0.6912248254387598, -0.010882422186259816], [0.0015231043648200786, -0.017333439700539816, 0.99984860454182]]}