{"translation": [[3464.1170994000277], [2060.794534499757], [20.6379714]], "rotation": [[0.88270586122736, -0.46983763417928, -0.009109089162000001], [0.46992566623640003, 0.8825190506552, 0.0181661473404], [-0.0004961943367200001, -0.02031595938504, 0.9997934864824]]}