{"translation": [[3470.000719700067], [2049.9072508998215], [20.66758]], "rotation": [[0.8926145533877601, -0.45071626626876, -0.0097012578934], [0.4508200717278, 0.8924414441008599, 0.01759374306426], [0.0007280187547599997, -0.0200779527945, 0.99979815253646]]}