{"translation": [[3457.1359868000145], [2073.155747300014], [20.6222277]], "rotation": [[0.8762913436771801, -0.48169207735963976, -0.009284541194939998], [0.4817810597780398, 0.8761002829980001, 0.018310751964280003], [-0.0006859558255399977, -0.02051866972548, 0.99978923459982]]}