{"translation": [[3439.778656999988], [2075.6262007998303], [20.7502374]], "rotation": [[-0.8542336200320401, 0.51979746445088, 0.00978408410672], [-0.51988440135632, -0.8539902300147401, -0.02052087187742], [-0.002311185356479999, -0.022616208936620003, 0.99974154937406]]}