{"translation": [[3439.4395695999847], [2076.1607234003022], [20.749321]], "rotation": [[-0.8528755346653, 0.52207261255066, 0.006609279208779999], [-0.5221004999000599, -0.85269189469762, -0.018104521029260003], [-0.00381619591198, -0.018891609304660002, 0.99981425463132]]}