{"translation": [[3455.72181800002], [2075.6344754993916], [20.6193146]], "rotation": [[0.8763422202146401, -0.4816188710649198, -0.008220893235879998], [0.48168652592907985, 0.8761550172077401, 0.01817920660582], [-0.0015526718318799987, -0.019891099733179998, 0.99980094687534]]}