{"translation": [[3454.6616404000088], [2077.493994699791], [20.6128953]], "rotation": [[0.87638007006918, -0.48158753002756, -0.005604709112359999], [0.48161484356876, 0.876256494732, 0.01488915511468], [-0.0022592690231599995, -0.01574786994308, 0.99987344213382]]}