{"translation": [[3444.1140086000087], [2068.590908500366], [20.7269638]], "rotation": [[-0.8608015527680799, 0.5088944471840398, 0.006881238369239998], [-0.5089387027119598, -0.8606786868440199, -0.014622514960620002], [-0.0015187817852399992, -0.01608921027138, 0.9998694067878999]]}