{"translation": [[3465.2837973000132], [2058.6775635005906], [20.6446742]], "rotation": [[0.8848957916638001, -0.46568158071515997, -0.01000542657012], [0.4657890539142, 0.8846925731219001, 0.018963480917699997], [2.07830370000002e-05, -0.02144112257862, 0.9997701124964601]]}