{"translation": [[3466.072077299992], [2057.2354057002813], [20.6472627]], "rotation": [[0.8864696528659001, -0.46267874394048, -0.009997001214839953], [0.46278661562784, 0.8862779520496, 0.018437616324719804], [0.00032942883852004733, -0.020970865639439805, 0.99978003294814]]}