{"translation": [[3475.061095000012], [2040.0971847996116], [20.6896223]], "rotation": [[0.8982752587256, -0.43933302990548, -0.00938450826756], [0.43943230663604, 0.898112692406, 0.01711316033328], [0.0009099702646799997, -0.01949618439936, 0.99980951725144]]}