{"translation": [[3446.715348800004], [2064.250457400456], [20.7095456]], "rotation": [[-0.86453244501076, 0.50250636202144, 0.008431856657560001], [-0.50257684696324, -0.86442712133748, -0.013503826964319999], [0.00050296640464, -0.01591215177692, 0.99987326719772]]}