{"translation": [[3443.3803025999805], [2069.8053459003568], [20.73311]], "rotation": [[-0.8593465761132998, 0.5113294864988398, 0.008103961544719998], [-0.5113923281660397, -0.8591996358816197, -0.015935125444559998], [-0.0011851788063199985, -0.017838098745359996, 0.99984018602432]]}