{"translation": [[3458.2672433999833], [2071.1687665991485], [20.6141833]], "rotation": [[0.8764398147974, -0.48140675686738, -0.010040127966659805], [0.48150816415209996, 0.87632024897894, 0.014585190835380048], [0.001776958646099806, -0.017617445310299948, 0.9998432217415]]}