{"translation": [[3438.7459382999223], [2077.2533390996978], [20.753184]], "rotation": [[-0.8488425765884998, 0.5285976813016998, 0.0071091976046], [-0.5286414020710998, -0.8487064045457798, -0.01534523097884], [-0.002077831662199999, -0.01678390359716, 0.99985698136172]]}