{"translation": [[3472.712699899974], [2044.6911653000861], [20.6833539]], "rotation": [[0.8961529940830001, -0.4436055293522998, -0.011132519682899803], [0.44374015231013975, 0.8959803626519001, 0.017715936877980044], [0.002115630922019807, -0.020816136042899953, 0.99978108231734]]}