{"translation": [[3459.7909284000634], [2068.4950400991365], [20.6241515]], "rotation": [[0.87755369179584, -0.47932849608176004, -0.011987229210879805], [0.47947646630528, 0.8773462548107, 0.01912721110286005], [0.001348732574559807, -0.022532749259019953, 0.9997451955851]]}