{"translation": [[3463.2973825000226], [2062.2702975999564], [20.6332121]], "rotation": [[0.8811172463358, -0.47282762976478, -0.00815111537334], [0.47289677471298, 0.88094695793388, 0.01735245597994], [-0.0010240199560599995, -0.01914418432566, 0.99981620891292]]}