{"translation": [[3470.7825890000095], [2048.4204484997317], [20.6770952]], "rotation": [[0.89372374769126, -0.44850223027574, -0.01017855698498], [0.44861754756957994, 0.89351291274956, 0.01941549680194], [0.00038677805654000093, -0.02191836994618, 0.99975968884566]]}