{"translation": [[3452.678679500008], [2080.9745928999037], [20.629836]], "rotation": [[0.8770773007752601, -0.4803033794273199, -0.006639120642659806], [0.48034925273603984, 0.8769963238878001, 0.01191843254908005], [9.802111957980765e-05, -0.01364248324883995, 0.9999069321927]]}