{"translation": [[3467.269321699976], [2055.0296261999756], [20.6571457]], "rotation": [[0.8886848456739201, -0.4584145933362398, -0.009761574344639999], [0.45851848951623975, 0.8884903455563001, 0.01859255879292], [0.0001499635353600032, -0.02099878775292, 0.99977948988238]]}