{"translation": [[3471.562623200007], [2046.921567699872], [20.6786326]], "rotation": [[0.89477356384646, -0.44639487022881996, -0.010578299755039954], [0.44651918076013997, 0.8945707974286999, 0.019071464898319804], [0.0009496344591200453, -0.021788056211359805, 0.9997621611294]]}