{"translation": [[3462.91807840002], [2062.948261000216], [20.6294454]], "rotation": [[0.88045301809814, -0.4740634567943998, -0.00814495966537995], [0.4741322969128798, 0.880283591047, 0.017302684695839808], [-0.001032695464899949, -0.019095989257199804, 0.9998171216591]]}