{"translation": [[3456.4384266000125], [2074.383024800569], [20.620658]], "rotation": [[0.87631055315214, -0.4816702327881, -0.00857849206902], [0.48174221691402, 0.8760874892342, 0.01987805012614], [-0.0020591559159, -0.0215519669615, 0.9997656088187]]}