{"translation": [[3458.6326335999765], [2070.535958099179], [20.6165909]], "rotation": [[0.8765072041611, -0.48130495861496, -0.008979577787679806], [0.48138867315831996, 0.8763467407898999, 0.016772303960560047], [-0.00020337026704019337, -0.01902371251687995, 0.99981901210464]]}