{"translation": [[3456.062951], [2075.0367377996445], [20.6191298]], "rotation": [[0.8764354340172, -0.48143326100228, -0.009107741129039806], [0.4815177137466, 0.8762254618334401, 0.01922594968972005], [-0.001275576736400194, -0.021235842199799952, 0.99977368035]]}