{"translation": [[3451.451776699978], [2083.140228299424], [20.6491059]], "rotation": [[0.8777147648125999, -0.47900654609898, -0.01302031068173995], [0.47917791425382, 0.8775113816637999, 0.01903443251645981], [0.002307853392660048, -0.022945847645939807, 0.99973404558716]]}