{"translation": [[3468.431739700027], [2052.8633119007573], [20.662904]], "rotation": [[0.89042446971128, -0.4550049141492001, -0.0107134582662], [0.45512958581880003, 0.8902341297099999, 0.018445615650599996], [0.0011446398342000001, -0.0213004395354, 0.99977246463728]]}