{"translation": [[3474.292381000065], [2041.6063487995416], [20.6882204]], "rotation": [[0.8976466189273401, -0.4406007398101398, -0.010075781451179999], [0.44071246536517983, 0.8974956227620401, 0.016556440997460002], [0.001748189017140001, -0.019302355957619997, 0.99981216379054]]}