{"translation": [[3442.2876572000678], [2071.5701096998528], [20.732707]], "rotation": [[-0.8575254469530602, 0.5144299428535201, 0.0034327952760399467], [-0.5143994149066401, -0.8573511309204002, -0.018496557186119807], [-0.006572072077319947, -0.017627097882439807, 0.9998230309779]]}