{"translation": [[3453.659587699978], [2079.2452860996127], [20.6248127]], "rotation": [[0.8767077273735001, -0.48097229227459987, -0.007015739203199804], [0.4810232359069198, 0.8766280661892601, 0.011827335266200048], [0.00046157348943980754, -0.013743849751079949, 0.9999054423036]]}