{"translation": [[3452.350780399982], [2081.553561700508], [20.64005]], "rotation": [[0.8771447520188, -0.48013012496288, -0.00959961280796], [0.48022579627567996, 0.87699075492582, 0.01644402109964], [0.00052350197956, -0.019033768456759997, 0.99981870437198]]}