{"translation": [[3460.569368699973], [2067.1309850001708], [20.6267707]], "rotation": [[0.8781178551168001, -0.4783781666721598, -0.007959446699679998], [0.4784379809492798, 0.8778985630809601, 0.01977882514176], [-0.002474171691359998, -0.02117624117248, 0.9997726968]]}