{"translation": [[3462.1304075000226], [2064.351815799251], [20.6314327]], "rotation": [[0.8793786381829399, -0.4760521744518, -0.00821903929508], [0.47612288709491996, 0.8792300999256, 0.01616918325156], [-0.00047094757579999903, -0.018132106947, 0.9998354889311]]}