{"translation": [[3455.019665199972], [2076.8633530000225], [20.6129384]], "rotation": [[0.8763636429779, -0.48159687662458, -0.0071563383087400005], [0.48164815297066005, 0.8762218315839599, 0.015822707766020003], [-0.0013496267972200001, -0.01731328295114, 0.9998492030003]]}