{"translation": [[3443.026726800017], [2070.3792177001014], [20.7356312]], "rotation": [[-0.8585449698370002, 0.5126817207222001, 0.0076031769164], [-0.51273107304456, -0.8583612040106002, -0.017964144736920002], [-0.0026836163049199996, -0.0193214129628, 0.99980972249036]]}