{"translation": [[3440.4845514000044], [2074.4968760004267], [20.7500475]], "rotation": [[-0.8560038836115403, 0.5168378130081199, 0.011646206890139999], [-0.5169644045736399, -0.8556839081524003, -0.02350450272708], [-0.0021825429586199976, -0.02614062527196, 0.9996558928671]]}