{"translation": [[3443.76067410002], [2069.176173900254], [20.7264074]], "rotation": [[-0.8600543040679999, 0.5101565065493999, 0.006838589981399999], [-0.5102001529493999, -0.8599341125927198, -0.01445542714888], [-0.0014937931685999996, -0.01592150335112, 0.99987212897528]]}