{"translation": [[3438.3861402000184], [2077.8058805000037], [20.7570076]], "rotation": [[-0.8460734410800999, 0.53301191430428, 0.007623298206159807], [-0.53306057150044, -0.8459105981820998, -0.016786010677480055], [-0.0024985150544801923, -0.018265876724839945, 0.99983004314616]]}