{"translation": [[3450.6824850000557], [2057.7358422009274], [20.7184532]], "rotation": [[-0.85258738214346, 0.5225426357860797, 0.006626389745799999], [-0.5225842444527998, -0.852502403274, -0.012054845879400002], [-0.000650157691079999, -0.01374065665156, 0.9999053813475]]}