{"translation": [[3445.610807000019], [2066.115632300265], [20.7257348]], "rotation": [[-0.8637258982952999, 0.5037513494943601, 0.01457189492918], [-0.50394918702452, -0.8635494009665999, -0.017828028349559998], [0.0036026568725399995, -0.02274202234012, 0.99973487550966]]}