{"translation": [[3449.2927880000207], [2087.045665401034], [20.650336]], "rotation": [[0.8806455180059001, -0.4737594150342399, -0.0039363743769800005], [0.47374927806463996, 0.88047802488188, 0.017890668056959998], [-0.005009981043220001, -0.017620191165439995, 0.99983220040302]]}