{"translation": [[3454.9544106000103], [2114.250075400807], [20.9017689]], "rotation": [[0.60440858596396, 0.7966303720806, 0.00838675679436], [-0.79666679490564, 0.60441558838246, 0.0019597480329], [-0.0035078918993999997, -0.00786593899686, 0.99996291016246]]}