{"translation": [[3448.107975799998], [2107.6234827004373], [20.8002083]], "rotation": [[0.7988686814500401, 0.60150399534694, -0.0013328063885798109], [-0.60144542914702, 0.7988182838271001, 0.012359133277059937], [0.00849873810385981, -0.009071714219020062, 0.9999227347415001]]}