{"translation": [[3460.0506931000273], [2117.997169099748], [20.9602751]], "rotation": [[0.5599943676775803, 0.8284392678547197, 0.009731988538539727], [-0.8284868326340797, 0.5600057819122802, 0.0017653133817599172], [-0.003987515081939917, -0.009051389712159727, 0.9999510848388601]]}