{"translation": [[3447.81462010002], [2107.214515599422], [20.7937889]], "rotation": [[0.81399219535472, 0.5808741622766801, -0.001386026277239809], [-0.58081251208268, 0.8139363956903, 0.01282096521455994], [0.008575504514759809, -0.00963114428256006, 0.9999168474355801]]}