{"translation": [[3444.957068399992], [2099.0454162992537], [20.7316889]], "rotation": [[0.99967838082126, 0.0228054908643, -0.01109254297832], [-0.022669620299179998, 0.9996682747851, 0.01222410358776], [0.011367639982800002, -0.011968708346000001, 0.9998637541104]]}