{"translation": [[3445.0019826000207], [2099.8844904005527], [20.7374824]], "rotation": [[0.9961623011531, 0.08700007946668, -0.009573723337859809], [-0.08687219339788001, 0.99613399315052, 0.013049519165159793], [0.01067202042725979, -0.012167748723239809, 0.9998690183615799]]}