{"translation": [[3445.7012364000548], [2094.5262150997296], [20.7037411]], "rotation": [[0.95366530011836, -0.3007357255712, -0.008973154666079803], [0.30082428328592004, 0.9536150189099, 0.011097075425940031], [0.005219647977599802, -0.013282238616299971, 0.9998981635195]]}