{"translation": [[3463.8641239000135], [2120.5841912003234], [20.9918909]], "rotation": [[0.54336582304286, 0.8394043641727801, 0.012405762915699826], [-0.8394751340283001, 0.5433972374429998, 0.000974106699900096], [-0.005923587932779824, -0.010943625696539904, 0.9999225710842999]]}