{"translation": [[3445.7510082999943], [2103.30914090015], [20.7595539]], "rotation": [[0.9389869564919999, 0.34384679438279997, -0.008536490645600036], [-0.34367939473264, 0.9389409862575, 0.016561766197019802], [0.013709971410479964, -0.012617466307899804, 0.99982640303766]]}