{"translation": [[3445.2535513999755], [2101.582964799367], [20.7528964]], "rotation": [[0.97649566573068, 0.21535328900481998, -0.00889803866138], [-0.21519338078882, 0.9764378964372601, 0.01615062327962], [0.01216647203962, -0.01385621457862, 0.99982997668158]]}