{"translation": [[3465.8955528999795], [2121.9293129993603], [21.0046462]], "rotation": [[0.5382404161355001, 0.8427040510665998, 0.012133099265299825], [-0.8427751016125998, 0.5382637432488802, 0.0015317131996400975], [-0.005240027071699825, -0.011049903139639904, 0.99992521808838]]}