{"translation": [[3470.757874700008], [2125.118514199741], [21.0336262]], "rotation": [[0.5383342997016001, 0.842626456917, 0.0132962487922], [-0.84271697030836, 0.538350287406, 0.0026514843784800008], [-0.004923828057480001, -0.012632359978, 0.99990808547064]]}