{"translation": [[3451.976081300003], [2111.765354299918], [20.8627029]], "rotation": [[0.6557806449674999, 0.7549318074384, 0.005454222273699818], [-0.754951409516, 0.65575971614412, 0.005253636020160083], [0.0003894773745001822, -0.007562905487839916, 0.9999713249743799]]}