{"translation": [[3447.6860320999986], [2090.0201264005154], [20.663018]], "rotation": [[0.8908301992518001, -0.45432546323477985, -0.0031502871961399987], [0.4543229701342598, 0.8907291985791601, 0.01386103726182], [-0.0034913695450199986, -0.01377907841954, 0.9998989685622001]]}