{"translation": [[3460.6903965999954], [2118.4406790994108], [20.9686847]], "rotation": [[0.55615971907598, 0.8310142768087998, 0.010078020085039906], [-0.8310667261639999, 0.5561683853424001, 0.0021798352339998227], [-0.0037936014469600937, -0.009587844311599822, 0.99994683949742]]}