{"translation": [[3445.167773000023], [2101.1741944998503], [20.749923300000003]], "rotation": [[0.9827917422371201, 0.18437023612128, -0.01131410205336], [-0.18417508210751998, 0.9827568903606201, 0.01638398805476], [0.014139731375759999, -0.01401827259236, 0.9998017583737401]]}