{"translation": [[3445.475023899984], [2102.4403589991853], [20.7553151]], "rotation": [[0.9598842525564001, 0.28031153625152, -0.0069044152760400004], [-0.28017476049072004, 0.95981336610648, 0.01613729998324], [0.01115042106644, -0.01355549744916, 0.9998459464459201]]}