{"translation": [[3452.4549885999877], [2112.189309700392], [20.8716018]], "rotation": [[0.6454421586351, 0.76378262615496, 0.0063604322613199996], [-0.76380899961112, 0.6454241455695, 0.00483938879484], [-0.00040893493163999964, -0.00798170123972, 0.99996806209584]]}