{"translation": [[3453.8833328000037], [2113.3976483996958], [20.8891406]], "rotation": [[0.61953516885432, 0.78494907690852, 0.00557426369236], [-0.7849684464185199, 0.6195265850450999, 0.003361510248539999], [-0.00081478987764, -0.00645819512854, 0.99997881369078]]}