{"translation": [[3449.037736200029], [2087.5125225000083], [20.6526079]], "rotation": [[0.8812085098854, -0.47271278115149995, -0.003763505954299951], [0.47269802422886, 0.8810358520671, 0.018231307198979807], [-0.0053023891960199505, -0.017844584838699808, 0.99982671269814]]}