{"translation": [[3450.255650200008], [2110.1293005999178], [20.8337479]], "rotation": [[0.7046852670424801, 0.7095193492113199, -0.0009951847994400004], [-0.70949570483412, 0.7046720159211, 0.007295045265559999], [0.00587725445896, -0.00443463169116, 0.99997289559462]]}