{"translation": [[3449.5315250999993], [2086.604832000099], [20.6496318]], "rotation": [[0.8800966826238, -0.4747664954229998, -0.0051574883187999986], [0.4747816903487198, 0.8799411822407601, 0.016907333559400002], [-0.003488749289959998, -0.01732876920728, 0.9998437589846]]}