{"translation": [[3451.5453650000272], [2111.373151401058], [20.8541734]], "rotation": [[0.66624140132102, 0.7457271804839001, 0.0036500339597600002], [-0.7457346236833, 0.6662223076919, 0.0052595689576], [0.00149046982576, -0.006226099358800001, 0.99997950688188]]}