{"translation": [[3467.267009300005], [2122.8272615000606], [21.0163417]], "rotation": [[0.5369366587631599, 0.8435085332171401, 0.013870412245860001], [-0.8436009968861402, 0.5369679244730801, 0.0016779776194200003], [-0.006032578114860001, -0.012602061182580001, 0.99990239326508]]}