{"translation": [[3445.33906139998], [2095.773980299942], [20.7131867]], "rotation": [[0.97337610678854, -0.2290156812402798, -0.009527386637559997], [0.2291258442875598, 0.973313022156, 0.01277133488308], [0.0063482934402800005, -0.014614282782039998, 0.9998730528935]]}