{"translation": [[3446.6707017999724], [2092.074610900134], [20.6809165]], "rotation": [[0.91388246747196, -0.40593461704269995, -0.00599320678506], [0.40597731151494, 0.91382013031686, 0.0107325744271], [0.0011199894077000005, -0.012241417611059999, 0.9999244438032601]]}