{"translation": [[3448.5807099000085], [2088.348481800407], [20.6581397]], "rotation": [[0.8827723168841402, -0.46978378797825976, -0.0040305566899999975], [0.46977340663549977, 0.8825947204937401, 0.018426125223759998], [-0.0050989462157599984, -0.0181595216204, 0.99982210044924]]}