{"translation": [[3465.1929019999807], [2121.466544499621], [20.9995415]], "rotation": [[0.5398317506444401, 0.8416917334418, 0.011693991316200001], [-0.8417569055238, 0.5398551699082201, 0.0013229154177799999], [-0.0051995749982, -0.010557649262220001, 0.99993074783622]]}