{"translation": [[3445.1622721999884], [2096.5647874996066], [20.7198408]], "rotation": [[0.984794283479, -0.17328463169820002, -0.0123553230364], [0.1734569924364, 0.98473331786428, 0.014593245677160001], [0.0096379128982, -0.016514462198160003, 0.99981717486428]]}