{"translation": [[3445.6090282999794], [2102.892271200195], [20.7553678]], "rotation": [[0.9494145901876601, 0.3139114282755, -0.00845831990112003], [-0.31374730074462, 0.9493630006555001, 0.0165080674958398], [0.013212087381599966, -0.013019224823999802, 0.9998279554528]]}