{"translation": [[3444.994778900058], [2097.8162695998326], [20.7290698]], "rotation": [[0.9971257277483999, -0.07480653361784001, -0.01201106169972], [0.07496764142712001, 0.99709356143286, 0.01357506909676], [0.01096064842636, -0.01443649161708, 0.9998357124531]]}