{"translation": [[3471.5036661999766], [2125.609368899837], [21.0396493]], "rotation": [[0.5392390874944599, 0.8420559829955401, 0.012766449982799823], [-0.8421372384987, 0.5392592095736599, 0.0021049102150400975], [-0.005111973936959824, -0.011886152221999905, 0.9999162900551599]]}