{"translation": [[3482.443002099986], [2154.8009321000427], [21.2537598]], "rotation": [[-0.5066616479523599, -0.8619779661845, -0.0169660122179799], [0.8621446341180199, -0.5065793391384998, -0.009159055067139826], [-0.0006997282709000994, -0.019267699412499825, 0.9998141157863]]}