{"translation": [[3434.0015432999935], [2122.971539700404], [21.0286694]], "rotation": [[-0.7681928394012201, -0.63991091399472, -0.01985513717436], [0.64017612216288, -0.7681304427836201, -0.01227184969716], [-0.0073984413404399995, -0.02213792747604, 0.9997275505361599]]}