{"translation": [[3443.0792325999937], [2130.3256139997393], [21.07183]], "rotation": [[-0.5305897030748202, -0.8474165257231, -0.018966812057139827], [0.8476254754571001, -0.5303925453466003, -0.014654086178300097], [0.0023582587528601737, -0.023852061063699904, 0.99971271762822]]}