{"translation": [[3435.182703699975], [2124.3116275994107], [21.0390782]], "rotation": [[-0.7050386509616399, -0.70886696205648, -0.020692340185919998], [0.7091525249155199, -0.7049205239643399, -0.013776555600819999], [-0.004820709853920002, -0.024387028992819998, 0.99969096904046]]}