{"translation": [[3446.545095300011], [2132.549106099643], [21.0923598]], "rotation": [[-0.5203567929224997, -0.8537085880838999, -0.020264014601299903], [0.8539448868546999, -0.5201336114749198, -0.015470358740219823], [0.0026671840358999006, -0.025354455557779824, 0.99967496605158]]}