{"translation": [[3454.6700290999142], [2137.6855722004548], [21.1438909]], "rotation": [[-0.5162322112850601, -0.8561784368133599, -0.021515821570140002], [0.8564486902737599, -0.5160779126804802, -0.012624229383120005], [-0.00029524628346000274, -0.024944229292320003, 0.99968880071942]]}