{"translation": [[3467.990934500005], [2145.95407709945], [21.2008615]], "rotation": [[-0.5126722238540998, -0.85837364769256, -0.019014885511919998], [0.858580615686, -0.5126086076063998, -0.0084519716348], [-0.0024922464388, -0.020658906148079997, 0.99978347568894]]}