{"translation": [[3475.96788640006], [2150.8414604999125], [21.229661]], "rotation": [[-0.5094515197653002, -0.8602992580916802, -0.018556996029939904], [0.8604984685316801, -0.5093638189427202, -0.009534787417759826], [-0.0012494916500600996, -0.020825778337759827, 0.99978233917742]]}