{"translation": [[3483.1008137000026], [2155.2006195001304], [21.2604369]], "rotation": [[-0.5062211116249802, -0.8622256524362201, -0.0175155417659999], [0.8624032869877801, -0.5061321731905802, -0.009511974031599826], [-0.0006637131116001005, -0.019920625949999826, 0.99980134432044]]}