{"translation": [[3445.3642446000013], [2131.7983785998076], [21.0862636]], "rotation": [[-0.5223418526992001, -0.85248817354752, -0.020561505761760003], [0.8527337753145601, -0.5221322179460001, -0.014930776165920003], [0.0019924847188800016, -0.025332461403360002, 0.99967709605496]]}