{"translation": [[3473.6514180999948], [2127.031250900589], [21.052025600000004]], "rotation": [[0.5423455093235, 0.8400718818745999, 0.011856190759799904], [-0.8401430144581999, 0.5423604834840801, 0.0021928683146398235], [-0.004588162241400096, -0.011150188250639823, 0.99992730839158]]}