{"translation": [[3477.2800284000114], [2151.6457692002878], [21.234413600000003]], "rotation": [[-0.5088687288948798, -0.86064754226568, -0.018404681983439825], [0.86084330942472, -0.5087844048320798, -0.009355937961040096], [-0.001311848147759826, -0.0206044885517599, 0.99978684435704]]}