{"translation": [[3432.996686999977], [2121.57436999958], [21.0174324]], "rotation": [[-0.82610572843528, -0.5632646833974, -0.01679277899888], [0.5634808068534001, -0.82601685139976, -0.0136131210696], [-0.006203329518879999, -0.020708288066400002, 0.99976631543552]]}