{"translation": [[3477.959319000016], [2152.0625547999516], [21.237322]], "rotation": [[-0.5086030185395998, -0.8608029385911999, -0.0184674149108], [0.86099989584752, -0.5085199067918398, -0.0092983185416], [-0.0013870296653599994, -0.02062959742448, 0.9997862250636]]}