{"translation": [[3433.6871119000716], [2122.565287999809], [21.0253763]], "rotation": [[-0.7858991816949, -0.6180537946782799, -0.01928567224526], [0.61830974141324, -0.7858355838196001, -0.012468076713080001], [-0.0074494257272199995, -0.021723170744840002, 0.99973627017446]]}