{"translation": [[3473.326298], [2149.22166789975], [21.2168954]], "rotation": [[-0.5104676556512799, -0.8597027720932799, -0.018276053063079827], [0.85989613404528, -0.51038219033216, -0.009421059745920099], [-0.0012284601810798271, -0.0205246526860799, 0.99978859241912]]}