{"translation": [[3445.928525400057], [2132.1569825997576], [21.0880769]], "rotation": [[-0.5211738248340001, -0.85321224551432, -0.02017312986724], [0.85344695241368, -0.5209559115412001, -0.015280195255959998], [0.0025279398787599987, -0.025180330729959996, 0.9996797289713599]]}