{"translation": [[3459.3067700000247], [2140.589817300439], [21.168289399999995]], "rotation": [[-0.5151616244454398, -0.8568500448355199, -0.020403447644799726], [0.8570903428896, -0.5150726274524998, -0.009804687554699924], [-0.002108111907519923, -0.022538598847859727, 0.9997437508643]]}