{"translation": [[3468.6890209000558], [2146.380637699738], [21.2044854]], "rotation": [[-0.5123106340412202, -0.8586037901919998, -0.018375881395079823], [0.8587980249159999, -0.5122423335625003, -0.008606473893000099], [-0.0020233510549198287, -0.0201903556289999, 0.99979410662128]]}