{"translation": [[3451.4752553], [2135.6686477009207], [21.1259675]], "rotation": [[-0.5170307337497799, -0.8557149090774998, -0.0207663808421], [0.8559643907854999, -0.516818914213, -0.0149398610317], [0.0020518035970999993, -0.025499649466699997, 0.9996727254382201]]}