{"translation": [[3437.383544399985], [2126.3078960999846], [21.0449035]], "rotation": [[-0.6146057885799396, -0.78861793979798, -0.01847530653367982], [0.7888312281260199, -0.6145004096631397, -0.011593418149280086], [-0.0022103067476798195, -0.021699282015279913, 0.99976209954396]]}