{"translation": [[3488.0250565999886], [2158.1882942002267], [21.2825767]], "rotation": [[-0.5068307561409595, -0.86189511031004, -0.01610755119668], [0.86204535582548, -0.5067564811642595, -0.008701899080839997], [-0.0006624814195599973, -0.018295829348119998, 0.99983239783094]]}