{"translation": [[3483.705269399972], [2155.566920400597], [21.2640784]], "rotation": [[-0.50594357249082, -0.8623902415291799, -0.017436402281679995], [0.8625664520474198, -0.5058464807884201, -0.00991509151152], [-0.00026946541872000136, -0.02005653391288, 0.99979881116976]]}