{"translation": [[3470.026634800015], [2147.19924610015], [21.2061805]], "rotation": [[-0.5117408584254602, -0.8589621599847801, -0.01748152694532], [0.8591386408558201, -0.5116707092274602, -0.00861297539428], [-0.0015465634397200008, -0.01942666391868, 0.99981008842104]]}