{"translation": [[3447.1203379000654], [2132.9139159005135], [21.0958962]], "rotation": [[-0.51952662456066, -0.8542164067001, -0.02015712637724], [0.85445049560026, -0.5193103281066601, -0.015199557634600002], [0.0025159069713999987, -0.025119842917240003, 0.99968128104984]]}