{"translation": [[3467.3470461000106], [2145.5585888000205], [21.1985266]], "rotation": [[-0.5129012894425601, -0.85823276292256, -0.0191977395576], [0.8584445715376, -0.5128292339629601, -0.00888007159956], [-0.0022239953774400006, -0.021034797842999997, 0.99977627051704]]}