{"translation": [[3474.4126207000227], [2127.5380147006363], [21.0571378]], "rotation": [[0.54356548659708, 0.8392881349611401, 0.011487368062980001], [-0.83935401605994, 0.5435817083280601, 0.0019322078822600003], [-0.00462264379042, -0.010692250310459998, 0.99993215116998]]}