{"translation": [[3486.8202981000068], [2157.4569615004584], [21.2765362]], "rotation": [[-0.5064630557953003, -0.8620978701478998, -0.0168117072462], [0.8622615159750999, -0.5063817861344203, -0.009097407792360002], [-0.0006702853122000016, -0.01910358727236, 0.99981728515512]]}