{"translation": [[3444.2068129000836], [2131.0568962004036], [21.0792063]], "rotation": [[-0.5257074951196999, -0.8504177976001798, -0.020523005940959897], [0.8506635288769798, -0.5255027068560199, -0.014780405924639826], [0.0017846250465599015, -0.025228342902239825, 0.99968012175232]]}