{"translation": [[3439.8595164999715], [2128.1618370004], [21.0593028]], "rotation": [[-0.5607568353679997, -0.8277331634639999, -0.02024115965399982], [0.8279806055769598, -0.5605861149972996, -0.013836448294280091], [0.00010597485672017744, -0.024518169076599903, 0.99969937890254]]}