{"translation": [[3447.748039100028], [2133.312647299841], [21.0996222]], "rotation": [[-0.5187694771673795, -0.8546715487909798, -0.0203680473739], [0.8549114891779798, -0.5185604182833795, -0.0148836271383], [0.0021585499963000018, -0.025134048072899998, 0.999681759515]]}