{"translation": [[3472.690131900017], [2148.831485800445], [21.2157474]], "rotation": [[-0.5107218416719995, -0.8595558327307198, -0.01807989101904], [0.8597449848091199, -0.5106399610919196, -0.009235953545839998], [-0.0012934976721599989, -0.02026109969704, 0.99979388610392]]}