{"translation": [[3475.886275099998], [2128.522473900579], [21.0696912]], "rotation": [[0.546824258951, 0.8371503411627, 0.012749705512499905], [-0.8372278596045001, 0.54685217882732, 0.0014914722619798247], [-0.005723617872300095, -0.011489981662979824, 0.9999176068673199]]}