{"translation": [[3447.72199729993], [2069.762672599405], [20.6659675]], "rotation": [[-0.8787081261252999, 0.4772864997255798, 0.00834639309333995], [-0.47735374554685983, -0.87847762436484, -0.020260827102379808], [-0.002338099730179948, -0.021787535018739805, 0.9997598894795]]}