{"translation": [[3430.1421118999715], [2108.749486600049], [20.914118]], "rotation": [[-0.9977396707842598, 0.06659681457311999, 0.008965275729019992], [-0.06680298016807999, -0.9974506305537598, -0.0250911137827198], [0.007271431829220006, -0.0256333072175198, 0.99964496689254]]}