{"translation": [[3431.4219732001075], [2118.517704599537], [21.0034829]], "rotation": [[-0.9195250464015401, -0.39285913026705976, -0.011630897977739998], [0.3930269812984598, -0.91925045330842, -0.02254508952858], [-0.0018346643778600026, -0.02530203265038, 0.99967816877788]]}