{"translation": [[3437.1059800999938], [2088.2017890000716], [20.7703096]], "rotation": [[-0.88773522529122, 0.4602997647006, 0.0070866719220799524], [-0.4603402717598, -0.88748272356834, -0.021474964473599808], [-0.003595622125919952, -0.022326363779199807, 0.99974426978688]]}