{"translation": [[3451.3034167999867], [2063.462598999962], [20.6512679]], "rotation": [[-0.8785648335821798, 0.47756604594952, 0.0073633254706400005], [-0.47762194471527997, -0.8784295213225799, -0.01544563463036], [-0.000908147697040001, -0.01708687972924, 0.99985359617624]]}