{"translation": [[3430.4716364999767], [2115.2903498001397], [20.9726805]], "rotation": [[-0.97532231329, -0.2207559016632, -0.003651968791399978], [0.22077608399520002, -0.9749870044785, -0.0256589479517998], [0.002103742125399978, -0.025832010280199803, 0.9996640843475001]]}