{"translation": [[3432.6932461999822], [2097.9092550007626], [20.8362007]], "rotation": [[-0.9471780827838602, 0.32062920004314, 0.007091799308960001], [-0.32070758667034005, -0.9469564628977801, -0.02048900452512], [0.00014625261983999957, -0.021681133135520003, 0.9997649258899199]]}