{"translation": [[3431.037539299985], [2117.4550821995363], [20.9917037]], "rotation": [[-0.942705477057, -0.3335189230435, -0.0084803557589], [0.3336266181485, -0.9424204796250001, -0.0231802528445], [-0.0002610070661000002, -0.0246814187405, 0.999695333343]]}