{"translation": [[3430.052946300013], [2111.443907099776], [20.937491]], "rotation": [[-0.9992052437612998, -0.0395709509366998, 0.0047630067858000025], [0.03944176202393981, -0.9989163349908998, -0.024701593002920002], [0.005735311684919998, -0.024494103992600002, 0.9996835224292401]]}