{"translation": [[3431.9055371999857], [2100.282210299745], [20.8533615]], "rotation": [[-0.9592605349945994, 0.28236823594253996, 0.009367222975379999], [-0.28250066492477993, -0.9590775715564994, -0.019076832974459994], [0.0035972006657399996, -0.020945896256219995, 0.99977413930174]]}