{"translation": [[3443.7007514999714], [2076.757329799235], [20.6897756]], "rotation": [[-0.8751552085537, 0.48366730904088, 0.013002155568759999], [-0.48384175763543996, -0.874867792482, -0.022433462182920003], [0.0005248357157199993, -0.02592375016116, 0.9996637853209399]]}