{"translation": [[3462.8267575000064], [2052.1205054996535], [20.7194213]], "rotation": [[0.8660901531907, -0.4996526010829198, -0.015333377740739998], [0.49986153368531977, 0.8659516626849201, 0.01631418762964], [0.005126537196540002, -0.021794123229160002, 0.99974933597678]]}