{"translation": [[3430.072054099932], [2112.010216199793], [20.9417753]], "rotation": [[-0.9979390753733798, -0.06409603467222, 0.003104053449200006], [0.06399635108922, -0.9976235980293798, -0.0255334802735998], [0.0047332711503999935, -0.0252822053411998, 0.999669148415]]}