{"translation": [[3432.923691199976], [2097.2688352996483], [20.8293086]], "rotation": [[-0.9436223543216802, 0.33098544079412007, 0.00503893023692], [-0.33102071355812, -0.9434385575346602, -0.018678216537220002], [-0.0014282965670799998, -0.01929317391878, 0.99981284918702]]}