{"translation": [[3430.724617399974], [2116.3760089008138], [20.9841537]], "rotation": [[-0.96112852726324, -0.27606774153, -0.00429508545176], [0.27608533954824, -0.9607907094907401, -0.025651305097499997], [0.0029548196299999997, -0.025840012639259998, 0.99966172416926]]}