{"translation": [[3434.1790966999833], [2094.1338155996054], [20.8125115]], "rotation": [[-0.9245862259968, 0.380946497632, 0.004514099014399999], [-0.38094975783296, -0.9243327693648, -0.02205706002272], [-0.00423003014272, -0.0221132953616, 0.99974652240096]]}