{"translation": [[3431.3826151000103], [2102.0660672998056], [20.8693778]], "rotation": [[-0.96831127797754, 0.24957627109265998, 0.009198292013779802], [-0.24971029923701996, -0.96813733194234, -0.018828906288540025], [0.004205962844059802, -0.020529154014419973, 0.99978040772636]]}