{"translation": [[3447.258318200009], [2070.5752956997603], [20.6683368]], "rotation": [[-0.87833262667476, 0.4779485785719, 0.00983927515105995], [-0.47804762875606, -0.87807980914146, -0.021122774762699807], [-0.001455931010099951, -0.023256466070059805, 0.99972847165134]]}