{"translation": [[3441.9399017000105], [2079.7642910992727], [20.706581]], "rotation": [[-0.87369626802384, 0.48637688579203997, 0.00960739007204], [-0.48647053328563994, -0.8734792390427201, -0.01950345989732], [-0.0010941761944400002, -0.021713812894520002, 0.99976362861488]]}