{"translation": [[3438.251458099927], [2086.139030500315], [20.7543027]], "rotation": [[-0.8808177656355599, 0.4733879469383598, 0.008007650924559804], [-0.4734466987090398, -0.8805709743297999, -0.021052070237320048], [-0.002914491612040191, -0.02233423097511995, 0.9997463117678]]}