{"translation": [[3430.1038058000267], [2112.5349809005857], [20.9469087]], "rotation": [[-0.9961597409158598, -0.0875189412194998, 0.0025524380909400027], [0.0874254291929398, -0.9958421098667598, -0.0256046076177], [0.004782712914299997, -0.02528312735094, 0.99966888977294]]}