{"translation": [[3445.9331791999866], [2072.8948334008455], [20.6531024]], "rotation": [[-0.8775037839725198, 0.47951114993693994, 0.007473752494779999], [-0.47956832392853993, -0.8774281282927398, -0.011566899058139998], [0.0010112242929800003, -0.01373417473326, 0.99990517043078]]}