{"translation": [[3431.213218000019], [2117.9678042996675], [20.9961489]], "rotation": [[-0.9321504749201798, -0.36193026380734006, -0.01009156266288], [0.36206843840126, -0.9318852567416198, -0.02227504412064], [-0.0013421662723199987, -0.024417530940959997, 0.9997009466592001]]}