{"translation": [[3432.082476300013], [2099.7055837996304], [20.8505931]], "rotation": [[-0.9563521756776, 0.2921313522090398, 0.007043554567919997], [-0.29221586458583976, -0.95611235239632, -0.02142149922376], [0.00047653833368000234, -0.02254473777096, 0.99974572151472]]}