{"translation": [[3437.852878500009], [2086.84944349993], [20.7587526]], "rotation": [[-0.8828318520012999, 0.46962295157641976, 0.007898066897539998], [-0.4696796703248598, -0.8825807959388998, -0.021267837599619997], [-0.0030171827252199975, -0.02248548387926, 0.99974261670044]]}