{"translation": [[3439.806915700028], [2083.4065660005435], [20.7350972]], "rotation": [[-0.87579978227018, 0.4826310316185598, 0.006512661843899754], [-0.48264378687143983, -0.87551010535652, -0.023182243708799857], [-0.005486569044900142, -0.023446294969199755, 0.9997100423983001]]}