{"translation": [[3430.5977023000014], [2115.855506000109], [20.9782752]], "rotation": [[-0.9683991675758802, -0.24939141077440002, -0.002592318317040198], [0.24937402565080002, -0.9680635471177002, -0.025793560442099975], [0.003923163648959801, -0.025624922663700027, 0.9996639295691799]]}