{"translation": [[3431.087143999932], [2103.2152342991903], [20.8750919]], "rotation": [[-0.97415017319636, 0.22562567119776003, 0.011166707256719978], [-0.22581047820648, -0.9739714883088999, -0.019732376147059798], [0.006423922988160023, -0.0217438550585798, 0.9997429359623]]}