{"translation": [[3438.624751300027], [2085.479276400991], [20.750756]], "rotation": [[-0.8792719820129999, 0.47624907494379976, 0.008246677963999948], [-0.47631433853119975, -0.8790410375398799, -0.020295630457399808], [-0.002416607508999949, -0.021773385617599804, 0.99976001107212]]}