{"translation": [[3445.0460854999255], [2074.435741400346], [20.6653624]], "rotation": [[-0.8767674943719198, 0.48079006514316, 0.010925646179399999], [-0.48091282540884, -0.8765928043961798, -0.017538681206699998], [0.0011449201230000006, -0.020631632044499998, 0.9997864896479001]]}