{"translation": [[3452.1974067000556], [2061.8804019996896], [20.6555735]], "rotation": [[-0.8781963135004801, 0.47826550216543984, 0.0057978742539199985], [-0.47829553045663986, -0.8780663514985602, -0.01526888488784], [-0.0022116628644799985, -0.01618217349296, 0.99986661401792]]}