{"translation": [[3433.6626275000162], [2095.359285700135], [20.819727800000003]], "rotation": [[-0.9324147047399403, 0.36137558228592004, 0.00321525677382], [-0.36136309126152, -0.9322003350749203, -0.02047150562992], [-0.00440063887722, -0.020249809785519997, 0.99978526672598]]}