{"translation": [[3430.099939699983], [2109.313209099695], [20.9163179]], "rotation": [[-0.9989243508705602, 0.04574094605208, 0.00758444354416], [-0.045914948375839995, -0.9986416695282602, -0.024622147417380003], [0.0064479023920800006, -0.024943906712060003, 0.9996680579117401]]}