{"translation": [[3432.2855516999844], [2099.0777779994532], [20.8504695]], "rotation": [[-0.9532518972033998, 0.30210890082222, 0.006407972299539999], [-0.30217588968629994, -0.9529809738714597, -0.02273817745722], [-0.0007627301585000001, -0.0236115451797, 0.9997209176471]]}