{"translation": [[3430.706764100003], [2104.891719000414], [20.8785198]], "rotation": [[-0.9826220846487399, 0.1853567571107, 0.00981578170116], [-0.18550386493633997, -0.9824936501415399, -0.017151727758599997], [0.0064647560418, -0.01867453519716, 0.9998047152463599]]}