{"translation": [[3450.4108132999972], [2065.040195999667], [20.6572588]], "rotation": [[-0.8787304188086792, 0.4772224612244799, 0.009570354629519998], [-0.4773181612232799, -0.8785326331186591, -0.018649494220379995], [-0.0004920887236800012, -0.020955981749819996, 0.99978027820102]]}