{"translation": [[3446.82860920002], [2071.327429700643], [20.6659491]], "rotation": [[-0.87803065449282, 0.47851721498964, 0.009145900634179999], [-0.47860266197803997, -0.87781223075784, -0.01963115444484], [-0.0013654623340199996, -0.021614005548759998, 0.99976545764598]]}