{"translation": [[3444.58502280002], [2075.227307200432], [20.678605800000003]], "rotation": [[-0.8761831399808401, 0.48180198592026, 0.01302749657857995], [-0.48197782161218006, -0.8758345805889001, -0.02471701950005981], [-0.0004987762914599502, -0.027935603488779808, 0.9996096004095]]}