{"translation": [[3432.1417206000187], [2120.095416699536], [21.0114601]], "rotation": [[-0.8764920218716998, -0.48120368920877993, -0.01431202582074], [0.48140565011777997, -0.8762842886369798, -0.019352894067339997], [-0.00322871892726, -0.02385254632034, 0.99971027374028]]}