{"translation": [[3431.555246200005], [2101.461561200209], [20.8635107]], "rotation": [[-0.9651998624889997, 0.26129914589382, 0.010583792349259801], [-0.26145781489265996, -0.9650384967697997, -0.018453878592180024], [0.005391784202619801, -0.02057889595433997, 0.9997736932468401]]}