{"translation": [[3433.164971499995], [2096.620925099589], [20.8233352]], "rotation": [[-0.9398874028945798, 0.34146804303507994, 0.003411574826759999], [-0.34147092442067994, -0.9397105441976998, -0.01849578979144], [-0.0031098283380399994, -0.018548909685359997, 0.99982311783288]]}