{"translation": [[3448.1488954000524], [2069.0119007006288], [20.6609233]], "rotation": [[-0.8788324180669799, 0.4770845665243598, 0.006610243249079755], [-0.4771214115824398, -0.8786467538884198, -0.018298592511159856], [-0.0029219071046801427, -0.019235286911639757, 0.9998107151736]]}