{"translation": [[3430.4921188000008], [2106.048647900112], [20.8879447]], "rotation": [[-0.9880027596130002, 0.1540401671367998, 0.011061862369199999], [-0.15422539141879982, -0.9878626872605802, -0.01849407040338], [0.008078770471200002, -0.01997821080162, 0.99976777532742]]}