{"translation": [[3431.7215891000233], [2100.8990016998723], [20.8576807]], "rotation": [[-0.9624042530845, 0.27140262543504, 0.0108884211852798], [-0.27156413244048005, -0.9622494211917, -0.01813456812024003], [0.005555608048639801, -0.020409691228079972, 0.99977626482656]]}