{"translation": [[3430.0497929999838], [2110.921317599714], [20.9333272]], "rotation": [[-0.9998195094554401, -0.0176747285618, 0.00697401739956], [0.01750070617356, -0.9995522602715401, -0.024271149423500005], [0.007399880529400001, -0.02414471745906, 0.99968108634726]]}