{"translation": [[3433.354670699977], [2099.149163599126], [20.8376959]], "rotation": [[0.7843856469927, -0.6198405805263401, -0.023169633191920003], [0.62009453249942, 0.78450927873126, 0.005289869075359999], [0.014897917096160002, -0.01851665961448, 0.9997175528166]]}