{"translation": [[3425.468913700024], [2107.2692760005593], [20.8829329]], "rotation": [[0.6137213364260599, -0.7893141972141601, -0.018145832014240002], [0.78948144631224, 0.6137622134879999, 0.0038785494016800003], [0.00807583259216, -0.01670614536312, 0.9998278280074999]]}