{"translation": [[3456.4113605999737], [2062.9429040001705], [20.7106302]], "rotation": [[0.8676115790860001, -0.49703812057956, -0.01425722691408], [0.49722580209252, 0.8674610286092, 0.016669720641760002], [0.004082102643360001, -0.02155190347888, 0.99975939701504]]}