{"translation": [[3451.811351799988], [2070.7054852992296], [20.7132673]], "rotation": [[0.8670897509563, -0.49797735700698, -0.01318842502344], [0.49814338891302, 0.8669262658915, 0.01708895762136], [0.0029234788365599985, -0.02138738643864, 0.99976698935596]]}