{"translation": [[3450.296708800015], [2073.2387184007093], [20.7130652]], "rotation": [[0.86688670595118, -0.49827322530407997, -0.015206073900519947], [0.4984776759863199, 0.8667559973155801, 0.015938643193919806], [0.005238156324120051, -0.021396886424319805, 0.9997573380357601]]}