{"translation": [[3440.7723162000184], [2088.799634399824], [20.7849492]], "rotation": [[0.85160614535088, -0.52401616681108, -0.013192011049480002], [0.52414272603068, 0.8515811384208599, 0.009163321946119999], [0.00643233892412, -0.01471803793252, 0.99987099386598]]}