{"translation": [[3442.7928989999928], [2085.565987900831], [20.7696488]], "rotation": [[0.8586914187730199, -0.51231265425252, -0.013593876276139755], [0.51245382260188, 0.85865157706812, 0.010418769292439862], [0.006334736000339861, -0.015912741611239754, 0.9998533171301399]]}