{"translation": [[3449.835525900009], [2074.0246817003936], [20.7163542]], "rotation": [[0.8666946764655, -0.49867590045048, -0.012755713244359809], [0.49883398464568, 0.86651736841848, 0.017672864731560052], [0.002240016290759807, -0.02167996068283995, 0.99976245262302]]}