{"translation": [[3433.7862206000136], [2098.6160733001307], [20.8332741]], "rotation": [[0.7883881158956, -0.6148001716609599, -0.02156212897052], [0.61501120897744, 0.78850640038374, 0.004343633586639999], [0.014331409986280002, -0.01668542017096, 0.9997580744554999]]}