{"translation": [[3459.583879199985], [2057.5973315993324], [20.7160575]], "rotation": [[0.86729014396566, -0.49760899224312, -0.01389601405658], [0.49779614530928, 0.86708655652476, 0.018971120168879998], [0.0026088470818200022, -0.02337084773872, 0.9997234604616599]]}