{"translation": [[3435.4449918000028], [2096.491060299799], [20.8306562]], "rotation": [[0.8043591609183199, -0.5937212994152801, -0.02239057470024], [0.59399035679272, 0.80443597414712, 0.007628794890959999], [0.013482405276239999, -0.01943607714696, 0.99972019266544]]}