{"translation": [[3447.4603596000234], [2077.953253299929], [20.7193579]], "rotation": [[0.8636553450572, -0.50390729761484, -0.013300670718319805], [0.5040369174174799, 0.8636320702731, 0.00929841694556005], [0.006801346288239805, -0.014734656016279945, 0.9998683071421399]]}