{"translation": [[3461.216630299925], [2054.835675799288], [20.7151099]], "rotation": [[0.8669878493957399, -0.49813657979326, -0.013857542866559807], [0.49831034849166, 0.86686209390582, 0.015392250369520053], [0.004345136194159807, -0.02025025079327995, 0.9997855005739199]]}