{"translation": [[3431.766293500026], [2101.062422799878], [20.8467829]], "rotation": [[0.7695143567921401, -0.6382458467780601, -0.02213274982374], [0.6385106356019401, 0.7695775550883, 0.007383751795819999], [0.01232021783126, -0.01981390011918, 0.999727773723]]}