{"translation": [[3442.373892100004], [2086.2405190002173], [20.7721802]], "rotation": [[0.85756733441148, -0.51419134330606, -0.013621369256700001], [0.51432314763606, 0.85754957988198, 0.008968284810100001], [0.0070695853523, -0.014696693363100002, 0.9998670052455]]}