{"translation": [[3428.338300500007], [2104.780131000094], [20.8656185]], "rotation": [[0.7092331577982, -0.70464061237494, -0.021676552374820003], [0.70485257185006, 0.70934630596086, 0.0032569697105399985], [0.013081188300180001, -0.017588726139459998, 0.9997597307223]]}