{"translation": [[3439.5817464999855], [2090.6449912991375], [20.7925237]], "rotation": [[0.8438579873305201, -0.5363904048753599, -0.01374779088832], [0.53651024805056, 0.8438636092145401, 0.00713678914914], [0.00777315466128, -0.01339826780894, 0.99988002503502]]}