{"translation": [[3452.288775700028], [2069.8825518004596], [20.7025876]], "rotation": [[0.86775297762734, -0.49670468116129995, -0.01700691704108], [0.49690970266142, 0.8677313610555, 0.01109225579156], [0.009247860062199999, -0.0180762399314, 0.999793842071]]}