{"translation": [[3462.3016305000056], [2053.0047116000205], [20.7199151]], "rotation": [[0.8664001739529199, -0.49911386858056, -0.015364493199519947], [0.49932460295055997, 0.86625753464454, 0.016516883118139807], [0.0050658019104800524, -0.02198210022313981, 0.9997455300666199]]}