{"translation": [[3439.1927447000635], [2091.2350091999397], [20.7972655]], "rotation": [[0.8404696108345401, -0.54167689244184, -0.01403430175616], [0.5418047157885599, 0.8404694909920001, 0.007659557983920002], [0.007646396570239999, -0.01404147690888, 0.9998721765971]]}