{"translation": [[3445.681836200063], [2080.8507692003623], [20.742057100000004]], "rotation": [[0.8619998696804599, -0.50669634782662, -0.0146641432964], [0.5068381966457001, 0.8620013846579, 0.0082859276708], [0.00844206256712, -0.014574816485840001, 0.999858143091]]}