{"translation": [[3448.3996805999777], [2076.4413629006594], [20.720180600000003]], "rotation": [[0.86466536914094, -0.5022648917087, -0.009153999570100001], [0.5023480838159, 0.8645044138393201, 0.016689484798779998], [-0.00046886861169999957, -0.01902931352422, 0.99981881629262]]}