{"translation": [[3436.682623700064], [2094.837917899713], [20.8227355]], "rotation": [[0.8163580951398, -0.57722333987352, -0.01930577797216], [0.5774530003235201, 0.8163705294538199, 0.00933957773706], [0.01036964682216, -0.018772618362940002, 0.99977000318598]]}