{"translation": [[3427.612544899981], [2105.4690204001963], [20.8647475]], "rotation": [[0.6894002048903001, -0.7241177284942599, -0.01951531847458], [0.7242897416671399, 0.68949029899196, 0.0027336050649400005], [0.01147617055462, -0.01601929340566, 0.9998058210135]]}