{"translation": [[3439.9706438999856], [2090.0506098000333], [20.787759]], "rotation": [[0.8467759791395, -0.5317910235829, -0.0129893981026], [0.5319038876011, 0.84677093372478, 0.00756414086252], [0.0069765020786000005, -0.01331424458252, 0.99988702326428]]}