{"translation": [[3450.806006399973], [2072.3783074002713], [20.7121771]], "rotation": [[0.86750440404144, -0.49717168488304, -0.01601255623384], [0.49738529594455994, 0.8674068417903, 0.01460189763818], [0.00662974997456, -0.02063162104762, 0.9997651637199]]}