{"translation": [[3438.7699890000513], [2091.867050400935], [20.8019707]], "rotation": [[0.83684692282502, -0.54725441394594, -0.014135939666879998], [0.54738209901486, 0.83684959423958, 0.007455529127759999], [0.007749583967279998, -0.013976897122559999, 0.9998722869886001]]}