{"translation": [[3460.656213500013], [2055.7827006001025], [20.7152584]], "rotation": [[0.8671255316912001, -0.49790615602303995, -0.013518629710879755], [0.49807505646463995, 0.86698842926592, 0.01588341566143986], [0.0038120444180798595, -0.020506207832959755, 0.9997824582012801]]}