{"translation": [[3443.595307099982], [2084.252945500426], [20.7692204]], "rotation": [[0.86030066654958, -0.5094907008848999, -0.017377182253159998], [0.5097106178047, 0.8602618477299, 0.012025682856599999], [0.00882195264084, -0.019203037854199998, 0.99977668329132]]}