{"translation": [[3434.2172732999898], [2098.0751106999815], [20.8308315]], "rotation": [[0.7924686713324401, -0.6095523440938798, -0.02096051081244], [0.6097514571747599, 0.7925812675151002, 0.004253599138420003], [0.01402011687252, -0.01615154611886, 0.9997712557775]]}