{"translation": [[3429.8189691000152], [2103.266607599333], [20.8581253]], "rotation": [[0.74445645101918, -0.66732261012584, -0.021567724757339927], [0.66759046679656, 0.7444799986497199, 0.008517068134319815], [0.010373108440740072, -0.020738992793519814, 0.9997311102698999]]}