{"translation": [[3406.566970199987], [2109.303411700763], [20.900149]], "rotation": [[-0.18706390980999987, -0.9821724672006001, -0.0185538482492], [0.9823474000710001, -0.18701576407951992, -0.004312369238039998], [0.0007656275300000018, -0.019033014153960002, 0.99981856262648]]}