{"translation": [[3395.7293413999723], [2076.375126199797], [20.6565447]], "rotation": [[0.51914570545964, 0.8544904382356199, 0.018270479443859903], [-0.8546848138272599, 0.51905803368844, 0.009623389519379823], [-0.0012603445054200982, -0.020611442857739824, 0.99978676723964]]}