{"translation": [[3397.1226429999806], [2077.248950299807], [20.656212]], "rotation": [[0.5185567342783202, 0.8548601028814798, 0.017693365872279824], [-0.8550418691189198, 0.5184812248786201, 0.008975458316220099], [-0.0015009157366798268, -0.0197828536826199, 0.99980317359294]]}