{"translation": [[3401.217911100015], [2079.820103798993], [20.6601077]], "rotation": [[0.5173283157922999, 0.8556425202360601, 0.01572520694512], [-0.8557865844301801, 0.5172590160804598, 0.008510175167039998], [-0.0008523372041599996, -0.01785997581552, 0.9998401346125999]]}