{"translation": [[3402.5511116000125], [2080.656197500415], [20.666789]], "rotation": [[0.51664920140012, 0.85603532997178, 0.016649357944219827], [-0.85619659746478, 0.5165746666844401, 0.0088365621068201], [-0.0010362285377798252, -0.018820525503819904, 0.99982234125932]]}