{"translation": [[3405.3067994000157], [2109.0269945003092], [20.8948585]], "rotation": [[-0.20640631456467995, -0.9782751424927, -0.01934296454686], [0.9784625910127, -0.2064200066445, -0.0013077591600999978], [-0.0027134268531399993, -0.0191962972001, 0.99981205207982]]}