{"translation": [[3394.193357900076], [2105.00341080036], [20.8483132]], "rotation": [[-0.42816323394729994, -0.90345101988426, -0.02126936115478], [0.9036608159969399, -0.4282483460375399, -0.0006080288742600012], [-0.008559245620180001, -0.01948062466806, 0.9997735966502]]}