{"translation": [[3389.783360100002], [2102.6814125003293], [20.8445216]], "rotation": [[-0.4676371329997002, -0.8837623123964601, -0.01672498058911983], [0.8838952482025401, -0.4676832090342602, -0.0012822409297601036], [-0.006688796081119828, -0.015382754125759898, 0.9998593055456]]}