{"translation": [[3416.8494371999986], [2110.4101419001818], [20.9086226]], "rotation": [[0.0768130965534003, -0.9968872865097799, -0.01775905762833986], [0.9970393364306599, 0.07686285700406026, -0.0021355943867801454], [0.003493958011780136, -0.01754243850333985, 0.9998400147479001]]}