{"translation": [[3419.361894499976], [2110.0784298004583], [20.9042537]], "rotation": [[0.22173166682814016, -0.9749015064943, -0.02005707283604], [0.9750923978245399, 0.2217968852309401, -0.0010597182433999975], [0.0054817187446, -0.019322523983959998, 0.99979827508824]]}