{"translation": [[3408.3896536999964], [2109.6671099998057], [20.9064012]], "rotation": [[-0.16079006963322018, -0.9868249091272201, -0.017980090755480002], [0.9869880741751802, -0.16074284615482015, -0.0040509592502800005], [0.001107417487079999, -0.01839748789732, 0.9998301386159599]]}