{"translation": [[3398.4931434000027], [2106.932273199782], [20.8637264]], "rotation": [[-0.34697237883218013, -0.93756197882634, -0.02423570436192], [0.9378182252922599, -0.34712020711762015, 0.002050186014239997], [-0.010334883470880001, -0.02201732981664, 0.9997041698912]]}