{"translation": [[3391.489874300023], [2073.7063604006544], [20.6578426]], "rotation": [[0.52031156429294, 0.85376988752724, 0.01878705620354], [-0.85397425580436, 0.5202353979366, 0.009121372636680001], [-0.001986140090860001, -0.020789616810120003, 0.9997818997787]]}