{"translation": [[3404.6344498000108], [2108.8687269007787], [20.893046]], "rotation": [[-0.21798461146762038, -0.9757460038102401, -0.02006349928378], [0.9759437573226402, -0.21802244398864035, -0.0003086342646399995], [-0.004073143519580002, -0.01964812358696, 0.99979866010998]]}