{"translation": [[3403.2363919001073], [2081.0834659999236], [20.6686706]], "rotation": [[0.5165068010239, 0.85611557063748, 0.016937000557439824], [-0.8562811305788399, 0.5164468982775998, 0.008076784929480097], [-0.0018324001867198242, -0.018674548247159903, 0.99982393628086]]}