{"translation": [[3397.0703994000214], [2106.344072200358], [20.8575111]], "rotation": [[-0.3779234076725002, -0.9255255349452, -0.02401123084109989], [0.92577831966744, -0.3780642268304003, 0.0014492583679201632], [-0.010419111086580116, -0.021681367126799835, 0.99971063837326]]}