{"translation": [[3415.4875131999725], [2110.454780300148], [20.9120353]], "rotation": [[0.014954208573680017, -0.99971027136412, -0.01885773289996], [0.9998837457902799, 0.015007232155979988, -0.0026733891550599995], [0.0029556159167599995, -0.01881556361774, 0.9998186029856599]]}