{"translation": [[3403.310722000024], [2108.5229107001796], [20.8850871]], "rotation": [[-0.24186990620913995, -0.9700718222921401, -0.02144327366274], [0.9702944626505401, -0.24192737309572, 8.846705357999814e-05], [-0.0052735320486600006, -0.02078489046222, 0.9997700626775801]]}