{"translation": [[3404.5356962999795], [2081.896828999743], [20.6714902]], "rotation": [[0.5156549153415, 0.85663260777442, 0.0167503029644399], [-0.8567952201308999, 0.51558752776014, 0.008452280471079826], [-0.0013957480598000976, -0.018710039602199822, 0.9998239776588]]}