{"translation": [[3415.9232066000113], [2110.4513365998864], [20.9084711]], "rotation": [[0.034300010386999924, -0.99924915023642, -0.01801695688505972], [0.9994093641817401, 0.03433218841675989, -0.0014796356521800044], [0.0020970859438199946, -0.01795556425193972, 0.9998365866166]]}