{"translation": [[3411.1175028000143], [2110.106576400809], [20.9114328]], "rotation": [[-0.11917042735090011, -0.9927334330148402, -0.016695657452520003], [0.9928668008410803, -0.11908952567770015, -0.005762414364960001], [0.0037322634956400017, -0.017263273336320002, 0.99984401263576]]}