{"translation": [[3393.4381899000145], [2104.6206924999133], [20.8447073]], "rotation": [[-0.43770448161105957, -0.8988889034462598, -0.0203370527254], [0.8990830260580999, -0.4377771696546596, -0.0009652262272399972], [-0.008035465548759998, -0.0187071822742, 0.99979271483384]]}