{"translation": [[3390.4983443000237], [2103.0714674005285], [20.8443305]], "rotation": [[-0.46284401402100006, -0.88625924065448, -0.017885806753639828], [0.8864118241526799, -0.46289525414292, -0.0014095160197601046], [-0.0070300591037598305, -0.0165065771023599, 0.99983904263292]]}