{"translation": [[3382.0640300000086], [2067.7678252002224], [20.6643732]], "rotation": [[0.52070161062134, 0.8534908436164601, 0.02057109568206], [-0.8537259637016601, 0.5206743417201201, 0.007082809606620002], [-0.00466572784986, -0.02125010948478, 0.99976330389222]]}