{"translation": [[3407.778536800004], [2109.551932499744], [20.9060184]], "rotation": [[-0.16931906815183984, -0.9853877047892399, -0.01849940005883987], [0.9855607492683598, -0.16926856994649975, -0.004273653886479848], [0.0010798397715598707, -0.018955892649679847, 0.9998197378007]]}