{"translation": [[3404.0038487000274], [2108.7081631999463], [20.8887199]], "rotation": [[-0.2291551841450402, -0.9731740967760799, -0.020495897893960002], [0.97337823306184, -0.2292047409926402, 7.06752392799978e-05], [-0.004766536250680001, -0.01993406525624, 0.99978993452376]]}