{"translation": [[3411.652663799934], [2110.179120999761], [20.9117422]], "rotation": [[-0.10883622961139983, -0.99391921684052, -0.01671087345575985], [0.9940549259392799, -0.10876829514179986, -0.004924424951240134], [0.003076867299640151, -0.017147482041839864, 0.99984823685676]]}