{"translation": [[3378.307755900023], [2065.403001599945], [20.6743173]], "rotation": [[0.5185937696463202, 0.8547535072707196, 0.0213762926956799], [-0.8550076078275196, 0.5185623774418402, 0.007419788140319826], [-0.0047428512595200974, -0.022124748753119823, 0.99974396765152]]}