{"translation": [[3418.9646297], [2110.155350700021], [20.9051158]], "rotation": [[0.19607977715270009, -0.9803812513960599, -0.02013318657411987], [0.9805718874324199, 0.1961527778351001, -0.0016981229507601545], [0.0056139885780401265, -0.019409068896519843, 0.9997958647556401]]}