{"translation": [[3388.278195300023], [2101.842892999761], [20.8477425]], "rotation": [[-0.47723144803572004, -0.8786163590438, -0.01682975681816], [0.8787555023188, -0.4772675605482001, -0.0020603097286000004], [-0.006222076693160001, -0.015772487196400002, 0.99985624686252]]}