{"translation": [[3397.8418267000234], [2077.7010599998757], [20.6553848]], "rotation": [[0.5183536841854401, 0.85499028543432, 0.017347959756639997], [-0.8551652816721599, 0.5182771753509401, 0.008999573181419997], [-0.0012965019680799984, -0.01950033609486, 0.99980900972534]]}