{"translation": [[3379.088129199983], [2065.8933123005554], [20.671418300000003]], "rotation": [[0.51905019577356, 0.8544672508311799, 0.02173826204958], [-0.8547297333628199, 0.51901932783516, 0.007480691662219998], [-0.00489057107642, -0.022463194323779998, 0.9997357086663601]]}