{"translation": [[3387.1663118000142], [2070.9845532001927], [20.6628733]], "rotation": [[0.5208281935715, 0.8534449901877201, 0.01922591192604], [-0.8536562936997201, 0.5207716925586199, 0.008232292551840003], [-0.0029865017600399987, -0.02069993085216, 0.99978127291288]]}