{"translation": [[3376.0780990999774], [2064.005810400471], [20.6795349]], "rotation": [[0.5165119739967201, 0.8560135497205201, 0.021355739426480003], [-0.8562684865582801, 0.51647319147952, 0.007720465946280001], [-0.004420841409680002, -0.02227396152708, 0.9997421301202399]]}