{"translation": [[3405.151175600011], [2082.2807072997093], [20.6741429]], "rotation": [[0.515405899607, 0.8567882055619, 0.0164534699118999], [-0.8569446984049001, 0.51534563839788, 0.008040153621019827], [-0.001590514966100097, -0.018243656556019824, 0.99983230556588]]}