{"translation": [[3385.0071974999737], [2069.624087500386], [20.6605753]], "rotation": [[0.5209871321310002, 0.8533603712942198, 0.018668110476539997], [-0.8535567140902197, 0.5209513866511802, 0.0071135131252599995], [-0.003654788048540001, -0.019640339662739998, 0.9998004298798201]]}