{"translation": [[3392.7382963000564], [2104.2619192004204], [20.8443622]], "rotation": [[-0.4454578957107397, -0.8950831878464, -0.019832730788299998], [0.8952676984808, -0.44552747031011963, -0.0010042321331199984], [-0.007937155201099999, -0.01820294646512, 0.99980280771038]]}