{"translation": [[3391.2696203999803], [2103.486340799369], [20.84556]], "rotation": [[-0.4573760324803202, -0.8890790741216, -0.01859063498799983], [0.8892508054784, -0.45741353149600017, -0.0024316659304001054], [-0.006341664307999831, -0.017643922530399897, 0.99982422219968]]}