{"translation": [[3407.1542234999943], [2109.423834799789], [20.9017667]], "rotation": [[-0.17832950089306032, -0.98379661496818, -0.018512781078580003], [0.98396890837562, -0.17826086563396037, -0.005307043756820002], [0.0019209466946199984, -0.01916240435062, 0.9998145389069399]]}