{"translation": [[3417.771458000003], [2089.3683503000066], [20.7141952]], "rotation": [[0.32300622155448, 0.94633252523328, 0.01102799826244], [-0.9462891518979201, 0.32277182779488, 0.018843363955440003], [0.01427256320316, -0.016522198717040002, 0.9997616270133599]]}