{"translation": [[3432.5293547000038], [2085.691549099982], [20.7475422]], "rotation": [[-0.71959953625972, 0.69424884252788, 0.013975636708759924], [-0.6943760190129199, -0.71956520973882, -0.008253454179939813], [0.004326429530840075, -0.015643526930659814, 0.9998682723704599]]}