{"translation": [[3414.354137199989], [2087.834126500413], [20.7020853]], "rotation": [[0.45606722380333997, 0.88985364197706, 0.012769560432099897], [-0.8898922189359, 0.45583643816253994, 0.017460203612939828], [0.009716197342939898, -0.019326559265099828, 0.99976601240684]]}