{"translation": [[3407.064592299983], [2083.4723680997267], [20.683627]], "rotation": [[0.51381384072688, 0.8577254811402, 0.0173864463075599], [-0.8579013039642001, 0.513727019222, 0.009479177401599828], [-0.0008013544275600991, -0.019786388010399825, 0.99980390910488]]}