{"translation": [[3434.6703093000106], [2083.2393169999123], [20.7415638]], "rotation": [[-0.7938403065196998, 0.60806288095038, 0.00877297141746], [-0.60812323358238, -0.7937090800070798, -0.014556564635859998], [-0.0018881192964599995, -0.01689063666686, 0.9998555602623801]]}