{"translation": [[3415.852815900056], [2088.5774475997314], [20.7089982]], "rotation": [[0.41009569045694005, 0.91195933529022, 0.0123130896712], [-0.9119780615949, 0.40986893739070007, 0.0174179801184], [0.01083773822528, -0.01837230630096, 0.9997724749958]]}