{"translation": [[3435.9655541999964], [2081.5439395997673], [20.734460100000003]], "rotation": [[-0.81328744134304, 0.5818447181812, 0.004501994266800129], [-0.5818366254308, -0.81315499354642, -0.01565579929001975], [-0.005448425005199748, -0.01535209004501987, 0.99986730519438]]}