{"translation": [[3425.4615285999025], [2089.867346400395], [20.7214127]], "rotation": [[-0.23863599731610008, 0.97097153871654, 0.01634178255697972], [-0.97108523437966, -0.23871420317844005, 0.0029864419494600343], [0.006800766464579967, -0.015156591574339719, 0.9998620041278999]]}