{"translation": [[3431.63781450002], [2086.5427246997133], [20.746171]], "rotation": [[-0.6732433397893801, 0.7392565736015801, 0.015589293595979735], [-0.7393759245931801, -0.6732853333443601, -0.0031629561536198987], [0.008157807300379898, -0.013655788021979736, 0.9998734768090201]]}