{"translation": [[3420.162425799994], [2090.0193533999845], [20.7251853]], "rotation": [[0.17154633665509988, 0.9850869057928201, 0.01324952276536], [-0.98504147802462, 0.17128515251061982, 0.01883057378496], [0.01628030678624, -0.01628164529544, 0.99973489466348]]}