{"translation": [[3408.2887774999836], [2084.234810599126], [20.688429100000004]], "rotation": [[0.5121511142936002, 0.8587093405848, 0.0178713537511999], [-0.85889424404208, 0.5120071604466401, 0.012215806654799828], [0.001339568537439901, -0.021605943007919827, 0.9997656669068]]}