{"translation": [[3436.4173227000283], [2080.9386732000858], [20.737707500000003]], "rotation": [[-0.8180163320507402, 0.5751589725703, 0.006433548559320001], [-0.57518142832218, -0.8178692262429001, -0.01600646927876], [-0.003944463011, -0.016794011355000003, 0.9998511901229999]]}