{"translation": [[3444.8419214999885], [2068.0463505992666], [20.7036617]], "rotation": [[-0.8652183791282001, 0.5012452303256401, 0.01224788754528], [-0.50138381317968, -0.8651032157026001, -0.014502873498040001], [0.0033261922568399984, -0.01868904850688, 0.9998198117039601]]}