{"translation": [[3424.9964374000556], [2089.97478769999], [20.720579500000003]], "rotation": [[-0.20228209944690012, 0.9791690147695601, 0.01761039535778], [-0.97927831766924, -0.20241922870116014, 0.0063691189519599995], [0.00980112505538, -0.01595711905484, 0.9998246387834999]]}