{"translation": [[3444.4089265000075], [2068.765921700746], [20.7069091]], "rotation": [[-0.8635269095723598, 0.50416371475902, 0.011836840434179808], [-0.5042941409176199, -0.8634107880518798, -0.014460848716020052], [0.0029294209732198062, -0.01845658228961995, 0.99982537127852]]}