{"translation": [[3424.5320254000835], [2090.066010899842], [20.7173989]], "rotation": [[-0.16597833224849978, 0.9859549981898399, 0.01854826962538], [-0.98603072240504, -0.1661985076060798, 0.01102606457784], [0.01395389676822, -0.01645907564696, 0.9997671667015801]]}