{"translation": [[3443.0367050999776], [2071.0012124003842], [20.7104242]], "rotation": [[-0.8590316840700197, 0.51185850793152, 0.008089040267279808], [-0.5119211649955201, -0.8588873315659398, -0.015788332899720054], [-0.0011338183087201926, -0.017703629126279947, 0.99984263560408]]}