{"translation": [[3450.3383099000202], [2058.6313419006765], [20.691522]], "rotation": [[-0.8712112474367999, 0.49084318273631994, 0.00799455553344], [-0.49090828314527996, -0.8710964514348999, -0.014142505271359997], [2.2276698240000434e-05, -0.016245703348159998, 0.9998680296044601]]}