{"translation": [[3435.1107083000243], [2082.6743486998603], [20.7371007]], "rotation": [[-0.8021064038530598, 0.59714961571, 0.006138833089179999], [-0.5971703507483199, -0.8019876167177997, -0.01426417655224], [-0.0035945794505, -0.0151073162072, 0.9998794167287001]]}