{"translation": [[3421.643212200026], [2090.2006785999984], [20.7281699]], "rotation": [[0.0591638412190999, 0.99798884839928, 0.02275863588796], [-0.9981529291772, 0.05882764985015998, 0.01516887448372], [0.013799529404200001, -0.0236140477006, 0.9996259049075]]}