{"translation": [[3426.9371951000066], [2089.424362999387], [20.7222162]], "rotation": [[-0.3534145054370005, 0.9353549178645001, 0.014472887329499837], [-0.93542618048754, -0.3535011512701004, 0.003859586741219884], [0.00872626491977984, -0.012174283470299885, 0.99988781327246]]}