{"translation": [[3430.719380000024], [2087.2969742007554], [20.7363945]], "rotation": [[-0.6200691692281802, 0.7844606024323199, 0.011646704386680001], [-0.7845195551740799, -0.6201034035725802, -0.0008327923035200014], [0.006568869081720001, -0.009653456638879999, 0.9999318280402401]]}