{"translation": [[3438.5836664000526], [2077.876395200379], [20.7279911]], "rotation": [[-0.8356606507600002, 0.5491948645015999, 0.007486637643199999], [-0.5492418103064, -0.8355242627308801, -0.015245077338400002], [-0.0021172504527999995, -0.0168516876536, 0.99985575852512]]}