{"translation": [[3433.4040432000184], [2084.7543965997174], [20.7462471]], "rotation": [[-0.7572581254878601, 0.65297372874748, 0.01360667537781993], [-0.6531125822757201, -0.75715248372456, -0.012797341422279812], [0.0019460016356200706, -0.01857758434107981, 0.99982552798374]]}