{"translation": [[3417.271683799976], [2089.1862068995833], [20.7126896]], "rotation": [[0.3486928227899001, 0.93718117073236, 0.01023626592272], [-0.9371187685819599, 0.3484544875735801, 0.019695081781359997], [0.01489098676208, -0.01646013060904, 0.9997536309603201]]}