{"translation": [[3439.471276699973], [2076.572729700245], [20.7238552]], "rotation": [[-0.84183996616932, 0.5396581740074199, 0.008636744885859998], [-0.5397272008562198, -0.8417407852213, -0.012925398351740003], [0.00029460338726000103, -0.01554260253686, 0.99987916305902]]}