{"translation": [[3472.5480251000263], [2040.6608472000808], [20.6798168]], "rotation": [[0.87243996301752, -0.48862308185192, -0.009797612423719806], [0.48871479239048005, 0.87235647076742, 0.01233036923932005], [0.002522107532119807, -0.015545745024919951, 0.99987597670094]]}