{"translation": [[3423.064905699983], [2090.2087248004973], [20.7316658]], "rotation": [[-0.05175838937098032, 0.9984022849678401, 0.022672511885400003], [-0.9986045524278401, -0.05198074507048034, 0.009329862118199998], [0.0104934881994, -0.0221579743602, 0.9996994102754999]]}