{"translation": [[3407.6558211999945], [2083.840641999617], [20.6854094]], "rotation": [[0.5129682052555, 0.8582283762491999, 0.017539218403199996], [-0.8584075778747998, 0.51286147751438, 0.010463493796079998], [-1.5121267199999858e-05, -0.020423238136079998, 0.99979142379488]]}