{"translation": [[3448.959657099971], [2061.0129709010944], [20.6876996]], "rotation": [[-0.8718563563348797, 0.48967378096504, 0.00926063464143995], [-0.48975838495696, -0.8717609186948198, -0.013011618549019806], [0.0017016118565600508, -0.015879738294979805, 0.9998724610703]]}