{"translation": [[3416.315019199974], [2088.7879520999268], [20.7105893]], "rotation": [[0.39190749961062, 0.9199304851833999, 0.011678854717240165], [-0.9199165181246, 0.3916627240056, 0.01881201123979989], [0.012731570947239833, -0.01811613964420011, 0.99975482623398]]}