{"translation": [[3443.939957000024], [2069.536658000201], [20.7104569]], "rotation": [[-0.8621039228781598, 0.5066086497574, 0.01116011701328], [-0.5067281040882801, -0.8619702620579999, -0.01529515982696], [0.0018710285575999994, -0.0188411618012, 0.9998207388720001]]}