{"translation": [[3472.165485500009], [2041.3186479005963], [20.6806353]], "rotation": [[0.87312016384368, -0.4873976269243199, -0.010234940255759998], [0.4874981511784799, 0.8730272317659801, 0.013001017347339997], [0.0025987171953599985, -0.01634096456894, 0.99986310041366]]}