{"translation": [[3473.338085299998], [2039.3108530994505], [20.684523]], "rotation": [[0.8706334598399, -0.49180587445372, -0.011150997214260001], [0.49192220994043995, 0.87053694612344, 0.013339755189480003], [0.00314678460882, -0.01709946063516, 0.9998488416626999]]}