{"translation": [[3427.438723200059], [2089.2247358998284], [20.723805]], "rotation": [[-0.39165452358052044, 0.9200042640795201, 0.014102171251999834], [-0.9200804483204801, -0.39172255301602044, 0.002322299672499888], [0.007660664259999835, -0.01206559293549989, 0.99989786262846]]}