{"translation": [[3441.0944119999767], [2095.2957153003663], [20.803667]], "rotation": [[0.8743602999647999, -0.48523960084039996, -0.006049971291599806], [0.48527642194872, 0.8743146556260599, 0.008982415678400048], [0.0009309549010398069, -0.010789776041279949, 0.9999413553098999]]}