{"translation": [[3465.0827993000275], [2053.700696299784], [20.6653142]], "rotation": [[0.87741265417548, -0.47960599243577995, -0.01118604991622], [0.47972918505218, 0.87728895375366, 0.014966697454380002], [0.00263528029038, -0.01849824432778, 0.9998254198891801]]}