{"translation": [[3432.8923606000026], [2109.754662499763], [20.913997]], "rotation": [[0.8834395744596601, -0.46829792307995977, -0.01521700990134], [0.46835902915355976, 0.8835380791482801, 0.0005161315125200012], [0.01320310424394, -0.007582995476679998, 0.99988408138238]]}