{"translation": [[3455.261817599996], [2070.766442500055], [20.6453321]], "rotation": [[0.87377729202222, -0.4862527393115799, -0.00845613682672], [0.48632324309161995, 0.8737010348758201, 0.01167020439968], [0.0017134663395200005, -0.014309575600479999, 0.99989614464204]]}