{"translation": [[3461.082850100007], [2060.667188900523], [20.6489094]], "rotation": [[0.8756952894466401, -0.48275887373952003, -0.010081803858799806], [0.4828570665168, 0.8756045513496, 0.01287384489600005], [0.0026127108695198067, -0.01614163539935995, 0.9998663017436]]}