{"translation": [[3434.8102782000788], [2106.3167637996376], [20.8805784]], "rotation": [[0.8811763865742, -0.47259284983113997, -0.01357049435458], [0.47268407025914, 0.8812211439958201, 0.004364560502539999], [0.009895946230579999, -0.01026050454946, 0.9998983909783801]]}