{"translation": [[3438.2071781000122], [2100.327778699808], [20.8274369]], "rotation": [[0.8768253035083999, -0.48077449583836, -0.00576911791012], [0.48079957609988005, 0.8768203549412601, 0.00422424265474], [0.0030275720083600003, -0.00647771218882, 0.9999744362007]]}