{"translation": [[3454.797045700019], [2071.570323799737], [20.6512847]], "rotation": [[0.87367714266846, -0.4864165013884801, -0.009340847536060001], [0.48650367714704007, 0.87357319843776, 0.013566612770880001], [0.0015608901658199998, -0.016397195999840002, 0.99986433859806]]}