{"translation": [[3444.873286999995], [2088.7533627999946], [20.7482276]], "rotation": [[0.8736345484428799, -0.48657466491264006, -0.0027915967144], [0.48657951142464, 0.87359381320888, 0.0086168655558], [-0.00175402646, -0.008886325191, 0.99995897747]]}