{"translation": [[3449.9059024999733], [2080.024889100343], [20.6724446]], "rotation": [[0.8725323724165399, -0.48853767622792005, -0.00426401897433995], [0.4885551028558401, 0.8725162238456, 0.005416130031279808], [0.001074441952420051, -0.006808957102239807, 0.9999762415551]]}