{"translation": [[3429.900910699973], [2115.180153200403], [20.9660332]], "rotation": [[0.88533617278278, -0.46442192024879997, -0.022184333086379997], [0.46461929370359994, 0.88549929839276, 0.004461831359199999], [0.017572039165619998, -0.014257489720399998, 0.99974394093398]]}