{"translation": [[3451.2246318000252], [2077.736937000416], [20.6636275]], "rotation": [[0.8725893425717599, -0.48836569164627996, -0.00931545255532], [0.48844437889988, 0.8725354569795799, 0.01019569675942], [0.0031488338429199996, -0.01344673693318, 0.9999046305031799]]}