{"translation": [[3426.9696153000114], [2120.555318799801], [20.984677]], "rotation": [[0.8849304551000601, -0.46522425133272, -0.021552227191939805], [0.46554211943184004, 0.8849290394853999, 0.013082163396720045], [0.012986052515419807, -0.021610273856159948, 0.9996821287487]]}