{"translation": [[3430.3723388999933], [2114.3199316998944], [20.958606600000003]], "rotation": [[0.88501405956942, -0.46507227701141995, -0.021398211767539952], [0.46523842522198, 0.88517932793052, 0.0032797957253398076], [0.01741591250574005, -0.012857936010139806, 0.99976565226894]]}