{"translation": [[3426.4594359999755], [2121.4862216999754], [20.984974800000003]], "rotation": [[0.8845271235158, -0.46596507380096003, -0.022098248803279805], [0.4663304943892, 0.8844682524263, 0.015868059046300047], [0.012151238835199807, -0.02434081536921995, 0.99962986757574]]}