{"translation": [[3461.9805853000144], [2059.109533400275], [20.6537693]], "rotation": [[0.8759879266898801, -0.48220406220167983, -0.01115407003163995], [0.4823275762486798, 0.8758538972038001, 0.015494468418959809], [0.002297840757360051, -0.018952882569959806, 0.99981773748892]]}