{"translation": [[3440.6351065000053], [2096.094406399876], [20.8102484]], "rotation": [[0.8747743190619, -0.48448946752934, -0.006311302118320001], [0.48452987660506003, 0.87472094038494, 0.00969850992136], [0.00082180190888, -0.011542021952240002, 0.9999330509406]]}