{"translation": [[3462.445052700059], [2058.3018600996584], [20.6535567]], "rotation": [[0.8762384086417201, -0.4817548697983, -0.010885856941739807], [0.4818727236705, 0.876109626135, 0.015185730674500048], [0.002221404534739807, -0.018551917943099946, 0.99982543061772]]}