{"translation": [[3457.474026800017], [2066.928643000312], [20.6533658]], "rotation": [[0.8746728841263001, -0.4845175165531201, -0.01378847269916], [0.48470105729600005, 0.8745014030184599, 0.017668650965880002], [0.0034972678362000026, -0.022137577193800002, 0.9997488168504]]}