{"translation": [[3454.3673858999973], [2072.311022799462], [20.6564379]], "rotation": [[0.87349985350264, -0.48670716239315986, -0.010683978244199997], [0.48681963773459985, 0.8733781130325401, 0.014741620670340001], [0.0021563005071600022, -0.0180779738697, 0.99983425488094]]}