{"translation": [[3457.0437937000534], [2067.6764468997717], [20.6523519]], "rotation": [[0.87453943113726, -0.48476011768104005, -0.013726943845540001], [0.48494543924824, 0.87434518041228, 0.018666648448079998], [0.0029532412373400006, -0.02298153863032, 0.99973152760398]]}