{"translation": [[3439.6731052999967], [2097.769658200443], [20.8213992]], "rotation": [[0.8755673886315001, -0.4830172866163998, -0.008720380508299997], [0.4830936589651998, 0.8754766726140801, 0.01269285684616], [0.001503620329100001, -0.015326212090159998, 0.99988141614158]]}