{"translation": [[3459.747323700052], [2062.984090800397], [20.6535888]], "rotation": [[0.87520628299448, -0.48362637805204, -0.010931603432], [0.48374004605204, 0.87510924679448, 0.013393480634000001], [0.0030889070720000007, -0.017010112586, 0.9998505461999999]]}