{"translation": [[3449.0059589000884], [2081.5853166999295], [20.6955706]], "rotation": [[0.8727642122539999, -0.48810676841460005, -0.005864461875200001], [0.48814188493836, 0.8727091678387, 0.009807548460479999], [0.0003308384115199999, -0.0114223669104, 0.99993470790326]]}