{"translation": [[3435.7859306000173], [2104.5835852008313], [20.8724217]], "rotation": [[0.8798856757689201, -0.4750133785471398, -0.012785804347059998], [0.47511895267473986, 0.8798941058543001, 0.006952144114580001], [0.007947792198340001, -0.012191870232379998, 0.99989408983638]]}