{"translation": [[3427.4397971999715], [2119.695414000191], [20.9807865]], "rotation": [[0.8852736878763201, -0.4646173986543598, -0.020522303375319996], [0.46487201570963976, 0.88532287204278, 0.009869942484360003], [0.01358311739732, -0.018277845120359997, 0.9997406760191]]}