{"translation": [[3445.355810799985], [2087.918351500295], [20.744563]], "rotation": [[0.87356635768158, -0.48669652234724, -0.00288427171696], [0.48669991371235993, 0.87351449093342, 0.009779227225280001], [-0.0022400626366399995, -0.009946578700480001, 0.999948022496]]}