{"translation": [[3470.5196352999774], [2044.1699622999877], [20.6784188]], "rotation": [[0.87542489761916, -0.48325454240618, -0.0098126265187], [0.48335100403549996, 0.8753120925054, 0.014161192434099999], [0.0017456498148199998, -0.017140003415259997, 0.9998515754749999]]}