{"translation": [[3462.8734198000166], [2057.5581788998097], [20.6560814]], "rotation": [[0.87644111464832, -0.48139019350896, -0.01069735927568], [0.48150450946896, 0.8763128930561399, 0.015136054679459998], [0.002087884844320001, -0.01841668763946, 0.99982821840782]]}