{"translation": [[3445.798850100022], [2087.1503355996683], [20.7404492]], "rotation": [[0.8734384729453399, -0.48691995869922, -0.0037677308957999997], [0.4869309670755, 0.8733763014263, 0.010586661919799999], [-0.00186420993228, -0.01108142265396, 0.9999368614054]]}