{"translation": [[3453.905230299977], [2073.112203700468], [20.6573711]], "rotation": [[0.87334919492988, -0.48700045637282, -0.009578588773139808], [0.48709385910642006, 0.8732142460298999, 0.015377357281340053], [0.0008753805086598081, -0.01809547426313995, 0.9998358802990199]]}