{"translation": [[3436.762266399979], [2102.860318900086], [20.8615424]], "rotation": [[0.8784908597054001, -0.47763314477359997, -0.010971014989999951], [0.47772458544136, 0.8784718384343001, 0.008150109260019807], [0.005744964848480049, -0.012400920520299806, 0.9999066019032601]]}