{"translation": [[3442.050575100002], [2093.641765899956], [20.7875341]], "rotation": [[0.8739467258476401, -0.48600460269207996, -0.004080024461599999], [0.48602153329039993, 0.8739080591159001, 0.008232463036700001], [-0.00043544866791999986, -0.00917771386106, 0.9999577890855]]}