{"translation": [[3428.922640200064], [2116.9745422005653], [20.9751517]], "rotation": [[0.88569483561212, -0.46374131085543974, -0.022105543131919998], [0.4639810733994398, 0.8858171309153401, 0.007040906532460001], [0.01631630957608, -0.016492648173459995, 0.99973084907822]]}