{"translation": [[3434.3021759000258], [2107.2219342002645], [20.8884111]], "rotation": [[0.8818549408926, -0.47131136243148, -0.014051983330639999], [0.4713830595164, 0.88192603649916, 0.00211488010548], [0.011396042887799999, -0.008488884490000001, 0.9998990294238]]}