{"translation": [[3428.415919900057], [2117.9055022001266], [20.9799899]], "rotation": [[0.8856824890799999, -0.4637861746724, -0.021653982619200002], [0.4640341774044, 0.8857808196914999, 0.0080376567496], [0.015452927915200003, -0.0171670005576, 0.9997332149474999]]}