{"translation": [[3430.8833872000105], [2113.388222099282], [20.9522562]], "rotation": [[0.8847493724444, -0.4656233107104, -0.020334273459199952], [0.46575729987647996, 0.88490988124984, 0.002154499917599806], [0.01699081415936005, -0.011377028663519806, 0.9997909158704]]}