{"translation": [[3437.231888599985], [2102.0334824007004], [20.8476847]], "rotation": [[0.8778354578577601, -0.47888656642764, -0.0085184851426], [0.4789354610554, 0.87783574734726, 0.0050223489776400005], [0.00507269530236, -0.0084886006354, 0.99995110451526]]}