{"translation": [[3437.739902500005], [2101.1418767999858], [20.835609100000003]], "rotation": [[0.87742839797502, -0.47966907484164, -0.0060808118835199996], [0.47968992870404004, 0.87743440568574, 0.00253519720416], [0.00411945779328, -0.00514135833376, 0.99997829801472]]}