{"translation": [[3427.9484072999912], [2118.764136799611], [20.9827354]], "rotation": [[0.8855816906331799, -0.46401865566792, -0.02077886818501995], [0.46426108538928, 0.88565591489968, 0.008674672835279805], [0.014377717624220047, -0.017328951144479805, 0.99974646220886]]}