{"translation": [[3387.720037400082], [2159.45576430019], [20.8624835]], "rotation": [[-0.85160397057642, 0.52417118329252, 0.003887458849599999], [-0.52408986064252, -0.85128328306192, -0.025425467677399997], [-0.010017968970399999, -0.0236898087926, 0.9996691618895001]]}