{"translation": [[3388.134589000023], [2158.799915799871], [20.8592641]], "rotation": [[-0.8515921837818601, 0.5241918129671601, 0.003655997554300139], [-0.5240903487482, -0.8512403508619601, -0.026811230002839758], [-0.010942095270339753, -0.024748311527799865, 0.99963382874054]]}