{"translation": [[3376.1916860999772], [2178.0223070997745], [20.9122089]], "rotation": [[-0.8698036578301599, 0.4932577341788799, 0.0117619528926], [-0.49339587835759996, -0.8696218869576999, -0.017838721581000003], [0.00142936449612, -0.02131948499916, 0.9997716921723]]}