{"translation": [[3418.0007560999948], [2136.434921200387], [20.8741597]], "rotation": [[0.8721852141020001, -0.48906308991900005, -0.010499194191], [0.48917560401228, 0.87200194847846, 0.017883427184100003], [0.0004091931099600007, -0.020733610575780003, 0.9997849518427]]}