{"translation": [[3402.3554003000027], [2161.9012904996052], [20.9008948]], "rotation": [[0.84888183907406, -0.52852180088172, -0.0080199243795], [0.5285766377802, 0.8487021389852, 0.017646732473399998], [-0.0025201562032200007, -0.01921913543196, 0.9998121191671]]}