{"translation": [[3389.7044055999722], [2156.3266329001635], [20.8456605]], "rotation": [[-0.8510209784579998, 0.5251250283179199, 0.00261333498156], [-0.5250015217219199, -0.8506890207748199, -0.02648438812676], [-0.011684480103559998, -0.02391077704476, 0.99964581109182]]}