{"translation": [[3409.2142223999836], [2151.069762200117], [20.8868515]], "rotation": [[0.8596011552178999, -0.5108513702612799, -0.010803571713139998], [0.5109652275476798, 0.8594337446899201, 0.016975288507359996], [0.0006131041803399996, -0.020112227249439996, 0.99979754070398]]}