{"translation": [[3407.6665165000013], [2153.567474500276], [20.8824693]], "rotation": [[0.85689612191, -0.5154300191778, -0.007804815131399999], [0.5154868127561999, 0.85674891052118, 0.0159572469921], [-0.001538077799399999, -0.017696982440099998, 0.9998422131071799]]}