{"translation": [[3411.846960099996], [2146.7884214008227], [20.8695391]], "rotation": [[0.8636647735648, -0.5040205164688799, -0.006816068934959999], [0.50405646108792, 0.8634826592586999, 0.01802115655476], [-0.003197476005359999, -0.01899992174964, 0.99981437231854]]}