{"translation": [[3381.922605299973], [2168.650807299651], [20.8979484]], "rotation": [[-0.8559580287805602, 0.5169105037398799, 0.01179616534784], [-0.5170429479455599, -0.8556661278093002, -0.022401633063880003], [-0.0014860596539199994, -0.025273984797560003, 0.9996794572655]]}