{"translation": [[3380.183425400057], [2171.4432244999334], [20.9064256]], "rotation": [[-0.8592346077004802, 0.51144217686368, 0.011962061171199946], [-0.51158199738368, -0.8590099380209802, -0.019649136121299808], [0.0002261314832000547, -0.023002789446699805, 0.9997353752795001]]}