{"translation": [[3393.44934240001], [2150.469143599272], [20.8208102]], "rotation": [[-0.8501670470555203, 0.5264615899867601, 0.007373686248759752], [-0.52646879273324, -0.8498299897253803, -0.02489545514887986], [-0.006840121218760137, -0.025047308791119754, 0.9996628657191]]}