{"translation": [[3393.0726895000553], [2151.0566087001935], [20.822365100000003]], "rotation": [[-0.8502133293935399, 0.5263999143009199, 0.0063804403260199994], [-0.52638257571092, -0.8498836513589199, -0.024888719596519997], [-0.007678787841019999, -0.02451926995652, 0.99966986634038]]}