{"translation": [[3417.4749173001037], [2137.335965000093], [20.8713295]], "rotation": [[0.8714969822684, -0.49034598299539994, -0.007336839902799999], [0.49040064399572, 0.87138471441816, 0.0139960784308], [-0.00046971062104000016, -0.01579553111272, 0.9998751324895999]]}