{"translation": [[3401.285099999979], [2163.5451499996707], [20.9026308]], "rotation": [[0.84723306152654, -0.53116560125432, -0.007697061512039945], [0.53121738402424, 0.8470816621031001, 0.016147752034079806], [-0.002057090719079944, -0.017769722267039805, 0.9998399898732001]]}