{"translation": [[3400.727262999979], [2164.3964766999707], [20.9039457]], "rotation": [[0.84636195916236, -0.53255353426306, -0.0076273273079], [0.5326059599851, 0.84623060450396, 0.014988805552940002], [-0.0015278633080600007, -0.0167483147653, 0.99985856979596]]}