{"translation": [[3386.5282147000544], [2161.3389619998634], [20.8743144]], "rotation": [[-0.85218381810256, 0.5232120979886798, 0.005618677485079943], [-0.5231741302238799, -0.85185043271208, -0.02528633337967981], [-0.008443842897879944, -0.024488154474879807, 0.9996644595855201]]}