{"translation": [[3425.480549599917], [2123.2680129008368], [20.974623]], "rotation": [[0.8835258847627799, -0.46791134874846, -0.020999216368679997], [0.46827363124866, 0.88339845173846, 0.018082260643639998], [0.01008977962572, -0.02580952508644, 0.99961595861468]]}