{"translation": [[3376.623166400066], [2177.2958131004125], [20.9132034]], "rotation": [[-0.8684607139521598, 0.4956211570621998, 0.011634310714199805], [-0.4957551804761998, -0.8682918278893799, -0.017198920617080053], [0.0015778290397998078, -0.02070435972707995, 0.99978439671222]]}