{"translation": [[3421.028927300009], [2131.1840824997053], [20.9160069]], "rotation": [[0.87610745882118, -0.48180108526018, -0.01741924466422], [0.48207603497157997, 0.8759275467056601, 0.01880491068958], [0.006197769650380001, -0.02487252303398, 0.99967141863548]]}