{"translation": [[3410.2654381999746], [2149.3712259000167], [20.8769494]], "rotation": [[0.8609907337604601, -0.5085786177975999, -0.006539118479919806], [0.50861882930608, 0.8608820374491001, 0.013748391057440053], [-0.0013627276780001927, -0.015163156018399947, 0.9998841041264]]}