{"translation": [[3403.9366712999763], [2159.4503151997924], [20.8963171]], "rotation": [[0.8512180479975, -0.5247669906098, -0.0068863879631], [0.5248070851166, 0.85107873552332, 0.01557213357628], [-0.0023108838703, -0.016869306418279998, 0.9998550326418201]]}