{"translation": [[3403.424500000023], [2160.2462840992957], [20.8985182]], "rotation": [[0.8504566467206, -0.52599365272748, -0.007359232160159998], [0.52604089331344, 0.8503104071414, 0.015911600078519997], [-0.0021117693013199992, -0.017403383161439998, 0.99984631952796]]}