{"translation": [[3418.4863439999754], [2135.5997205004096], [20.8775074]], "rotation": [[0.87267589389932, -0.48813514424192006, -0.012682390272439807], [0.48829811184308003, 0.87244804044252, 0.01998370633664005], [0.0013099761774398068, -0.02363208633163995, 0.9997198649668401]]}