{"translation": [[3404.999143199995], [2157.789753000252], [20.8950378]], "rotation": [[0.85277759157164, -0.5222141193053399, -0.007926082934779945], [0.52226983984722, 0.8526096746358, 0.01705834155893981], [-0.0021502507993399456, -0.01868652533057981, 0.9998230794638]]}