{"translation": [[3420.0213757000165], [2132.941110099666], [20.9060756]], "rotation": [[0.87476446220238, -0.4842338518262, -0.017456174026020004], [0.4845281502978, 0.87448937321496, 0.022378858632200002], [0.004428638058980002, -0.0280342378218, 0.99959715320358]]}