{"translation": [[3415.4298911999795], [2140.8101309994236], [20.8865095]], "rotation": [[0.8688936067916401, -0.4949103485079998, -0.009363098695039998], [0.4949969317049598, 0.8686812049505401, 0.0192619418179], [-0.0013993856359999978, -0.02137128305954, 0.99977062870254]]}