{"translation": [[3378.877994099981], [2173.5620870003477], [20.9183667]], "rotation": [[-0.8618937155776205, 0.5068994467853001, 0.013851033908679807], [-0.5070872086765001, -0.8616348305831405, -0.021157949127800058], [0.0012095818526798073, -0.025259589532999956, 0.9996801938584801]]}