{"translation": [[3410.8087567000184], [2148.484285099432], [20.8678038]], "rotation": [[0.8618644331407199, -0.50711383996756, -0.005027745330199999], [0.5071368939875599, 0.8617919858602201, 0.0112592140099], [-0.0013768320157999997, -0.012253671157099999, 0.9999239730555]]}