{"translation": [[3391.601289000013], [2153.3578574992716], [20.8367288]], "rotation": [[-0.8506653752211599, 0.5256743720014999, 0.005871961092260191], [-0.52562798843974, -0.8502903436110599, -0.02685433515909994], [-0.009123764301699807, -0.025930525811740053, 0.99962211093774]]}