{"translation": [[3405.5505848000175], [2156.9238336002454], [20.8946254]], "rotation": [[0.8535281434963801, -0.52097828729282, -0.0084463151115], [0.5210418639178199, 0.85333778629638, 0.0181660767335], [-0.0022565714185000005, -0.0199061414715, 0.999799306575]]}