{"translation": [[3397.254801300005], [2144.5421187998727], [20.7875079]], "rotation": [[-0.8500247208320999, 0.5267090284735, 0.0059373314033], [-0.5267299283689401, -0.8498725971882, -0.01648725995558], [-0.00363801321358, -0.017141951606899998, 0.99984644737494]]}