{"translation": [[3404.2885474999784], [2131.862374099903], [20.812937100000003]], "rotation": [[-0.97011620041794, 0.2420171762609998, 0.01739695678112], [-0.24232583502987978, -0.9700169714915999, -0.01859232902616], [0.012375677260800003, -0.022252447420399998, 0.9996757830735]]}