{"translation": [[3399.7429218000034], [2140.6220735991374], [20.8081483]], "rotation": [[-0.85320596030002, 0.52156842777824, 0.0024615019684599997], [-0.52152694793024, -0.8530555552896001, -0.01749161807648], [-0.00702327769454, -0.01620769154752, 0.99984397998542]]}