{"translation": [[3401.547017899982], [2120.834929799661], [20.799055]], "rotation": [[-0.7872742016088999, -0.6165820710629201, -0.005107739800839934], [0.61652563210468, -0.7870167083289, -0.02238422703963981], [0.009781836230359935, -0.02077157447083981, 0.99973639395824]]}