{"translation": [[3384.6486270999885], [2106.132957899943], [20.8206427]], "rotation": [[-0.5786434443265, -0.8154458578925999, -0.014814063108799822], [0.8155804060541999, -0.5785495357936199, -0.010424739657960091], [-6.986026159982311e-05, -0.018114270128039907, 0.9998359206888799]]}