{"translation": [[3395.58102719998], [2147.1520240996033], [20.8005801]], "rotation": [[-0.8494596590166806, 0.5275244418933599, 0.011671477552439998], [-0.5276488316763598, -0.8491507809722006, -0.023013780423120005], [-0.0022294873245599974, -0.025707719927880002, 0.99966701581948]]}