{"translation": [[3398.2302814000286], [2143.0002575004473], [20.8009534]], "rotation": [[-0.8509445739281999, 0.5252455707799201, 0.0032878395641600003], [-0.52517877168736, -0.8506957781216998, -0.02245747567218], [-0.00899873779368, -0.02083676608034, 0.99974239279494]]}