{"translation": [[3402.199595700018], [2136.626139400527], [20.8166385]], "rotation": [[-0.8764413123724999, 0.48138098187539996, 0.0110907001068], [-0.4815065020098, -0.8762747530448198, -0.017148558817280002], [0.0014635103243999994, -0.02036994933472, 0.99979143990368]]}