{"translation": [[3398.9532649000175], [2117.888239099644], [20.7905212]], "rotation": [[-0.6998287587015399, -0.7142623878844, -0.00828588954056], [0.71428191283144, -0.6996500384234399, -0.017055174709400003], [0.0063846467140000005, -0.01785416579356, 0.99982021634846]]}