{"translation": [[3392.0127565999865], [2111.7821835996583], [20.793716600000003]], "rotation": [[-0.6133792306688202, -0.7896860639805, -0.01273312007819982], [0.7897886047965, -0.6132909655988202, -0.01041363722580009], [0.0004143978018001787, -0.016443979495799912, 0.999864702766]]}