{"translation": [[3404.5593803999946], [2130.4955943003297], [20.8070605]], "rotation": [[-0.9918337906545, 0.12642740725558, 0.01679052768056], [-0.1267746678121, -0.9916977360231399, -0.02153748758608], [0.013928198960800001, -0.0234902206252, 0.9996270378614001]]}