{"translation": [[3404.6519440999837], [2128.6891187997535], [20.8049643]], "rotation": [[-0.9993657536301003, -0.03269918033600001, 0.014098324675800002], [0.03234813169344001, -0.9991775687649003, -0.02444776356992], [0.014886152264920002, -0.0239762043072, 0.99960169271544]]}