{"translation": [[3385.9332078999723], [2107.0823320001364], [20.8155959]], "rotation": [[-0.5849200352362602, -0.81098436194654, -0.013148275998660001], [0.8110907240077401, -0.5848311984086803, -0.010211116641420001], [0.0005915337468599992, -0.016637131742820003, 0.99986141836342]]}