{"translation": [[3392.552079199988], [2112.2163229007274], [20.7930178]], "rotation": [[-0.6166229725168999, -0.78715145610066, -0.01297664419212], [0.7872584081733, -0.6165409337965, -0.010058533717400002], [-8.30440841999994e-05, -0.01641829768012, 0.99986520720536]]}