{"translation": [[3403.960249200056], [2125.119043099694], [20.7954094]], "rotation": [[-0.9385823529573, -0.34492694210425984, 0.009426111220220001], [0.3446793591445398, -0.93848427867634, -0.02106367223146], [0.016111683395619997, -0.01652100235366, 0.999733699631]]}