{"translation": [[3387.8055440000026], [2108.49478450045], [20.8033517]], "rotation": [[-0.5938952359707402, -0.8044768435979198, -0.010281059788679998], [0.8045412730059199, -0.5938231693187203, -0.009360928568880001], [0.0014255194366799978, -0.01383094604088, 0.99990333174798]]}