{"translation": [[3404.638579100021], [2129.593202999793], [20.8071702]], "rotation": [[-0.9987759249378602, 0.04753619759954, 0.013676616462860001], [-0.047832921853339996, -0.9986074427285802, -0.022254776166019997], [0.01259966297434, -0.02288172618062, 0.99965877934172]]}