{"translation": [[3404.3607888999977], [2126.4564959006384], [20.7978543]], "rotation": [[-0.9730127799497998, -0.23045673182850002, 0.011670555042100022], [0.23010036722686, -0.9728214827561998, -0.025933775260019803], [0.017329976980019975, -0.0225484911268998, 0.99959553696636]]}