{"translation": [[3389.67439], [2109.9360852008685], [20.795834600000003]], "rotation": [[-0.6022035287552998, -0.7982688304446, -0.0108611160074], [0.79834196674756, -0.6021286151495998, -0.009561092245080002], [0.00109253373108, -0.014428606859, 0.9998953053624601]]}