{"translation": [[3401.181264600018], [2138.3481612000614], [20.8243979]], "rotation": [[-0.8598499936652999, 0.5103774715584999, 0.013156831169299998], [-0.5105429977316198, -0.8596600213776399, -0.018187148511100003], [0.0020280897603400013, -0.02235534453562, 0.9997480309859]]}