{"translation": [[3387.201363299915], [2108.036634400487], [20.805517]], "rotation": [[-0.5910890704902396, -0.80652951516208, -0.0111291495488], [0.8066056085823999, -0.5910142872164996, -0.009461002028299997], [0.0010530910100800001, -0.014569129293939997, 0.9998933100442999]]}