{"translation": [[3397.180813300016], [2116.180612099357], [20.7912287]], "rotation": [[-0.6675073030145802, -0.74452187685752, -0.011014988320240001], [0.7445986546239199, -0.6673774911237002, -0.013426932880640001], [0.00264549038696, -0.01716431982016, 0.9998491823868799]]}