{"translation": [[3395.9376744001056], [2146.5907325996086], [20.7983738]], "rotation": [[-0.8493993626881801, 0.52766162401406, 0.009706324802939807], [-0.52773606324894, -0.84909396776052, -0.023116248537980055], [-0.003955975839940193, -0.024757300798019945, 0.9996856637763]]}