{"translation": [[3394.202909299929], [2113.565525200218], [20.7927631]], "rotation": [[-0.6302860764336401, -0.77626369021198, -0.01240302530102], [0.77636115916538, -0.6301717788629201, -0.012106593662979998], [0.00158187152642, -0.01725984731138, 0.99984978638028]]}