{"translation": [[3395.2186972000054], [2147.7162897996604], [20.8052206]], "rotation": [[-0.8494997257001602, 0.5274513772209598, 0.012065365218239997], [-0.5275831565745598, -0.8491567187484802, -0.024273281195520004], [-0.002557590459839998, -0.02698562485632, 0.9996325499123201]]}