{"translation": [[3394.511027099972], [2148.8155364999548], [20.8118849]], "rotation": [[-0.8498979804733802, 0.52685207725866, 0.010011265955739944], [-0.5269260301366601, -0.8495402262234002, -0.025105313777819806], [-0.004721813446259945, -0.026612153308179808, 0.99963468214998]]}