{"translation": [[3403.1891469000257], [2123.389499700628], [20.7958294]], "rotation": [[-0.8807444071832999, -0.47357701210128, 0.0037160663433600007], [0.47339712317424, -0.8805804888627999, -0.02174563759948], [0.01357053094752, -0.017393176635639995, 0.9997566294145399]]}