{"translation": [[3404.1683882999932], [2132.289533600211], [20.8131922]], "rotation": [[-0.9613830361649799, 0.27467452701732, 0.01722407889978], [-0.27497522731332, -0.9612724491835599, -0.01854749876748], [0.01146250627578, -0.02256744456852, 0.99967960938142]]}