{"translation": [[3403.6083159000264], [2124.2525249999017], [20.7935098]], "rotation": [[-0.9107817243556001, -0.41282837008244005, 0.007037707326079999], [0.41264214087340007, -0.9106949276677001, -0.0190093182094], [0.0142567894264, -0.01440928375892, 0.99979453714854]]}