{"translation": [[3404.4551339001046], [2126.9225165992975], [20.79868]], "rotation": [[-0.9818585927992198, -0.18936734524639998, 0.009693198272540018], [0.1890727554392, -0.9816335284209998, -0.0254431679343998], [0.01433327209845998, -0.0231488703447998, 0.99962927486078]]}