{"translation": [[3402.673823499994], [2135.7714399006218], [20.8191955]], "rotation": [[-0.8888228400792401, 0.45806281912417984, 0.013120399397739999], [-0.4582365264722598, -0.8886560762193001, -0.01758966229562], [0.0036023535341800014, -0.02164634262514, 0.9997592004407]]}