{"translation": [[1627.8341965000145], [565.8251737998798], [22.0451863]], "rotation": [[-0.8612868793812201, 0.5080342835529, 0.00926372778318], [-0.5081177479130999, -0.8611060984591401, -0.017674274790900002], [-0.00100208446182, -0.0199296881199, 0.99980088184108]]}