{"translation": [[1638.9049761000206], [547.7661763001233], [22.0194322]], "rotation": [[-0.8595446702486801, 0.5108753733629801, 0.013760485633579945], [-0.51104631387182, -0.8594106651734801, -0.015652855582779804], [0.003829249490620054, -0.020486573679019807, 0.99978279498684]]}