{"translation": [[1604.4575600000098], [603.3907519998029], [22.2139312]], "rotation": [[-0.8558536225000001, 0.5171820227198, 0.0061007766286], [-0.5171887594706001, -0.8556202614916201, -0.02072781857408], [-0.005500107024199999, -0.02089523297392, 0.99976654177238]]}