{"translation": [[1633.3166599000106], [556.861415299587], [22.0190502]], "rotation": [[-0.86038215174088, 0.5095796169564, 0.008421965761119947], [-0.5096486407836001, -0.860239049642, -0.015709964853599805], [-0.0007605735611199474, -0.017808818906399803, 0.99984112111712]]}