{"translation": [[1641.1644613000099], [544.0842415001243], [22.0090607]], "rotation": [[-0.8588394588925801, 0.5120641269104801, 0.013604303925860001], [-0.5122166938443201, -0.8587676590420801, -0.01233408435176], [0.0053670942877400004, -0.017561350204640003, 0.9998313824213401]]}