{"translation": [[1635.5348801999935], [553.2395465997979], [22.0198574]], "rotation": [[-0.8600039908448398, 0.5102159289097199, 0.0085556643508], [-0.5102862077979999, -0.8598406941737998, -0.0168025152042], [-0.0012164032342799995, -0.018816064222959998, 0.9998222222598]]}