{"translation": [[3373.3566642000224], [2098.2865620991215], [20.8458893]], "rotation": [[-0.5406487604801006, -0.8411507417850602, -0.012825213397920001], [0.8412483460647001, -0.5405953549409006, -0.007617162716400002], [-0.0005260681188000004, -0.014907398125920002, 0.9998887401823601]]}