{"translation": [[1621.2652305000229], [576.5395251996815], [22.1094022]], "rotation": [[-0.8594276134650402, 0.5111555822418399, 0.010200223583919999], [-0.5112538950623198, -0.8591774432424002, -0.020820000608560003], [-0.0018784572826399983, -0.02310818869448, 0.9997312053740001]]}