{"translation": [[1628.922110799991], [564.0412755999714], [22.0364144]], "rotation": [[-0.8612089165323402, 0.50816831079524, 0.009165281605979807], [-0.5082493733466801, -0.8610211905066402, -0.018025437757560055], [-0.0012684542213401932, -0.02018191807427995, 0.99979551968806]]}