{"translation": [[1608.3178967999993], [597.2512034000829], [22.187269600000004]], "rotation": [[-0.8561223107986594, 0.5167404881017199, 0.0058452595412200005], [-0.51673448437212, -0.8558637600096795, -0.021977421812279994], [-0.00635387782282, -0.021835804661879992, 0.99974137951502]]}