{"translation": [[1616.534251199977], [584.1699716998264], [22.1424486]], "rotation": [[-0.8576264836969999, 0.5142250599851997, 0.007040001328199997], [-0.5142602810237998, -0.8574272879429199, -0.018840613287119997], [-0.0036520263971999978, -0.019778600327879998, 0.9997977143850799]]}