{"translation": [[1648.0552749001072], [532.8747837999836], [21.975891]], "rotation": [[-0.8573152607926606, 0.5146052920729801, 0.013861445538799947], [-0.5147886013965001, -0.8570958931853007, -0.01948148924279981], [0.001855309725520055, -0.02383748982935981, 0.9997141251056]]}