{"translation": [[3380.0489130999777], [2102.841253299266], [20.8305789]], "rotation": [[-0.5582832967908998, -0.82951786326622, -0.014839039499239998], [0.8296503460099399, -0.5582072272059398, -0.009236714332119998], [-0.0006212379593199995, -0.017467914824359998, 0.9998472313542]]}