{"translation": [[1606.118857799971], [600.7476428998634], [22.201668]], "rotation": [[-0.8560067224833001, 0.5169297293428, 0.0060297317484], [-0.5169301773467999, -0.8557558382032802, -0.021571944292839998], [-0.0059912011804, -0.02158267717284, 0.99974911531998]]}