{"translation": [[3379.415336999984], [2102.398496799171], [20.83245]], "rotation": [[-0.5559872461076194, -0.8310624813372399, -0.014606680193259999], [0.8311907947996399, -0.5559067802547994, -0.009462300619879998], [-0.0002561894246599994, -0.017401856402919996, 0.9998485434118201]]}