{"translation": [[1631.6406779999961], [559.5977105991915], [22.0228114]], "rotation": [[-0.8606785386060999, 0.5090689798293998, 0.0090350972227], [-0.5091486431658797, -0.86051705925796, -0.0166869972326], [-0.0007199782726599975, -0.018962343994119998, 0.9998199393795]]}