{"translation": [[1629.4898451999761], [563.1109036998823], [22.0346275]], "rotation": [[-0.8611319290767999, 0.5082989315858398, 0.009174815308319945], [-0.5083789866808798, -0.8609277778719999, -0.01882412103383981], [-0.0016694276174399453, -0.020874333044879807, 0.99978071358304]]}