{"translation": [[1650.393653600011], [529.1001967005432], [21.9460061]], "rotation": [[-0.85682159449928, 0.51547048094484, 0.012123670281839999], [-0.51561215592084, -0.8566266267688, -0.018302237009480003], [0.0009511957058400003, -0.02193286318252, 0.99975899333048]]}