{"translation": [[1616.0165166999795], [584.9983293004334], [22.143729]], "rotation": [[-0.8574205420383401, 0.5145763619459599, 0.0064145742365399995], [-0.51459962346116, -0.85722560537032, -0.01874710591788], [-0.00414808025574, -0.01937509156428, 0.99980368035598]]}