{"translation": [[1620.276261000021], [578.1404939005151], [22.1208755]], "rotation": [[-0.8591051554100001, 0.5117038374738, 0.0098839368684], [-0.5117932218161999, -0.8588407432155201, -0.02145817830636], [-0.0024915048515999996, -0.02349336135636, 0.99972088824952]]}