{"translation": [[1620.7925103000016], [577.3050610003993], [22.1142211]], "rotation": [[-0.8592502987881999, 0.5114506181888999, 0.0103470401315], [-0.51155115802158, -0.8589864888224399, -0.0213891752607], [-0.0020515389519399994, -0.02367169714542, 0.9997176811094001]]}