{"translation": [[1642.8940312999766], [541.2691275989637], [22.0088382]], "rotation": [[-0.8586002026844799, 0.5124515887196, 0.014103717063759999], [-0.5126085929644, -0.8585439096060998, -0.0116034205237], [0.00616246990376, -0.0171923869067, 0.99983320898238]]}