{"translation": [[1637.2358725999948], [550.4791470002383], [22.0170624]], "rotation": [[-0.8598375242772001, 0.51045975215356, 0.01052054659052], [-0.51056370924004, -0.8597334665523401, -0.01354525372474], [0.00213055774132, -0.01701812336134, 0.9998529112991]]}