{"translation": [[1625.664792400028], [569.3721570996568], [22.058622600000003]], "rotation": [[-0.8608230410037202, 0.50881601868576, 0.009478275312239999], [-0.5089019647605599, -0.8606134602409001, -0.01905646412178], [-0.0015391026489599991, -0.02122775755362, 0.99977348107382]]}