{"translation": [[1615.4121678000083], [585.9650913998485], [22.1462404]], "rotation": [[-0.8572056866750799, 0.5149330252008599, 0.00653317903154], [-0.51495768687174, -0.8570063545624199, -0.01894679600478], [-0.004157355225940001, -0.01960560900942, 0.9997991480915]]}