{"translation": [[1642.3009307999746], [542.2366417003796], [22.0096522]], "rotation": [[-0.85873612359906, 0.5122446629294999, 0.01333956419702], [-0.51238221663898, -0.8586936402717, -0.01048641357114], [0.0060829881513, -0.0158400157103, 0.9998560352262]]}