{"translation": [[1639.49059880001], [546.8078262005001], [22.017585600000004]], "rotation": [[-0.8594208932596801, 0.5110934223570399, 0.013380965339759947], [-0.51126105701016, -0.85925565312552, -0.017078130900079806], [0.002769150575440052, -0.02151847098551981, 0.9997646158908]]}