{"translation": [[1648.660919499991], [531.892841999419], [21.9718365]], "rotation": [[-0.8571569464050001, 0.5148697272874, 0.0138327086882], [-0.5150547109506799, -0.85689378311754, -0.021257935675100002], [0.0009080936987600008, -0.02534598636182, 0.9996783264518999]]}