{"translation": [[1624.0650888999808], [571.9849917003885], [22.0743381]], "rotation": [[-0.8603662120913999, 0.5095753623149399, 0.010128859871979807], [-0.50967434075242, -0.8601424776747598, -0.019663344270540055], [-0.001307692354740193, -0.022080100790379947, 0.9997553495958]]}