{"translation": [[3375.419853499974], [2099.6692159008235], [20.842018300000003]], "rotation": [[-0.5435720857257997, -0.8392483829776798, -0.013830917728159822], [0.8393621541134397, -0.5435092134952998, -0.008286380023620095], [-0.0005629013231198245, -0.016113395706659903, 0.99987001235174]]}