{"translation": [[1612.1481269000215], [591.169803599827], [22.1590054]], "rotation": [[-0.85643059205776, 0.5162108775202, 0.007263584123479946], [-0.5162447955474799, -0.8562025323072999, -0.020207016196359808], [-0.004211982268999946, -0.021055696693399805, 0.9997694318271]]}