{"translation": [[1637.7758097000187], [549.6023174999282], [22.0160259]], "rotation": [[-0.85974274357408, 0.51060645549336, 0.01113140764824], [-0.51071882489544, -0.85965248798002, -0.01281903044538], [0.00302366088456, -0.01670608430022, 0.9998558717419]]}