{"translation": [[1605.023092099931], [602.4883730998263], [22.2099929]], "rotation": [[-0.8558472989097001, 0.51719840446984, 0.00557843254258], [-0.51719167350512, -0.8556079308801602, -0.021160081065040002], [-0.00617100905474, -0.02099491813648, 0.9997605373527]]}