{"translation": [[1638.3624966000207], [548.6489372998476], [22.0168378]], "rotation": [[-0.8596286569943401, 0.5107655068860201, 0.012536808354520002], [-0.5109053482851801, -0.8595279003807401, -0.01369365088948], [0.00378149201372, -0.01817657714068, 0.9998276413271601]]}