{"translation": [[1627.3118021999835], [566.6780615001917], [22.0464218]], "rotation": [[-0.8611881566446603, 0.50821007589206, 0.008784634830579806], [-0.50828347347958, -0.8610008400538003, -0.018032089105540054], [-0.0016005108100601928, -0.019994109426619947, 0.9997988167227]]}