{"translation": [[1621.8379745000275], [574.9062219001353], [22.0828281]], "rotation": [[-0.8581597081616199, 0.5132906986318199, 0.009715375355939807], [-0.5133759860680199, -0.8578986044956999, -0.021328288524060053], [-0.002612804802660192, -0.02329072048553995, 0.9997253200569199]]}