{"translation": [[1605.3640953999711], [601.6419675992802], [22.2046611]], "rotation": [[-0.8604874507677001, 0.5094353869519598, 0.006074287727419999], [-0.5094314491709199, -0.8602088005684001, -0.02281186982164], [-0.0063960179725399986, -0.022723761357880002, 0.99972132197846]]}