{"translation": [[1627.8007502999972], [565.2569826999679], [22.0298076]], "rotation": [[-0.85968632348064, 0.5107458003036799, 0.008821993629839998], [-0.5108180487878399, -0.85948369043784, -0.01877183577788], [-0.0020052760496799982, -0.02064432750276, 0.99978487214616]]}