{"translation": [[1614.9802421000204], [585.9926827996969], [22.133952800000003]], "rotation": [[-0.86152925596266, 0.50768394494334, 0.004911748445060001], [-0.50767290874934, -0.8613166336318799, -0.020041119795420004], [-0.005943984186060001, -0.019759575082420003, 0.9997870914442201]]}