{"translation": [[1664.6481230999925], [506.2758962009102], [21.8541644]], "rotation": [[-0.8558944934264998, 0.51687890088682, 0.016770133909739998], [-0.51711670884942, -0.8557606210540198, -0.016263096348739996], [0.005945166277060001, -0.022591606674539997, 0.99972709994652]]}