{"translation": [[1628.2809258999769], [564.4817860992625], [22.026477]], "rotation": [[-0.85972632685892, 0.5106765684869998, 0.008931428080799999], [-0.5107523565239998, -0.8595384081970001, -0.0180399632682], [-0.0015356804357999983, -0.0200711825232, 0.99979737411308]]}