{"translation": [[1651.5701481999713], [527.2067528003827], [21.9398285]], "rotation": [[-0.8565061252476998, 0.51599987190548, 0.011892380445659946], [-0.51613668415972, -0.8562993133185998, -0.018826799417639803], [0.00046881099126005327, -0.022263362397239805, 0.9997520307137401]]}