{"translation": [[1632.0303074999829], [558.4224578998983], [22.0122341]], "rotation": [[-0.8593313448538601, 0.51135761859004, 0.007950013956619808], [-0.5114177347961201, -0.8591848573428001, -0.015920379870440052], [-0.0013104762465401929, -0.017746657970919948, 0.9998416568627]]}