{"translation": [[1633.9530141000287], [555.3145207995549], [22.0101062]], "rotation": [[-0.8588895996273002, 0.51211945843152, 0.006533115244139806], [-0.5121555551052, -0.8587508664270401, -0.015620576344480051], [-0.0023892831291001918, -0.016762318641999945, 0.9998566477391]]}