{"translation": [[1610.4624619000242], [593.3754814006388], [22.162118300000003]], "rotation": [[-0.8617632308126799, 0.50726178790654, 0.0070466381361800005], [-0.5072827481775399, -0.86148667928436, -0.02247125654246], [-0.00532822490182, -0.02293954007854, 0.9997226553033199]]}