{"translation": [[1615.4461671999888], [585.2319751996547], [22.130847600000003]], "rotation": [[-0.8609767973505601, 0.5086247471734, 0.0044194901786], [-0.5086067673465999, -0.8607763106693801, -0.01957064478928], [-0.0061499219414, -0.01909765668928, 0.9997987087098199]]}