{"translation": [[1660.4490923000267], [512.9971534004435], [21.8841992]], "rotation": [[-0.8558273656081801, 0.51698819905758, 0.01680819021046], [-0.51724924737902, -0.8555777490838801, -0.02096960498046], [0.003539676367740001, -0.02664038818034, 0.99963881495694]]}