{"translation": [[1610.0216204000753], [594.0934739010409], [22.16619]], "rotation": [[-0.8617031201556999, 0.50736690820066, 0.00684778600182], [-0.50738163911122, -0.8614208723337999, -0.02276602612194], [-0.005651902603139999, -0.02309199245358, 0.99971736802606]]}