{"translation": [[1626.4377752], [567.4578151004389], [22.038528600000003]], "rotation": [[-0.8594592041451401, 0.5111344347969601, 0.008466352785540001], [-0.51119753984064, -0.8592428289824001, -0.01946918675472], [-0.00267671918106, -0.02106094814592, 0.9997746104315]]}