{"translation": [[1664.0730988999712], [507.19387600012124], [21.8564043]], "rotation": [[-0.8559220157491602, 0.5168530553400801, 0.01614280103728], [-0.51707756850832, -0.8557813775554601, -0.01640700600022], [0.00533469635768, -0.02239019620262, 0.99973507498374]]}