{"translation": [[1619.5172079000622], [578.6473850999027], [22.109188]], "rotation": [[-0.8576660439119399, 0.5141410363246, 0.008237067317139999], [-0.51419131349836, -0.8574046242906399, -0.0215522799902], [-0.0040184118445, -0.02272008840236, 0.9997337895332601]]}