{"translation": [[1632.488625500002], [557.68191590067], [22.0106875]], "rotation": [[-0.85922491473546, 0.51153759428318, 0.0078680937914], [-0.5115967061315, -0.8590850332717, -0.015549509499799998], [-0.0011947971933200002, -0.01738581620924, 0.9998481413996]]}