{"translation": [[1630.1409423999721], [561.4763679997995], [22.0168521]], "rotation": [[-0.8596383500481999, 0.5108332106856, 0.0084645677416], [-0.51090151246512, -0.8594730350750599, -0.016913232455100003], [-0.00136477370416, -0.018863820712380002, 0.9998211308483]]}