{"translation": [[1609.542368000024], [594.8722049007192], [22.1685022]], "rotation": [[-0.8615509902459599, 0.50763057426838, 0.00644262948106], [-0.50763464965886, -0.8612663407161, -0.02297322250042], [-0.0061130902497799995, -0.02306309940754, 0.9997153212975]]}