{"translation": [[1629.6550557999872], [562.2617629999295], [22.021427300000003]], "rotation": [[-0.8597566153776999, 0.51061919251268, 0.00929767068674], [-0.5107023148993999, -0.8595671553482398, -0.018091300313319996], [-0.0012457924765, -0.020302458676999997, 0.9997931076755]]}