{"translation": [[1636.4274862000602], [551.3316678004339], [22.0091164]], "rotation": [[-0.8585488613200198, 0.5126640642793199, 0.008348879535679999], [-0.5127319914665198, -0.8584277434739399, -0.014422482749519999], [-0.00022697944511999857, -0.01666314131528, 0.99986113447008]]}