{"translation": [[1616.7816777000553], [583.0633269008249], [22.1265641]], "rotation": [[-0.8595131222147999, 0.51108457803132, 0.00543860581404], [-0.51108301854132, -0.85929694644418, -0.020068323399460002], [-0.00558323323404, -0.020028568194460004, 0.99978381860438]]}