{"translation": [[1652.183401599992], [526.2214349005371], [21.9356179]], "rotation": [[-0.8564277522473002, 0.5161272267290398, 0.012001012751279997], [-0.5162667195779997, -0.8562013896421001, -0.019689793012200002], [0.00011284607640000242, -0.02305861057572, 0.99973410851096]]}