{"translation": [[1622.7604336999939], [573.4152282997966], [22.0735788]], "rotation": [[-0.8583916257968801, 0.51289363496568, 0.010197930789879999], [-0.51299071713528, -0.8581335089001602, -0.021153412161120003], [-0.0020982644577200006, -0.023389354944480002, 0.99972422966072]]}