{"translation": [[1637.904133300006], [548.9613997004926], [22.0113793]], "rotation": [[-0.8582523877457802, 0.5131263893902202, 0.01021296437196], [-0.51322206730158, -0.8581683042485803, -0.01226492608764], [0.0024709845404399995, -0.01576791960276, 0.99987262536664]]}