{"translation": [[1629.2073860000237], [562.9831846999004], [22.0226987]], "rotation": [[-0.8597166218032203, 0.5106924140302401, 0.00897427007124], [-0.5107680972321601, -0.8595167664412803, -0.01862332241368], [-0.0017972537896400005, -0.02059455121752, 0.9997862943314999]]}