{"translation": [[1614.5509743000148], [586.693862600252], [22.1359737]], "rotation": [[-0.8618951979172003, 0.50706053376088, 0.005105628418040194], [-0.50704959094792, -0.8616681778833002, -0.020698987927759947], [-0.006096282388359808, -0.020429167477360052, 0.99977271638654]]}