{"translation": [[1605.8156900000176], [600.9129217993468], [22.2021192]], "rotation": [[-0.8605591991720402, 0.50931178529246, 0.0062731706809399995], [-0.50931180904666, -0.8602770681637202, -0.02290916296378], [-0.00627124180714, -0.022909691056179998, 0.9997178689906799]]}