{"translation": [[1616.3476724000066], [583.766618099995], [22.1269723]], "rotation": [[-0.8599815496595601, 0.51029857990224, 0.00519900532044], [-0.5102932204587601, -0.8597694570682001, -0.019931028954719997], [-0.0057008297985599995, -0.019793335017719998, 0.9997878397046001]]}