{"translation": [[1655.6908541999874], [520.6133534004912], [21.9061947]], "rotation": [[-0.8559790858307398, 0.5168454501672799, 0.01307168919888], [-0.51700235412888, -0.8558354637136198, -0.015953327241919998], [0.002941809362720001, -0.020413805776319998, 0.99978728853888]]}