{"translation": [[1635.9128303999896], [552.1583635993302], [22.0108668]], "rotation": [[-0.8586406466681799, 0.5125143820011999, 0.00806540589652], [-0.5125769520187999, -0.8585035601674599, -0.0153723158492], [-0.0009543529034799999, -0.017333438129199998, 0.99984930920472]]}