{"translation": [[1621.357101099973], [575.6808542003855], [22.0898735]], "rotation": [[-0.8579435413435201, 0.5136674152513201, 0.008860804122119946], [-0.51373247013348, -0.8576822283908201, -0.02144741775331981], [-0.0034170851929199468, -0.022952758151479808, 0.99973071094166]]}