{"translation": [[1650.8981355000287], [528.0609793001786], [21.9453081]], "rotation": [[-0.8586278512712001, 0.5124804385136401, 0.01104121605492], [-0.5125990000352401, -0.8584537146647201, -0.01730260791696], [0.0006111251722799999, -0.02051621843136, 0.9997893334575201]]}