{"translation": [[1638.3873795000254], [548.1843665000051], [22.013657]], "rotation": [[-0.8582412579762, 0.5131197070891798, 0.011415054752659805], [-0.5132414696144598, -0.8581203363347399, -0.014590284266220057], [0.0023089275175798077, -0.01838066167725995, 0.9998283953499]]}