{"translation": [[1677.333438600006], [506.46747709997], [21.9058615]], "rotation": [[0.8619064987503801, -0.5070129209279399, -0.007421318021599999], [0.50706586979706, 0.8617779385622201, 0.0149324754408], [-0.0011754301383999992, -0.016633494760799998, 0.9998609629376001]]}