{"translation": [[1638.9133018000284], [547.3405796000734], [22.0143401]], "rotation": [[-0.8581616306293801, 0.5132173197255601, 0.012916391940499948], [-0.51337236212356, -0.85801320855588, -0.01619834757299981], [0.0027691613757000536, -0.02053171668739981, 0.9997853671575]]}