{"translation": [[1656.3966349000111], [519.1874799998477], [21.9086289]], "rotation": [[-0.8591334808810001, 0.5116385683834601, 0.01073787667122], [-0.51175088491342, -0.8589682946074001, -0.01685720329626], [0.00059870127306, -0.01997770895682, 0.99980024638204]]}