{"translation": [[1662.6509461000096], [509.08300879970193], [21.8575942]], "rotation": [[-0.8596265056482, 0.5107226020126597, 0.014301447651019997], [-0.5109046535552598, -0.85949506785732, -0.01563650026334], [0.004306110434780001, -0.02074822783574, 0.9997754590081199]]}