{"translation": [[1686.417488600011], [491.9114600997418], [21.8611793]], "rotation": [[0.8549656462422, -0.51866930662662, -0.0039870784346600005], [0.5186802893065, 0.85490177858604, 0.01066344887262], [-0.0021222431313, -0.0111849014477, 0.9999351949326]]}