{"translation": [[1644.5378461999935], [538.310498598963], [22.0025533]], "rotation": [[-0.8579929551759398, 0.51341885554542, 0.015773404850059753], [-0.51363696850026, -0.8578456766527398, -0.01665810099797986], [0.0049785660581798605, -0.022394341013459752, 0.99973681902716]]}