{"translation": [[1665.5354454001063], [504.4228924000636], [21.852355300000003]], "rotation": [[-0.8596603429243598, 0.51061805562824, 0.015918503424439998], [-0.51082860576724, -0.8595574367702797, -0.014671438197679996], [0.006191366144559999, -0.020744079524679996, 0.99976564762092]]}