{"translation": [[1672.4513175999746], [514.4238593997434], [21.9237219]], "rotation": [[0.86366629581432, -0.5040168009056399, -0.006897375759639948], [0.50406340681156, 0.86356355659638, 0.013343370269579807], [-0.0007689610191599482, -0.015000934019979806, 0.9998871839667001]]}