{"translation": [[1659.223199900065], [514.6145940003917], [21.8953687]], "rotation": [[-0.85928771693332, 0.5113611570194598, 0.011591252844419805], [-0.5114921140971398, -0.85903810233658, -0.020720194922460054], [-0.0006381749152201905, -0.02373344376413995, 0.9997181184591001]]}