{"translation": [[1679.3431185000227], [503.2371914004907], [21.9077439]], "rotation": [[0.86007482620494, -0.51013104842458, -0.00613057562536], [0.51016198395866, 0.8599449823755, 0.01514445724088], [-0.00245370080152, -0.01615295313544, 0.9998665218096]]}