{"translation": [[1670.4666353000212], [517.675615599379], [21.9384749]], "rotation": [[0.8622123790086, -0.50651128467252, -0.006012002619559947], [0.50653977908636, 0.8620762131447, 0.015558506903219806], [-0.002697754482119948, -0.016460055689739805, 0.99986088467334]]}