{"translation": [[1654.7530714999884], [521.8453069003299], [21.9116077]], "rotation": [[-0.85896838018084, 0.51189711417344, 0.01160108477664], [-0.5120238630889599, -0.8588369998717, -0.01518190047918], [0.0021918701030400004, -0.01898080545198, 0.9998174456979]]}