{"translation": [[1674.067887399986], [511.77282469999045], [21.9165126]], "rotation": [[0.86441792294828, -0.50270272289914, -0.008462499267739947], [0.50277356400866, 0.86431557799142, 0.013315854605419807], [0.0006203532025400521, -0.015765184414819805, 0.9998755293087]]}