{"translation": [[1658.6355153999757], [515.5626184996217], [21.8997267]], "rotation": [[-0.8592661755949794, 0.5114198359936399, 0.010541751837979806], [-0.5115256205196399, -0.8590100961579594, -0.02104594944436005], [-0.0017078441300201926, -0.023476451781639943, 0.9997229313370201]]}