{"translation": [[1652.0273165000253], [526.237909800373], [21.937383]], "rotation": [[-0.8587436372800799, 0.5122929461137998, 0.010742617759799806], [-0.5124055445597998, -0.8585484648025798, -0.018308263768300054], [-0.00015613668620019071, -0.021226680849299948, 0.9997746764415001]]}