{"translation": [[1687.0666766000213], [490.87065059971064], [21.8584607]], "rotation": [[0.8547730466609401, -0.5189716326728998, -0.0056123603225399984], [0.5190019124015398, 0.85471748393084, 0.0097495127039], [-0.00026273772029999963, -0.01124644633846, 0.99993672220814]]}