{"translation": [[1681.7460440999712], [499.38222219981253], [21.8882139]], "rotation": [[0.85797474041486, -0.51368219702088, -0.00315627384496], [0.5136856852346401, 0.85791796761646, 0.01018795481448], [-0.00252554663408, -0.01036234056984, 0.9999431201417599]]}