{"translation": [[1663.807991700014], [507.2096571996808], [21.8560279]], "rotation": [[-0.8595488299757199, 0.5108423243954, 0.014696353059359998], [-0.5110344326552, -0.8594105647209999, -0.016041950699400002], [0.004435293419639999, -0.0212991818568, 0.99976330850428]]}