{"translation": [[1685.0811956999823], [494.0434948001057], [21.868201899999995]], "rotation": [[0.85595513249342, -0.5170351273156999, -0.003933490409959946], [0.5170461227365, 0.8558939957375, 0.010428762336999806], [-0.002025385968039946, -0.010960348642599807, 0.99993788235192]]}