{"translation": [[1675.6999983999995], [509.11068850010633], [21.908001100000003]], "rotation": [[0.863513472303, -0.5042689193886798, -0.007572464730239946], [0.5043257204207998, 0.8634228913508402, 0.012509218485319808], [0.00023022936140005374, -0.014620867403999805, 0.9998930829006]]}