{"translation": [[1639.3982381999958], [546.560824200511], [22.013279500000003]], "rotation": [[-0.8580461017641, 0.513410649446, 0.012909441874699945], [-0.51356547998896, -0.8578978909992, -0.01618541839527981], [0.0027652156857800514, -0.020517676290399807, 0.9997856663165401]]}