{"translation": [[1684.344305799983], [495.22242570016533], [21.873690300000003]], "rotation": [[0.85649715501454, -0.51613761841488, -0.0038164794926398068], [0.5161462491873601, 0.8564305797739, 0.010940506243920053], [-0.0023782574548801925, -0.011340374070959947, 0.9999328676464]]}