{"translation": [[1655.2852370999171], [520.9868520991877], [21.9101643]], "rotation": [[-0.8590072540661801, 0.5118279106972999, 0.0117696584647], [-0.5119569203297, -0.858883681005, -0.014789584535900003], [0.0025390462123, -0.0187299203269, 0.99982135569782]]}