{"translation": [[1646.1254581999965], [535.7551650004461], [21.9852921]], "rotation": [[-0.85814303430696, 0.5132442472409999, 0.01305483574356], [-0.51339753762444, -0.8580232680694599, -0.014784898822099997], [0.003613090565400002, -0.019389882568939996, 0.99980547007094]]}