{"translation": [[1685.7443002000218], [492.9836742002517], [21.8642884]], "rotation": [[0.85560374177174, -0.51761348568924, -0.00430211720498], [0.51762879925548, 0.85554378990424, 0.01025872544676], [-0.00162940514926, -0.01100430366252, 0.99993812325374]]}