{"translation": [[1672.06594890001], [515.0568647002801], [21.926128100000003]], "rotation": [[0.8632611219596, -0.50471787197264, -0.0063305020444799995], [0.5047560085, 0.8631593478284001, 0.013314741796799999], [-0.0012559569551999993, -0.014689458035519999, 0.99989131527936]]}