{"translation": [[1649.819524599996], [529.8001462994143], [21.9529886]], "rotation": [[-0.8585514898192802, 0.5126083615333599, 0.011027570201039998], [-0.5127264263330398, -0.8583831396955202, -0.017017565976880002], [0.0007425349853600023, -0.02026458729192, 0.9997943764092]]}