{"translation": [[1682.873464400007], [497.5750900991261], [21.8823225]], "rotation": [[0.8573049214867801, -0.5147908345721001, -0.0043179243703599995], [0.5148045252071, 0.8572326614254999, 0.0113331917558], [-0.00213275797964, -0.011938888124200001, 0.9999264544362799]]}