{"translation": [[1647.1766691000084], [534.0590162007138], [21.9786163]], "rotation": [[-0.85826989329076, 0.5130583842618, 0.01200111509988], [-0.5131928886238799, -0.8581369636116999, -0.01530205519866], [0.0024477522029999997, -0.0192921788841, 0.9998108922979]]}