{"translation": [[1650.379243000003], [528.8977891998366], [21.9483327]], "rotation": [[-0.8586222239904401, 0.5124903463086399, 0.011040655319799806], [-0.5126084242286, -0.8584604919168402, -0.016690172404640054], [0.0009244129553598081, -0.019990082177799948, 0.99979975100796]]}