{"translation": [[1641.4768469000119], [543.2296927999705], [22.0092465]], "rotation": [[-0.85761466174882, 0.5141056578527401, 0.0138743276903], [-0.51425489742726, -0.85756696733618, -0.010992245297099999], [0.006246989445699999, -0.0165620514549, 0.999843324515]]}