{"translation": [[1671.2327427000273], [516.4211967997253], [21.9331421]], "rotation": [[0.862703176176, -0.5056748030952001, -0.0060200893936], [0.5057078674096, 0.8625979284295799, 0.01357883900694], [-0.0016735595927999999, -0.014758914030939999, 0.99988968074958]]}