{"translation": [[1652.5531998000224], [525.3916902001947], [21.9339075]], "rotation": [[-0.8588566987497002, 0.51207186886082, 0.012162069506559948], [-0.51221599185038, -0.8586391545121002, -0.01933710918855981], [0.0005408382629600531, -0.02283740835615981, 0.99973904611244]]}