{"translation": [[1678.5683437000262], [504.4795407000929], [21.908906100000003]], "rotation": [[0.8607545365175, -0.50896936828984, -0.007196157846619948], [0.50901728350576, 0.86061535435056, 0.015575352443439806], [-0.0017342541708199478, -0.017069524128159805, 0.9998528010071001]]}