{"translation": [[1643.124161200074], [540.8241240996867], [21.9344211]], "rotation": [[-0.40038338098079973, -0.9162306112748, -0.0146377555408], [0.9162824523058399, -0.40011348871719976, -0.018311540091879998], [0.010920829669120002, -0.020743959775, 0.9997251740069599]]}