{"translation": [[1661.8742795999278], [531.3850269997492], [21.9660723]], "rotation": [[0.84099808863216, -0.5409570477316, -0.00936549838216], [0.54103798501816, 0.8408599590449599, 0.015246415893999998], [-0.0003725827748, -0.017889296789839998, 0.99983990431856]]}