{"translation": [[1658.5020152999787], [536.0677126003429], [21.982834]], "rotation": [[0.7940502302222999, -0.60778502542272, -0.00903172485164], [0.6078419455345601, 0.7938632714991, 0.01758558190332], [-0.00351829939788, -0.019453696667240002, 0.99980456852016]]}