{"translation": [[1668.4789966000244], [520.9193197004497], [21.9500847]], "rotation": [[0.8607304284483801, -0.50905057949516, -0.0032585471620999997], [0.50903131618316, 0.8605934551768799, 0.0163096628978], [-0.0054981595835, -0.015696925642999997, 0.9998616788075]]}