{"translation": [[1652.4300862000673], [541.5574027998373], [21.9755886]], "rotation": [[0.49724594425837987, -0.8674687097783802, -0.0156356200393799], [0.8676087619622201, 0.4971899000442799, 0.007563305913179825], [0.001212940627980101, -0.017326424483579825, 0.99984915051166]]}