{"translation": [[1641.6220920999767], [540.1204550992697], [21.9254566]], "rotation": [[-0.4278819002323201, -0.90372848061408, -0.01385942757807989], [0.9037887514427199, -0.4276551241048201, -0.01664807849561983], [0.00911828774687989, -0.01964940403557983, 0.9997653513588599]]}