{"translation": [[1662.567364800023], [530.3354992000386], [21.9641643]], "rotation": [[0.84573715404486, -0.53351305033832, -0.00961708384078], [0.53359953641168, 0.8456145153815601, 0.014409130077679997], [0.00044488665922, -0.017318008172319998, 0.9998499330728601]]}