{"translation": [[1667.701865400013], [522.1808787006885], [21.9561676]], "rotation": [[0.8601363845222, -0.5100566180654399, -0.0027666785382799465], [0.51002601306108, 0.8599931644878, 0.01688878814495981], [-0.006234913271839946, -0.015937739225879807, 0.99985354644236]]}