{"translation": [[1655.3087767999968], [539.4655010998249], [21.985574300000003]], "rotation": [[0.67527005811742, -0.73743082381278, -0.014356759837319818], [0.73757046193758, 0.67513180270294, 0.013669327094520083], [-0.00038747826612018244, -0.019819609401719923, 0.99980349716152]]}