{"translation": [[1664.3552648000186], [527.561531599611], [21.972418]], "rotation": [[0.85480619410416, -0.5188583665706399, -0.009609985569039997], [0.5189388889181599, 0.8545399010028001, 0.02154003246072], [-0.002964110553839998, -0.023399548492880003, 0.9997217988780001]]}