{"translation": [[1647.730122399982], [542.3434939999133], [21.9563902]], "rotation": [[-0.12179101731217956, -0.9924039112307999, -0.017363601362339998], [0.9925334136011998, -0.1216521381105996, -0.008845888652399998], [0.00666637559766, -0.018311303468399997, 0.99981010977758]]}