{"translation": [[1668.1042655999772], [521.5262325992808], [21.9532746]], "rotation": [[0.86056396085836, -0.5093316594852, -0.00330671239344], [0.5093129226705599, 0.86042619680966, 0.0163435332117], [-0.0054790967844, -0.01574880703806, 0.99986096762486]]}