{"translation": [[1653.274440100009], [541.0444622999057], [21.9819745]], "rotation": [[0.57130488109742, -0.8205295211820999, -0.018495098025619997], [0.8207332734523, 0.5712325372275, 0.009503326479099997], [0.002767242413619999, -0.020608838748699995, 0.99978378570092]]}