{"translation": [[1663.667793200002], [528.6448563998565], [21.9694619]], "rotation": [[0.8518329389964601, -0.5237203008545799, -0.00988234970934], [0.52380686062494, 0.85157527991406, 0.021116005120820003], [-0.0026433170892200004, -0.02316375148386, 0.99972818977836]]}