{"translation": [[1659.5094402999966], [534.7564460998401], [21.9755312]], "rotation": [[0.81401125840984, -0.5807896631882399, -0.008310896942399938], [0.5808442760579999, 0.81386268496984, 0.01573180545023981], [-0.0023729401497599384, -0.017633203502399806, 0.99984170713024]]}