{"translation": [[1662.9308240999817], [529.7795911999419], [21.9666461]], "rotation": [[0.84805646379734, -0.52980773367144, -0.01019727890832], [0.5299058448112799, 0.84790381940894, 0.01609017076044], [0.00012161432975999961, -0.01904897115828, 0.99981854448184]]}