{"translation": [[1665.439534300007], [525.8385977009311], [21.9692293]], "rotation": [[0.8578734965988399, -0.51383683352892, -0.00497618541828], [0.51382252955052, 0.8576507833062199, 0.02053124652938], [-0.0062818817761199994, -0.02017008841622, 0.9997768278366199]]}