{"translation": [[1668.8856051000184], [520.256088799797], [21.9469187]], "rotation": [[0.8609543318454, -0.50866825548172, -0.0037750781046399996], [0.50865974509472, 0.8608226816257201, 0.015798145405639997], [-0.004786341994359999, -0.015521711995359998, 0.99986807499468]]}