{"translation": [[1644.1929047000012], [541.2832177998498], [21.9406303]], "rotation": [[-0.3697433097670606, -0.92901679660536, -0.014750716367279834], [0.9290782218040801, -0.3695007717421006, -0.016815010958640117], [0.010171026378960163, -0.019921808383919895, 0.9997498045791999]]}