{"translation": [[1644.8419109000242], [541.5385397002101], [21.9444535]], "rotation": [[-0.3429057849021795, -0.93924332695674, -0.01541274961326], [0.93932511862974, -0.34268333545449947, -0.015375647070819995], [0.00915978136374, -0.019749981743179996, 0.99976299022268]]}