{"translation": [[1653.5415214000968], [540.8605020996183], [21.9831404]], "rotation": [[0.5887100062899799, -0.8081302826507999, -0.0185984577733], [0.8083371290832, 0.5886456642360001, 0.009343210645199999], [0.0033973687373, -0.020534266540799997, 0.9997833774099799]]}