{"translation": [[1650.7012087000185], [542.2500761998817], [21.9700063]], "rotation": [[0.2862196776140601, -0.95800311460784, -0.017562048841779997], [0.95816269651792, 0.28620226689500006, 0.0035505547985600003], [0.0016248567172600006, -0.01784353775312, 0.9998394711267]]}