{"translation": [[1660.507126600016], [533.3799102995545], [21.9738158]], "rotation": [[0.8281271486186199, -0.56047030488942, -0.008859532941239999], [0.56053644490482, 0.8279591816647001, 0.016808204073959998], [-0.0020851667180399993, -0.01888542104076, 0.99981948019708]]}