{"translation": [[1648.023971799994], [542.3849809002131], [21.9581937]], "rotation": [[-0.08906905310202029, -0.99585654364314, -0.0183490639861], [0.9960064279731401, -0.0889380016525203, -0.007840099227300001], [0.006175686375899998, -0.0189740929387, 0.9998009025494999]]}