{"translation": [[1655.6278953999863], [539.1766999997199], [21.9883911]], "rotation": [[0.6894569610846, -0.72417607868642, -0.014768278878140001], [0.72432664837186, 0.6893125620771, 0.014110081856420001], [-3.8223688580000734e-05, -0.02042535213814, 0.99979138000206]]}