{"translation": [[1636.6068466000143], [537.3954214006662], [21.9038757]], "rotation": [[-0.4811311697919395, -0.8765303962768399, -0.014394342248039897], [0.8765209568759599, -0.4807161059175995, -0.024959425437479824], [0.014958102929159897, -0.024625701283079823, 0.9995848288039001]]}