{"translation": [[1648.3385184999788], [542.4213233999908], [21.9600965]], "rotation": [[-0.05111805860176022, -0.9985218122041201, -0.01847687503268], [0.9986794946746801, -0.05101331803856013, -0.006096601239480001], [0.005145024266119997, -0.01876411956228, 0.99981070037744]]}