{"translation": [[1661.184101300023], [532.4007157003507], [21.9719769]], "rotation": [[0.835335905198, -0.5496198342551598, -0.011487421880879999], [0.5497396540861997, 0.8351716434872001, 0.016572151905000002], [0.000485585547600002, -0.020158404870119998, 0.9997966807890399]]}