{"translation": [[1650.4210836000275], [542.3133097002283], [21.9694382]], "rotation": [[0.24472767013645969, -0.9694258839381801, -0.017937767564739842], [0.9695881634128601, 0.2447357082946997, 0.0017795900511801202], [0.0026648309900198404, -0.017827762668139877, 0.9998375215709999]]}