{"translation": [[1659.1611078000278], [535.2173701999709], [21.977915600000003]], "rotation": [[0.807877085691, -0.58927944484216, -0.00918337016211981], [0.58934709810452, 0.8077169729502001, 0.01622570603096006], [-0.0021439115653601897, -0.01852056875307994, 0.99982618097436]]}