{"translation": [[1656.5618445000146], [538.2799394996837], [21.9883116]], "rotation": [[0.7292400588982, -0.68415208928448, -0.012034122165239927], [0.6842509772523601, 0.72904064602604, 0.017329207013279814], [-0.0030824499667199265, -0.020871512024759814, 0.9997774144574]]}