{"translation": [[1660.858347899979], [532.8752704998478], [21.973667000000003]], "rotation": [[0.83203852724828, -0.55462132884222, -0.010347816092620001], [0.5547173177383801, 0.83186704867438, 0.01690908831558], [-0.000770133581780001, -0.019809125670180002, 0.99980348341166]]}