{"translation": [[1639.608087199973], [539.0842797001824], [21.915208]], "rotation": [[-0.45623704394689957, -0.8897579926151998, -0.013363747886099831], [0.8898102235833599, -0.4560047416377996, -0.017249841783520105], [0.009254252359020172, -0.019761214851199894, 0.99976189826366]]}