{"translation": [[1637.920001099992], [538.146952399984], [21.9088085]], "rotation": [[-0.4737786643301203, -0.88055842340396, -0.01227766699408017], [0.88054451011904, -0.4734695175766802, -0.021635214643639898], [0.013237969395079827, -0.021061333903360104, 0.9996905403182]]}