{"translation": [[1665.8232935999986], [525.2187032001093], [21.9700413]], "rotation": [[0.85869009654294, -0.51247246602596, -0.00482500304194], [0.5124593951611599, 0.8584808309359201, 0.01990030661308], [-0.00605618693086, -0.01956081433652, 0.99979032658302]]}