{"translation": [[1663.981614599994], [528.1528473002836], [21.970739]], "rotation": [[0.8532240410955001, -0.5214510980168399, -0.00987296750638], [0.52153584872884, 0.85294752618012, 0.021928599222840003], [-0.00301356948462, -0.02385911461516, 0.99971078869038]]}