{"translation": [[1652.1574051000061], [541.6976057002321], [21.9755939]], "rotation": [[0.4690970417214001, -0.8829971768266199, -0.016248745515539828], [0.8831449445274598, 0.4690530640910001, 0.006655869188780103], [0.0017444111326198278, -0.017472245284659897, 0.9998458269628401]]}