{"translation": [[1646.8145490000024], [542.1580555997789], [21.9507684]], "rotation": [[-0.21109131575091988, -0.9773453716446201, -0.015380680727340001], [0.97743194105818, -0.2109256398365199, -0.01171577771634], [0.008206181452740002, -0.01750666653306, 0.99981307014156]]}