{"translation": [[1642.773697500059], [540.6667151004076], [21.9318955]], "rotation": [[-0.40749765555215967, -0.9130908807658399, -0.014512511007359723], [0.9131485308326398, -0.4072418639005797, -0.017712530466619938], [0.010263047874160058, -0.020469893981219723, 0.9997377922594199]]}