{"translation": [[1597.0005614000256], [513.6910372003913], [21.7945166]], "rotation": [[-0.5180689931207203, -0.85512496564676, -0.0191296839292], [0.85533850804924, -0.5179608590465803, -0.010616894416600003], [-0.0008296551716000002, -0.0218626376858, 0.9997606397367]]}