{"translation": [[1633.5608713000547], [535.6166649004444], [21.879319100000004]], "rotation": [[-0.49039918573960006, -0.87144477973588, -0.009621430965240171], [0.8713883919582799, -0.4901326815764201, -0.021264107295059897], [0.013814717626439826, -0.0188119050012601, 0.99972759579582]]}