{"translation": [[1630.876284900005], [534.0105106998235], [21.8755701]], "rotation": [[-0.4965612210900001, -0.8679451104332002, -0.009903030949600173], [0.8679267150284001, -0.49633619750248015, -0.018799666259679902], [0.011401845767199829, -0.017930292428320102, 0.9997742257635199]]}