{"translation": [[1622.1701942000655], [528.7252283999696], [21.8535419]], "rotation": [[-0.49781634628039984, -0.8672043224008799, -0.011641171196039898], [0.8672117521845599, -0.49755953529513985, -0.019448753092679825], [0.011073867010679899, -0.019777268090039827, 0.9997430815619001]]}