{"translation": [[1615.3544698000187], [524.6701525002718], [21.8368916]], "rotation": [[-0.4924307494569604, -0.8702877527772002, -0.010543177215360001], [0.8703051889053601, -0.4922432376646604, -0.016292555710600003], [0.008989403995200002, -0.017198737546360005, 0.9998116792873399]]}