{"translation": [[1618.8733028999995], [526.7536095995456], [21.8493199]], "rotation": [[-0.49565034815300024, -0.8684479247275801, -0.011343010593059828], [0.8684631505632602, -0.4954224645787402, -0.018112626061020102], [0.010110290138820175, -0.0188285194704599, 0.9997716083419]]}