{"translation": [[1569.9023095999728], [491.00884850043803], [21.808899800000003]], "rotation": [[0.5412991885209599, 0.84071670552832, 0.013804322044159822], [-0.84081958015616, 0.5411376604101601, 0.013871404005520095], [0.004191883527680173, -0.019115524284559905, 0.99980849407416]]}