{"translation": [[1625.7220553000225], [530.8755482006818], [21.8776232]], "rotation": [[-0.4995902573648804, -0.8661194089073602, -0.01570662318148], [0.8662028590294403, -0.49926260546682044, -0.02072224779116], [0.010106211309080002, -0.023957755701640004, 0.9996618880523]]}