{"translation": [[1590.4344942001044], [509.4485095990822], [21.7801104]], "rotation": [[-0.5380076299356803, -0.84279513075264, -0.01561764027672], [0.84293958121056, -0.5379291242376203, -0.009212638889160001], [-0.0006368176648800022, -0.01812119936364, 0.9998355947706999]]}