{"translation": [[1599.8885470000096], [515.4927225997671], [21.7988958]], "rotation": [[-0.5111950372329602, -0.8592942008766399, -0.01711571082168], [0.8594644600900799, -0.5111065176846602, -0.009529257086440002], [-0.0005595169541600022, -0.01958165565852, 0.99980810442894]]}