{"translation": [[1632.6658105999813], [535.0887641003355], [21.8801287]], "rotation": [[-0.49300991266673977, -0.8699248428987998, -0.013122265641679998], [0.8699457659703198, -0.49270760076959974, -0.02082749407376], [0.011652914587599997, -0.021683817619999997, 0.9996969649227]]}