{"translation": [[1606.9148213000153], [519.7217875998467], [21.8034639]], "rotation": [[-0.49371857135043984, -0.8695558337934, -0.010704725142239828], [0.86960066484624, -0.4935835474384398, -0.013035809176200099], [0.006051687655800173, -0.015744857502239896, 0.99985772814716]]}