{"translation": [[1618.2789825000218], [526.3990708002821], [21.850435600000004]], "rotation": [[-0.4951872194529001, -0.8686950193530399, -0.012577811393119998], [0.86871026409032, -0.4949008699859401, -0.02037710287844], [0.011476717838559998, -0.02101696002788, 0.9997132450188]]}