{"translation": [[1600.629137800017], [515.9515343997627], [21.8026626]], "rotation": [[-0.5094959374881003, -0.8602642727019599, -0.018953446507719997], [0.8604723991209998, -0.5093988217953003, -0.010002651936600004], [-0.001049939476200001, -0.021405228505720002, 0.9997703305329599]]}