{"translation": [[1632.1998581999796], [534.8075529010966], [21.8809347]], "rotation": [[-0.49391986357170037, -0.86940166738098, -0.013569256176959827], [0.86942716906866, -0.49360186541746043, -0.021302856251680106], [0.011822928709920171, -0.022319380690239903, 0.9996809809376]]}