{"translation": [[1573.149430599995], [493.15721850004047], [21.8018939]], "rotation": [[0.5360512913742, 0.8441106420408799, 0.01123364325176], [-0.84417443156776, 0.5359290706788601, 0.01222775567018], [0.0043011434088800005, -0.01603785879766, 0.9998621341155001]]}