{"translation": [[1626.228869499988], [531.1850687004626], [21.879747]], "rotation": [[-0.49949420463610017, -0.8661810694135601, -0.01536672050978], [0.8662646667023601, -0.4991895869360802, -0.01988781142444], [0.00955553937218, -0.02324549009564, 0.99968411956398]]}