{"translation": [[1623.7169152999995], [529.6565391998738], [21.8612422]], "rotation": [[-0.49889114295065995, -0.8665649988817199, -0.013155504947679898], [0.8665888101630799, -0.49858881947855993, -0.020817306142679827], [0.011480361381119897, -0.021785978243479824, 0.99969674027814]]}