{"translation": [[1627.6405165999313], [532.0443495996296], [21.8788349]], "rotation": [[-0.4992347125204998, -0.8663883800958, -0.011669987527799826], [0.8664151632161999, -0.4990122986048797, -0.0176579359832801], [0.009475163479800172, -0.018926504936719896, 0.99977597927462]]}