{"translation": [[1575.2204284999752], [494.5099376998842], [21.8012863]], "rotation": [[0.5312501884834999, 0.8471297897230801, 0.012015140739060001], [-0.8472062435218801, 0.53112682283032, 0.012078328384440002], [0.0038503481393400004, -0.01659591644796, 0.99985486465718]]}