{"translation": [[1576.6128798000282], [495.4118983000517], [21.8027912]], "rotation": [[0.5284857832436403, 0.8488014795338797, 0.015455529314039821], [-0.8489325163743598, 0.5283053128155002, 0.014391916049020095], [0.004050640391080172, -0.0207266240946599, 0.9997769748243001]]}