{"translation": [[1591.9443494000589], [510.44360280036926], [21.782190300000003]], "rotation": [[-0.5329698778012799, -0.8459641399834399, -0.016961085877039823], [0.8461339845965599, -0.5328753230336198, -0.010053130586420097], [-0.0005335567429598249, -0.019709367973579903, 0.9998056091651]]}