{"translation": [[1567.3995285999263], [489.3453906001523], [21.8128658]], "rotation": [[0.5407438915817402, 0.8410905578938999, 0.012756302964879998], [-0.8411778519726198, 0.5406038280467002, 0.012935554894159998], [0.003983866756399999, -0.017725141788399998, 0.9998349604592]]}