{"translation": [[1598.4508876000182], [514.598837999627], [21.7943944]], "rotation": [[-0.51459670957188, -0.8572778179690999, -0.01628426856166], [0.8574323982982999, -0.5145114290064999, -0.009374425051900004], [-0.0003419544926599998, -0.0187867057987, 0.99982345580438]]}