{"translation": [[1592.6423742001061], [510.89956969954073], [21.782592]], "rotation": [[-0.5306219996089597, -0.8474394017110399, -0.01693930484], [0.8476086806895998, -0.5305175229289597, -0.01052940464096], [-6.356464095999895e-05, -0.019945033719999998, 0.99980107602144]]}