{"translation": [[1593.399549899972], [511.3923257999122], [21.7829183]], "rotation": [[-0.5279486023113, -0.8491119405137798, -0.016697730056059998], [0.8492761042682598, -0.52784703095844, -0.01035562873742], [-2.0761254380002522e-05, -0.01964822649866, 0.9998069547255]]}