{"translation": [[1619.9985443999758], [527.4239137005061], [21.84732]], "rotation": [[-0.4966815945825799, -0.8678896692404399, -0.008635470020099999], [0.8678709374504399, -0.49650308251207986, -0.0168635921382], [0.010348200116099998, -0.015870313060199998, 0.9998205078294999]]}