{"translation": [[1631.3074928999995], [534.2692610993981], [21.8772048]], "rotation": [[-0.4957875084930006, -0.8683765132506001, -0.010807032390599998], [0.8683577740374, -0.4955249270204205, -0.02023949838502], [0.012220351188599998, -0.019418863529980002, 0.99973675071158]]}