{"translation": [[1628.5768181000021], [532.6171599002555], [21.8757575]], "rotation": [[-0.4987180828515404, -0.8667169630024, -0.0090493338617], [0.8667119185447999, -0.4985461464947204, -0.01618952255248], [0.009520223308099998, -0.015917174120480004, 0.99982798965918]]}