{"translation": [[1568.638702999975], [490.17109549976885], [21.8123813]], "rotation": [[0.5417412660432601, 0.8404417840913199, 0.013190960295039902], [-0.8405295974599598, 0.5415685237268602, 0.014612430113079824], [0.0051370880763199015, -0.019003548968839823, 0.99980621894936]]}