{"translation": [[1634.8628148999996], [536.3887358000502], [21.890213]], "rotation": [[-0.4872956480714402, -0.87314645337616, -0.012565791681479829], [0.87315389305632, -0.48700052770554014, -0.020795237737640103], [0.012037740840440172, -0.021105303328919897, 0.99970478587566]]}