{"translation": [[1614.7192523999838], [524.2946266997606], [21.8372207]], "rotation": [[-0.4920334021960202, -0.8705028242383002, -0.011308597728560002], [0.8705264553073002, -0.4918247675005002, -0.0170882696716], [0.009313538508560001, -0.0182524339036, 0.99979003127948]]}