{"translation": [[1569.2431742000626], [490.5704824998975], [21.8114657]], "rotation": [[0.5417286877756001, 0.8404295960047198, 0.014427023492159997], [-0.8405448208893599, 0.5415657302908001, 0.013819546408319998], [0.0038011739731199983, -0.019613004517439997, 0.99980042065264]]}