{"translation": [[1641.4753680999856], [536.7714415993541], [21.9860245]], "rotation": [[0.5287520386669999, 0.8487242997090598, 0.00939771567758], [-0.8487415019490598, 0.5285976363223801, 0.014912213306339999], [0.00768874800242, -0.01586109453366, 0.99984464234462]]}