{"translation": [[1637.6009359000018], [534.2715218998492], [21.9703062]], "rotation": [[0.5293919514203, 0.8483502811812801, 0.00678715488174], [-0.84832323604528, 0.5292507677427201, 0.01553754616176], [0.00958917292626, -0.013983153246240002, 0.99985624927758]]}