{"translation": [[1614.329257800011], [519.3232425004244], [21.8887421]], "rotation": [[0.5298873223371801, 0.8478452414444, 0.019440102468339902], [-0.8480639683336, 0.529816912412, 0.009032737173199822], [-0.0026413326483400966, -0.021272782767199825, 0.99977021964918]]}