{"translation": [[1577.2861274000024], [495.8442176999524], [21.8030235]], "rotation": [[0.5274177401794402, 0.8494457736344398, 0.01650219108708], [-0.84959851383972, 0.5272317394559003, 0.014455983922740003], [0.003579097292039997, -0.021644580024180002, 0.9997593221251]]}