{"translation": [[1598.321138600004], [509.16017400007695], [21.8245142]], "rotation": [[0.5184914938609397, 0.85500892031756, 0.01123943288434], [-0.85508146790516, 0.5184227808127198, 0.008573882492679997], [0.0015039678580600017, -0.014056115866119998, 0.9999000768522199]]}