{"translation": [[1580.8483538000146], [498.1202694000676], [21.7939674]], "rotation": [[0.5224389379688601, 0.8525158094573998, 0.0165643475998999], [-0.8526717250793997, 0.5222708214410803, 0.013570011904679826], [0.0029175737070999, -0.021213453235319826, 0.99977071230278]]}