{"translation": [[1604.9099370000185], [513.3141480004415], [21.8625614]], "rotation": [[0.51959319580076, 0.8542845924222802, 0.014856095334879825], [-0.8544119505980801, 0.51947779310108, 0.011090477039480098], [0.0017570127729201737, -0.018455762126719902, 0.99982813409868]]}