{"translation": [[1642.7021193000255], [537.5604335004464], [21.9857894]], "rotation": [[0.5275574349387, 0.8494997762020801, 0.005766564924259903], [-0.84949124190992, 0.5274726100014, 0.011715195636959825], [0.006910351420259904, -0.011079084939039826, 0.99991474682334]]}