{"translation": [[1628.4169286999968], [528.4038172997534], [21.963547]], "rotation": [[0.5243164737013399, 0.85142610627054, 0.01288059990512], [-0.8515027068697801, 0.5241378755741399, 0.01492368932184], [0.005955206660239999, -0.01879260148368, 0.99980566795724]]}