{"translation": [[1633.0018290000153], [531.3171515995637], [21.9563135]], "rotation": [[0.5256645312727801, 0.8506192567766196, 0.011117889261839998], [-0.8506775102767797, 0.5255346937543801, 0.012688027776559996], [0.004949845466959998, -0.016127384795759994, 0.99985769310816]]}