{"translation": [[1584.3896563000162], [500.35539950057864], [21.786869600000003]], "rotation": [[0.52143086337326, 0.85324261284536, 0.00931914893688], [-0.85329189302072, 0.52141999919246, 0.0037520576145599997], [-0.0016577747738399998, -0.00990839321232, 0.99994953648736]]}