{"translation": [[1634.9384836999816], [532.5558709008619], [21.9552842]], "rotation": [[0.52735445957376, 0.84961412525424, 0.00728694049168], [-0.8496121029227199, 0.5272385163084, 0.01337194266516], [0.00751903587504, -0.013242826430919999, 0.9998840390988001]]}