{"translation": [[1645.9943605000153], [539.6814555004239], [22.0028703]], "rotation": [[0.5258249224796401, 0.8505627812836998, 0.007143850203620173], [-0.8505554664756199, 0.5257046418407001, 0.013782473616339903], [0.007967305017099824, -0.013323408928700098, 0.9998794971431]]}