{"translation": [[1616.4541953000007], [520.6910072993487], [21.8858905]], "rotation": [[0.5281528061359, 0.8488976819532599, 0.02067280293311982], [-0.8491222934046598, 0.5281738228986201, 0.004875395642640097], [-0.006780121675919823, -0.020128691309759902, 0.99977440742828]]}