{"translation": [[1625.85595930001], [526.7617914006114], [21.9464412]], "rotation": [[0.52530008535822, 0.8508743818109399, 0.00852197185886], [-0.85090785371546, 0.52522148041758, 0.00991152359862], [0.003957538611539999, -0.012457936929819998, 0.9999145651998]]}