{"translation": [[1581.5890816000174], [498.5895282998681], [21.7925279]], "rotation": [[0.5217333536152801, 0.8529410604994799, 0.0169084037286], [-0.85310582932548, 0.5215783016727801, 0.012905746199499999], [0.0021887835689999996, -0.0211580156939, 0.9997737482135001]]}