{"translation": [[1578.6890739999944], [496.75093329977244], [21.7950141]], "rotation": [[0.5249105379652801, 0.85105184146728, 0.013405656863680001], [-0.8511362436051199, 0.52472128178838, 0.015319681342379998], [0.006003609127920001, -0.019451502507979997, 0.9997927763976601]]}