{"translation": [[1597.5560173000558], [508.67875990085304], [21.8213278]], "rotation": [[0.5186303595055199, 0.8549241760089199, 0.011281324756639727], [-0.8549965067426799, 0.51855470519472, 0.009058476805639922], [0.0018943258985600776, -0.014343493984839726, 0.99989533238424]]}