{"translation": [[1605.6733044000575], [513.7965782992542], [21.8649119]], "rotation": [[0.5200279957203799, 0.8539827861179201, 0.016859141804960003], [-0.85414816002032, 0.5198954915756, 0.01181289716516], [0.0013230200401599997, -0.02054324267996, 0.99978808993422]]}