{"translation": [[1585.1396740999771], [500.8298482997343], [21.7905473]], "rotation": [[0.5214327429622201, 0.85324663304808, 0.00883399297702], [-0.8532903905816801, 0.5214258515396399, 0.00324843954552], [-0.0018345519253800003, -0.00923180429992, 0.99995570312142]]}