{"translation": [[1593.9041251000017], [506.3750747004524], [21.8068276]], "rotation": [[0.5192559591671, 0.8545466601736, 0.0111033603988], [-0.8546142228900799, 0.51916687488974, 0.0100157981878], [0.0027944695354399996, -0.014689852466919999, 0.9998881933404]]}