{"translation": [[1595.37839909998], [507.3048492996022], [21.813175]], "rotation": [[0.5193270222339801, 0.85448494511022, 0.01244311151906], [-0.85457181056538, 0.5192266890971802, 0.010515434550540001], [0.0025244863437399985, -0.016094482183740003, 0.99986728848716]]}