{"translation": [[1590.2072426999803], [504.04172259941697], [21.7963964]], "rotation": [[0.51916937609048, 0.85458589701496, 0.012082707000480001], [-0.85466753504264, 0.51907318490072, 0.010311231464160001], [0.0025400254843200003, -0.015679973638560003, 0.9998738353752]]}