{"translation": [[1634.3112226999947], [532.1557571999729], [21.9542788]], "rotation": [[0.5267677176495, 0.8499617430777, 0.0089880410789], [-0.8499782784275001, 0.5266287795970199, 0.014107892503139999], [0.007257808177499999, -0.01507122203986, 0.9998600814514801]]}