{"translation": [[1607.13200350001], [514.7234097998589], [21.8649925]], "rotation": [[0.52083358622006, 0.8535163861455001, 0.015564070564360002], [-0.8536554226938601, 0.52069808337126, 0.012083523886200003], [0.0022093023274, -0.019579857641640004, 0.99980585525036]]}