{"translation": [[1642.0892930000555], [537.1639240998775], [21.986465]], "rotation": [[0.5284330898260401, 0.84893930938924, 0.0077821361544], [-0.848947951816, 0.5283209269948399, 0.01282249232724], [0.00677405172876, -0.0133824577632, 0.99988750470124]]}