{"translation": [[1585.8356773999985], [501.27270650025457], [21.7965901]], "rotation": [[0.52135808805944, 0.8532780822143601, 0.01011321975416], [-0.85333752295484, 0.5213338630488, 0.00510822308348], [-0.0009136293066400007, -0.011293203192920001, 0.9999358123628]]}