{"translation": [[1643.3696125000133], [537.9933112002909], [21.9861184]], "rotation": [[0.5269645277507802, 0.8498790664738799, 0.003730301046059999], [-0.8498501623282798, 0.5268954485900001, 0.011655218718039997], [0.00794004829986, -0.00931208366884, 0.99992511755822]]}