{"translation": [[1617.8241689000279], [521.5779399005696], [21.882477800000004]], "rotation": [[0.52598691453558, 0.8504263643206001, 0.0106229113921], [-0.8504704507754001, 0.5260224827789999, -0.0006645324945999996], [-0.0061530265631, -0.008684936038599999, 0.9999433544755799]]}