{"translation": [[1629.7136314000236], [529.2305671004578], [21.9637893]], "rotation": [[0.5242256223764599, 0.85149557722744, 0.011950664976319901], [-0.85154905306232, 0.5240367525562999, 0.015802904855839826], [0.0071935151305599025, -0.018460864966879823, 0.9998037056447999]]}