{"translation": [[1600.5007580000092], [510.5344567000866], [21.8370931]], "rotation": [[0.51813057881478, 0.8552004293642799, 0.0131550074520599], [-0.8553004683826799, 0.518043574326, 0.009596312593239825], [0.001391901677859902, -0.016223626172039825, 0.99986741951022]]}