{"translation": [[1592.4367421999923], [505.44749100040644], [21.8055107]], "rotation": [[0.51929799602624, 0.85448078940632, 0.01386724954824], [-0.8545896716525601, 0.51918008646734, 0.01134282607932], [0.002492624971919998, -0.01774111423356, 0.9998395069857401]]}