{"translation": [[1620.557021500019], [523.3336959006265], [21.9106225]], "rotation": [[0.52411110971864, 0.8515378619368801, 0.01381422672272], [-0.85161663108072, 0.52416506770584, -0.0003375856084799995], [-0.00752840213488, -0.011587492622879999, 0.99990452203184]]}