{"translation": [[1613.592819500016], [518.8444339996204], [21.8842714]], "rotation": [[0.52917544696956, 0.8483477439409, 0.01671464575326], [-0.84850454866674, 0.52915255865766, 0.0061260315127], [-0.003647591551100001, -0.017424199282259998, 0.99984153360966]]}