{"translation": [[1583.7018555999966], [499.92307910043746], [21.7864269]], "rotation": [[0.5213108463612002, 0.8532822584811599, 0.012017373180479823], [-0.8533668241371599, 0.5212641616107202, 0.006983245363160098], [-0.00030554692847982717, -0.013895668930839902, 0.99990340385048]]}