{"translation": [[1647.3266816000105], [540.5388970989734], [22.0071057]], "rotation": [[0.5259605806032602, 0.8504857471423597, 0.006278492224700173], [-0.8504618307601997, 0.5258394481575602, 0.0144051059016399], [0.008949859044859823, -0.012916135789400096, 0.99987652910166]]}