{"translation": [[1674.0994853000157], [557.4010017998517], [21.8780889]], "rotation": [[0.5157974363817202, 0.8565942154441398, 0.014123110341059997], [-0.8566842356079399, 0.5155820358470002, 0.01635213675858], [0.0067255214598599955, -0.02053343574198, 0.99976654546428]]}