{"translation": [[1650.030715300003], [542.2747084004804], [22.0152145]], "rotation": [[0.5258181894047, 0.8505442177163801, 0.00947174425764], [-0.85054866763178, 0.52563708919142, 0.01650948137916], [0.00906334484916, -0.016737165077640004, 0.9998188451242801]]}