{"translation": [[1685.6368507000152], [564.5361106004566], [21.8158767]], "rotation": [[0.50899858489952, 0.86056288485704, 0.01875970807288], [-0.8607557442402399, 0.50875773215534, 0.016281387610340002], [0.004467012187280001, -0.024434730029539997, 0.99969144727182]]}