{"translation": [[1661.2132542000036], [549.3616894008592], [21.9482084]], "rotation": [[0.5181964734206, 0.85509128921326, 0.01706589117922], [-0.8552117059092201, 0.5178476184782, 0.021135862093060002], [0.009235562028259998, -0.025547479370380002, 0.99963094722396]]}