{"translation": [[1654.895501299994], [545.3746839994565], [21.983625]], "rotation": [[0.5227341833394801, 0.8524173762753, 0.011562696960620001], [-0.8524531367235, 0.52252426046476, 0.0170924758653], [0.008528131526619999, -0.0187914785175, 0.99978705300428]]}