{"translation": [[1684.0950313999783], [563.5843014009297], [21.8118943]], "rotation": [[0.5091088343795, 0.86060398185102, 0.01299956055086], [-0.86069948197314, 0.50901153015534, 0.01018191028998], [0.002145666216979999, -0.01637241546486, 0.999863660771]]}