{"translation": [[1688.0874419001047], [566.0391480997205], [21.7909478]], "rotation": [[0.50912393491, 0.860587956498, 0.013458074424], [-0.8606877195084001, 0.50900276257208, 0.01152253875744], [0.003065962171199999, -0.01744960006944, 0.99984304333808]]}