{"translation": [[1688.9302985999966], [566.5588077995926], [21.7821362]], "rotation": [[0.5092802103781999, 0.8605515892329, 0.0092029794279], [-0.86059502862426, 0.5092085219779001, 0.009107310596819998], [0.003151074234179999, -0.0125582111715, 0.99991617752414]]}