{"translation": [[1650.742435000022], [542.7307487996295], [22.013630600000003]], "rotation": [[0.5255916548908599, 0.8506649888139001, 0.011065759042260002], [-0.8506840784652602, 0.5253694972007599, 0.017984769855100006], [0.0094854026085, -0.018866110019740003, 0.9997770236468599]]}