{"translation": [[1707.5992483000155], [578.1194562008604], [21.7560816]], "rotation": [[0.5131728315939802, 0.8580348859274398, 0.020733068342479996], [-0.8582802198098398, 0.5131034662197602, 0.008943037824359998], [-0.002964772264720002, -0.022384105383959997, 0.9997450484967799]]}