{"translation": [[1711.1886310000555], [580.356088200584], [21.7445891]], "rotation": [[0.5139479899349999, 0.8575898367564601, 0.0199296584082199], [-0.8578183033234601, 0.5138696434153199, 0.009263035081739826], [-0.0022973627272200974, -0.021856743300259825, 0.9997584732946799]]}