{"translation": [[1705.843977499986], [577.0280710998923], [21.7578014]], "rotation": [[0.5127381682912, 0.8583406986352798, 0.0187280583914399], [-0.8585409268869598, 0.5126808271324601, 0.008109911798519824], [-0.0026404478584800967, -0.020237066872439823, 0.9997917228739001]]}