{"translation": [[1656.2454560999759], [546.2273257002234], [21.9822593]], "rotation": [[0.5220212172014003, 0.8527807955976598, 0.01608489425138], [-0.8529002278232998, 0.5217446623950003, 0.018538311413100004], [0.007416909209299998, -0.023396202061620002, 0.9996987582076401]]}