{"translation": [[1689.7188702999847], [567.0430079000071], [21.7830004]], "rotation": [[0.5100186488139202, 0.8600996566179999, 0.0104630355608], [-0.8601592664919999, 0.5099412976114202, 0.0092642220763], [0.002632621410799999, -0.0137248033987, 0.9999023447615]]}