{"translation": [[1721.4019386], [590.7209507999942], [21.7395114]], "rotation": [[-0.47676364945329985, -0.87893591865912, -0.01295756210234], [0.8790301549548, -0.47673622516255987, -0.005327594763119999], [-0.001494725703099999, -0.013930092485999999, 0.9999018543371]]}