{"translation": [[1659.793105699995], [548.4721467001364], [21.9549277]], "rotation": [[0.5193548871525602, 0.8544389149551999, 0.014303416262999823], [-0.8544983116079998, 0.5190466206412803, 0.0205715079932801], [0.010152958469800171, -0.022906158390719904, 0.99968606337528]]}