{"translation": [[1662.6327270001057], [550.2449391996488], [21.9340884]], "rotation": [[0.5169679833149999, 0.8558300176839002, 0.01729359239669983], [-0.8559779339853002, 0.5166864627489199, 0.0183537192990201], [0.0067722992451001735, -0.024291218846019907, 0.99968198575292]]}