{"translation": [[1708.5118169999914], [578.6868337001652], [21.7508312]], "rotation": [[0.5132966550663, 0.85798007397034, 0.01991707923982], [-0.8582044339721799, 0.5132466367406, 0.007936804017939999], [-0.003412753446339999, -0.021166861302019998, 0.99977013211766]]}