{"translation": [[1664.784355700016], [551.5851532993838], [21.9176548]], "rotation": [[0.5158197477116601, 0.8565527307620201, 0.01573186497242], [-0.85668258815338, 0.51561677199276, 0.015309209993620005], [0.005001530386819998, -0.021374007109780005, 0.9997590392468599]]}