{"translation": [[1656.9774008999811], [546.6910517001525], [21.9785003]], "rotation": [[0.5213991070188599, 0.8531390004897, 0.017227652355199824], [-0.8532777502753001, 0.52108803832638, 0.019603880848320095], [0.007747712395200174, -0.0249214185516799, 0.9996593899084799]]}