{"translation": [[1720.4554933999898], [590.1926449993625], [21.7420792]], "rotation": [[-0.4646150575553999, -0.8854221189116399, -0.012667290002319895], [0.8855120949757599, -0.46458427098755994, -0.005452100974439829], [-0.0010576131721201027, -0.013750167105039828, 0.9999049026558]]}