{"translation": [[1677.0958638999728], [559.2598234005272], [21.863481]], "rotation": [[0.513669907772, 0.8576940452126399, 0.02245056377152], [-0.8579831921644799, 0.5134052921751999, 0.016724981921759998], [0.002818682339360003, -0.02785332769728, 0.99960804671984]]}