{"translation": [[1698.0955316000036], [572.2242754995823], [21.7709117]], "rotation": [[0.51172541317496, 0.8589919208738, 0.016432726016599827], [-0.8591489164606, 0.5116437700263801, 0.009156694082980102], [-0.0005421765157998283, -0.018803871290019904, 0.99982304458758]]}