{"translation": [[1721.2099100999767], [590.6119777997956], [21.7401157]], "rotation": [[-0.47425703927399987, -0.8802871898181599, -0.013223295237879896], [0.88038525446936, -0.47422814991167983, -0.005440306749839827], [-0.0014818258405201032, -0.014221697038639826, 0.99989776854168]]}