{"translation": [[1693.8380672999774], [569.5847776997834], [21.7848427]], "rotation": [[0.5116643414886202, 0.85901126178504, 0.017299497101099827], [-0.85918534913496, 0.5115512951826802, 0.0107622979692001], [0.0003953546691001734, -0.0203701583747999, 0.9997924286323001]]}