{"translation": [[1654.1703570000245], [544.9144368004054], [21.9896255]], "rotation": [[0.5232684200967602, 0.8520819587651598, 0.012107782880759997], [-0.8521255340271598, 0.5230477345075802, 0.01741390429238], [0.008505123061239999, -0.01942949692362, 0.99977505348918]]}