{"translation": [[1703.263776000007], [575.427914599888], [21.7630421]], "rotation": [[0.51200746689062, 0.85877213299488, 0.01894149195484], [-0.85897952640432, 0.5119229225258201, 0.009439136035560002], [-0.0015905169792399983, -0.021103261887960002, 0.99977603621744]]}