{"translation": [[1679.4096879999852], [560.6913324007764], [21.8330143]], "rotation": [[0.5121854660660399, 0.8586497462805199, 0.019666241951039998], [-0.8588742809150399, 0.5120226080813999, 0.012958315429879994], [0.0010570916474800015, -0.023527889163839997, 0.9997226220533999]]}