{"translation": [[1701.5280003000516], [574.3533709002659], [21.7685189]], "rotation": [[0.5118064164336, 0.85891851220176, 0.017696345721280003], [-0.8591007372164801, 0.5117051643525601, 0.01018465718976], [-0.0003075205238399995, -0.020415516772479998, 0.9997915343196]]}