{"translation": [[1710.325468200026], [584.6157651999965], [21.7553431]], "rotation": [[-0.48553171812537943, -0.8741735590668398, -0.008904358324519999], [0.8742187685608398, -0.4855007032609595, -0.005510000805639998], [0.0004936240734800005, -0.01045963868036, 0.99994517463942]]}