{"translation": [[1716.5543760000146], [588.1103892000392], [21.7404014]], "rotation": [[-0.4623816448778396, -0.8866042009153998, -0.01167867035868], [0.8866777161853199, -0.46237623439289954, -0.0033213597302599995], [-0.0024552072349999995, -0.011890951569899999, 0.9999262859019]]}