{"translation": [[1682.5700367000536], [567.3784165997058], [21.8458895]], "rotation": [[-0.5262035758335997, -0.85025572923712, -0.01323395325056], [0.8503569727251199, -0.5261072759264797, -0.01021268745424], [0.0017209174745600004, -0.01662753579824, 0.9998602719928801]]}