{"translation": [[1718.3081426999997], [589.0533729000017], [21.7399852]], "rotation": [[-0.45571939440995957, -0.8900244215906198, -0.013291438922339999], [0.8901214704594599, -0.4557005980275596, -0.004586131078179999], [-0.0019751464332199986, -0.013920982129859998, 0.99990114765084]]}