{"translation": [[1718.9098406999838], [589.3751418003812], [21.741579]], "rotation": [[-0.45397001519865976, -0.8909099535668601, -0.013807714314559998], [0.89101163126366, -0.4539663199813797, -0.003581384379279999], [-0.0030775464202399986, -0.013928675338879998, 0.99989825517872]]}