{"translation": [[1718.7127939999336], [589.2705570999533], [21.7413303]], "rotation": [[-0.45439680917778, -0.8906922163054201, -0.01381262997346], [0.89079435429118, -0.45439138016148006, -0.0037101378911399982], [-0.00297174978834, -0.01399008838966, 0.99989771782974]]}