{"translation": [[1703.0810947000282], [580.2891870001331], [21.7861934]], "rotation": [[-0.5094333592620998, -0.86042773183212, -0.011892463310039826], [0.86050966034484, -0.5093739408925598, -0.0078085033516801], [0.0006609406594801741, -0.014211494137439901, 0.9998987931631]]}