{"translation": [[1684.1115563000203], [568.3785175997764], [21.8364617]], "rotation": [[-0.5246258631868197, -0.8512145571297799, -0.014184113661239998], [0.8513285146663799, -0.5246028563480997, -0.005595614915240001], [-0.002677959286039998, -0.01501094669556, 0.99988374323772]]}