{"translation": [[1716.831307400018], [588.2614706996828], [21.7417744]], "rotation": [[-0.4613656634159401, -0.88713713020628, -0.011378588267919897], [0.88720538693012, -0.4613670679899401, -0.002658085290519829], [-0.0028916195775201044, -0.011321493920919828, 0.99993172882616]]}