{"translation": [[1718.5075109999743], [589.1609435994178], [21.7420314]], "rotation": [[-0.45500363285370005, -0.8903846243173602, -0.01366555684698], [0.8904852919968002, -0.45499501438020007, -0.003913336465999999], [-0.002733386558499999, -0.01394956071552, 0.99989896406694]]}