{"translation": [[1717.095921900007], [588.4058872004971], [21.7419501]], "rotation": [[-0.46039430409401993, -0.8876388661093599, -0.011594935792119829], [0.88770743607544, -0.46040376809607997, -0.001998165706760105], [-0.0035647019934798288, -0.011212854316039895, 0.9999307800059001]]}