{"translation": [[1679.153717899986], [565.1583711002022], [21.863318300000003]], "rotation": [[-0.5278752183644801, -0.84926424325224, -0.0099132124608], [0.84930795163176, -0.5277631012791202, -0.0119325192114], [0.004902034593599999, -0.014718248974200002, 0.9998796643724]]}