{"translation": [[1719.2687550000264], [589.5646310998127], [21.7415853]], "rotation": [[-0.45431925489610037, -0.8907389328132601, -0.013346631915880001], [0.8908343051358601, -0.4543141279149804, -0.003588642116040001], [-0.0028670203893200012, -0.013520026990440002, 0.99990448996988]]}