{"translation": [[1705.2186848000274], [581.5882940003648], [21.7773159]], "rotation": [[-0.50316247822882, -0.86413918675222, -0.00953979720778], [0.8641902190380201, -0.5031094724691401, -0.00749301935222], [0.0016754493644200001, -0.01201440548698, 0.99992642075868]]}