{"translation": [[1683.6222249999992], [568.0584091003984], [21.8385339]], "rotation": [[-0.5245674899409003, -0.8512631715391, -0.013412934931999826], [0.85136883448774, -0.5245031490673002, -0.008215827953680099], [-4.1295089679826286e-05, -0.015729111455199903, 0.99987628901936]]}