{"translation": [[1718.0997145000729], [588.9402662990615], [21.7393523]], "rotation": [[-0.45649724855913965, -0.8896335855788599, -0.01274294152804], [0.8897241550659399, -0.45646790338569965, -0.005293218384519999], [-0.0011077187752399995, -0.01375404227012, 0.9999047951093999]]}