{"translation": [[1678.2181047999766], [564.547435500659], [21.8699858]], "rotation": [[-0.5282845103149001, -0.8490535828540198, -0.004858515747139998], [0.8490429327896998, -0.52821707160564, -0.01062728141598], [0.006456780341499999, -0.009739315847699999, 0.9999317255291]]}