{"translation": [[1692.6681680000038], [573.8042256999761], [21.822696]], "rotation": [[-0.51898094878356, -0.85468611397808, -0.0130484084783999], [0.8547857057903999, -0.5189185529613001, -0.008048115717499825], [0.00010755081807990122, -0.015330413016059825, 0.9998824765227]]}