{"translation": [[1711.1430534999818], [585.0865756999701], [21.7509391]], "rotation": [[-0.48250440327999955, -0.8758476586751999, -0.0089715248496], [0.8758929947663999, -0.4824666521943195, -0.006123715075919998], [0.0010349802432000005, -0.010812814636079998, 0.99994100418968]]}