{"translation": [[1681.5709122000262], [566.7303060004488], [21.8494306]], "rotation": [[-0.5272122540029798, -0.84964134378088, -0.01251887050714], [0.84972923850592, -0.5271053237254798, -0.010958781280239999], [0.0027122700277400005, -0.016415255015359998, 0.9998615819125399]]}