{"translation": [[1675.543850600021], [562.8146158000454], [21.9071247]], "rotation": [[-0.5310332329009801, -0.84729387765434, -0.00984185858622], [0.84734000639466, -0.5309312403397202, -0.011269575230259999], [0.00432329203922, -0.01432391888574, 0.9998880609842999]]}