{"translation": [[1717.8622124000685], [588.8150630993769], [21.7390317]], "rotation": [[-0.4574541089047195, -0.88914489345588, -0.01253121169964], [0.8892305688182799, -0.4574415743912995, -0.004016973640739998], [-0.0021606259388399973, -0.012980717986459998, 0.99991341257742]]}