{"translation": [[1678.6645685000694], [564.8376505998895], [21.866395800000003]], "rotation": [[-0.5279180626405, -0.8492672156604, -0.006894651437400001], [0.8492706616524, -0.52782370029082, -0.01188719289768], [0.006456242754600001, -0.01213089044232, 0.99990557474968]]}