{"translation": [[1676.831874400028], [563.6536536999047], [21.8853024]], "rotation": [[-0.5296612094985002, -0.848179961852, -0.0070440639915], [0.84820018609944, -0.5295989985426002, -0.00901157152208], [0.003912905014419999, -0.0107478571428, 0.9999345842280599]]}