{"translation": [[1700.4080851000035], [578.6333995005116], [21.7934423]], "rotation": [[-0.51523316463304, -0.8569872419743999, -0.01039131906836], [0.85704536423936, -0.51515146825344, -0.0096194974504], [0.0028906841218, -0.01386211342064, 0.9998997378629599]]}