{"translation": [[1697.0995911000064], [576.5762636996806], [21.8086688]], "rotation": [[-0.5175254869238405, -0.8555821426028802, -0.01211988482616], [0.8556667111862402, -0.5174483961338404, -0.00905321239532], [0.0014743530303199994, -0.01505584756884, 0.99988556733336]]}