{"translation": [[1682.088118100015], [567.0669088000432], [21.8471311]], "rotation": [[-0.5267065185067401, -0.84994292083122, -0.01331091283086], [0.8500454719907401, -0.5266098328546002, -0.010231578756420001], [0.0016865999929800007, -0.016703921237340002, 0.9998590572611]]}