{"translation": [[1705.706766200019], [581.8849795004353], [21.7739193]], "rotation": [[-0.5019129878961003, -0.8648706240087201, -0.00905359938134], [0.86491778534624, -0.5018778157872402, -0.005974443119120001], [0.0006233191365799997, -0.01082927077856, 0.9999411674495]]}