{"translation": [[1686.7768052999745], [570.0761809004471], [21.8357484]], "rotation": [[-0.5233979674924197, -0.85191442257332, -0.017218746725979825], [0.8520882220641199, -0.5232773396952397, -0.011251158852520097], [0.0005748450692201756, -0.0205607239046799, 0.99978844072118]]}