{"translation": [[1706.7030100999982], [582.4825590997934], [21.767369100000003]], "rotation": [[-0.49886626370639997, -0.8666417927140402, -0.008022098789719828], [0.8666787262862001, -0.4988385871587999, -0.0052867171448001], [0.0005799573494001745, -0.009589947686719901, 0.99995384720984]]}