{"translation": [[1719.4329876999836], [589.6506639998406], [21.7410956]], "rotation": [[-0.45494088909328, -0.89042858785312, -0.0128768378388], [0.89051828403512, -0.45493158577978, -0.0038123019609], [-0.0024634971023999993, -0.0132014310207, 0.9999098226375001]]}