{"translation": [[1693.242805899994], [574.1650803005323], [21.822620800000003]], "rotation": [[-0.5188123395285199, -0.85479562202412, -0.012570607498919728], [0.8548880389681199, -0.51875403710434, -0.007778757977979924], [0.0001281941350800772, -0.014782178961019729, 0.99989072939918]]}