{"translation": [[1708.1140437999857], [583.3196585997939], [21.7667126]], "rotation": [[-0.4940214041295995, -0.8694036393375199, -0.008943797898239826], [0.8694479688288798, -0.4939741353564995, -0.007043469027840098], [0.0017056123545601733, -0.011255792432639897, 0.9999351969081399]]}