{"translation": [[1698.7853062999784], [577.6256934003904], [21.801464300000003]], "rotation": [[-0.5169418971408002, -0.855955497274, -0.010539023597599728], [0.85601708221016, -0.5168665742229002, -0.009138313654879925], [0.0023747202731200755, -0.01374556286479973, 0.99990270536334]]}