{"translation": [[1711.525966800109], [585.307560599409], [21.7518384]], "rotation": [[-0.48097570614292007, -0.87667420405648, -0.010250333300359897], [0.8767341231690801, -0.4809417419794001, -0.005716412776959827], [8.161970143989814e-05, -0.011736270533239827, 0.9999311242825201]]}