{"translation": [[1689.3931021000026], [571.7353340992704], [21.8317723]], "rotation": [[-0.5207753219400402, -0.8535930580394202, -0.013121335717979826], [0.8536920524304201, -0.5206806826469201, -0.010085655556980098], [0.0017770203289801745, -0.016453938670979905, 0.99986304568188]]}