{"translation": [[1710.754852299986], [584.8625857997686], [21.7535665]], "rotation": [[-0.48397862169999994, -0.875039581754, -0.008400950875999999], [0.875079058396, -0.48394246986297995, -0.006039808809619999], [0.0012194952259999992, -0.010274633690379998, 0.99994647093702]]}