{"translation": [[1652.5793772001052], [519.0516287991777], [21.8896429]], "rotation": [[-0.8536977981047398, 0.52074629091646, 0.0048218503373599455], [-0.52076387169646, -0.8536139126948198, -0.012172026445119806], [-0.002222539007359946, -0.012902278435119806, 0.99991429209008]]}