{"translation": [[1657.6089983999846], [548.8605511998758], [21.9896565]], "rotation": [[-0.6900039464451999, -0.7238047736814798, 0.0011461637956400794], [0.7236900789001998, -0.68992117836474, -0.016779378573979816], [0.01293575652859992, -0.010748369169699817, 0.9998585593835]]}