{"translation": [[1675.1403876999975], [562.5515431994572], [21.9128059]], "rotation": [[-0.53140226896098, -0.8470667299226999, -0.009473779351079998], [0.8471080764404999, -0.5313031389564999, -0.011182586790199999], [0.00443894879508, -0.013967765608999998, 0.99989259286652]]}