{"translation": [[1650.0345182999736], [523.2653593998402], [21.9076252]], "rotation": [[-0.8760206424381001, 0.48222805980466005, 0.00662218686722], [-0.48225914163118005, -0.8758058694147401, -0.01975146628546], [-0.00372496107746, -0.02049630318622, 0.999782989559]]}