{"translation": [[1663.6044112999807], [554.4181910995394], [21.952998]], "rotation": [[-0.641579227216, -0.7670566919863998, -1.6379039999986356e-06], [0.7669469935999998, -0.64148743750498, -0.01691301443178], [0.012972190706399999, -0.010852295984220002, 0.99985696473502]]}