{"translation": [[1669.817328199977], [559.0965016996488], [21.9334072]], "rotation": [[-0.53533486760404, -0.8445890701384, -0.00927801787484], [0.84459743085884, -0.53516525236804, -0.0159226853272], [0.0084828532688, -0.01636015660484, 0.99983017882956]]}