{"translation": [[1672.704674299981], [560.9642802998424], [21.9308293]], "rotation": [[-0.5312014160250598, -0.8471487398517799, -0.012796758000919823], [0.8472208687148199, -0.5310105468822598, -0.015629702093080095], [0.006445468322680175, -0.019144203847479897, 0.9997959568610401]]}