{"translation": [[1671.989144799998], [560.4989350996912], [21.9319079]], "rotation": [[-0.5307572910337999, -0.84745981965144, -0.010412603742479903], [0.84748484770824, -0.5305750800072199, -0.016105515254339824], [0.008124108892079904, -0.01737264496313982, 0.99981607810942]]}