{"translation": [[1647.3689131999854], [531.0582842994481], [21.9491638]], "rotation": [[-0.99832322051524, 0.05664057660784, -0.0119476223746], [-0.056326952384200005, -0.99809615661924, -0.02512946036816], [-0.013348222128160002, -0.0244143487486, 0.9996128073263599]]}