{"translation": [[1674.708471800026], [562.268796200864], [21.9136032]], "rotation": [[-0.5317984129856399, -0.8468190627806997, -0.009391415789539998], [0.8468563998045398, -0.5316910343627399, -0.0117965207751], [0.004996187487299998, -0.01422654924854, 0.9998863152516599]]}