{"translation": [[1647.4524649999803], [533.9903090996668], [21.975257100000004]], "rotation": [[-0.9880995927722399, -0.1533584219362, -0.01185880003376], [0.15359365128076, -0.98787914235874, -0.022450663813], [-0.008272061608, -0.02400492534124, 0.99967761633206]]}