{"translation": [[1654.4255754000624], [545.619904300198], [22.015193]], "rotation": [[-0.7133685660744001, -0.7007888271099999, -0.0002019253296001852], [0.70064695051392, -0.7132182851154601, -0.02032881145329992], [0.014102188184559813, -0.014643416177580073, 0.9997933279527]]}