{"translation": [[1673.4804522999912], [561.4701177002862], [21.922734100000003]], "rotation": [[-0.5318367786830797, -0.8467666671527998, -0.011649212234399823], [0.8468322084791997, -0.5316965624284996, -0.013184388656700095], [0.004970254418400174, -0.0168768723686999, 0.99984522188942]]}