{"translation": [[1653.5434682000196], [544.6794942002743], [22.0142965]], "rotation": [[-0.7238653611023398, -0.68994111074602, 3.612695317999851e-05], [0.6898412261697799, -0.7237614542024399, -0.016977594232180003], [0.011739688206380001, -0.012264572225980002, 0.99985586959926]]}