{"translation": [[1660.4061348999967], [551.551787099801], [21.9636522]], "rotation": [[-0.67181595561748, -0.7407179856812199, -0.0005935366447399996], [0.7406435024864199, -0.6717365882433, -0.01474188087374], [0.01052087553586, -0.010343428609660001, 0.9998911564131799]]}