{"translation": [[1673.1038770001032], [561.2253782004118], [21.927246]], "rotation": [[-0.5315928350979402, -0.84690227030922, -0.01287985098938], [0.8469845706490201, -0.5314291684656202, -0.01415854157418], [0.00514617323018, -0.01843561124838, 0.99981680580668]]}