{"translation": [[1660.8508783000289], [551.9641647990793], [21.9627007]], "rotation": [[-0.66827006058906, -0.74391801845248, -0.0010940560701600006], [0.74383880732064, -0.66817588951176, -0.015649230351879997], [0.01091072228392, -0.01127171275956, 0.99987694474734]]}