{"translation": [[1661.330103599932], [552.4032349009067], [21.9606251]], "rotation": [[-0.6642474119539601, -0.7475113774704, -0.0015770720191599997], [0.7474287515571599, -0.6641393512851601, -0.016418108524800003], [0.011225326256, -0.012084431891160001, 0.99986397004124]]}