{"translation": [[1670.8832418000093], [559.7876161998138], [21.9258849]], "rotation": [[-0.5314243121540198, -0.84707432495838, -0.00730473264804], [0.8470700606287799, -0.5313028878844998, -0.013770416750039998], [0.007783540910759999, -0.013505553947159998, 0.99987850087352]]}