{"translation": [[1668.4028826000285], [558.151986900717], [21.933951]], "rotation": [[-0.55426172050752, -0.8323171398645599, -0.006495695561200001], [0.83229455798456, -0.55412917766952, -0.0150563405814], [0.0089321958348, -0.0137514846506, 0.9998655472379999]]}