{"translation": [[1647.6352166999714], [529.2178477002308], [21.9328542]], "rotation": [[-0.9829276521309599, 0.1837466707728, -0.00952605615544], [-0.18347391865856, -0.9827256688569599, -0.024247370894399996], [-0.013816871499599998, -0.022085624354559998, 0.9996606020642399]]}