{"translation": [[1662.2392996000126], [553.2299379007891], [21.9623922]], "rotation": [[-0.6561624532554399, -0.754609821792, -0.0038933990337199167], [0.75455473428528, -0.6560293014403998, -0.016523176383959816], [0.009914366780599917, -0.013779667818599817, 0.9998559026744]]}