{"translation": [[1648.655886500026], [538.0661967992783], [22.0060918]], "rotation": [[-0.8957692318287999, -0.44426248549504, -0.01511210112032], [0.44449592829055995, -0.89555373207616, -0.020172530871039998], [-0.00457179960352, -0.024787199325439997, 0.9996822962352]]}