{"translation": [[1663.1391587000107], [554.0206745993346], [21.9579044]], "rotation": [[-0.6471150869136002, -0.76238781711088, -0.0026739788201599985], [0.7623114704536, -0.6469911874806402, -0.01684918009888], [0.011115568212799999, -0.0129417609328, 0.9998544669056]]}