{"translation": [[1666.5223390000174], [556.7875011004508], [21.9316156]], "rotation": [[-0.5936513246866, -0.8047214779895799, 0.0011910869360600004], [0.8046413686300999, -0.5936119256592399, -0.01330867134242], [0.0114168171967, -0.0069423127333, 0.9999107263038]]}