{"translation": [[1673.895065400051], [561.7389669995755], [21.9187232]], "rotation": [[-0.5319525500434601, -0.8467098118411001, -0.010440383556919827], [0.8467587461384201, -0.5318279872377001, -0.012595253133560098], [0.005112036277000176, -0.015540562905399905, 0.9998661700406]]}