{"translation": [[1659.0288100999896], [550.2450237004086], [21.9739229]], "rotation": [[-0.6813579248820006, -0.7319484413034801, 0.0016987901406400009], [0.7318633827895601, -0.6813108649485606, -0.013839170788480003], [0.011286963557920002, -0.008186146205440002, 0.999902791008]]}