{"translation": [[1649.7231918000034], [539.9638810995966], [22.0253161]], "rotation": [[-0.8276525222056998, -0.5610276202616998, -0.015476832923999997], [0.5612398928040597, -0.8272799113192998, -0.02485863180408], [0.0011427069400799976, -0.0292605220968, 0.99957116611036]]}