{"translation": [[1659.961101999972], [551.1332520991564], [21.9668162]], "rotation": [[-0.6752435264665001, -0.73759478514334, 0.0005461276473799999], [0.7375139670037401, -0.6751801440701202, -0.014321553051860001], [0.01093223675482, -0.00926775791446, 0.99989729216262]]}