{"translation": [[1665.2845836000051], [555.8265047008172], [21.942452]], "rotation": [[-0.6163728661670398, -0.7874544142926398, -7.571911119991313e-05], [0.7874079504584, -0.6163354467179398, -0.010922780960139822], [0.008554523788639912, -0.006792127798899821, 0.99994034178126]]}