{"translation": [[1663.9040985999745], [528.2442132001743], [22.0254986]], "rotation": [[0.85288650773894, -0.5219842462365998, -0.010817789471299997], [0.5220915590001998, 0.8526070375825201, 0.02194576053628], [-0.002232019036099998, -0.02436511985572, 0.99970063467542]]}