{"translation": [[1670.270056999987], [518.0003690989688], [21.9762965]], "rotation": [[0.8634312830211, -0.50444042764252, -0.005124740555059754], [0.50445465959476, 0.8632970545436, 0.01561026981091986], [-0.0034502781134201407, -0.016063594562439755, 0.9998650191397399]]}