{"translation": [[1671.8831843999797], [515.3354910006747], [21.9613098]], "rotation": [[0.86563366141676, -0.5006467254549201, -0.00558839791568], [0.50067594532672, 0.86554503106748, 0.012466220347719999], [-0.00140416209652, -0.01358915633248, 0.9999066772282801]]}