{"translation": [[1676.2354290999938], [508.09185590036213], [21.9350596]], "rotation": [[0.86926072244222, -0.49431384277459994, -0.006292855484019948], [0.4943533799685999, 0.86917097876504, 0.012510960841399807], [-0.0007147743390199489, -0.013986181357399806, 0.9999019330978199]]}