{"translation": [[1682.6578679999802], [497.5372577998787], [21.9207574]], "rotation": [[0.8572476526604002, -0.5148665761565199, -0.006232564419239998], [0.5149042623014799, 0.8571802838183001, 0.01074875708466], [-0.0001917450032399991, -0.012423520916339999, 0.99992280669454]]}