{"translation": [[1664.3630159000168], [500.0595343997702], [21.8544013]], "rotation": [[-0.8561778695577801, 0.5166018646662599, 0.00907306157556], [-0.5166810765545399, -0.8560684490928201, -0.013704996207720001], [0.0006871342316400004, -0.01642179082668, 0.9998649172054]]}