{"translation": [[1683.732548400003], [495.8394333003089], [21.9146752]], "rotation": [[0.8540340750126201, -0.52019069671018, -0.005238723190299945], [0.5202163611531799, 0.8539729149366201, 0.010256929026099806], [-0.0008618312080999461, -0.011485036381299807, 0.9999336733950001]]}