{"translation": [[1674.2854098000098], [511.34031390119344], [21.9443643]], "rotation": [[0.8678861361157602, -0.4967040320667598, -0.007665742708679999], [0.4967627397457198, 0.8678026167548601, 0.012058320823659999], [0.0006629351240400013, -0.014273304781419999, 0.99989791143446]]}