{"translation": [[1672.687499599997], [513.9988686004654], [21.953644]], "rotation": [[0.8665122228970201, -0.4991187602739998, -0.006086760299059805], [0.4991556496191998, 0.8664358739582001, 0.01151224218440005], [-0.0004721881270601919, -0.013013739255999947, 0.9999152062251799]]}