{"translation": [[1680.436292600003], [501.1308689005673], [21.9339036]], "rotation": [[0.86491026517478, -0.50190363937336, -0.004795284632179807], [0.50192448862864, 0.86483988964332, 0.011126445306160053], [-0.0014372493888201935, -0.01203024746415995, 0.9999266010431]]}