{"translation": [[1681.1810930001084], [499.9128950992599], [21.9267663]], "rotation": [[0.86251939541184, -0.50599798768936, -0.00513294361464], [0.50602354176024, 0.8624602295475, 0.01012648796632], [-0.00069702242104, -0.01133168250648, 0.9999355514931]]}