{"translation": [[1677.4055403000093], [506.1392175992951], [21.9358489]], "rotation": [[0.8690714477115, -0.494625883355, -0.007750477487500001], [0.49468616540779997, 0.8689431888777199, 0.01494482806196], [-0.0006573736571000009, -0.01682217723604, 0.99985828107278]]}