{"translation": [[1681.5387126000132], [499.3340362003073], [21.9245954]], "rotation": [[0.8612449580742001, -0.50816604556186, -0.00493722391298], [0.5081894677867, 0.8611889155838, 0.0098539509803], [-0.0007555611264999998, -0.01099571085802, 0.9999392598868401]]}