{"translation": [[1662.0475554000004], [531.1221027001739], [22.0252598]], "rotation": [[0.8465423785314401, -0.5322173109225599, -0.010523582249879999], [0.5323213278628798, 0.8463815729927001, 0.01649991788956], [0.00012542452356000162, -0.01956980690812, 0.9998084851307]]}