{"translation": [[1666.2569628001074], [524.5216848002747], [22.0154489]], "rotation": [[0.8574990587022, -0.5144747220719, -0.0033364487367000006], [0.5144402141595, 0.85731940185462, 0.018833918459860002], [-0.006829172472500001, -0.01786647077814, 0.99981705908358]]}