{"translation": [[1658.912267000007], [508.8279753001407], [21.8650161]], "rotation": [[-0.85926308085604, 0.51143910101856, 0.009856349278879947], [-0.5115338851147201, -0.85911950121074, -0.015713395614539806], [0.0004313365513600523, -0.018543796041419806, 0.99982795599566]]}