{"translation": [[1684.1041794000776], [495.2559922998771], [21.9130352]], "rotation": [[0.8532330162344599, -0.5215052696524201, -0.005069074206619808], [0.52152877535058, 0.8531706345007599, 0.010374328762020053], [-0.001085481404620193, -0.011495387800979945, 0.9999333366776599]]}