{"translation": [[1666.6404975000187], [523.9074737997726], [22.0099948]], "rotation": [[0.8581236974750002, -0.5134374840766999, -0.0023822986530999983], [0.5133909409311398, 0.8579613585422001, 0.01822236523298], [-0.007312124979979999, -0.016860094004300004, 0.99983112077244]]}