{"translation": [[1684.4724857999827], [494.6788839995861], [21.911932]], "rotation": [[0.8525434866771001, -0.5226296852269398, -0.005270976506079999], [0.5226553260856998, 0.8524794865643001, 0.0104929898792], [-0.0009905493367999992, -0.01170063425392, 0.99993105460076]]}