{"translation": [[1687.4611094000284], [490.0339686004445], [21.8953983]], "rotation": [[0.8480117513338801, -0.52994556900154, -0.00580825047398], [0.5299773477740599, 0.8479559949745201, 0.00972695745154], [-0.00022961774221999997, -0.01132681555094, 0.9999358231974]]}