{"translation": [[1660.5179299999727], [506.230600300245], [21.8567742]], "rotation": [[-0.85928847623328, 0.51139337067184, 0.0099956314132], [-0.51148859719216, -0.85918076061952, -0.013697194541600002], [0.0015834004076000002, -0.0168824947448, 0.9998562267632]]}