{"translation": [[1661.0340568000101], [505.39582090079784], [21.856901]], "rotation": [[-0.8590354304177797, 0.5118203744097598, 0.009885653532819998], [-0.5119142748033598, -0.8589202959321598, -0.014120659587359998], [0.0012637481030200017, -0.017190756635039998, 0.99985142936462]]}