{"translation": [[1686.516240899975], [491.4935187995434], [21.9025375]], "rotation": [[0.8496020909833201, -0.52738702377826, -0.0062618655185], [0.52742417079626, 0.84953840962182, 0.0104034344545], [-0.00016694112830000028, -0.0121414389131, 0.9999262760775001]]}