{"translation": [[1670.6562290000147], [517.3631167002022], [21.9715513]], "rotation": [[0.86392781835926, -0.5035891716412599, -0.005162039668319999], [0.5036075709608199, 0.86381063590406, 0.01451122089864], [-0.002848669656239999, -0.01513628972688, 0.99988138186156]]}