{"translation": [[1680.8241084999754], [500.495239299722], [21.9307306]], "rotation": [[0.8637548267598, -0.5038895843144799, -0.00478375217844], [0.50391108135732, 0.8636930258526, 0.01039121717816], [-0.00110433274904, -0.01138604973324, 0.99993456701916]]}