{"translation": [[1662.4192053999868], [530.5491574993357], [22.022704]], "rotation": [[0.8481151002811801, -0.52971032244946, -0.010381829414219945], [0.52981194832554, 0.84796422096012, 0.016000338454339808], [0.0003278764892200555, -0.019070545604339805, 0.9998180868663]]}