{"translation": [[1665.4627482001088], [525.7858220990747], [22.0185209]], "rotation": [[0.8561950814846002, -0.5166286838684397, -0.004978415665520137], [0.5166229934527198, 0.8560028749956401, 0.018967335359639754], [-0.005537531410839751, -0.018811703247119862, 0.9998077092950001]]}