{"translation": [[1663.237191800028], [501.857811499387], [21.855078]], "rotation": [[-0.8571175839940199, 0.5150164226238, 0.010379441753899946], [-0.5151175049097999, -0.8570120138365199, -0.013585486337399807], [0.0018985570419000524, -0.016990989709399808, 0.9998538402014999]]}