{"translation": [[1637.9680976999807], [538.4770758999512], [21.989685100000003]], "rotation": [[-0.4736299387148204, -0.8806620869780001, -0.01043641184694], [0.8806748499968001, -0.4734452047528004, -0.016167735332400002], [0.00929724237606, -0.016848609504000005, 0.9998148256730199]]}