{"translation": [[1659.6959097000072], [534.5899644000456], [22.0367314]], "rotation": [[0.82205675681464, -0.56933746370016, -0.00880647785364], [0.56939924464224, 0.8218764119552, 0.01742632304992], [-0.0026836217252400006, -0.019339828377280002, 0.9998093664428]]}