{"translation": [[1648.6256313999766], [542.0223259003833], [22.0389814]], "rotation": [[0.038130402766779925, -0.99910525656534, -0.01830042401604], [0.9992726439144599, 0.0381356251086199, 6.365375091999838e-05], [0.0006343026608399988, -0.018289538843319998, 0.9998325312044]]}