{"translation": [[1614.204962800024], [524.1028720997274], [21.8826193]], "rotation": [[-0.5005537928303401, -0.86562886080576, -0.01150288955332], [0.86567010817232, -0.5003694836714401, -0.015664747171560002], [0.0078041620227599995, -0.01779875914628, 0.9998111317620599]]}