{"translation": [[1653.453077900107], [540.7449870994315], [22.0478482]], "rotation": [[0.50254448846742, -0.8644282373420601, -0.01458624978648], [0.86455095297426, 0.5024578252349401, 0.00936390089696], [-0.0007654465580800001, -0.01731633374616, 0.99984976803852]]}