{"translation": [[1643.1417446000269], [540.9538326999173], [22.0181775]], "rotation": [[-0.33094992080099994, -0.9434906589139, -0.0172540353185], [0.9436397128295, -0.33081303448938004, -0.010344265836980001], [0.004051859278900002, -0.01970502491402, 0.99979762675062]]}