{"translation": [[1631.462842000008], [534.6571615999565], [21.9546021]], "rotation": [[-0.4989244106341798, -0.86658609210578, -0.01013229599456], [0.8665847198822201, -0.4987171603213798, -0.017657952627759998], [0.01024898628856, -0.017590480186239998, 0.99979274514444]]}