{"translation": [[1610.9451527000638], [522.1426277998835], [21.8733684]], "rotation": [[-0.49985442930266, -0.8659730606041199, -0.0153566409517799], [0.86609078578212, -0.4996495617086799, -0.015384567806919824], [0.005649681114779898, -0.020990294214919825, 0.99976371638102]]}