{"translation": [[1650.3486979000154], [541.8542572995648], [22.043075]], "rotation": [[0.2033212678838, -0.97895412459296, -0.01758460673228], [0.9791095700050001, 0.203328341435, 0.0014035383400000014], [0.0022014486416000005, -0.017502626593719997, 0.99984439373004]]}