{"translation": [[1613.3642789999722], [523.595194700174], [21.8838427]], "rotation": [[-0.5003053921812998, -0.86575589466672, -0.012688836809939999], [0.86580903291504, -0.5000880595360397, -0.016923724242719995], [0.00830627789598, -0.019453142916959997, 0.9997762654426999]]}