{"translation": [[1643.6441564999986], [541.1310007004067], [22.0207088]], "rotation": [[-0.3067622353578, -0.9516423731756999, -0.01654792304189988], [0.95177413187202, -0.30662428212754, -0.010375968373899837], [0.004800216634859881, -0.018932839115019837, 0.9998092345738999]]}