{"translation": [[1647.7585120999138], [541.9983649002388], [22.0349382]], "rotation": [[-0.04008477547650002, -0.999039853097, -0.0176855402425], [0.999195293645, -0.040052348724999964, -0.002184066835], [0.0014736239095000016, -0.017758854529, 0.9998412131675]]}