{"translation": [[1652.7032091], [541.1228432999924], [22.0463754]], "rotation": [[0.43270893595118, -0.9014097054666801, -0.0149505728242], [0.9015327825153201, 0.43262559698117997, 0.008586901429599999], [-0.0012723157953999972, -0.0171940604992, 0.9998513617013599]]}