{"translation": [[1630.802091700025], [534.2572140004486], [21.9532427]], "rotation": [[-0.49941758372500034, -0.8663169206890002, -0.008756814238000003], [0.8663055329180003, -0.4992454422422803, -0.016380594675560006], [0.009818986879000003, -0.015766837799440003, 0.99982748225772]]}