{"translation": [[1660.3513431000174], [533.6648647002876], [22.0357437]], "rotation": [[0.8327057292111, -0.55364006211698, -0.009158270205139943], [0.5537086488343, 0.83249697766086, 0.018855719988979808], [-0.0028150488694999418, -0.02077227934809981, 0.9997802698302001]]}