{"translation": [[1630.1854114999878], [533.8821799000725], [21.9491715]], "rotation": [[-0.50006196091636, -0.8659645235450599, -0.00656466165718], [0.86593792045358, -0.49993520406899994, -0.014694395608940002], [0.009442920195859999, -0.01303270129942, 0.9998704815734]]}