{"translation": [[1651.134443900024], [541.6800827002153], [22.0451402]], "rotation": [[0.2800668991556602, -0.9598382085313198, -0.016526701332119878], [0.95997987253068, 0.2800445541232601, 0.0036984398959198405], [0.0010783086358801212, -0.01690111135607984, 0.99985658455736]]}