{"translation": [[1659.053017499973], [535.458208700642], [22.0420893]], "rotation": [[0.80774058640124, -0.5894708251504801, -0.00890433763679981], [0.5895240510576001, 0.8075250592679, 0.019096275200100064], [-0.00406622146152019, -0.02067415774085994, 0.9997779978775]]}