{"translation": [[1652.334175799915], [541.2806877996773], [22.045995]], "rotation": [[0.39711538630477994, -0.9176356845652801, -0.015621934902460003], [0.9177679567843201, 0.39703663585067994, 0.00798822634416], [-0.0011278021197400007, -0.01750955946336, 0.99984605983646]]}