{"translation": [[1626.8250863000285], [531.8275118004531], [21.9517232]], "rotation": [[-0.5036394208819397, -0.86381175865488, -0.013287418533180002], [0.86387917948848, -0.5034215926709197, -0.016716441919519997], [0.007750685648580002, -0.01989778363792, 0.9997719765399801]]}