{"translation": [[1625.4467212000163], [530.9753867993131], [21.9485092]], "rotation": [[-0.5047111144629001, -0.8631421195091001, -0.015885295577800003], [0.8632472622720201, -0.5044223009643402, -0.019033565721399998], [0.008415774837640002, -0.02331939050548, 0.999692643143]]}