{"translation": [[1654.5525429000263], [540.0603625001386], [22.0456625]], "rotation": [[0.5951540832648601, -0.803540521997, -0.010691984891539821], [0.80359879596604, 0.5950166206287599, 0.01357454164340009], [-0.004545784207700179, -0.01667100979803991, 0.99985069550646]]}