{"translation": [[1640.1615333000082], [539.6425327993929], [21.9982742]], "rotation": [[-0.43640129686979967, -0.8996667938701597, -0.012384445466879827], [0.8997330304799998, -0.43626129363929966, -0.012504557012900104], [0.005847080075600166, -0.01659970150937989, 0.9998451187776599]]}