{"translation": [[1649.9152936000028], [541.9234964000061], [22.0399605]], "rotation": [[0.16124520586573998, -0.98674921482978, -0.01805478692079985], [0.9869117616771, 0.16125991325549993, 0.0006478833048001297], [0.0022722150747198477, -0.017922949595039872, 0.9998367891398]]}