{"translation": [[1641.6763255000114], [540.3611745005473], [22.00813]], "rotation": [[-0.39220693849602006, -0.9197391804670401, -0.01592085404304], [0.91986760440816, -0.39206611340418007, -0.01129908726688], [0.00415018554224, -0.01907665920672, 0.9998094103488]]}