{"translation": [[1645.0798090000171], [541.5618599010631], [22.0267323]], "rotation": [[-0.22808562405456, -0.97349076105744, -0.01710305209888], [0.9736381926012799, -0.22800767260176003, -0.006403070310240001], [0.0023337016526400007, -0.01811263473632, 0.9998332292318399]]}