{"translation": [[1635.7470381999738], [537.2044029003009], [21.9808063]], "rotation": [[-0.49074448522161984, -0.8712114331451599, -0.01267703717232], [0.87121635013204, -0.49043740140177994, -0.021294243674159996], [0.01233449540592, -0.02149447157304, 0.9996928768176]]}