{"translation": [[1649.0703939999803], [542.0055382000282], [22.0387383]], "rotation": [[0.0800175281692398, -0.9966251407347602, -0.01831795797907972], [0.9967919973013202, 0.08003547026253977, -0.00024730317186001313], [0.0017125551520399893, -0.018239405095379718, 0.9998321815489399]]}