{"translation": [[1626.1665760001051], [531.4215565994382], [21.9524213]], "rotation": [[-0.5042667582044996, -0.8634138099055, -0.0152113029969], [0.8635101726615, -0.5040021325769997, -0.018215005232899997], [0.0080605573319, -0.0223203398271, 0.9997183752435]]}