{"translation": [[1603.807038399973], [512.8723932998255], [21.8213551]], "rotation": [[0.5030121796434801, 0.8642114795216399, 0.010826222698559824], [-0.8642770307846398, 0.5029427696518001, 0.008586373474920101], [0.001975472851560173, -0.013675906345919898, 0.9999045289833199]]}