{"translation": [[1608.0545983000193], [515.4794819001108], [21.8242312]], "rotation": [[0.5104571760246002, 0.8598237013444598, 0.011688938054779826], [-0.8599022167864998, 0.5103894241950002, 0.0084125175295001], [0.001267372162700173, -0.014345573945779901, 0.99989629375596]]}