{"translation": [[1604.194763300009], [518.0687137003988], [21.8359271]], "rotation": [[-0.5017314882839203, -0.86491203159236, -0.01388083121944], [0.86501964233084, -0.5016173399617804, -0.011002219626320002], [0.0025530864442399985, -0.01752735181528, 0.9998431245383]]}