{"translation": [[1573.991771299974], [494.2707355991006], [21.7916402]], "rotation": [[0.5399326937103002, 0.8416369275388599, 0.010950733520779998], [-0.8416896385068199, 0.5397887910111001, 0.01365882909994], [0.005584692646339999, -0.01659196748642, 0.99984674715996]]}