{"translation": [[1590.4038808000041], [504.62344990018755], [21.7720801]], "rotation": [[0.5102362988943201, 0.8599010120949199, 0.015137942012439898], [-0.8600294521673199, 0.5100956266139003, 0.012319972016659825], [0.0028721585992398995, -0.019305172981459826, 0.99980951235558]]}