{"translation": [[1606.8012296999805], [519.6421922007576], [21.8407666]], "rotation": [[-0.5004717431150403, -0.8656827188851999, -0.01103228897032], [0.8657247115823199, -0.5003117095272003, -0.014462498828240003], [0.007000352284399998, -0.016788994614800004, 0.9998345486903999]]}