{"translation": [[1595.033116900071], [507.4909642999992], [21.7797305]], "rotation": [[0.5090019358230199, 0.8606663131885801, 0.01306192844828], [-0.8607635271730201, 0.5089103409374199, 0.009823568389320001], [0.0018074626061200007, -0.01624344635892, 0.99986643285644]]}