{"translation": [[1592.5355067999917], [505.9449620991945], [21.7722662]], "rotation": [[0.50994029060334, 0.8601096489794801, 0.01312650358128], [-0.86020715881572, 0.50984147558424, 0.01026289644568], [0.0021347800964800004, -0.01652497666152, 0.9998611742957401]]}