{"translation": [[1603.317289699975], [512.5734107000753], [21.8165147]], "rotation": [[0.5024359301275001, 0.8645597785314, 0.0097248630162], [-0.8646122827457999, 0.50237757023878, 0.00790094612568], [0.0019452866226000007, -0.012377955013680001, 0.99992149796728]]}