{"translation": [[1582.9280243000248], [499.994523299858], [21.7748307]], "rotation": [[0.5128923338417402, 0.8583309985065198, 0.014470678995779727], [-0.8584519958254798, 0.5127934684034401, 0.010152797522119924], [0.0012939903587800743, -0.017629674899879724, 0.99984374787654]]}