{"translation": [[1579.273243499978], [497.70956990029663], [21.7852081]], "rotation": [[0.5211210667052, 0.85335294122368, 0.01488322221576], [-0.8534601501536001, 0.52090123115264, 0.016358429287680002], [0.006206826759600001, -0.0212269596, 0.9997554158124]]}