{"translation": [[1605.0213565999875], [518.5745595991611], [21.8395577]], "rotation": [[-0.50191506512244, -0.86479587924706, -0.014461184297499999], [0.8649146031946999, -0.50180611819044, -0.010635795909939998], [0.0019410807650599993, -0.0178459578445, 0.99983886400236]]}