{"translation": [[1601.4606232000515], [511.4367909003049], [21.8039586]], "rotation": [[0.5030795548648803, 0.8641914457229599, 0.009167990720039999], [-0.8642399205789598, 0.5030448201312001, 0.00593414279032], [0.0005163257260399987, -0.01090868975832, 0.99994036516632]]}