{"translation": [[1582.0158168000053], [499.4315282003954], [21.775517]], "rotation": [[0.5139487063415, 0.8576812057299001, 0.0154830271017], [-0.8578133666463001, 0.51378457157452, 0.013479227411460001], [0.0036059386389, -0.020209178765460002, 0.99978927095702]]}