{"translation": [[1605.694811000023], [514.0254407003522], [21.8300177]], "rotation": [[0.5053730474592599, 0.86276041244364, 0.015572992363519826], [-0.8628998455886799, 0.50526123587376, 0.0107193501507601], [0.0013798021982401728, -0.018855203650519903, 0.9998212727424599]]}