{"translation": [[1600.6813424000284], [515.9371314998716], [21.8297797]], "rotation": [[-0.5064541298384997, -0.8620922571197999, -0.017344823972999995], [0.8622662725049998, -0.5063719684187197, -0.009164783255479998], [-0.0008820458598000017, -0.019597402018519998, 0.9998075633787801]]}