{"translation": [[1586.0575587999774], [501.935191700235], [21.7839555]], "rotation": [[0.5099040319094, 0.86009418773996, 0.015356224951279827], [-0.860228260754, 0.5097738403398001, 0.011743861273400099], [0.002272626006200173, -0.0191981012967199, 0.99981311656604]]}