{"translation": [[1603.292438299919], [517.52327730041], [21.8356872]], "rotation": [[-0.5027571985243198, -0.8643126048688399, -0.014091381420759826], [0.86442603988324, -0.5026599408371998, -0.0100125973512801], [0.0015708396748401743, -0.0172148656335199, 0.99985057925112]]}