{"translation": [[1605.9158806999912], [519.11049370002], [21.837797100000003]], "rotation": [[-0.5009194917406604, -0.8654100284911601, -0.012051779015899827], [0.8654859120674001, -0.5008062981757605, -0.0112821854731601], [0.003728109893660172, -0.016082110654999898, 0.99986372417574]]}