{"translation": [[1597.9442484001047], [514.2525392994285], [21.8148064]], "rotation": [[-0.5115528068953797, -0.8591218593314199, -0.0149467889085999], [0.85925125405558, -0.5114958632477798, -0.007701571575799826], [-0.0010286319398000966, -0.016782807266599826, 0.99985862965784]]}