{"translation": [[1588.2662714999751], [503.29598189983517], [21.7830217]], "rotation": [[0.5100212889839999, 0.8599659734756, 0.0183531400052], [-0.8601603854208799, 0.50986571842046, 0.012692085802900002], [0.0015571244298400004, -0.02225987766338, 0.9997510056130999]]}