{"translation": [[1601.533012000029], [516.4581252001226], [21.8310945]], "rotation": [[-0.5051709728319999, -0.8628521834279997, -0.016987179795199998], [0.8630187081239998, -0.5050973160844998, -0.008693515972199998], [-0.0010789586848000028, -0.019051964347799995, 0.9998179126835]]}