{"translation": [[1606.6391407999909], [514.6068873004988], [21.829359]], "rotation": [[0.50721039402734, 0.8616976595378602, 0.014652724540720002], [-0.8618199497996201, 0.5070966129313401, 0.010924370304560003], [0.00198315830744, -0.01816896491672, 0.9998329639382401]]}