{"translation": [[1599.669140300015], [510.3386035002768], [21.797776]], "rotation": [[0.5044104669639, 0.8633876167676799, 0.01148152710266], [-0.86346361485928, 0.5043538639593199, 0.007595205698239998], [0.00076685495914, -0.013744982636559998, 0.9999052391955799]]}