{"translation": [[1575.7066899000201], [495.40319969970733], [21.793008]], "rotation": [[0.5346359254284001, 0.8449580826454002, 0.014502214275200001], [-0.8450629484714001, 0.5344280044294201, 0.015980288776960002], [0.005752283676799999, -0.020798920183040002, 0.99976713097398]]}