{"translation": [[1599.7523995999945], [515.3662735000253], [21.8228649]], "rotation": [[-0.5078031947936994, -0.8613235074565797, -0.016058670179439998], [0.8614725333150997, -0.5077376711610595, -0.008226885742080001], [-0.0010675808639999994, -0.018011740838799997, 0.9998372054886]]}