{"translation": [[1597.0873772000195], [508.753294499591], [21.7862451]], "rotation": [[0.5071257440882999, 0.86180111247418, 0.011056569600139825], [-0.8618714507791401, 0.5070687287909998, 0.007670209625020097], [0.0010037554071801744, -0.0134191028797399, 0.99990945597054]]}