{"translation": [[1607.0954106000136], [514.8884330997244], [21.8257958]], "rotation": [[0.5081167833209199, 0.86117896280484, 0.01371810692952], [-0.8612859264573599, 0.5080142464242801, 0.010398858412439997], [0.00198628342308, -0.017099046528239997, 0.9998518276742]]}