{"translation": [[1578.360437700001], [497.13330990076065], [21.7820593]], "rotation": [[0.5240282683308, 0.8516208649956798, 0.011675872633359825], [-0.8516520992766399, 0.5238022501752, 0.017887264749280093], [0.009117318434320175, -0.0193172137361599, 0.99977183386104]]}