{"translation": [[1582.4553417999996], [499.70165180042386], [21.7749804]], "rotation": [[0.5133873175932, 0.8580129945902001, 0.0157228362306], [-0.85815523684572, 0.5132624980440601, 0.011456086483900002], [0.0017595280739599994, -0.019374043398780003, 0.9998107573539]]}