{"translation": [[1608.559217299975], [515.7913217004389], [21.8261772]], "rotation": [[0.5115774235099801, 0.8591540426530402, 0.011954806608019827], [-0.8592365937334401, 0.51151084752176, 0.0083171820042401], [0.0010307266622201728, -0.014526889552639904, 0.9998939479227801]]}