{"translation": [[1606.1472800999763], [514.3042804002762], [21.8297267]], "rotation": [[0.50623429187868, 0.86226156781338, 0.01522301138494], [-0.86239481268098, 0.5061262584711, 0.010550222971260001], [0.0013922875247399987, -0.01846913143106, 0.99982846163142]]}