{"translation": [[1583.8316395999864], [500.5588294006884], [21.7724545]], "rotation": [[0.5115938090855603, 0.8591693370513996, 0.009991863941279999], [-0.8592244513532797, 0.5115267871814002, 0.00858491486796], [0.002264789398199999, -0.0129772430544, 0.9999132271822]]}