{"translation": [[1594.2072806999786], [506.97868609894067], [21.7772743]], "rotation": [[0.5095650452734399, 0.8603266329729599, 0.0134752921030399], [-0.86043131046336, 0.5094800647595199, 0.009383914814879823], [0.0012078386305599013, -0.016376277976319825, 0.99986517023792]]}