{"translation": [[1578.7968310000142], [497.41384540032595], [21.7828851]], "rotation": [[0.5225468117260602, 0.8525204566888798, 0.012397431877439824], [-0.8525564990210397, 0.5222946258908602, 0.018860953728720094], [0.009604236937920172, -0.0204252423621599, 0.9997452516041601]]}