{"translation": [[1602.450868099986], [517.0149830002338], [21.8325764]], "rotation": [[-0.5038938659633997, -0.8636308842217599, -0.015257771350879999], [0.8637656519422399, -0.5038142658702598, -0.00895633559114], [4.78858211200011e-05, -0.017692180215139998, 0.9998434799907]]}