{"translation": [[1594.2654544999823], [511.9401730000973], [21.8060755]], "rotation": [[-0.5267501137488004, -0.8498632775378402, -0.01633402940472], [0.8500165816370401, -0.5267068903712204, -0.007192769550860003], [-0.0024903746776800016, -0.01767298742066, 0.99984071909342]]}