{"translation": [[1612.3621887000045], [518.1702944999561], [21.8427463]], "rotation": [[0.5201840029619, 0.85397279422502, 0.01179225290884], [-0.85405218718906, 0.5201632224539, 0.0050070955686799985], [-0.0018579727493199995, -0.01267581050516, 0.99991793251404]]}