{"translation": [[1615.4539771000273], [520.1250109001994], [21.8534731]], "rotation": [[0.5236252470055, 0.85165150837062, 0.022502398353659903], [-0.85190195988354, 0.52369060295206, 0.0033544094512198246], [-0.008927507390220097, -0.020926289834339827, 0.9997411615174]]}