{"translation": [[1610.9873221999733], [517.3073834003881], [21.8334582]], "rotation": [[0.5175181255585202, 0.8555860589086798, 0.0121413477503199], [-0.8556707302671197, 0.5174388229729201, 0.009197425628279824], [0.0015867854974799004, -0.015148830818479822, 0.99988399078044]]}