{"translation": [[1641.286118500051], [537.3946550991386], [21.984861]], "rotation": [[0.6247707628613399, 0.78075249311638, 0.00932920752746], [-0.78080819054446, 0.6247224122174, 0.00777643866338], [0.00024330889762000027, -0.01214281318954, 0.9999262437238999]]}