{"translation": [[1623.617981700052], [525.4064431004226], [21.920188]], "rotation": [[0.5259833339123, 0.8504171392521, 0.0115006777128], [-0.85049482868646, 0.5259407674411, 0.0067007014612799985], [-0.00035028441072000073, -0.0133057239096, 0.99991141358636]]}