{"translation": [[1624.5449867999996], [526.0219592005014], [21.9235975]], "rotation": [[0.5255686286962401, 0.8507259663556801, 0.00654712054068], [-0.8507346109291201, 0.5254948436173401, 0.01028149672728], [0.005306259177479999, -0.01097349424152, 0.9999257102529401]]}