{"translation": [[1640.8532153000124], [537.0498694004491], [21.9858495]], "rotation": [[0.6158096086603801, 0.78783177945884, 0.009981365660359818], [-0.7878915437239599, 0.6157199297842202, 0.01076558880668009], [0.0023357469904401766, -0.014493786558279913, 0.9998922314136001]]}