{"translation": [[1643.2768638000125], [539.1277927001938], [21.9977418]], "rotation": [[0.66961910169326, 0.7426590624796999, 0.00823088985746], [-0.74270093660146, 0.66953946076556, 0.0105925080073], [0.0023557169581, -0.01320603541354, 0.99991002156126]]}