{"translation": [[1626.8907227001037], [527.545589200221], [21.9460088]], "rotation": [[0.5262144846647001, 0.85029645614746, 0.00970972171778], [-0.8503388334427, 0.5261088151455, 0.0115502759701], [0.004712788142300001, -0.01433447587978, 0.99988614973676]]}