{"translation": [[1617.8811710000155], [521.6806229008362], [21.8503366]], "rotation": [[0.52413063606334, 0.85152527100552, 0.01385105906694], [-0.85157636903736, 0.5242189653604399, -0.0034966699024800004], [-0.01023849087738, -0.00996252188136, 0.99989795553134]]}