{"translation": [[1643.6799637000076], [539.5051989005879], [22.0012033]], "rotation": [[0.6803116983613999, 0.73286429470104, 0.00926793546947992], [-0.73292041312836, 0.6802220985871601, 0.011204490599759817], [0.00190711700567992, -0.014415205242839816, 0.9998942767886]]}