{"translation": [[1626.4087208000128], [527.2279179999605], [21.9422907]], "rotation": [[0.5260434449196802, 0.85040523077888, 0.00944568203168], [-0.8504531687228799, 0.5259719999093602, 0.009102005611120002], [0.0027722291276799983, -0.01282116066712, 0.99991396258968]]}