{"translation": [[1625.029322199989], [526.3382175005972], [21.9294307]], "rotation": [[0.52574519169504, 0.85061482113496, 0.00681510463536], [-0.85062255365976, 0.5256618816943202, 0.010994704163319999], [0.00576981724144, -0.01157749454028, 0.99991633191672]]}