{"translation": [[1650.2360924999812], [549.1339421002194], [22.0139731]], "rotation": [[0.9558245524587, 0.29347070940203984, 0.016563994886279996], [-0.2937626410493998, 0.9556821359927, 0.0193691494132], [-0.010145635870200002, -0.023379391531279995, 0.99967518230264]]}