{"translation": [[1645.1607085000142], [541.0085984002799], [22.0075956]], "rotation": [[0.7237085701047001, 0.6900578489427598, 0.008127071692679812], [-0.6900879708365999, 0.7235553606968002, 0.015691116164600075], [0.004947392083800185, -0.016964189705319925, 0.9998438575933399]]}