{"translation": [[1636.0752710999222], [533.5684879999608], [21.9542564]], "rotation": [[0.551226867534, 0.8343433403567999, 0.0044906827094], [-0.8343088428895999, 0.55113123563478, 0.013533333355439998], [0.0088164905238, -0.011206553339439998, 0.99989833616478]]}