{"translation": [[1633.7950339000672], [532.0391570003703], [21.9494242]], "rotation": [[0.5364283307907001, 0.8438695238854598, 0.011352874497219997], [-0.8439228563682998, 0.5362657736819001, 0.014603001703899998], [0.006234869781499997, -0.017414414056219997, 0.9998289176591599]]}