{"translation": [[1617.4044829001068], [521.3861077995971], [21.8525963]], "rotation": [[0.52388246143974, 0.8517335847193399, 0.009852472005799903], [-0.8517826718243, 0.52389236164814, 0.0017542332091598258], [-0.0036674955131600984, -0.009311176909399825, 0.99994992447704]]}