{"translation": [[1631.0372330999235], [530.2371802004054], [21.9480978]], "rotation": [[0.5299706368386801, 0.84792825237322, 0.012199101155859999], [-0.8480049852944199, 0.5298355877271002, 0.012720457969460001], [0.0043225174984599995, -0.01708636773686, 0.99984467387942]]}