{"translation": [[1642.4830123999855], [538.420109000057], [21.990962]], "rotation": [[0.6508966637662401, 0.7591478976246, 0.005299024589639916], [-0.75915020048964, 0.6508213386405399, 0.01107408302159982], [0.004958147435399915, -0.011230839255359818, 0.99992463968054]]}