{"translation": [[1642.8977750000195], [538.7854033000767], [21.9940566]], "rotation": [[0.6604882485820802, 0.7508084232202399, 0.006473628060319817], [-0.7508282093314398, 0.66041645199326, 0.010345663158640082], [0.0034923217019201813, -0.011693771657839917, 0.99992552691518]]}