{"translation": [[1647.477423299977], [543.7954135993496], [22.0108835]], "rotation": [[0.7975013021823001, 0.6032588588001798, 0.008393200164359998], [-0.6033103962606597, 0.7973487944249401, 0.01585841489452], [0.002874420585079998, -0.017710811338439998, 0.999839019486]]}