{"translation": [[1628.2658477000077], [528.4421267993748], [21.949873]], "rotation": [[0.52684586641148, 0.8498725386097399, 0.01224947274822], [-0.8499402866488599, 0.52667827422182, 0.014541423456660001], [0.0059068262905800015, -0.01807240941126, 0.9998192323623001]]}