{"translation": [[1621.2724132000003], [523.871515900828], [21.885703600000003]], "rotation": [[0.5249409285484401, 0.8510766008209799, 0.010276029985099999], [-0.8511051609290999, 0.5249891009286001, -0.0025307455557], [-0.007548661940979999, -0.0074174906958599995, 0.9999439976966]]}