{"translation": [[1646.8474338000524], [542.9711207002401], [22.0078704]], "rotation": [[0.77424284823446, 0.63285391186506, 0.00662848704672], [-0.63287534223558, 0.7741162828271, 0.014586997533360001], [0.004100218730159999, -0.015488884528320002, 0.9998716330917999]]}