{"translation": [[1648.881527700054], [545.9450134001672], [22.014191]], "rotation": [[0.8637674686540799, 0.50371757294608, 0.01320440296816], [-0.50386507381552, 0.8636909112759801, 0.01256927284036], [-0.00507315890896, -0.01751016665156, 0.99983381474606]]}