{"translation": [[1611.9688927999232], [517.9213378001004], [21.8397813]], "rotation": [[0.5196132555128, 0.85432170982304, 0.01168074338632], [-0.8544001712653599, 0.5195884890800601, 0.005301726203539999], [-0.00153979957888, -0.012734876679859999, 0.9999177225783]]}