{"translation": [[1649.7586859000148], [547.7515560993925], [22.0198269]], "rotation": [[0.9204785133582201, 0.3904136849694398, 0.01721787840354], [-0.3906883570566398, 0.9203583900326, 0.017407924938720003], [-0.009050326431660002, -0.022750445685119997, 0.99970020945838]]}