{"translation": [[1619.359334799985], [522.638419800438], [21.8753893]], "rotation": [[0.52432550893374, 0.8513690760627999, 0.015920254480099996], [-0.8514930309764, 0.52436147232972, 0.002159174004879999], [-0.0065097140766999986, -0.014688095783119998, 0.9998709334030199]]}