{"translation": [[1615.9277122999774], [520.4249639008194], [21.8482236]], "rotation": [[0.5236211637629999, 0.8516760350967799, 0.021649856873459997], [-0.85189460637702, 0.5237101254687, 0.0017867080833399995], [-0.009816551663139998, -0.01937895616026, 0.9997640178192599]]}