{"translation": [[1637.86183910002], [534.805524200201], [21.9725194]], "rotation": [[0.5684947518782, 0.8226456395833, 0.0082365134969], [-0.8226691609435, 0.5683883288770799, 0.01225277988214], [0.0053981582525, -0.013741566755860002, 0.99989100867212]]}