{"translation": [[1609.533134999976], [516.3991237999871], [21.8273651]], "rotation": [[0.5138866302014, 0.85779882104448, 0.010084092502839826], [-0.85785462337524, 0.5138156184022, 0.008884280651520098], [0.0024395615652801736, -0.0132161985332399, 0.9999096862372401]]}