{"translation": [[1629.6665612999932], [529.3546732999384], [21.9509233]], "rotation": [[0.5281137746112601, 0.8491138477277, 0.010077522228939999], [-0.8491358200869401, 0.5279410476120601, 0.0157051296787], [0.0080151046465, -0.01685128036694, 0.99982588107276]]}