{"translation": [[1650.7376692000544], [552.0172108998522], [22.0021875]], "rotation": [[0.99652220574206, 0.08212478430432, 0.01410720302909999], [-0.0823232063616, 0.9965057643045999, 0.014112098107199798], [-0.012898956108180008, -0.015224369333759799, 0.9998008979315]]}