{"translation": [[1642.6834499000688], [569.8154352009296], [22.0449521]], "rotation": [[0.8395600358137201, -0.5432288925810199, -0.00642999241986], [0.5432651150014199, 0.8394676707495, 0.01253287189894], [-0.0014104466720599993, -0.01401528882114, 0.99990078624678]]}