{"translation": [[1607.782530699973], [604.1902892999351], [22.2289197]], "rotation": [[-0.8557310185377003, 0.51736756253318, 0.00744250452696], [-0.51741850903542, -0.8555927783265003, -0.01546757556256], [-0.001634668994239999, -0.01708697236776, 0.9998526707697599]]}