{"translation": [[1608.364706900029], [603.2534189000726], [22.2300495]], "rotation": [[-0.8564713499451599, 0.51615895804154, 0.006055700931499946], [-0.5161937732830999, -0.85639182186196, -0.011702590847539808], [-0.0008543442254599467, -0.013148849465299806, 0.99991318515644]]}