{"translation": [[1649.5150412999792], [558.7263654004782], [22.0153477]], "rotation": [[0.92684128416792, -0.37535386503435997, 0.00864320848072], [0.37516713331636, 0.9267879941449401, 0.01770963216776], [-0.01465780093528, -0.013171370319759998, 0.99980581307702]]}