{"translation": [[1636.0537514999742], [579.862337000668], [22.0902862]], "rotation": [[0.8500629812975, -0.5266514124091399, -0.005589006645979999], [0.52668106017286, 0.85001691213254, 0.00885038473894], [8.968290302000014e-05, -0.01046700827806, 0.9999452153502]]}