{"translation": [[1632.1713357000262], [585.8662040000781], [22.1138324]], "rotation": [[0.8543506030235001, -0.5196425845332999, -0.007526815667999998], [0.5196961885684999, 0.8542865295054201, 0.010508025674880002], [0.000969640099200001, -0.01288919531088, 0.99991646073792]]}