{"translation": [[1650.598060499935], [555.0523180998862], [22.0096779]], "rotation": [[0.9901069630575, -0.13950458395510001, 0.0150555974883], [0.1392272822331, 0.9900946205910001, 0.0181219317881], [-0.0174345588473, -0.015846500726100003, 0.9997224237375]]}