{"translation": [[1610.062698099995], [600.5235344003886], [22.2373825]], "rotation": [[-0.8592423662602602, 0.51152887652176, 0.006385269603479947], [-0.5115655642931201, -0.8591262231709602, -0.014241251667959807], [-0.0017990589164399461, -0.015503170772279808, 0.99987820012414]]}