{"translation": [[1648.4911786000011], [560.827960900031], [22.0224095]], "rotation": [[0.8845795970774001, -0.46638083028038, 0.002800220776339999], [0.46627864372430006, 0.8844846443333401, 0.01646584303138], [-0.010156106342499999, -0.013259665421499998, 0.9998605076495001]]}