{"translation": [[1646.5622086999938], [564.0402260003611], [22.032351]], "rotation": [[0.84512849590364, -0.53455496435506, -0.00297096715418], [0.5345398302506199, 0.84502647421164, 0.014051295856539999], [-0.00500064376946, -0.01346325083218, 0.9998968619044399]]}