{"translation": [[1642.285195000004], [570.4074950003996], [22.0442051]], "rotation": [[0.8403251746175, -0.5420390508801, -0.006873898102699944], [0.5420822401557001, 0.84024169472188, 0.011862613517219808], [-0.0006542643990999435, -0.013694670959219809, 0.99990600954038]]}