{"translation": [[1650.3893254000577], [556.0869930004701], [22.0088315]], "rotation": [[0.9770623982954999, -0.21258893308408, 0.01245066938444], [0.21236216634808003, 0.9770368363050199, 0.01735899225664], [-0.01585509198644, -0.01431676773536, 0.9997717970904799]]}