{"translation": [[1608.1689556000056], [603.5682552997023], [22.2312345]], "rotation": [[-0.8561193818000999, 0.5167401857083199, 0.00625899971126], [-0.516776676482, -0.85602591445584, -0.01270790784432], [-0.0012088206951, -0.0141139913452, 0.9998996619663]]}