{"translation": [[1613.41623849998], [595.1506433002651], [22.2268684]], "rotation": [[-0.8613306453922, 0.50799661570304, 0.00697298251452], [-0.5080431571958799, -0.8612160782722, -0.01409545015824], [-0.00115519579824, -0.01568342191548, 0.99987634024284]]}