{"translation": [[1633.1575890000095], [584.3318172004074], [22.1128689]], "rotation": [[0.85315019184576, -0.52159754918672, -0.00841195617024], [0.52166512969344, 0.8530545271443, 0.01278594386162], [0.0005067406923200003, -0.01529655454386, 0.9998828724627]]}