{"translation": [[1611.8346972999861], [597.6915373001248], [22.2332819]], "rotation": [[-0.8606410446044203, 0.5091656131348201, 0.00686839961284], [-0.50920980961962, -0.8605201694853002, -0.014498685417959999], [-0.0014718353675599997, -0.01597562182644, 0.99987129831512]]}