{"translation": [[1608.4802326000063], [603.0650144992396], [22.2305392]], "rotation": [[-0.8566613775537002, 0.5158506631763601, 0.0054291422620198065], [-0.5158772064378, -0.8565810788436002, -0.011817838982600054], [-0.0014457396457001922, -0.012924656312519947, 0.99991542797406]]}