{"translation": [[1649.9213135999744], [557.6763654006645], [22.0128588]], "rotation": [[0.94867664156718, -0.31607889036259995, 0.01033237695128], [0.31587020434659996, 0.9486342327195, 0.017863362354400003], [-0.01544787857128, -0.013682864309600001, 0.9997870484476801]]}