{"translation": [[1636.98891309998], [578.4266750998795], [22.0828613]], "rotation": [[0.8490380354622, -0.52829290375078, -0.00640646067314], [0.52833147824134, 0.8489874126851, 0.009286698109219999], [0.00053290816082, -0.01126949462134, 0.99993635522894]]}