{"translation": [[1641.0000659999787], [572.3345293002203], [22.050095]], "rotation": [[0.8429170198358401, -0.5380076013401599, -0.0062244335399199435], [0.5380432018076798, 0.8428457866092002, 0.01097806889283981], [-0.0006600463813599428, -0.012602615136679807, 0.9999203660508]]}