{"translation": [[1608.8630526000052], [602.4462004993111], [22.2328554]], "rotation": [[-0.8574032459970001, 0.51462079343984, 0.004984836658119807], [-0.5146399122283599, -0.8573118613083601, -0.012722778703040054], [-0.0022738466844801925, -0.013473949520839947, 0.9999066367877999]]}