{"translation": [[1609.1649834000855], [601.9618020998314], [22.2357376]], "rotation": [[-0.8579727026068001, 0.5136628807882, 0.005790829813599807], [-0.51369191545828, -0.8578699249533601, -0.013418459957200054], [-0.001924786316960193, -0.014487372956719946, 0.9998931999152]]}