{"translation": [[1612.0728471999755], [597.3104044003412], [22.2329821]], "rotation": [[-0.86076338484786, 0.5089577032503, 0.006975241551639999], [-0.50900403736486, -0.8606472515442599, -0.014191572506999999], [-0.0012196879914000004, -0.015766010469639997, 0.99987496482744]]}