{"translation": [[1629.6344837999786], [589.8435428999364], [22.1296789]], "rotation": [[0.8562268737504, -0.51656309402384, -0.00617113920448], [0.51659991607808, 0.8561703279611, 0.00984218548874], [0.00019943591536000045, -0.011615153877220001, 0.99993252192974]]}