{"translation": [[1609.3334747999907], [601.6894775005057], [22.2364738]], "rotation": [[-0.8581712397545997, 0.5133328809944799, 0.0055837647149597535], [-0.51335824524232, -0.8580640894788998, -0.013748901268659859], [-0.0022665348466401397, -0.014665385582259754, 0.9998898885716601]]}