{"translation": [[1648.783244499995], [560.2793502993882], [22.0214683]], "rotation": [[0.8944407722350001, -0.4471622645022, 0.0046475664216], [0.4470318870144, 0.8943565972905201, 0.016992779895879998], [-0.0117551121102, -0.01312142452288, 0.9998448107265201]]}