{"translation": [[1607.8312675000052], [604.1118044005707], [22.2293504]], "rotation": [[-0.8557412739747999, 0.51735159537248, 0.007357521934039808], [-0.51740146328176, -0.8556069691338399, -0.015243835335080053], [-0.0015912753858801925, -0.016851572252439946, 0.9998567359128]]}