{"translation": [[1631.652381000109], [586.674862800166], [22.1149237]], "rotation": [[0.8548504973898801, -0.51882152606526, -0.007405169547819999], [0.51887270106474, 0.85479688886652, 0.00966355012014], [0.0013162577628199994, -0.01210323107514, 0.9999258868814]]}