{"translation": [[1650.1020125999348], [557.130657799542], [22.0105631]], "rotation": [[0.9592457568638401, -0.28234838450683997, 0.011267894317480001], [0.28213834701788, 0.95921924078744, 0.01721624177824], [-0.01566935920804, -0.01333550169008, 0.99978829537304]]}