{"translation": [[1608.0106392001035], [603.8234588000923], [22.2307188]], "rotation": [[-0.8558470288053, 0.5171781490205399, 0.007244664700619807], [-0.51722731837434, -0.85572596255458, -0.014451223210340054], [-0.0012744089710201925, -0.016115176098139946, 0.99986932994828]]}