{"translation": [[1609.4979638999794], [601.4260410992429], [22.2366325]], "rotation": [[-0.8583995456266401, 0.5129476540200001, 0.00592764661224], [-0.5129775040622401, -0.8582870210422401, -0.0140599614024], [-0.0021244022820000007, -0.01510981217424, 0.99988358347576]]}