{"translation": [[1634.600023499981], [582.097787800245], [22.1042808]], "rotation": [[0.8516361995097401, -0.5240858234608199, -0.007057834643819998], [0.5241332479855798, 0.8515670212185401, 0.01085939305218], [0.00031896481278000143, -0.01294749816642, 0.99991612675324]]}