{"translation": [[1610.2552723999834], [600.2181092007086], [22.2366668]], "rotation": [[-0.8594872169152201, 0.5111128827453197, 0.006747412862319998], [-0.5111556757794797, -0.8593749326711201, -0.01395645847432], [-0.0013347685151199984, -0.01544437459048, 0.9998798376296599]]}