{"translation": [[1646.7227630999987], [547.3512826999649], [22.0541598]], "rotation": [[-0.40051340591242013, 0.9161289517332402, 0.017230077473380002], [-0.9162675971575601, -0.4002980840416801, -0.01467155010076], [-0.006543865271780003, -0.02166351262844, 0.9997439022419]]}