{"translation": [[1638.1700476999977], [555.4214222002774], [22.1171829]], "rotation": [[-0.81872927838664, 0.57410448733856, 0.00929940420956], [-0.57415298112224, -0.8184271243583999, -0.02292310972048], [-0.00554937558364, -0.02410710079088, 0.9996939792428]]}