{"translation": [[1630.0260570999817], [568.0512071000412], [22.1412362]], "rotation": [[-0.8614953548873001, 0.50759690264778, 0.01307861147406], [-0.50775988010946, -0.8613199497240401, -0.01754310448542], [0.0023600438419799996, -0.021754098145859997, 0.9997605660334999]]}