{"translation": [[1627.7122447000584], [571.8376145996153], [22.1550115]], "rotation": [[-0.8625165865917201, 0.50587171418304, 0.01259536702512], [-0.50602657959984, -0.8623145304651402, -0.01872025499026], [0.0013911216595200006, -0.022520124287539998, 0.99974542196558]]}