{"translation": [[1627.2340018000104], [572.6228629006073], [22.1576241]], "rotation": [[-0.8626265327553001, 0.5056757238925, 0.012943903727599806], [-0.5058386034289399, -0.8624238575097001, -0.01877271074192005], [0.0016702272219198061, -0.02274136436839995, 0.99973998654156]]}