{"translation": [[1651.4790540999966], [546.6123406002298], [22.0194733]], "rotation": [[0.029916814655360002, 0.9992634165105599, 0.024038396625279998], [-0.9995492206003199, 0.02996976068685997, -0.0018452416061400002], [-0.0025643100366399985, -0.02397235372122, 0.99970933307726]]}