{"translation": [[1647.150194200105], [547.1947614010423], [22.0496766]], "rotation": [[-0.36121348486953997, 0.9323257003362799, 0.017127935075399996], [-0.9324655653645999, -0.36103340874730006, -0.012751726491000002], [-0.0057050045362799975, -0.02057730817404, 0.9997719876408]]}