{"translation": [[1616.1941000000224], [590.6647362997755], [22.2129864]], "rotation": [[-0.8619148405885007, 0.5070125608414802, 0.006427059670139948], [-0.5070532589655601, -0.8618407603085606, -0.011301893978519809], [-0.00019110061157994688, -0.013000130155559808, 0.9999154764815]]}