{"translation": [[1638.55108439998], [554.9068014007062], [22.1190977]], "rotation": [[-0.8141665804755999, 0.58050329424048, 0.012181147931159809], [-0.5806173445473599, -0.8138238132457598, -0.02395779661128006], [-0.003994270864920191, -0.026578227624239937, 0.9996387565276]]}