{"translation": [[1645.5382348999847], [547.9025697000325], [22.0637527]], "rotation": [[-0.5062275607589203, 0.86228140690538, 0.014308780475619998], [-0.8623482684623801, -0.5059455053952403, -0.01936281378682], [-0.00945673164238, -0.02214113780018, 0.99971012813868]]}