{"translation": [[1647.5470245999168], [547.0638939999044], [22.046589]], "rotation": [[-0.3246012891911201, 0.9456858414985598, 0.017674249325479997], [-0.9458359921865598, -0.32443424994304004, -0.011695305981760001], [-0.005325953860519997, -0.020513251490239998, 0.99977539514808]]}