{"translation": [[1614.8934926000074], [592.7693814998493], [22.2193545]], "rotation": [[-0.8616523428687402, 0.5074423549191601, 0.007585768340519947], [-0.5074990202137201, -0.8615507645487401, -0.013231477748759806], [-0.00017868780875994776, -0.015250703439479808, 0.9998836852945601]]}