{"translation": [[1615.2219984999974], [592.2382129002362], [22.219138600000004]], "rotation": [[-0.8616774740500801, 0.50739603435516, 0.00784089419724], [-0.50745661416324, -0.8615744074940201, -0.01332702757688], [-6.567768839999336e-06, -0.01546251087992, 0.9998804482199]]}