{"translation": [[1653.2812897000113], [546.8608059007674], [21.9994127]], "rotation": [[0.17512821053359995, 0.98433219825852, 0.02050124849204], [-0.9845456352601201, 0.17508464426231996, 0.003915007056239999], [0.00026421284875999956, -0.02087004220296, 0.9997821620472801]]}