{"translation": [[1642.9563104999252], [549.7897262005135], [22.0892504]], "rotation": [[-0.69691844978196, 0.7169660678563401, 0.01626011481254], [-0.7171330232553401, -0.6965644304110801, -0.022765778438980002], [-0.00499607323354, -0.02752655543098, 0.9996085874041201]]}