{"translation": [[1631.8416930999956], [565.0979574006051], [22.1341398]], "rotation": [[-0.85855548088066, 0.5124870430395, 0.015486414661279806], [-0.51271599955278, -0.8582884970637, -0.021528391452960052], [0.0022587883975998075, -0.026423447023199945, 0.9996482878399999]]}