{"translation": [[1636.986734199978], [557.1000637998804], [22.1179977]], "rotation": [[-0.832306566852, 0.5542059693002, 0.011035199357], [-0.5543090193998, -0.8320327697660199, -0.021522877769], [-0.0027464604230000005, -0.024030539891, 0.99970745228198]]}