{"translation": [[1635.7383394999779], [558.9638873003423], [22.116661]], "rotation": [[-0.8433091177969002, 0.5372762050572198, 0.012801276124559998], [-0.5374285513010199, -0.8430527358173803, -0.020796592199040002], [-0.0003813628089599976, -0.02441772880344, 0.99970177005948]]}