{"translation": [[1630.9382529999712], [566.5621694000438], [22.1397101]], "rotation": [[-0.8602256803737001, 0.50970058766752, 0.01473668136734], [-0.50990915605192, -0.8599792848020801, -0.02069691512896], [0.0021240105358600013, -0.02531838566776, 0.99967718186438]]}