{"translation": [[1629.0746448999853], [569.6077233003452], [22.1454675]], "rotation": [[-0.8620200240079399, 0.5067084696192, 0.0129688336584], [-0.5068715151455999, -0.8618193252456199, -0.01867895522028], [0.0017120059272000008, -0.02267516373228, 0.99974141957368]]}