{"translation": [[1635.3352838000283], [559.5799329997972], [22.1188168]], "rotation": [[-0.8455931394500997, 0.5336521515428999, 0.013696800402], [-0.53382715061106, -0.8453564209908998, -0.020026817904079997], [0.00089132378808, -0.0242462640116, 0.99970561877984]]}