{"translation": [[1619.6136761999805], [585.1028230004013], [22.2087915]], "rotation": [[-0.8626644040580999, 0.50571915021366, 0.00762804465588], [-0.5057751553119001, -0.8626006767288998, -0.010558634656999999], [0.0012402529265999993, -0.012966634249879998, 0.9999151604837601]]}