{"translation": [[1616.8905637999997], [589.536994099617], [22.2095014]], "rotation": [[-0.86214794128404, 0.5066194613417, 0.006164984414739999], [-0.5066566777042599, -0.86209669540434, -0.009415784833700001], [0.0005445922050999999, -0.01124132804426, 0.99993666598206]]}