{"translation": [[1636.5614473000169], [557.7195799006149], [22.1158888]], "rotation": [[-0.83657796981282, 0.54775140820726, 0.01028896457766], [-0.54783370550646, -0.8362727168418, -0.02294213831582], [-0.00396220849754, -0.02482952690658, 0.99968384778702]]}