{"translation": [[1620.8699469999992], [583.0504629993811], [22.2055678]], "rotation": [[-0.8626499537005198, 0.5056959330774601, 0.01032700011538], [-0.50579375782766, -0.8625691550696398, -0.012128212912859999], [0.0027745639369799995, -0.01568573475494, 0.99987312170988]]}