{"translation": [[1628.634503600013], [570.3306245990098], [22.1496884]], "rotation": [[-0.8621937610384798, 0.5063814168507998, 0.014145849776199997], [-0.5065718746867998, -0.8619931913509797, -0.018788288297199997], [0.002679584672200001, -0.023365030901199995, 0.9997234093515]]}