{"translation": [[1654.6686953000026], [547.215324100107], [21.9895232]], "rotation": [[0.26233386288749994, 0.96476049002262, 0.020451042429339837], [-0.9649722879808599, 0.2622057938982, 0.00875836490682012], [0.003087340945980158, -0.022032303968739876, 0.99975249234126]]}