{"translation": [[1618.013916499971], [587.7083639008924], [22.2098882]], "rotation": [[-0.8623694292509801, 0.5062489830516, 0.005540991550359947], [-0.5062792804571999, -0.8623211954385002, -0.009122171784599807], [0.0001600246236400523, -0.010671972523799807, 0.99994304007152]]}