{"translation": [[1647.982448099996], [546.9397178003564], [22.0456185]], "rotation": [[-0.2844160478879999, 0.95852620709232, 0.01830334587776], [-0.9586870373887999, -0.2842572469878599, -0.010815374616179999], [-0.0051639612503999975, -0.0206232466555, 0.9997739820579]]}