{"translation": [[1638.9578263000003], [554.3656615000218], [22.1219341]], "rotation": [[-0.8087513803639201, 0.5879799753647599, 0.01417630822204], [-0.58814008494316, -0.8083558110537001, -0.02554089969398], [-0.0035580370715599984, -0.02899388977322, 0.9995732563342199]]}