{"translation": [[1617.6215135999955], [588.3483971999958], [22.2092699]], "rotation": [[-0.8622293886139604, 0.5064849871651, 0.00579398100354], [-0.50651811264646, -0.8621756252770603, -0.009629317966500002], [0.00011832399990000008, -0.011237436531540001, 0.99993685101814]]}