{"translation": [[1631.373638299934], [565.8554425993934], [22.1384162]], "rotation": [[-0.8595318158799401, 0.5108403112921399, 0.015733836542659807], [-0.5110768148416599, -0.8592606637018001, -0.021723739611020053], [0.002422103363859807, -0.026713440256419946, 0.9996401980647001]]}