{"translation": [[1690.9847326001036], [567.9111052006483], [21.826517000000003]], "rotation": [[0.50137468976646, 0.86504149851, 0.0180750587218599], [-0.86523006370864, 0.50124913537596, 0.011239332308399828], [0.0006623797760999008, -0.021274200139359826, 0.99977345918886]]}