{"translation": [[1668.0757990999846], [554.0272589996457], [21.896168]], "rotation": [[0.5064266481932599, 0.86221177934192, 0.0110882847671399], [-0.86225197110976, 0.50625728623436, 0.015005031331679828], [0.007323988829219901, -0.017159843005439827, 0.99982593434766]]}