{"translation": [[1658.7808440999943], [548.8171205995604], [21.9578563]], "rotation": [[0.4070547392887798, 0.9132543414750801, 0.016521013088360004], [-0.9133698379374801, 0.40681714249669976, 0.01597963045984], [0.007872435621160002, -0.02159437937264, 0.9997358188719201]]}