{"translation": [[1697.168189500051], [571.6486234003678], [21.801707500000003]], "rotation": [[0.5013325539946202, 0.8650788866535798, 0.017441246270419996], [-0.8652546775874198, 0.5012339907937202, 0.00994164410378], [-0.00014183917942000093, -0.02007518967778, 0.99979846301334]]}