{"translation": [[1708.734388199984], [578.5423614997417], [21.7771744]], "rotation": [[0.49753351453207995, 0.86717684404036, 0.021559235466799997], [-0.8674362987756401, 0.49748497939661995, 0.0079397988016], [-0.003840187512400001, -0.0226515782848, 0.9997360446646999]]}