{"translation": [[1687.238657900074], [565.6482560997829], [21.8303368]], "rotation": [[0.5025754383446002, 0.8643284981303198, 0.018821752817839897], [-0.8645245076319198, 0.5023523675871802, 0.015477622778059825], [0.003922596478959899, -0.024050538930739825, 0.99970304834142]]}