{"translation": [[1713.999013099994], [581.7218979001045], [21.7597629]], "rotation": [[0.5059842983218399, 0.8623416193119599, 0.018624591575319822], [-0.8625403204141199, 0.5059158542745399, 0.008567264336460097], [-0.0020345684623598245, -0.020399361772619896, 0.9997898412133399]]}