{"translation": [[1667.6106805001036], [553.7399297002703], [21.8998122]], "rotation": [[0.5064513090222, 0.8621696483597, 0.013061202413299828], [-0.8622439188280601, 0.5062641705798001, 0.015232859629580101], [0.006520889908580173, -0.0189766439544999, 0.99979866222636]]}