{"translation": [[1660.6228330999147], [549.7217990998179], [21.9455288]], "rotation": [[0.44398597790693983, 0.8958760242616, 0.016812473792919832], [-0.89599820825408, 0.4437230439062999, 0.017237454555560104], [0.007982538899800173, -0.022717134222999896, 0.9997100634264]]}