{"translation": [[1699.5358801999828], [573.0713669005781], [21.8018384]], "rotation": [[0.4997188401370999, 0.8659785420436401, 0.01903519369082], [-0.8661875101584402, 0.49961349145687994, 0.010278593592040003], [-0.0006091998012200013, -0.021624452841160005, 0.99976597859622]]}