{"translation": [[1679.4742476000101], [560.9218327999115], [21.8412606]], "rotation": [[0.5037186583855, 0.8637541555672801, 0.01400948216754], [-0.8638666508520001, 0.50362578143596, 0.00977115518328], [0.0013843395884999997, -0.017024237666400002, 0.9998541188263]]}