{"translation": [[1662.943456900015], [550.9632740998641], [21.93006]], "rotation": [[0.47501489084526016, 0.8797793138548599, 0.01868951603826], [-0.8799701733342599, 0.47481516560238013, 0.01425265624498], [0.0036651246561399996, -0.02321643988722, 0.99972374375388]]}