{"translation": [[1698.7263270000694], [572.5853946004063], [21.8025656]], "rotation": [[0.5005211453068801, 0.86551498114112, 0.019034477092319826], [-0.8657241843916801, 0.50040927980718, 0.010587729664280104], [-0.0003611886651198274, -0.021777990733079903, 0.99976276617006]]}