{"translation": [[1702.5820664999774], [574.8928608996794], [21.793546600000003]], "rotation": [[0.4967419068037999, 0.8676508866581601, 0.02072085583548], [-0.8678981601587602, 0.49661250726188, 0.01134628433544], [-0.00044562123528000055, -0.023619768341160002, 0.99972091502092]]}