{"translation": [[1732.4502955999342], [598.0660894997418], [21.7542602]], "rotation": [[-0.4973728694782601, -0.8674298449531201, -0.013630035862940001], [0.8675364462945601, -0.4972947253355602, -0.00886315889808], [0.000910023969380001, -0.01623284693616, 0.99986782453694]]}