{"translation": [[1676.9277314000065], [559.370155800134], [21.8683513]], "rotation": [[0.5011492675695602, 0.8651438172462799, 0.019379041623239897], [-0.8653596918747598, 0.5009865557067003, 0.012846588098379828], [0.0014055077802798983, -0.023207900117939825, 0.9997296724107001]]}