{"translation": [[1694.0641033999855], [569.7723215995356], [21.8159583]], "rotation": [[0.5016212705982198, 0.8648733316953201, 0.019242806068780004], [-0.8650872663773201, 0.5014859755954398, 0.01165771976732], [0.00043245228578000193, -0.022494465999320003, 0.99974687397222]]}