{"translation": [[1672.234981800022], [556.5568244000897], [21.8873871]], "rotation": [[0.49627931528838, 0.86809850378228, 0.010573983510039827], [-0.86811937026908, 0.4960956551864, 0.0160573983251601], [0.008693696562440173, -0.017148434573559898, 0.99981515832902]]}