{"translation": [[1667.113266100001], [553.4337929002941], [21.9023067]], "rotation": [[0.50539713550902, 0.8627549440588401, 0.01508644815706], [-0.86286694951996, 0.50518953430968, 0.01562436653332], [0.00585848462374, -0.02091410780972, 0.9997641112947]]}