{"translation": [[1659.2243435999844], [549.0240727001801], [21.9553787]], "rotation": [[0.41701105636064006, 0.9087284324907198, 0.017733418864159828], [-0.9088729912273598, 0.41676423889304004, 0.016047252447280103], [0.007191938478880168, -0.02280930679863989, 0.99971396487864]]}