{"translation": [[1696.4219413999817], [571.1980357002467], [21.805101500000003]], "rotation": [[0.50172682136752, 0.8648375702437201, 0.0180612044874], [-0.8650261319317201, 0.50162094403352, 0.010307903831200001], [-0.00014521654020000115, -0.0207951653296, 0.99978374663]]}