{"translation": [[1669.5566098000272], [554.9364895001054], [21.8890987]], "rotation": [[0.5030991403678202, 0.8641866772416799, 0.00851957467886], [-0.8641815633791198, 0.5029443448291202, 0.01539976672904], [0.00902340237074, -0.015110068751440001, 0.99984512001294]]}