{"translation": [[1673.9026341999997], [557.5499867992476], [21.8802361]], "rotation": [[0.49635961897070013, 0.86803271750574, 0.012094259874420001], [-0.8681020737870601, 0.49622132482094017, 0.012772133355060002], [0.0050852009710199994, -0.016838623561140003, 0.9998452887670001]]}