{"translation": [[1703.3873806999763], [575.3706194004044], [21.791392]], "rotation": [[0.4959971510466801, 0.86808227766238, 0.020496704581379997], [-0.8683234861812199, 0.49588927264748006, 0.010405872553380002], [-0.0011309448679800004, -0.02295905150478, 0.99973576658316]]}