{"translation": [[1671.713301700016], [556.2418619003147], [21.8906922]], "rotation": [[0.49739527880160006, 0.8674395481961601, 0.012111188750319999], [-0.86748216986464, 0.4971855262644601, 0.01677353658256], [0.008528518900719997, -0.018849317966240002, 0.9997859609067]]}