{"translation": [[1712.5243744999752], [580.8226455990225], [21.7669324]], "rotation": [[0.503354639566, 0.8637833235108, 0.022637657869199898], [-0.8640738548507999, 0.5032764321580001, 0.009444199133999827], [-0.0032352577092000998, -0.024314389949999828, 0.9996991265080001]]}