{"translation": [[1670.095964499982], [555.2645282009616], [21.8907556]], "rotation": [[0.5016223684715, 0.8650257028399001, 0.0102752550244], [-0.8650408987409001, 0.5014381500514999, 0.016250328816399998], [0.008904546311599999, -0.0170400442324, 0.999815155899]]}