{"translation": [[1735.3531343999784], [599.7841860000044], [21.7543031]], "rotation": [[-0.5000939057941001, -0.8657958559705599, -0.017417662520119823], [0.8659569087574399, -0.49986968285626, -0.015769786590160102], [0.004946853415880171, -0.0229693225421599, 0.999723931302]]}