{"translation": [[1665.2343079000711], [552.2923737997189], [21.9133244]], "rotation": [[0.4955027551858401, 0.8684412123509597, 0.016936169824919897], [-0.8685988552976798, 0.4953233472908002, 0.013811724815639826], [0.003605791661159899, -0.021554485779479826, 0.9997611726744]]}