{"translation": [[1736.2733635000186], [600.336688099429], [21.758857100000004]], "rotation": [[-0.5020195183549001, -0.8646225224227, -0.0201054767544], [0.86484987503966, -0.5017908735229001, -0.015509551526880003], [0.003321162446880001, -0.025174317549600006, 0.9996775598169599]]}