{"translation": [[1704.7952714000712], [581.2716634003446], [21.8437439]], "rotation": [[-0.5151914562984204, -0.85696824802278, -0.01352944960686], [0.8570729393866201, -0.5150910516189204, -0.010346298434940001], [0.0018975502830599986, -0.01692605095386, 0.99985494352366]]}