{"translation": [[1675.8418581999722], [563.0514290994033], [21.961388600000003]], "rotation": [[-0.52194868797778, -0.8529133602130601, -0.010410638969819825], [0.85297101070486, -0.5218608806542601, -0.0100841685072601], [0.0031680168595801745, -0.014143391651939903, 0.99989495855452]]}