{"translation": [[1666.5870701000094], [557.0684817004949], [22.0032379]], "rotation": [[-0.5386361175618601, -0.84247032076494, -0.01070852283104], [0.8424632523292599, -0.5383748664201001, -0.02019783880152], [0.01125088022376, -0.01990082530112, 0.9997386532536]]}