{"translation": [[1692.125887900067], [573.351008599624], [21.8782461]], "rotation": [[-0.5192607422286395, -0.8545143827830799, -0.0131683550597999], [0.8546157788358, -0.5191931741880995, -0.008382888604799823], [0.0003263786269199027, -0.015606789334559824, 0.9998781533767]]}