{"translation": [[1662.5718540999223], [554.3537331996486], [22.0038594]], "rotation": [[-0.5542443062936397, -0.8322658052967798, -0.012109282516059906], [0.8322981004867399, -0.5539800574704398, -0.019639866111819823], [0.009637287767619906, -0.020963819986539824, 0.99973378501196]]}