{"translation": [[1673.468167199986], [561.536189400591], [21.9879323]], "rotation": [[-0.5233111287901001, -0.85201607721054, -0.014639579413379823], [0.8521313330350199, -0.5231421395299601, -0.013955060242740097], [0.004231355645340172, -0.019777679873579902, 0.9997954486003]]}