{"translation": [[1690.3587914999807], [572.2398089999333], [21.8878999]], "rotation": [[-0.5201233532844202, -0.8539633863419399, -0.014769642072779999], [0.8540910598109398, -0.5200402316359402, -0.009302107683540001], [0.0002628508642199979, -0.01745286348246, 0.9998476526234801]]}