{"translation": [[1702.0230526999803], [579.5443242006004], [21.8496716]], "rotation": [[-0.5165025208874, -0.8561681556594, -0.0141924573156], [0.85628271338232, -0.5163853655088401, -0.011236535457800002], [0.0022915873287599996, -0.01795645291432, 0.999836143799]]}