{"translation": [[1724.0501407000702], [593.0622095996514], [21.792793]], "rotation": [[-0.5017899288834001, -0.8648642513604401, -0.014709926849119901], [0.86498932146496, -0.5017140079680402, -0.008730173765559828], [0.00017023733107990064, -0.017104645600959825, 0.9998536903406]]}