{"translation": [[1684.2506564999348], [568.3861888004467], [21.8866007]], "rotation": [[-0.5209005966841802, -0.8535508609336401, -0.01065593369312], [0.85361030014004, -0.5209065126790602, -0.00243172632944], [-0.00347514291232, -0.01036270223216, 0.99994026710912]]}