{"translation": [[1654.2899054000154], [548.7428027996793], [22.020760100000004]], "rotation": [[-0.5278269214894402, -0.8493511254505202, -0.001184990525399999], [0.8492081048946001, -0.5277113383225002, -0.019139894017800002], [0.01563115760052, -0.011108854919640001, 0.9998161132199]]}