{"translation": [[1728.7428460000083], [595.8711612001061], [21.7706072]], "rotation": [[-0.4978327990629001, -0.8671337510302403, -0.015546677236680002], [0.8672712280728002, -0.4977890376912001, -0.0068431045028], [-0.0018050778301999994, -0.016889906641680004, 0.99985572597294]]}