{"translation": [[1716.6917925999733], [588.6031619003043], [21.8099174]], "rotation": [[-0.5069831205646798, -0.8617905244284599, -0.01688826767122], [0.8619546135919399, -0.5069199546613198, -0.008149220244539998], [-0.0015380790565799997, -0.01868843729006, 0.999824172855]]}