{"translation": [[1722.207629200013], [591.9525501998141], [21.7963362]], "rotation": [[-0.5032365885747602, -0.86403287352824, -0.01415025343316], [0.8641483778903599, -0.5031837955186002, -0.00733138482728], [-0.0007856202325600015, -0.01591733886548, 0.9998730025022]]}