{"translation": [[1656.6058970000013], [550.2529839994386], [22.0033923]], "rotation": [[-0.5376304021581602, -0.8431796160395201, 0.0013162165502800006], [0.84304970891312, -0.5375737693516801, -0.016783249390880002], [0.01485885702412, -0.00791354876528, 0.99985828501752]]}