{"translation": [[1729.6449049999937], [596.407496499829], [21.771134]], "rotation": [[-0.4972583074648199, -0.8674281291303201, -0.01739793860256], [0.86760023480952, -0.4972036578336, -0.0076437562530399985], [-0.002019909060159999, -0.01889537627736, 0.99981942606222]]}