{"translation": [[1653.7322396999807], [548.381791299209], [22.0231347]], "rotation": [[-0.5263298671218005, -0.8502803911681199, -0.00011706442843999881], [0.8501160167524399, -0.5262254010630605, -0.01973503682058], [0.01671871316988, -0.010486658778340003, 0.9998052383355]]}