{"translation": [[1667.8962102999794], [557.9338536998257], [22.0083861]], "rotation": [[-0.5336340478109798, -0.84560044744604, -0.01395442307322], [0.84564978974476, -0.5333140849655198, -0.021275795643959997], [0.010548732098819999, -0.023154041865239998, 0.9996762549075]]}