{"translation": [[1691.2766601999756], [572.8170119002461], [21.8838422]], "rotation": [[-0.5196021198405197, -0.8542893889386599, -0.01425920192838], [0.8544082777979399, -0.5195214098669797, -0.00916773435634], [0.00042393770958000076, -0.01694675395706, 0.9998563035815]]}