{"translation": [[1679.1114421000239], [565.1200599009171], [21.9245628]], "rotation": [[-0.5200145277862801, -0.85409151259732, -0.010602680279599826], [0.85414356606632, -0.5198956454062801, -0.012129479645000097], [0.004847398003000173, -0.0153637182403999, 0.999870221019]]}