{"translation": [[1679.9135159999714], [565.6261120997369], [21.9211304]], "rotation": [[-0.5199762176425003, -0.8540826527855, -0.0129408341025], [0.8541645009739, -0.5198134299662803, -0.014032576475340003], [0.005258160552299999, -0.018350208102660002, 0.99981779420022]]}