{"translation": [[1657.661978200078], [550.9598879003897], [21.9950918]], "rotation": [[-0.5441381609164997, -0.8389954294688998, 0.000444583692300095], [0.8388931769822999, -0.5440799689208197, -0.015332694696259822], [0.013105950438899904, -0.007970147075259823, 0.99988234848332]]}