{"translation": [[1707.5059996999917], [582.9550669007003], [21.8374158]], "rotation": [[-0.5134477329332798, -0.8580129656015599, -0.01360508167004], [0.85811915016356, -0.5133508881104999, -0.010114921931919998], [0.00169455309796, -0.01686826555208, 0.99985628472278]]}