{"translation": [[1687.752543199982], [570.5852768002078], [21.8905582]], "rotation": [[-0.5204722310506604, -0.8537660977440601, -0.013858353013339826], [0.8538680987172601, -0.5203169419158804, -0.013397643595620099], [0.004227717863540173, -0.018806307554219904, 0.99981420733622]]}