{"translation": [[1670.5989032000653], [559.6945596998557], [21.9928084]], "rotation": [[-0.5261254828962, -0.8503112115039, -0.0127617438479], [0.8503695825719799, -0.5259023885322599, -0.0172711619259], [0.007974431116139997, -0.019938996681979997, 0.9997693958439]]}