{"translation": [[1718.5312419999973], [589.7249809009954], [21.8050533]], "rotation": [[-0.5060751243312401, -0.8623617322261001, -0.0148304020377], [0.8624865788663001, -0.5060414959109202, -0.00621572178138], [-0.0021445997541, -0.01593664687938, 0.99987070361868]]}