{"translation": [[1685.99499929999], [569.4808937003836], [21.8900304]], "rotation": [[-0.5204242395832203, -0.8537610951060198, -0.0158308009066], [0.8539061994210199, -0.5202973011152202, -0.011616021754600003], [0.0016805845185999977, -0.019563278212600003, 0.999807208307]]}