{"translation": [[1661.468309900025], [553.5921400990337], [22.0014734]], "rotation": [[-0.5578579874655402, -0.8298533993177798, -0.011753140263799998], [0.8298911265666998, -0.5576231838201001, -0.018369477569], [0.008690150239719998, -0.02000138247796, 0.9997621847414]]}