{"translation": [[1700.2111386000179], [578.4095932003111], [21.8531522]], "rotation": [[-0.5170643305424001, -0.8558510816152801, -0.012781471769039727], [0.8559389091924, -0.5169391258027402, -0.011936741174219924], [0.0036088298868000752, -0.017112222453299727, 0.9998470623979]]}