{"translation": [[1665.3843391999835], [556.2681275000796], [22.0062497]], "rotation": [[-0.5431636906693796, -0.8395284638604598, -0.012859569001939998], [0.8395757095879398, -0.5428976392900197, -0.019364557735379997], [0.009275667993539998, -0.02131470371542, 0.9997297862046]]}