{"translation": [[1711.1791709000827], [585.2236054996029], [21.8204516]], "rotation": [[-0.5104017385497003, -0.8598200418763802, -0.014131260333439827], [0.8599360047565401, -0.5103425587161002, -0.007789231462320098], [-0.0005144455960798267, -0.0161276157913599, 0.9998698092081599]]}