{"translation": [[1682.5125298000057], [567.2754081999883], [21.9026235]], "rotation": [[-0.52051166269978, -0.8537723438382998, -0.011848571433999998], [0.8538535044166997, -0.5204391201384999, -0.008792609379200001], [0.001340426607999999, -0.0146936000092, 0.99989114476272]]}