{"translation": [[1675.0156069999794], [562.5252553997561], [21.9768987]], "rotation": [[-0.5224952979912, -0.8525319812600799, -0.01371227307864], [0.85263597599928, -0.52236219077448, -0.012238300362639998], [0.0032707699362400002, -0.01808603032104, 0.9998310845272801]]}