{"translation": [[1671.974614000006], [560.5801525004208], [21.9935408]], "rotation": [[-0.5243802170243205, -0.851334581842, -0.01596217153856], [0.8514626510643999, -0.5241413926800005, -0.016944836760800004], [0.006059290610559998, -0.02247673042, 0.9997290040716801]]}