{"translation": [[1713.01810200006], [586.3531945003197], [21.8124937]], "rotation": [[-0.5091082399500201, -0.8605881221462999, -0.014020616727719998], [0.8607019602663, -0.50905548526994, -0.007371714778200001], [-0.0007932631777200017, -0.0158205753918, 0.99987453218008]]}