{"translation": [[1663.1092997000087], [554.7212805999443], [22.0006161]], "rotation": [[-0.5519403574964998, -0.83382080267134, -0.010237745000120082], [0.8338146639110199, -0.5516951821167398, -0.01963753761963973], [0.01072607277235973, -0.019375130175879916, 0.9997547477804]]}