{"translation": [[1609.4360629000585], [521.1937575992197], [21.8867048]], "rotation": [[-0.5073795985455399, -0.8614507907659199, -0.021646147303159998], [0.86171636710464, -0.5071194221865, -0.016579261634519997], [0.0033050368046800005, -0.02706481740444, 0.9996282170936]]}