{"translation": [[1621.5395745999995], [528.5136102009565], [21.9296559]], "rotation": [[-0.50410557538308, -0.86356733470606, -0.011349525316779902], [0.86356295058526, -0.50383825679266, -0.020145119395939826], [0.011678342036619901, -0.01995629944825983, 0.99973264546142]]}