{"translation": [[1635.3741972999997], [536.950137000531], [21.977812600000004]], "rotation": [[-0.5090111342823997, -0.8606666581735599, -0.012668919155480001], [0.86064777179332, -0.5086521445832998, -0.023629252244839995], [0.01389283669396, -0.022931030565879997, 0.9996405138397401]]}