{"translation": [[1575.4381966000074], [492.8838474005461], [21.7807109]], "rotation": [[0.4475763128488798, 0.8940409081270002, 0.019137967252720003], [-0.8942396176138001, 0.4473916885114998, 0.013272013672], [0.0033035564232799988, -0.0230541677888, 0.9997287591363799]]}