{"translation": [[1574.9202911999892], [492.61766070034355], [21.783635500000003]], "rotation": [[0.44744060476524017, 0.8941182535037798, 0.018694114220579996], [-0.8942997895006198, 0.4472194846724402, 0.014920957833580002], [0.004980728288979998, -0.02339438468682, 0.9997139066348399]]}