{"translation": [[1636.1703639000189], [537.4428030997515], [21.9850918]], "rotation": [[-0.5094076996128398, -0.86043618615164, -0.01238713754236], [0.86042611245724, -0.5090775777032198, -0.02251668060418], [0.01306815279196, -0.02212838594498, 0.99966972442638]]}