{"translation": [[1627.4527393999742], [532.1098827999085], [21.9622445]], "rotation": [[-0.5063029549827995, -0.8623046730437998, -0.009364764861199998], [0.8623176516217197, -0.5061490935322395, -0.014869197827999997], [0.00808181141096, -0.015603723570719997, 0.9998455921328]]}