{"translation": [[1572.688207100029], [491.45011239964515], [21.7850091]], "rotation": [[0.4546649546607002, 0.8904999729603598, 0.017018107233079997], [-0.8906422426487597, 0.4544424769387202, 0.015442460685959999], [0.0060177591997199985, -0.022178190639639998, 0.9997359223579799]]}