{"translation": [[1573.2621982999844], [491.7515602996573], [21.782459600000003]], "rotation": [[0.4521615152672601, 0.89174120104152, 0.018646132671199828], [-0.8919186847356, 0.45192313824270014, 0.015704163912600107], [0.005577429343520171, -0.0237316520643599, 0.9997028063468001]]}