{"translation": [[1597.108670100104], [513.457407599315], [21.8357586]], "rotation": [[-0.5243138365933003, -0.8513113184307601, -0.01908069910152], [0.85152464727492, -0.5241582282221003, -0.012804689637360003], [0.0008994719810399981, -0.022961361132720005, 0.99973594856384]]}