{"translation": [[1601.4027879000641], [516.1957120001316], [21.8544821]], "rotation": [[-0.5184476451686796, -0.8548775747019798, -0.019907215778419998], [0.8551093292304198, -0.5183072865358797, -0.012063065245419995], [-5.611518980000452e-06, -0.023276914565179996, 0.99972905589644]]}