{"translation": [[1648.2037890999927], [544.8843120997772], [22.0374538]], "rotation": [[-0.51859097014914, -0.8549864956493801, -0.007828107280980077], [0.85492984917942, -0.51837848972274, -0.019454452756579727], [0.012575372299219727, -0.016781388714779924, 0.99978009830796]]}