{"translation": [[1618.923129600007], [526.9327181996778], [21.923347]], "rotation": [[-0.5033782844864999, -0.8640109133716999, -0.0097753234722], [0.8640036299402999, -0.5031734596900199, -0.0177287778814], [0.0103991742158, -0.017370195444599997, 0.9997950457474799]]}