{"translation": [[1640.6313376000035], [540.186174900271], [22.0041867]], "rotation": [[-0.5112523609224402, -0.85935677205612, -0.011254055400799998], [0.8593583885664001, -0.5109960741434002, -0.0196434277374], [0.01112993451188, -0.01971401973216, 0.999743708123]]}