{"translation": [[1646.2040395999793], [543.6352359000593], [22.031206]], "rotation": [[-0.5163765759309605, -0.8563094186338801, -0.00944618444648], [0.8562796001277201, -0.5161431979350606, -0.019525999851720002], [0.011844713875920001, -0.018171346235320004, 0.99976472477334]]}