{"translation": [[1620.650028300006], [527.9751535002142], [21.9242794]], "rotation": [[-0.5038512338436001, -0.8637398072442402, -0.009354149861320176], [0.8637185579884001, -0.5036400317017001, -0.0183573319063999], [0.01114483397739983, -0.0173287169163201, 0.99978773159534]]}