{"translation": [[1651.921610200021], [547.2271837005392], [22.0286949]], "rotation": [[-0.5230120055082004, -0.8523245220906601, 0.0011865447284200008], [0.8521825085658201, -0.5229493340154004, -0.017579047077540003], [0.01560355536186, -0.00818289952378, 0.99984477256284]]}