{"translation": [[1570.4799231999787], [490.26526829972863], [21.794587300000003]], "rotation": [[0.46853454848414, 0.8832880914969999, 0.0166613091724], [-0.8833909999525998, 0.46821353029112, 0.01991246411968], [0.009787390178, -0.024048127664319997, 0.99966289047702]]}