{"translation": [[1632.2503968999954], [535.0359435994178], [21.961184600000003]], "rotation": [[-0.5081872690072203, -0.8612061155824, -0.0083480212244], [0.8611555258064001, -0.5079687336472203, -0.019465080815600003], [0.012522912919600001, -0.0170808513116, 0.999775685424]]}