{"translation": [[1578.5909503999865], [494.53833359945565], [21.7725833]], "rotation": [[0.4538506715096, 0.8908929359618402, 0.018145639389280002], [-0.8910694837060801, 0.45366486232229997, 0.013538370647340002], [0.00382920139624, -0.022313424777420002, 0.99974369127974]]}