{"translation": [[1622.3566454000538], [529.0115849999711], [21.9326982]], "rotation": [[-0.5045030404098602, -0.86330743053226, -0.01329737095572], [0.8633525929954201, -0.5042324265738601, -0.019282573855640004], [0.00994182350636, -0.02120843874972, 0.99972564348684]]}