{"translation": [[1569.950872800022], [489.9684477997944], [21.7982092]], "rotation": [[0.4723119120301399, 0.8812650431138401, 0.017126579803100003], [-0.8813947249080002, 0.4720257084732399, 0.018303213021840004], [0.008045797321660001, -0.023740102951200003, 0.9996857869453399]]}