{"translation": [[1595.380813500029], [512.3430706998333], [21.826254100000003]], "rotation": [[-0.52753140172048, -0.8493322136848, -0.01859086739048], [0.8495346600796001, -0.5273709579825, -0.013074529907299997], [0.001300337068479998, -0.022690808847099998, 0.99974168481302]]}