{"translation": [[1578.0516172000207], [494.2544967001304], [21.7753953]], "rotation": [[0.4526965192602199, 0.8914714717796801, 0.01856046520175983], [-0.8916534560187201, 0.4524883706943199, 0.014436176003640108], [0.0044710441070401705, -0.023084709456839898, 0.9997235147585399]]}