{"translation": [[1639.1736299999757], [539.2900807000697], [21.9911275]], "rotation": [[-0.5102939893590596, -0.8599600845759999, -0.00828706198434], [0.85991910368016, -0.5100901132467596, -0.018633022649599998], [0.0117965073731, -0.016634522631839996, 0.9997920459113401]]}