{"translation": [[1568.8468699000077], [489.34871280007064], [21.797766600000003]], "rotation": [[0.47965340903702003, 0.8773270743924, 0.015159349485499898], [-0.8774166882023999, 0.47939151064752006, 0.01799246841479983], [0.008518016358499898, -0.021931215055199828, 0.9997231942895]]}