{"translation": [[1639.8770907999715], [539.723225899972], [21.9975254]], "rotation": [[-0.5106834074849801, -0.85971759381836, -0.00938945506818], [0.85970090773844, -0.5104752817799201, -0.018148872882359997], [0.010809820581779999, -0.01734045075444, 0.9997912064791]]}