{"translation": [[1596.208774300001], [512.8781657004729], [21.8310838]], "rotation": [[-0.5259828434925004, -0.8502650014284001, -0.0197912459377], [0.8504946130724, -0.5258102730000003, -0.013516199026800001], [0.0010859118896999979, -0.023941634181200003, 0.9997127682435]]}