{"translation": [[1606.638125700003], [519.4643239993602], [21.8619016]], "rotation": [[-0.5105727016170402, -0.85974338129284, -0.012532782074079998], [0.8598081138230801, -0.5103879902222401, -0.015308257638760002], [0.0067645921798399995, -0.01859176352828, 0.99980427417176]]}