{"translation": [[1566.6534665999934], [488.0709443995729], [21.7999908]], "rotation": [[0.4905282498776601, 0.8713066565263399, 0.01438220563924], [-0.8714079963855399, 0.49034752021118, 0.01440537289628], [0.005499216443960001, -0.019599010838119997, 0.99979279725048]]}