{"translation": [[1567.7471395001048], [488.71564630046487], [21.7972968]], "rotation": [[0.4860790395276, 0.8738086953621601, 0.01362002312652], [-0.8738769559663201, 0.48585382817989997, 0.01688482309796], [0.008136765421559998, -0.02010958302628, 0.99976467116366]]}