{"translation": [[1612.82796470006], [523.2534764995798], [21.9067467]], "rotation": [[-0.5042858766043598, -0.86338771376534, -0.0160502578785399], [0.8635037916848599, -0.5040167143964998, -0.018126050880019822], [0.007560211953259901, -0.023000167253619825, 0.9997068748090999]]}