{"translation": [[1569.4219044001075], [489.6707350993529], [21.797933800000003]], "rotation": [[0.47600035607262015, 0.87928162705262, 0.0169562332592], [-0.8794161652136201, 0.47573979707262015, 0.01728833012], [0.007134555319999997, -0.023140836740800003, 0.9997067569110001]]}