{"translation": [[1589.0934636999737], [500.3007677998394], [21.7617133]], "rotation": [[0.4875336306801601, 0.87293193597316, 0.0173435293066], [-0.8730945334789999, 0.4875255565752601, 0.00497706640184], [-0.004110773618840001, -0.017569027834, 0.99983720214966]]}