{"translation": [[1613.5244835999329], [515.0633719004691], [21.8475178]], "rotation": [[0.46910090090988, 0.8829264424519201, 0.019628382783399997], [-0.8831442332550801, 0.46900495677228005, 0.0095207784852], [-0.0007996622988, -0.021800898464600003, 0.99976201237116]]}