{"translation": [[1619.5921690000105], [517.7305657994002], [21.8214185]], "rotation": [[0.2683653642638999, 0.9630769185205801, 0.02151525616596], [-0.9633136032181802, 0.2682362529270199, 0.008731577551640002], [0.0026380086788400006, -0.023069191677160004, 0.99973039031288]]}