{"translation": [[1627.1796773999813], [518.6250652000308], [21.8203954]], "rotation": [[-0.05429121800615999, 0.9984666888194801, 0.010801381605680001], [-0.9984074922978802, -0.05411561833128009, -0.01593468124088], [-0.015325725111280001, -0.01164929442728, 0.99981469086912]]}