{"translation": [[1597.3927081999718], [505.2803694996983], [21.7786827]], "rotation": [[0.50798585811862, 0.8611819492540201, 0.01777848056664], [-0.8613491550973801, 0.50799496478102, 0.004336462826240001], [-0.005296895811840001, -0.017516340253040004, 0.99983254634864]]}