{"translation": [[1627.636304499989], [518.6097542000934], [21.8234828]], "rotation": [[-0.07403581588487995, 0.99720136320392, 0.010396788198480002], [-0.99719239624248, -0.07390976724167997, -0.012026021877520002], [-0.01122394123208, -0.011257954976880001, 0.99987363280944]]}