{"translation": [[1620.991003400064], [518.0915290005505], [21.8150698]], "rotation": [[0.20459422907150004, 0.9786596875619399, 0.01914534359592], [-0.9788454947446198, 0.20458837787374007, 0.002284702975439999], [-0.0016809694821600003, -0.019207769019119997, 0.9998141007110001]]}