{"translation": [[1603.4980867999839], [509.0383532997221], [21.8107966]], "rotation": [[0.50733785246192, 0.8616150653268, 0.0150933380224], [-0.8617276551072, 0.5073666174775, 0.0021424478511], [-0.0058118907604, -0.0140932913559, 0.9998837937834201]]}