{"translation": [[1580.6429520000238], [495.62888090033084], [21.7693964]], "rotation": [[0.45804366208152003, 0.88868770905332, 0.020738669255079827], [-0.8889273451721199, 0.45786458313054, 0.012966552963820103], [0.0020277155018801687, -0.024374418312619894, 0.99970084328502]]}