{"translation": [[1608.3673901999719], [512.0184455998242], [21.8355671]], "rotation": [[0.5010989259948002, 0.86515969767408, 0.01996290815724], [-0.8653823405467199, 0.5010580965023003, 0.007358152644160003], [-0.003636598889160004, -0.02096271120224, 0.99977364431486]]}