{"translation": [[1618.610673999996], [517.4165702005848], [21.8200027]], "rotation": [[0.3132034886436401, 0.94947477440154, 0.020029211966700003], [-0.9496819983825001, 0.3130712045257401, 0.009511292721460004], [0.0027601639595399973, -0.022000352637100002, 0.99975415275854]]}