{"translation": [[1626.194361699978], [518.6549151996151], [21.822822100000003]], "rotation": [[-0.014108932464899748, 0.99980727308448, 0.013650751099060002], [-0.99986585572024, -0.013993553459999752, -0.00851112925632], [-0.00831846638658, -0.013769003005359999, 0.9998706004637401]]}