{"translation": [[1602.5058214999735], [508.4270360004157], [21.8027988]], "rotation": [[0.50819372729558, 0.8610988446414601, 0.01574803975728], [-0.86122253643774, 0.50822232777062, 0.002427703403760002], [-0.005913013681680001, -0.014796309310560002, 0.9998730447022]]}