{"translation": [[1607.7539308000123], [511.64461459964514], [21.8325186]], "rotation": [[0.5026715773679999, 0.86422618903096, 0.02084314682272], [-0.8644676355303201, 0.5026348791674999, 0.007344565283240003], [-0.00412912788224, -0.021710129239720002, 0.9997557804881401]]}