{"translation": [[1581.1311965999776], [495.887669400312], [21.7695771]], "rotation": [[0.4591234540975201, 0.8880727265504801, 0.0230735617136], [-0.88837237576952, 0.4589603349775201, 0.012240745609600003], [0.0002808248095999971, -0.026117929486400005, 0.99965882921904]]}