{"translation": [[1601.9861004999839], [508.1078034006059], [21.7998036]], "rotation": [[0.5085982644251001, 0.8608672711852401, 0.015341561449379999], [-0.86098636306204, 0.50862105066188, 0.0026694804519600017], [-0.0055049729179800005, -0.014566568118839999, 0.99987874783422]]}