{"translation": [[1583.1727375999326], [496.9881434002891], [21.7601873]], "rotation": [[0.46353427013016, 0.88577344576648, 0.023268125943559724], [-0.88607867711176, 0.46339683866719994, 0.011312399477119931], [-0.0007621534110799338, -0.025861074784959723, 0.9996652559468]]}