{"translation": [[1591.1430780999945], [501.5079362997785], [21.7604676]], "rotation": [[0.49631934993469995, 0.8679979650945402, 0.0157078986526799], [-0.8681323343716603, 0.49631012208854, 0.004755558926039827], [-0.0036681748537201013, -0.015996809495159827, 0.9998653142332]]}