{"translation": [[1599.9729712000117], [506.86628309916705], [21.7884527]], "rotation": [[0.5100819197103801, 0.85996496452108, 0.016636193954819998], [-0.86010760301972, 0.51010170893048, 0.0033504834877200003], [-0.005604853318019999, -0.016017937076519998, 0.99985599529686]]}