{"translation": [[1609.7717870000051], [512.8712601000443], [21.8326585]], "rotation": [[0.49767799559582004, 0.8672622224965401, 0.013146967703979998], [-0.86736119182714, 0.49763932407134004, 0.006297513729740001], [-0.0010808522798199998, -0.014537303647339999, 0.9998937436345201]]}