{"translation": [[1586.603574900073], [498.8780145999044], [21.7473631]], "rotation": [[0.4755726749758201, 0.8795717101753598, 0.01357027137762], [-0.8796695352278397, 0.4755732664396801, 0.00338996014016], [-0.003471944427220001, -0.01354952755296, 0.9999021731595]]}