{"translation": [[1593.2646869000164], [502.7758724009618], [21.7677628]], "rotation": [[0.5017721746699799, 0.86485375053788, 0.015898228389079998], [-0.86499032176748, 0.50176821023606, 0.004526058341319999], [-0.00406284800852, -0.01602286291772, 0.99986337124208]]}