{"translation": [[1628.1338480000268], [518.588994000107], [21.8314521]], "rotation": [[-0.0954044569236, 0.99535847301816, 0.012623403454319867], [-0.9954290492018399, -0.09534057093135995, -0.0055708233701598515], [-0.004341443185679866, -0.013097185150159852, 0.9999048032684]]}