{"translation": [[1611.1735489999992], [513.7040884997696], [21.8390295]], "rotation": [[0.49238943465179985, 0.8702414337005002, 0.015249319314500001], [-0.8703710208311002, 0.4923647725065199, 0.005591683095340002], [-0.002642113942700001, -0.01602585078266, 0.9998680869762799]]}