{"translation": [[1616.303028299997], [516.4797063004225], [21.8403716]], "rotation": [[0.40166026353469997, 0.91545663765174, 0.02466203962251989], [-0.9157886703355801, 0.40152712432149995, 0.010349813983559832], [-0.00042767272804010784, -0.026742324952679836, 0.99964226860184]]}