{"translation": [[1607.36756470002], [511.41123799979687], [21.8327378]], "rotation": [[0.50335830888134, 0.86383390411854, 0.02052866827614], [-0.8640701543453401, 0.50331170725052, 0.007753770856620001], [-0.0036343493903399984, -0.02164113417078, 0.9997591974218201]]}