{"translation": [[1594.8112143999897], [503.70921600051224], [21.7691716]], "rotation": [[0.50413063676286, 0.86348904185364, 0.015457574956139999], [-0.86361754235724, 0.5041295915928801, 0.004249277694279999], [-0.004123415778539998, -0.015491624406919998, 0.9998714952459801]]}