{"translation": [[1587.6057162000216], [499.44097609911114], [21.757851100000003]], "rotation": [[0.48037880821112, 0.8768483336419199, 0.019320612050279996], [-0.87704179978752, 0.48039801814934, 0.003938428548719997], [-0.005828180340119999, -0.018836920750319997, 0.99980558248222]]}