{"translation": [[1608.822861600027], [512.2977387001738], [21.8323887]], "rotation": [[0.4999866905006, 0.8658754317759999, 0.0165219905133999], [-0.86603061459308, 0.49993951146716004, 0.007168657926399827], [-0.0020528300785601005, -0.017892783899079827, 0.9998378039214]]}