{"translation": [[1588.609177000064], [500.02228059992194], [21.7616377]], "rotation": [[0.4849536369366201, 0.8743345841199001, 0.018944678894799998], [-0.8745335004399001, 0.48491858172862, 0.006709807758000001], [-0.0033200082651999993, -0.01982170335, 0.999798018392]]}