{"translation": [[1583.6486520000617], [497.24349159933627], [21.755465]], "rotation": [[0.46482442744780017, 0.8851235327433, 0.022242472401899895], [-0.8854000393785, 0.46474069086302017, 0.009110691190659832], [-0.002272897507500104, -0.02392835576133983, 0.9997110921687801]]}