{"translation": [[1610.2675236000214], [513.1649692002684], [21.8323785]], "rotation": [[0.49627253458776, 0.86804669340784, 0.014437358403799998], [-0.8681620722752, 0.49625580524645996, 0.004971907053159998], [-0.0028487746128399985, -0.0150013886234, 0.99988341460686]]}