{"translation": [[1622.4357082999777], [518.3654369004071], [21.8119132]], "rotation": [[0.14005143416047994, 0.9899854259000401, 0.01773216455195987], [-0.9901388539328401, 0.14008716589999992, -0.0007831016518801501], [-0.0032593077092401305, -0.01744763081771985, 0.99984246613552]]}