{"translation": [[1600.9840765000554], [507.48979740031064], [21.7946569]], "rotation": [[0.5095935297935, 0.8602516242928999, 0.0167780279753999], [-0.8603976412288998, 0.5096108883635001, 0.003544906272599825], [-0.005500753499400099, -0.016242237966599824, 0.999852954886]]}