{"translation": [[1612.594552399998], [514.5423227008432], [21.8468066]], "rotation": [[0.4810008166570999, 0.87654829829312, 0.01735733430874], [-0.87671977409392, 0.48088836126572, 0.010430897738239998], [0.0007962459266600014, -0.02023478871536, 0.99979493863038]]}