{"translation": [[1636.334364600014], [516.2360990997404], [21.8482352]], "rotation": [[-0.4972770884541601, 0.86726886299332, 0.02366887243496], [-0.8674984233856399, -0.49743871572840015, 0.001099299463119997], [0.012727201715120004, -0.01998605309096, 0.9997192485984]]}