{"translation": [[1687.0820592999225], [503.574718400836], [21.817704]], "rotation": [[0.8610604954435, -0.50849953050456, -0.0017462083399199472], [0.5084853819012, 0.860998182616, 0.011168907933599809], [-0.004175902263599947, -0.010505026810079808, 0.99993610108414]]}