{"translation": [[1695.3480396000086], [490.1592014003545], [21.8091469]], "rotation": [[0.8599858560775, -0.5102311854561, -0.0094059817047], [0.5103152429259, 0.85989454230662, 0.0126386989419], [0.0016394942042999997, -0.0156691180839, 0.9998758877001199]]}