{"translation": [[1629.5459527000203], [518.4350568000227], [21.8450197]], "rotation": [[-0.15376764829042022, 0.98789290129922, 0.020563102340799846], [-0.9880970168447801, -0.15363978237202025, -0.007669281760000129], [-0.004417116448000151, -0.02149763109919987, 0.9997591414335599]]}