{"translation": [[1651.4065867000609], [497.12865700013936], [21.8512508]], "rotation": [[-0.8561678061787603, 0.5158941772744801, 0.02880898336012], [-0.5160402554053201, -0.8565601661355603, 0.00268488568872], [0.026061743402320002, -0.012567882249480002, 0.9995813292988399]]}