{"translation": [[1649.5511406000005], [500.12451209966093], [21.8377122]], "rotation": [[-0.8552990533479999, 0.51760091565832, 0.02351031575776], [-0.51768890433952, -0.8555647803973799, 0.00264921691946], [0.021485836290640003, -0.00990515705114, 0.99972008416838]]}