{"translation": [[1632.3531847000122], [517.8619339996949], [21.8463831]], "rotation": [[-0.2855219891636801, 0.95811788815136, 0.022073708428959997], [-0.95836491061744, -0.28553348450512006, -0.002696260093120002], [0.00371944843424, -0.02192450970128, 0.9997527102072]]}