{"translation": [[1635.925838599971], [516.4567370992154], [21.8440644]], "rotation": [[-0.4748862641732001, 0.87976069681212, 0.02245743243936], [-0.87995821442652, -0.4750466216699202, 0.002105219885639999], [0.012520414945439998, -0.018761861105159996, 0.99974558354072]]}