{"translation": [[1638.7651572999894], [514.6040407996625], [21.8421591]], "rotation": [[-0.6286625724834001, 0.7773663724941199, 0.02202024220843982], [-0.7776138982329198, -0.6287226409844201, -0.004946127934340088], [0.009999671323959822, -0.020232691908739914, 0.9997452899370199]]}