{"translation": [[1653.7562967999256], [493.3175178999081], [21.8599177]], "rotation": [[-0.8583106424443601, 0.51180299054392, 0.0368821816486], [-0.5120984029957999, -0.8589250573522001, 0.0016513046067999984], [0.03252417719192, -0.01746997504444, 0.999318256503]]}