{"translation": [[1644.3664471000084], [508.25098589994013], [21.8269038]], "rotation": [[-0.8294016388269, 0.55842477910912, 0.015951291525159943], [-0.5585685150256, -0.82943400358954, -0.00634064825911981], [0.009689770197800058, -0.01416883464439981, 0.9998526653756]]}