{"translation": [[1630.0353734000237], [518.3563724998385], [21.8470855]], "rotation": [[-0.17541985657354042, 0.9842835059706602, 0.02034753163087985], [-0.9844694833228201, -0.17523279047114038, -0.010652406895440131], [-0.006919434620240155, -0.021900165311519875, 0.9997362173201599]]}