{"translation": [[1631.4213284999714], [518.1127792000771], [21.8524514]], "rotation": [[-0.24108110536474003, 0.9703007225257401, 0.01990617107008], [-0.97047105273362, -0.24119326878090008, 0.00340441354696], [0.00810454111864, -0.01849762394272, 0.9997960563518]]}