{"translation": [[1698.2223464000854], [485.52756750024855], [21.8004922]], "rotation": [[0.8595668774975, -0.51092096169092, -0.01022560137744], [0.5110164905219601, 0.8594864998691001, 0.012046238914680001], [0.0026340906067199993, -0.01557999878676, 0.99987515481304]]}