{"translation": [[1689.501165899972], [499.63078229967505], [21.8175935]], "rotation": [[0.86030548522958, -0.50971837780898, -0.007852292984679947], [0.5097788121609801, 0.86019687391686, 0.013671572018919808], [-0.00021413331267994664, -0.01576466090691981, 0.9998757070872799]]}