{"translation": [[1637.5868211999768], [515.4600970000029], [21.840698]], "rotation": [[-0.5650829766073803, 0.8247926526607601, 0.019961988788999907], [-0.82498577246724, -0.5651465025175203, -0.0028420515199998253], [0.008937343353400096, -0.018074350528799823, 0.9997967002190999]]}