{"translation": [[1647.064027900109], [504.11189830023795], [21.827663]], "rotation": [[-0.8534783260569998, 0.5207661015178999, 0.0194205178677], [-0.5208941160059, -0.8536191422096198, -0.0018498642132599996], [0.015614381666699999, -0.011694853441739999, 0.9998096926223801]]}