{"translation": [[1696.309780200012], [488.6054989993572], [21.808369]], "rotation": [[0.85993570555814, -0.5103013373924999, -0.010155717716719947], [0.5103949338457799, 0.8598604176631, 0.011708325564959808], [0.002757725780000053, -0.015251833935599807, 0.9998798810456]]}