{"translation": [[1648.7163973000133], [501.46461570076644], [21.8363099]], "rotation": [[-0.8548615111443401, 0.51835946490924, 0.02269531259846], [-0.5184880527411599, -0.8550847265444, 0.00025472311068], [0.019538455405059996, -0.01154949601452, 0.9997423957582999]]}