{"translation": [[1646.6539149999735], [504.76384880021214], [21.8261695]], "rotation": [[-0.8518435221182801, 0.52341430310162, 0.02000780189558], [-0.52357486719982, -0.85197280426036, -0.0034540203357799996], [0.01523821724278, -0.013417866016420001, 0.99979385756892]]}