{"translation": [[1695.848631299974], [489.3500757999718], [21.8100914]], "rotation": [[0.8599478928827999, -0.51028756235392, -0.00980885782344], [0.5103772978512, 0.85986240423984, 0.012314546862079999], [0.0021503076556, -0.015596087112, 0.9998760614364]]}