{"translation": [[1696.8092556999763], [487.8014994999394], [21.8055052]], "rotation": [[0.8598702214685401, -0.5104184770453197, -0.009806642971719999], [0.5105054145465198, 0.8598017854123201, 0.01118486653692], [0.002722806332520001, -0.014623878127879998, 0.99988935813222]]}