{"translation": [[1650.0145676999819], [499.37765119969845], [21.8407992]], "rotation": [[-0.8554867423631999, 0.5172527293774399, 0.02433753339672], [-0.51733692956112, -0.8557760238249599, 0.0031884698266399997], [0.02247671890024, -0.00986301065352, 0.9996987136992]]}