{"translation": [[1629.053063499974], [518.504555599764], [21.8434564]], "rotation": [[-0.1331066288821, 0.9909227411075999, 0.018833169365100003], [-0.99110169235128, -0.13308163051935995, -0.002580078082799999], [-5.030867645999977e-05, -0.01900901208072, 0.9998193111355]]}