{"translation": [[1660.6790087000118], [481.9803455006331], [21.8322875]], "rotation": [[-0.86052483962784, 0.50798444502128, 0.03806360171815995], [-0.50834867863696, -0.8611513448061, 0.00012670411232019486], [0.03284288488232005, -0.01924054942815981, 0.9992753105043001]]}