{"translation": [[1654.2155823999783], [492.56534679979086], [21.8606697]], "rotation": [[-0.8589251294230608, 0.5108024422922202, 0.036450244973620004], [-0.5110839207323801, -0.8595289492011607, 0.0018288963999799988], [0.03226424304322, -0.017058248489420003, 0.99933379549934]]}