{"translation": [[1630.486237099918], [518.2862574998289], [21.8484646]], "rotation": [[-0.19673127771489984, 0.98025263097786, 0.020043207301579845], [-0.9804550514746199, -0.19664378722609976, -0.006265724368860123], [-0.0022006216964601533, -0.02088412614761987, 0.99977948096876]]}