{"translation": [[1687.5459693999728], [502.8103972002864], [21.8193279]], "rotation": [[0.86097605860742, -0.5086289925845601, -0.00409275925668], [0.50863801832024, 0.86089207058168, 0.012336344093640001], [-0.0027511988617200003, -0.01270302990444, 0.9999155283931]]}