{"translation": [[1650.4843582999893], [498.61616900004447], [21.8438522]], "rotation": [[-0.8556690991597202, 0.51689233637442, 0.02554674230878], [-0.51699654269678, -0.8559826850869202, 0.0028545334570199985], [0.02334305645742, -0.01076504152682, 0.9996695531943599]]}