{"translation": [[1653.298216300027], [494.06669329945], [21.858735600000003]], "rotation": [[-0.8577721065965798, 0.5127352726029001, 0.036465915926959996], [-0.5130078582987, -0.8583813293720998, 0.002154165410399999], [0.03240617409296, -0.0168595175988, 0.99933257558348]]}