{"translation": [[1628.5942349000252], [518.5551909003407], [21.8381593]], "rotation": [[-0.11421754527114025, 0.99332664225636, 0.01601708967706], [-0.9934557575299601, -0.1142051705671202, -0.001688156374920001], [0.0001523436605400004, -0.01610508693172, 0.9998702930719799]]}