{"translation": [[1692.4383246999932], [494.86828919965774], [21.8069863]], "rotation": [[0.86025229445216, -0.5098086700916801, -0.007819428536799948], [0.50986858354, 0.8601578374043999, 0.012749743799599807], [0.0002260137243200529, -0.014954877043759807, 0.9998881440427999]]}