{"translation": [[1689.0394637000281], [500.40308350045234], [21.8185041]], "rotation": [[0.86030759479032, -0.5097733165242, -0.0014108860711999995], [0.5096958245818, 0.860121368334, 0.020034485500800003], [-0.008999513512800001, -0.0179549426432, 0.99979829404032]]}