{"translation": [[1639.563589599973], [513.9342699004337], [21.8396836]], "rotation": [[-0.6702545716198799, 0.7418094834671, 0.021846957419939816], [-0.7420699514913, -0.6702868206689998, -0.00689602890610008], [0.009528189961059818, -0.02083406727569992, 0.99973754316012]]}