{"translation": [[1656.1549549999763], [489.3786957003176], [21.8566431]], "rotation": [[-0.8600830315126602, 0.50877029137398, 0.03755080596344], [-0.5091429434855399, -0.8606819269262602, -0.0004210709719200019], [0.032105069882319995, -0.01948088337624, 0.99929463108044]]}