{"translation": [[1694.8855906000244], [490.90834490023553], [21.810507]], "rotation": [[0.86004306296054, -0.51014110600784, -0.00905472726752], [0.5102206297284799, 0.8599381993586401, 0.013461372862040001], [0.0009193064041600005, -0.01619726893508, 0.9998683930201401]]}