{"translation": [[1652.2542503000004], [559.84200850036], [22.040777]], "rotation": [[0.86335754152934, -0.5045681714456001, -0.004973992678479948], [0.50458484811152, 0.8632472347899, 0.014084298298359806], [-0.002812702507599948, -0.014669586440199807, 0.9998884397564]]}