{"translation": [[1676.763537299994], [520.3868065001443], [21.8876811]], "rotation": [[0.86239945146096, -0.50614097592448, -0.009407060811919808], [0.50622441708968, 0.86231737426758, 0.012065643707620054], [0.002004955141119807, -0.015167488456579947, 0.99988295687238]]}