{"translation": [[1645.0336785999243], [571.7351462999359], [22.0238012]], "rotation": [[0.8584721578235001, -0.5128493543751199, -0.0033295108581599467], [0.5128000124755999, 0.85825395866414, 0.02088734816111981], [-0.007854497473199946, -0.019638580019999807, 0.9997762914928]]}