{"translation": [[1669.6920654000132], [531.987203700468], [21.9414688]], "rotation": [[0.856134855831, -0.5167146425855, -0.006250522351899946], [0.5167520340569001, 0.85608682181468, 0.009092363173219807], [0.0006528322825000532, -0.011014259292219808, 0.99993912809468]]}