{"translation": [[1646.5702720999834], [569.2395522007719], [22.033179500000003]], "rotation": [[0.8617906630351, -0.50724788683224, -0.00405236491728], [0.50720451171672, 0.86153955937246, 0.02220716458764], [-0.00777326516976, -0.02119330481652, 0.9997451776108]]}