{"translation": [[1653.291639300005], [558.1331035001203], [22.0381981]], "rotation": [[0.8623440432848599, -0.5062801989390999, -0.0065658419848000004], [0.5063209498537, 0.86223363312198, 0.013865668374320001], [-0.0013586235796000006, -0.01528139988368, 0.99988230955388]]}