{"translation": [[1639.7347771999775], [580.0875725997612], [22.039004]], "rotation": [[0.8516738831987, -0.5240629674520999, -0.0030950726095], [0.52403304677078, 0.85152345062046, 0.0172382007121], [-0.00639837645754, -0.016303245595780003, 0.9998466207062]]}