{"translation": [[1643.4355110999895], [574.2827829001471], [22.0202444]], "rotation": [[0.8549809564563201, -0.5186527674801599, -0.0026232719999999985], [0.5186181464678398, 0.8548382230895801, 0.0169363863795], [-0.0065416301543999985, -0.0158407643283, 0.9998531278499]]}