{"translation": [[1661.7800783999846], [544.469122200273], [22.0336536]], "rotation": [[0.8531512907161201, -0.52149576589762, -0.01323024098358], [0.52160600835498, 0.85315949660502, 0.00678552702278], [0.00774888208798, -0.01269005436738, 0.99988945256214]]}