{"translation": [[1686.0950180999935], [505.16363769955933], [21.8324451]], "rotation": [[0.86149845184518, -0.50771562244854, -0.006726958297699998], [0.5077600533134599, 0.8614321549786201, 0.010693848701100002], [0.0003653838525000011, -0.0126284148895, 0.9999201916278]]}