{"translation": [[1635.9899343000143], [585.9410196999088], [22.0499138]], "rotation": [[0.85408836499742, -0.52011889060484, -0.0030635556561400008], [0.52008918049036, 0.85393807008728, 0.017233622199080003], [-0.00634744626866, -0.01631235829748, 0.9998467967007]]}