{"translation": [[1685.5855207000277], [505.9915707996115], [21.8387845]], "rotation": [[0.86154756533686, -0.50760977271702, -0.008251899959219808], [0.5076739728838201, 0.86148351996908, 0.010642585146580053], [0.0017065951834198075, -0.013358368329219949, 0.9999093166467801]]}