{"translation": [[1675.2554901000112], [522.8776789000258], [21.893265300000003]], "rotation": [[0.8648905601112601, -0.5018471501778398, -0.010665508417319947], [0.5019598039783199, 0.8647288123359, 0.01674611843403981], [0.0008187804748400543, -0.019837216310279807, 0.9998028877944]]}