{"translation": [[1636.542481600016], [585.0758277000859], [22.050197600000004]], "rotation": [[0.853286245839, -0.5214346901838399, -0.0029078839501199454], [0.52139898627588, 0.8531289964733999, 0.017720658872959805], [-0.006759365848159946, -0.016636962261479805, 0.99983874823404]]}