{"translation": [[1670.2301904999767], [531.1285175997764], [21.9291331]], "rotation": [[0.85691964556604, -0.5154245488889401, -0.00512158367954], [0.51544999270494, 0.85687666398222, 0.00858270991602], [-3.5174296459999574e-05, -0.00999461313198, 0.9999500519838199]]}