{"translation": [[1658.014875599998], [550.4569045994431], [22.049658800000003]], "rotation": [[0.8573813805155001, -0.5145151329255, -0.0130902550408], [0.5146683247335, 0.8572647314595, 0.014618623725600001], [0.0037003111208000006, -0.019270875285600002, 0.999807452]]}