{"translation": [[1668.653836900019], [533.6405419008806], [21.9547294]], "rotation": [[0.85512522602654, -0.5183882201388801, -0.00587181582238], [0.51842139573232, 0.85507647955904, 0.009134972958079999], [0.00028538878942, -0.01085562090512, 0.99994103528094]]}