{"translation": [[1680.2078441000194], [514.760277999565], [21.8635905]], "rotation": [[0.86128218253788, -0.5080249809752999, -0.010180180390619999], [0.5081195662575, 0.861204914159, 0.0118582270247], [0.0027429462316199997, -0.015386028302499999, 0.9998778657378801]]}