{"translation": [[1681.6689902999788], [512.3845220990479], [21.8541628]], "rotation": [[0.8612762383552599, -0.5080824828324001, -0.007444631396580001], [0.5081360860060801, 0.861210316316, 0.010700458776560002], [0.0009746774793, -0.012998936820800002, 0.9999150352103]]}