{"translation": [[1634.9306755000143], [587.6079941997305], [22.0545579]], "rotation": [[0.85521319912076, -0.5182613617466401, -0.0039436832573199465], [0.5182468085641201, 0.8550584033574, 0.017186620862639806], [-0.005535081771759947, -0.01674202628387981, 0.9998445216302]]}