{"translation": [[1664.986274899973], [539.4296142999083], [22.0019361]], "rotation": [[0.8535077498050201, -0.52100709601008, -0.008726609721739807], [0.5210609640023199, 0.8535003918337201, 0.005707864865760054], [0.004474327107539808, -0.009418802232559946, 0.99994563180774]]}