{"translation": [[1669.1925873999717], [532.7798684993759], [21.9476152]], "rotation": [[0.85556236312376, -0.5176494616418, -0.00721819490784], [0.51769695999916, 0.85552059100766, 0.0086255809284], [0.0017102875199999992, -0.011116559750160002, 0.99993674651286]]}