{"translation": [[1656.952049000014], [552.1701006004587], [22.036887300000004]], "rotation": [[0.85851426445062, -0.5126598851978801, -0.011537492129000002], [0.51278440636612, 0.85839027160112, 0.0147752530058], [0.002328991944200001, -0.018601011331, 0.99982427365574]]}