{"translation": [[1649.1655062001082], [564.9573779003695], [22.0363459]], "rotation": [[0.8645418664854201, -0.5025494219146001, -0.0033856302733999994], [0.5025266916746001, 0.86438501240342, 0.017478483302], [-0.0058573128334, -0.016812250214000003, 0.999841507518]]}