{"translation": [[1677.7195535000064], [518.8269080994651], [21.8797593]], "rotation": [[0.8615930961295001, -0.5075378489910599, -0.00791582479008], [0.5075985513697799, 0.86151790320854, 0.01142824713464], [0.0010193566010400002, -0.01386456010112, 0.9999033627704]]}