{"translation": [[1660.1528170999954], [547.039039700292], [22.0485533]], "rotation": [[0.8548200466971, -0.51877861193934, -0.012306148718419946], [0.5188641054649401, 0.85484205055788, 0.005011027342139806], [0.007920199622220054, -0.010668745439259806, 0.9999117202582201]]}