{"translation": [[1651.7160327999736], [560.7320379996672], [22.0395244]], "rotation": [[0.8637843403265401, -0.50384057548854, -0.0046114365548], [0.5038467322079001, 0.8636520489617401, 0.01560724814904], [-0.00388088896296, -0.015804753802, 0.9998675654486401]]}