{"translation": [[1683.1602773999912], [509.9558832999319], [21.8467451]], "rotation": [[0.86137971859992, -0.5078984653842, -0.00800952306216], [0.5079616061009999, 0.8612757672236, 0.013382180415999999], [0.00010161988584000015, -0.015595668814399999, 0.99987837500768]]}