{"translation": [[1646.073420199973], [570.0513739008456], [22.0294352]], "rotation": [[0.86074904607612, -0.5090134197828999, -0.004051634656740194], [0.5089680108279, 0.8604939734670001, 0.02239828475269995], [-0.007914620418259808, -0.021341454657300057, 0.99974091698412]]}