{"translation": [[1655.3873177000205], [554.7052213000134], [22.0278585]], "rotation": [[0.8602867178457401, -0.5097435233658598, -0.008263136349479946], [0.5098099141789798, 0.8601971610959, 0.012436694477159808], [0.0007684013223600537, -0.014911752118919807, 0.9998885183804]]}