{"translation": [[1643.9841451999964], [573.4112585997209], [22.0204632]], "rotation": [[0.8561568952335001, -0.5167092728902598, -0.0026260176356799987], [0.5166718122388598, 0.8560062921594201, 0.01742022199576], [-0.0067533026895199985, -0.01627123246064, 0.99984480790508]]}