{"translation": [[1644.4897108000005], [572.6064972998574], [22.0230801]], "rotation": [[0.85729215261206, -0.51482238952306, -0.0028454715606600002], [0.51477909937754, 0.8571159674342, 0.01883405522862], [-0.0072572933442600004, -0.01761107714118, 0.9998185743855]]}