{"translation": [[1639.1815986000001], [580.9494802998379], [22.040975600000003]], "rotation": [[0.851576297283, -0.5242242610242399, -0.002591409277320192], [0.52419932525196, 0.85146092984604, 0.015143767010959945], [-0.005732246840719806, -0.014254487976840055, 0.9998819684862]]}