{"translation": [[1651.2207980999956], [561.5530662992969], [22.0401719]], "rotation": [[0.8640746864411, -0.5033456589586199, -0.00425229482026], [0.50333818217658, 0.8639152592491, 0.01735215691434], [-0.00506051053766, -0.01713390188826, 0.99984039758204]]}