{"translation": [[1633.8758947000606], [589.2755220001563], [22.0589073]], "rotation": [[0.85627351717824, -0.5165047758393599, -0.00429998263952], [0.51650382682768, 0.8561414843835, 0.01567051802274], [-0.004412503589759999, -0.01563920707298, 0.9998679637947]]}