{"translation": [[1629.6759102999931], [595.9912660997361], [22.0790886]], "rotation": [[0.85837031251548, -0.5130220502488, -0.00296113460968], [0.5129967632419999, 0.8582331230415, 0.016438162046299994], [-0.0058917962363199995, -0.015629082722499996, 0.99986049951798]]}