{"translation": [[1627.0745366999763], [600.1771452007815], [22.0908309]], "rotation": [[0.858972330176, -0.51201056560832, -0.0034242809977601393], [0.51198052118464, 0.85879836871424, 0.018474762116479755], [-0.006518506148479754, -0.01762247466175986, 0.9998234631552]]}