{"rotation": [[0.2922167698792662, -0.9424315465326972, -0.07313658103781312], [-0.2135049938585527, 0.0170788893293273, -0.8301272369927399], [0.9328760834319906, 0.31188696097866253, -0.14981294771338136]], "translation": [[-0.380393451247682], [5.490200842820187], [0.9427453931685306]]}