{"rotation": [[-0.03932883635456584, -1.0006339640813577, 0.0062382557386395955], [-0.2465009148598097, 7.11846996110546e-05, -0.8126143573883999], [0.9679916264532346, -0.050957289908386716, -0.20487188414533988]], "translation": [[-0.7821159704325735], [5.488885920017737], [1.3701194834687846]]}