{"rotation": [[0.10110970060354674, -1.000711521547571, 0.011220729934179371], [-0.2107882792537585, -0.02776873858533773, -0.7986380231662247], [0.9730329919664971, 0.08789024621230597, -0.1750508608779963]], "translation": [[-2.473586406852653], [5.591948549790895], [1.3769298336996387]]}