{"rotation": [[0.062142568539312264, -0.9938448386878966, 0.005966399718584578], [-0.18698340169247898, -0.013006335942795417, -0.8205073261502184], [0.9804826270857381, 0.06431076703104362, -0.15664124045352665]], "translation": [[-2.2762258648127336], [5.412585006714611], [1.1118772667260848]]}