{"rotation": [[-0.0018792800791834483, -1.0012055223233827, -1.0597818078703262e-05], [-0.2185482110100347, -0.001278352724001484, -0.8059927363418955], [0.9755113556897397, -0.0069062404665463884, -0.1828718970556851]], "translation": [[-3.6161461463995823], [5.457329239070988], [1.20066790721975]]}