{"rotation": [[-0.0018813691480436489, -1.001202227699611, 0.000960825428682549], [-0.2160776094434079, -0.0024443739472460287, -0.80645253852952], [0.9760613066228145, -0.0071593883047026095, -0.1808286238464312]], "translation": [[-3.62205437666848], [5.386058205289697], [1.1705787874242386]]}