{"rotation": [[-0.21488509416489146, 0.9765262617287812, -0.014882933113928614], [-0.9766365334251335, -0.2148983835022964, 0.0007190292323827796], [-0.0024961966035511357, 0.014689708581965598, 0.999888580822906]], "translation": [[14.177565329239828], [36.572896978566824], [-0.37632229689754326]]}