{"rotation": [[-0.05811174868630798, 0.9981570750498215, -0.017493451738252973], [-0.9981088623740709, -0.05844319448506826, -0.019072069896904853], [-0.020059330825568412, 0.016352043140296493, 0.9996646578095036]], "translation": [[32.57464208184336], [40.878108680218695], [0.8635688354487534]]}