{"rotation": [[-0.5835153615416154, 0.8120963530681311, -0.0030822333283151656], [-0.8120923098248379, -0.5834845185119324, 0.007234112680965028], [0.004076343760142927, 0.006724232839813208, 0.9999694832915899]], "translation": [[18.616552190909506], [30.48915610240182], [-0.7243509750791588]]}