{"rotation": [[-0.88482778646046, 0.46586816744579285, -0.0068624219720152145], [-0.46590504611992095, -0.8845928347657858, 0.020698002999522378], [0.0035720640522268594, 0.02151139593967414, 0.9997618178927011]], "translation": [[23.132332380229805], [20.436146748725974], [-0.807219727258417]]}