{"rotation": [[-0.9308364384380681, 0.36538100165632237, -0.006364433011677407], [-0.3654246560838482, -0.930525219586164, 0.024245047309956504], [0.002936387339162916, 0.024893890075262905, 0.9996853826457199]], "translation": [[23.432546995425913], [17.800326666061746], [-0.822427483761434]]}