{"rotation": [[-0.06167494745765856, -0.9980914159361562, -0.003179965612939768], [0.9980133348881365, -0.061710621154679283, 0.012715176599727719], [-0.012887182207196285, -0.002389457406608729, 0.9999136986843111]], "translation": [[55.05925810556272], [-34.68284335697761], [0.6401596200194865]]}