{"rotation": [[-0.05765075237881898, -0.9983104608216945, -0.007277614961612947], [0.9982471834907498, -0.05774182701354573, 0.012996109593619696], [-0.013394409667475748, -0.006515642290374123, 0.999888658852465]], "translation": [[67.59976370898679], [-34.63885518045955], [1.0336628824600982]]}