{"rotation": [[-0.8840645785043678, -0.46736544643090977, -0.0003391040532145592], [0.46732583946084244, -0.8839979491496561, 0.01242853873826364], [-0.006108454148841151, 0.010829112632143622, 0.999923105295153]], "translation": [[33.723643821121065], [5.824435397753605], [-0.39881717577303577]]}