{"rotation": [[0.10556229209803966, -0.9943999077734121, 0.004948876484168037], [0.9943749382825419, 0.1056001635433235, 0.00814848603420808], [-0.008626073100370864, 0.004060898655194024, 0.9999549149854517]], "translation": [[64.82680570861002], [-35.523032950442456], [0.2855294286429867]]}