{"rotation": [[-0.934575741966356, -0.35575882610407944, -0.0017499625940421665], [0.35575346908498956, -0.9345751490525943, 0.0027921412690611897], [-0.0026294193836756212, 0.0019869464904781185, 0.9999949313547862]], "translation": [[28.51609693285241], [10.687842704242607], [-0.21587011192590785]]}