{"rotation": [[-0.06115250437367174, -0.9981198522747979, 0.004022187490772079], [0.9981257330299332, -0.0611606160335306, -0.001926398906314487], [0.0021681571101728574, 0.0038968773202571957, 0.99999041605491]], "translation": [[36.65018968957138], [-29.77953637768275], [-0.2519525279293519]]}