{"rotation": [[-0.11903403506361081, 0.992723464576624, -0.018173079938852657], [-0.9928411774037299, -0.11882686348286138, 0.012086460576093793], [0.009838441305759553, 0.019481703516714285, 0.999762160665981]], "translation": [[-47.60646749969381], [46.70944393049029], [-1.2794493460755207]]}