{"rotation": [[-0.026782336927975464, 0.9994705413206849, -0.01845105179245685], [-0.9995830315826194, -0.026577490105383815, 0.011259424947670531], [0.010762459637815382, 0.01874493625889272, 0.9997667254155952]], "translation": [[-32.84813608050824], [43.712955144065226], [-1.1432580820538227]]}