{"rotation": [[-0.9992058499782512, -0.039193197053208145, -0.007134731846509943], [0.03898736289589952, -0.9988742614870385, 0.027005242986897313], [-0.008185738407532702, 0.026705652512755723, 0.9996101908666892]], "translation": [[85.9818105593088], [16.873547421357316], [0.07408665861560182]]}