{"rotation": [[0.9995414884002005, 0.02865597750267455, -0.009745835126363884], [-0.028668451318915572, 0.9995878533746094, -0.0011415269896937166], [0.009708485896484376, 0.0014204351936433423, 0.9999522172629158]], "translation": [[0.36890217850766616], [-1.330986033761372], [-0.5022954520551282]]}