{"rotation": [[-0.005477543816964642, 0.9997576931693338, -0.021297804584871488], [-0.9999426776022396, -0.005280922356880934, 0.009277564663606436], [0.009162223953091507, 0.0213474259816211, 0.9997304894345199]], "translation": [[-29.348476058088284], [43.31889701060396], [-1.1597102032695115]]}