{"rotation": [[-0.10811922071421785, 0.9939609048757706, -0.018734495070926904], [-0.9940770009452129, -0.1078853782507925, 0.013075235634162304], [0.010974473994877746, 0.020037239944556355, 0.9997393550775794]], "translation": [[-48.252766747156215], [46.054051478168866], [-1.3825581211572833]]}