{"rotation": [[-0.1109937828555105, 0.9936263940328125, -0.019646034523795486], [-0.9937633027210532, -0.11075315247401195, 0.01294245875445885], [0.010683487622068194, 0.020960065739543274, 0.9997235854273304]], "translation": [[-45.71783043895559], [46.24319562375292], [-1.4017454849972726]]}