{"rotation": [[0.10753536640946651, -0.9941832400082476, 0.00590515540825928], [0.9941338447418938, 0.10759518314622663, 0.010975301734871294], [-0.011547443105039778, 0.004690314157279926, 0.9999226935508659]], "translation": [[67.74077154790773], [-41.70171096993205], [0.3636232331455368]]}