{"rotation": [[0.5682382790426401, -0.8228584323848115, 0.002905085696149005], [0.8228636438021517, 0.568233823092475, -0.0022385841678420233], [0.00019065049983277627, 0.0036625707794206985, 0.9999936351941524]], "translation": [[-18.168875783145438], [-46.800372029452575], [-0.4533181449768462]]}