{"rotation": [[-0.6986358794709819, 0.715472690476472, 0.0024794217031412994], [-0.7154055814407623, -0.6986106754714456, 0.01172168366776902], [0.010118703542646114, 0.006415389367624326, 0.999928671786613]], "translation": [[38.16482160885513], [69.31857550565363], [-0.7515488209406377]]}