{"rotation": [[-0.8251913686734894, 0.564772879125892, 0.009501897007531207], [-0.5647151261681013, -0.8252447011235255, 0.008206213898375206], [0.012476045487547683, 0.0014058281893310873, 0.999921629948295]], "translation": [[54.84482513345044], [60.53384941963167], [-0.7954434137804821]]}