{"rotation": [[-0.03651798264385707, 0.999329917857549, -0.0022952766343850247], [-0.999149162426035, -0.03646714358412993, 0.019251905406678902], [0.01915531171775159, 0.0029963598584323244, 0.9998124773271095]], "translation": [[-31.512153125356082], [72.7079097916248], [-1.4707525270449375]]}