{"rotation": [[0.12131756912426857, 0.9926091703565224, -0.0028793554460346356], [-0.9923567488318786, 0.12135162697144794, 0.02239384245616569], [0.02257775364556966, 0.00014057839693911554, 0.9997455272050372]], "translation": [[-70.10986094756147], [65.42379954039994], [-1.7481827725515415]]}