{"rotation": [[0.12163687628072573, 0.9925671950952288, -0.0037395404276872046], [-0.9923273165006049, 0.12168976972838304, 0.021855377951765953], [0.02214800234593882, 0.0010524246274842964, 0.9997545960334011]], "translation": [[-69.00908906629738], [65.42439773589514], [-1.7657645154493193]]}