{"rotation": [[0.1197369863399669, 0.9927856332135894, -0.006240831763434693], [-0.9925552761153397, 0.11984553443385478, 0.021695379964705296], [0.022286803229814234, 0.003596625914531591, 0.9997455959098764]], "translation": [[-66.64026435776239], [65.59601758423196], [-1.9138874639064174]]}