{"rotation": [[0.9991810303444079, 0.03855837847268154, -0.01222823794042441], [-0.0385883461591594, 0.999253123820133, -0.00222714502432891], [0.01213328367350821, 0.0026971862155200903, 0.9999228714490713]], "translation": [[-86.50086816472992], [2.3851104903480076], [-1.5051303994114356]]}