{"rotation": [[0.9994229671271873, 0.031165423610789167, -0.01346546710485664], [-0.031306961207489235, 0.999455703552181, -0.010433545415356928], [0.013133026216627765, 0.010849094193281604, 0.9998550200412972]], "translation": [[-64.70049629267672], [2.344961993042903], [-1.3729820037909986]]}