{"rotation": [[0.0029684704798835335, -0.9999326093587482, 0.01125529959111053], [0.9999388874040004, 0.0030873977207460284, 0.010563494851796], [-0.010597455987567977, 0.011223259810808375, 0.9998809777305282]], "translation": [[67.7297199123571], [-43.620404662681295], [0.39022954064435833]]}