{"rotation": [[0.024203422137006558, -0.9997009775898095, 0.0036215103637451678], [0.9995829344356882, 0.024257275426208046, 0.01564261570116085], [-0.015725704380693584, 0.0032413920888762116, 0.9998712077447285]], "translation": [[-45.3559785637342], [-47.181404623570955], [-0.09976148749307082]]}