{"rotation": [[0.05806098298143683, 0.9980242285854756, -0.02403324320704228], [-0.9982328422151978, 0.05834396240095625, 0.011242816853231636], [0.012622849277555625, 0.02333801482829397, 0.9996480586596515]], "translation": [[-37.777620521032645], [50.32111484110287], [-1.4720751950024877]]}