{"rotation": [[-0.01739131638313372, 0.9995350718770881, -0.02506281525067702], [-0.9998482527773219, -0.01737595470532973, 0.0008311824790043073], [0.00039537054043134424, 0.025073480768015122, 0.9996856522420908]], "translation": [[-57.22461225526222], [52.36937137902072], [-1.0175737646974952]]}