{"rotation": [[0.09247469495803257, 0.9953907574677249, -0.025428250500813016], [-0.9956659894468215, 0.0926924309567377, 0.007515718900851371], [0.009838138745460669, 0.02462304413787302, 0.9996485166767897]], "translation": [[-38.08772482626093], [49.05208607416721], [-1.366783697498671]]}