{"rotation": [[0.026726735160218493, 0.999214117885865, -0.02928803685315355], [-0.9996174034523811, 0.026921595834357777, 0.006278296337192576], [0.007061900766731932, 0.029109049715202576, 0.9995514157670866]], "translation": [[36.287046581692294], [63.428518276187134], [-0.2285154915353255]]}