{"rotation": [[0.9986830193783731, 0.05129308498268574, -0.00041140194489068115], [-0.051294176717570944, 0.9986776587854789, -0.003546138562377426], [0.00022903118083632802, 0.003562570522930176, 0.999993747211565]], "translation": [[-100.62448843893695], [10.453289248029996], [-0.5128107420224137]]}