{"rotation": [[0.9955031313953532, 0.09462410714463851, -0.004372412503982979], [-0.09464384025618743, 0.9955012536383859, -0.00457274014390091], [0.00392011158780037, 0.004965995083821594, 0.9999801052662005]], "translation": [[-114.31654268687682], [14.806232589827808], [-0.9510494534718889]]}