{"rotation": [[-0.9999816046419571, 0.0013285432384385562, -0.005926028825261095], [-0.0014459003594617485, -0.9998021784360848, 0.019843353406935584], [-0.005898539843426678, 0.019851554799550898, 0.9997857467800773]], "translation": [[8.961737766066756], [13.996550726776698], [-0.5401035685852243]]}