{"rotation": [[-0.999950985837301, -0.001906051606107804, -0.009716079819827311], [0.0017098891612372601, -0.9997954300188323, 0.02015780013487191], [-0.009752559711492107, 0.02014019693090533, 0.9997498071196438]], "translation": [[15.510473613287031], [14.094819374723167], [-0.44604984085617133]]}