{"rotation": [[-0.9999399307849794, -0.00418866923835424, -0.01011802723405476], [0.003986875505119587, -0.9997943467130098, 0.0198823285288001], [-0.010199274514060231, 0.019840793913399813, 0.9997513363160897]], "translation": [[19.357821216376976], [14.136153009059162], [-0.39623758789292435]]}