{"rotation": [[-0.4767781754188579, -0.8790218355788477, 0.0018768482723688395], [0.8790237304783206, -0.4767764447240534, 0.0013258030292911407], [-0.00027062078705193546, 0.0022819085066357074, 0.9999975678194392]], "translation": [[39.79611249451083], [-16.044077542984315], [-0.09284588828732701]]}