{"rotation": [[-0.5517113698210986, -0.8340244161197518, 0.0042672515042621074], [0.8340352498436229, -0.5517030856093689, 0.0030361811627192827], [-0.0001780415514133803, 0.005234133650604849, 0.9999864939721146]], "translation": [[40.22151874742226], [-12.52374737922573], [-0.18061419432702883]]}