{"rotation": [[-0.6034409011923282, -0.7974004478383256, 0.0034738198649322707], [0.7974063879226848, -0.603442668552336, 0.0006471957748554044], [0.0015801277943742538, 0.0031605908796230146, 0.9999939648184706]], "translation": [[40.32006324211955], [-9.963280305377996], [-0.18909466441302203]]}