{"rotation": [[-0.9978132918146005, -0.06595042625850445, -0.00437475902047606], [0.06589126925458653, -0.9977484143961655, 0.012512232121130468], [-0.0051901427056957215, 0.01219661222565717, 0.9999123569020478]], "translation": [[6.713167471839769], [17.651046489770195], [-0.46231298413530275]]}