{"rotation": [[-0.9756414610880576, -0.21936328976883823, 0.0018724636266412753], [0.2193707590682436, -0.97558544188677, 0.010472448006037787], [-0.0004705700377870275, 0.010628117580099064, 0.9999436172450995]], "translation": [[25.82252265506978], [15.22856649623568], [-0.3560472405199697]]}