{"rotation": [[-0.9992764815826022, -0.037851443916751104, -0.003736060880757452], [0.03779454290374665, -0.9991836961986945, 0.014277339969286382], [-0.004273475235792795, 0.01412580586629098, 0.999891301777924]], "translation": [[1.8704167432159446], [17.67970606640886], [-0.5408479623663278]]}