{"rotation": [[-0.972526520945306, -0.23278917987638514, 0.0012003609096621574], [0.23278967840428633, -0.9724786316620933, 0.00972053351159312], [-0.0010955571325017362, 0.009732907601406588, 0.9999522420189337]], "translation": [[26.648299958498303], [14.87553059200652], [-0.319417308605298]]}