{"rotation": [[-0.9998305444281709, -0.017715205154573616, -0.005000295722220233], [0.017629982343123983, -0.9997067951133243, 0.01660148073839276], [-0.0052929752696606784, 0.01651051126121284, 0.9998498906491098]], "translation": [[-3.7300526619331955], [17.549562060860598], [-0.639261307836201]]}