{"rotation": [[-0.9996638332217618, -0.02559292825456911, -0.004169167144901139], [0.025522578074118625, -0.9995442178173, 0.016132773821556583], [-0.004580197952329344, 0.016020940889813685, 0.9998613741980089]], "translation": [[-1.0078504839351687], [17.626706259065873], [-0.6021067849897275]]}