{"rotation": [[-0.9998694389119578, -0.015362030567240205, -0.005038524461953967], [0.01527603861236661, -0.9997443474084143, 0.016682584961280694], [-0.005293559979207451, 0.016603435989455836, 0.9998483487980863]], "translation": [[-4.677611734233762], [17.518997758264195], [-0.6507321629324234]]}