{"rotation": [[0.4266617219499547, -0.9044066462408682, 0.0029680306251252493], [0.9044067730930202, 0.4266678033412304, 0.0018149398290927216], [-0.002907854270664122, 0.0019099417368857838, 0.9999941563562093]], "translation": [[-32.8812834113336], [-22.238435561505764], [-0.26285175400905175]]}