{"rotation": [[0.9968728120602844, -0.0781227968130813, -0.011898338538715117], [0.07804054610105049, 0.996924136995716, -0.007227230938264398], [0.0124263002588844, 0.006276077160773924, 0.9999033016475288]], "translation": [[-23.592023988249988], [10.765491431491451], [-0.5483014507827997]]}