{"rotation": [[0.5657328878493937, -0.8245879015935981, 0.0012428302820466047], [0.8245884829755413, 0.5657308178326176, -0.0016952956627510531], [0.0006947636341767061, 0.0019839082277656075, 0.9999979986526495]], "translation": [[-33.85508091071162], [-16.796771996466312], [-0.36959295490402966]]}