{"rotation": [[-0.01044318048406838, -0.99993712226144, 0.004102331280015131], [0.9999270463695524, -0.010418002814616965, 0.006111627006989167], [-0.00606855053292227, 0.004165857033134704, 0.999973117063558]], "translation": [[-54.23120897697142], [-36.91866224869969], [-0.18522091159589404]]}