{"rotation": [[-0.04386036755895846, -0.9990377468621077, -0.0003066445704152032], [0.9990244694283862, -0.04386136758787013, 0.005136462967792341], [-0.005145016522182957, -8.10576870385208e-05, 0.9999869692521498]], "translation": [[-33.48379222516567], [-41.827968820480656], [-0.23155854633582373]]}