{"rotation": [[-0.05018623811068122, -0.9987309801352584, 0.004228288472256816], [0.9987321760542204, -0.05016880477191942, 0.004133666551015689], [-0.003916339017169784, 0.004430381106864566, 0.999982725017502]], "translation": [[-38.50841899545206], [-42.19407419272752], [-0.10513512253547025]]}