{"rotation": [[-0.9990578629210891, 0.04335952917276238, 0.0018959435163398994], [-0.04336315502753231, -0.9990575979346258, -0.001911120439607418], [0.001811314351114262, -0.0019914740738282218, 0.9999967871786698]], "translation": [[149.24032789725695], [5.4559131823061655], [0.17555269911104932]]}