{"rotation": [[-0.9981263758808319, 0.06045949108163686, 0.009418711664215878], [-0.06038006007631691, -0.9981393343085466, 0.008502040418591383], [0.00991523583997336, 0.00791746309473031, 0.9999199090604092]], "translation": [[90.61486677787542], [5.955935685198946], [-1.0287090700847359]]}