{"rotation": [[-0.9981746427063619, 0.06039579957185383, -0.0006075157213350825], [-0.06039465829397218, -0.9981725094150214, -0.0018093399300802946], [-0.0007156670256996346, -0.0017693660313985358, 0.9999982747066465]], "translation": [[82.45122811476406], [5.915042691763039], [-0.23557431694751724]]}