{"rotation": [[-0.9971627379122187, 0.07526966800565978, -0.001094477108059711], [-0.07527385986508504, -0.9971528614483773, 0.004484101138267621], [-0.0007538202336167757, 0.004553821138291769, 0.9999897580989202]], "translation": [[0.3087112345216858], [4.435692019828484], [-0.7214345091219816]]}