{"rotation": [[-0.6209506444903445, 0.7838466911494227, -0.0022070967639854677], [-0.7837642354464421, -0.6208386855726471, 0.016528801454111484], [0.011585815051714812, 0.011993466144559211, 0.9998613647910788]], "translation": [[37.57159499495858], [40.923003274799306], [-1.1016492534459312]]}