{"rotation": [[-0.854569317397664, 0.5193164276290545, -0.004667420102478538], [-0.5193359647043106, -0.8545108335971849, 0.010068689740544715], [0.001240499358280117, 0.011028408074883445, 0.9999388271266275]], "translation": [[45.698883419209054], [25.781609393597122], [-0.5564039445346955]]}