{"rotation": [[-0.8209933452038062, 0.5708621258351261, 0.009306270008539534], [-0.5708853485956421, -0.8210298874291226, 0.00020094130753183845], [0.007755456683937602, -0.005147780533991055, 0.9999570862366978]], "translation": [[1696.2719632387161], [576.3154837777838], [21.346002327482342]], "relative_error": {"delta_x": -1.02, "delta_y": -0.21999999999999995}}