{"rotation": [[-0.8210049467723542, 0.5708458052681642, 0.009281522113225794], [-0.5708782945338233, -0.8210338667673068, -0.0010193707569722962], [0.007038560794909667, -0.006135544135623567, 0.9999565022726628]], "translation": [[1696.272132035694], [576.3221099618822], [21.349705339217355]], "relative_error": {"delta_x": 0.22000000000000014, "delta_y": 0.6600000000000001}}