{"rotation": [[-0.8630718377927395, 0.5050786556976403, -0.001731836450429378], [-0.5050813037532653, -0.86306321863828, 0.003920445754716041], [0.00048547770427869857, 0.004258352131573435, 0.9999912838759052]], "translation": [[2733.2062150225393], [1694.932116930373], [21.46215066430601]], "relative_error": {"delta_x": -1.1, "delta_y": -1.1}}