{"rotation": [[-0.8630732787902067, 0.5050775835499376, -0.001376296544514605], [-0.5050795525226374, -0.8630676508975127, 0.0030365585406124307], [0.0003458437259677188, 0.003315871240321371, 0.9999948425893463]], "translation": [[2733.2043074701796], [1694.9368584314361], [21.464091587892]], "relative_error": {"delta_x": 0.6600000000000001, "delta_y": 0.5000000000000001}}