{"rotation": [[-0.8630731342760549, 0.5050698604432731, -0.00310466831341682], [-0.5050793228854381, -0.8630524790053478, 0.005974210731257009], [0.00033787316627834226, 0.006724270313167721, 0.9999769309923274]], "translation": [[2733.2135308563593], [1694.9211892299354], [21.47488726983554]], "relative_error": {"delta_x": 0.5000000000000001, "delta_y": -0.62}}