{"rotation": [[-0.9233013229213572, 0.3840752476704238, -0.00037411909991257763], [-0.38406074462927386, -0.9232568057684831, 0.009658845375236754], [0.0033636960844058658, 0.009061739344749709, 0.9999536428904147]], "translation": [[4008.7713009363506], [2439.5422514667735], [20.456481452053946]], "relative_error": {"delta_x": 0.5000000000000001, "delta_y": -0.62}}