{"rotation": [[0.4758028577746022, 0.8794843418097013, -0.010929109059953257], [-0.8795324801741008, 0.4756746994548372, -0.012478539183214059], [-0.005775907592200931, 0.015549837888433327, 0.9998625302882364]], "translation": [[520.1384141350281], [2354.513072744012], [24.31579060242036]], "relative_error": {"delta_x": -0.62, "delta_y": 0.6600000000000001}}