{"rotation": [[0.5154824907712857, 0.8568998902658318, -0.00030082354635701543], [-0.8568581449455395, 0.5154604616506343, 0.009728505388517071], [0.008491407451853429, -0.00475710996741688, 0.9999525418607722]], "translation": [[3663.2204639926204], [2323.917435668409], [20.234707149920325]], "relative_error": {"delta_x": -0.54, "delta_y": 0.6200000000000001}}