{"serial_number": "iDS-TCE900QX-B/16 20201103AIF06044332", "crossIP": 13105, "cameraID": "camera3", "reprojection_error": 0.201118, "calibration_result_flag": "Success!", "header": {"seq": 0, "stamp": {"secs": 0, "nsecs": 0}, "frame_id": ""}, "height": 1080, "width": 1920, "distortion_model": "plumb_bob", "cam_D": [-0.435283, 0.168336, -0.001956, 0.001763, 0.0], "cam_K": [2173.379859, 0.0, 961.870479, 0.0, 2322.043831, 588.344382, 0.0, 0.0, 1.0], "R": [1.0, 0.0, 0.0, 0.0, 1.0, 0.0, 0.0, 0.0, 1.0], "P": [1968.903442, 0.0, 965.655607, 0.0, 0.0, 2265.084961, 589.978518, 0.0, 0.0, 0.0, 1.0, 0.0], "binning_x": 0, "binning_y": 0, "roi": {"x_offset": 0, "y_offset": 0, "height": 0, "width": 0, "do_rectify": false}, "checkerboard_cols": 6, "checkerboard_rows": 4, "checkerboard_dimensions": 0.1}